data/1_2024/shard-000000.tar	2148085760
data/1_2024/shard-000001.tar	2148669440
data/1_2024/shard-000002.tar	2148659200
data/1_2024/shard-000003.tar	2148648960
data/1_2024/shard-000004.tar	2148065280
data/1_2024/shard-000005.tar	2148024320
data/1_2024/shard-000006.tar	2148464640
data/1_2024/shard-000007.tar	2148352000
data/1_2024/shard-000008.tar	2148659200
data/1_2024/shard-000009.tar	2148423680
data/1_2024/shard-000010.tar	2148239360
data/1_2024/shard-000011.tar	2148526080
data/1_2024/shard-000012.tar	2148679680
data/1_2024/shard-000013.tar	2148710400
data/1_2024/shard-000014.tar	2148433920
data/1_2024/shard-000015.tar	2148474880
data/1_2024/shard-000016.tar	2148587520
data/1_2024/shard-000017.tar	2148597760
data/1_2024/shard-000018.tar	2148536320
data/1_2024/shard-000019.tar	2148577280
data/1_2024/shard-000020.tar	2148669440
data/1_2024/shard-000021.tar	2148710400
data/1_2024/shard-000022.tar	2148567040
data/1_2024/shard-000023.tar	2147911680
data/1_2024/shard-000024.tar	2148628480
data/1_2024/shard-000025.tar	2148669440
data/1_2024/shard-000026.tar	2148597760
data/1_2024/shard-000027.tar	2148638720
data/1_2024/shard-000028.tar	2148526080
data/1_2024/shard-000029.tar	2148577280
data/1_2024/shard-000030.tar	2148321280
data/1_2024/shard-000031.tar	2148433920
data/1_2024/shard-000032.tar	2148659200
data/1_2024/shard-000033.tar	2148659200
data/1_2024/shard-000034.tar	2148536320
data/1_2024/shard-000035.tar	2148628480
data/1_2024/shard-000036.tar	2148730880
data/1_2024/shard-000037.tar	2148464640
data/1_2024/shard-000038.tar	2148546560
data/1_2024/shard-000039.tar	2148700160
data/1_2024/shard-000040.tar	2148567040
data/1_2024/shard-000041.tar	2148741120
data/1_2024/shard-000042.tar	2148700160
data/1_2024/shard-000043.tar	2148597760
data/1_2024/shard-000044.tar	2148689920
data/1_2024/shard-000045.tar	2148536320
data/1_2024/shard-000046.tar	2148556800
data/1_2024/shard-000047.tar	2148648960
data/1_2024/shard-000048.tar	2148628480
data/1_2024/shard-000049.tar	2148761600
data/1_2024/shard-000050.tar	2148464640
data/1_2024/shard-000051.tar	2148536320
data/1_2024/shard-000052.tar	2148321280
data/1_2024/shard-000053.tar	2148587520
data/1_2024/shard-000054.tar	2148444160
data/1_2024/shard-000055.tar	2148597760
data/1_2024/shard-000056.tar	2148444160
data/1_2024/shard-000057.tar	2148597760
data/1_2024/shard-000058.tar	2148700160
data/1_2024/shard-000059.tar	2148392960
data/1_2024/shard-000060.tar	2148628480
data/1_2024/shard-000061.tar	2148556800
data/1_2024/shard-000062.tar	2148526080
data/1_2024/shard-000063.tar	2148679680
data/1_2024/shard-000064.tar	2148648960
data/1_2024/shard-000065.tar	2148403200
data/1_2024/shard-000066.tar	2148556800
data/1_2024/shard-000067.tar	2148659200
data/1_2024/shard-000068.tar	2148608000
data/1_2024/shard-000069.tar	2148710400
data/1_2024/shard-000070.tar	2148597760
data/1_2024/shard-000071.tar	2148618240
data/1_2024/shard-000072.tar	2148700160
data/1_2024/shard-000073.tar	2148659200
data/1_2024/shard-000074.tar	2148331520
data/1_2024/shard-000075.tar	2148024320
data/1_2024/shard-000076.tar	2148710400
data/1_2024/shard-000077.tar	2148628480
data/1_2024/shard-000078.tar	2148515840
data/1_2024/shard-000079.tar	2148587520
data/1_2024/shard-000080.tar	2148689920
data/1_2024/shard-000081.tar	2148689920
data/1_2024/shard-000082.tar	2148536320
data/1_2024/shard-000083.tar	2148536320
data/1_2024/shard-000084.tar	2148413440
data/1_2024/shard-000085.tar	2148413440
data/1_2024/shard-000086.tar	2148659200
data/1_2024/shard-000087.tar	2148751360
data/1_2024/shard-000088.tar	2148700160
data/1_2024/shard-000089.tar	2148700160
data/1_2024/shard-000090.tar	2148331520
data/1_2024/shard-000091.tar	2148669440
data/1_2024/shard-000092.tar	2148587520
data/1_2024/shard-000093.tar	2148147200
data/1_2024/shard-000094.tar	2148249600
data/1_2024/shard-000095.tar	2148679680
data/1_2024/shard-000096.tar	2148618240
data/1_2024/shard-000097.tar	2148116480
data/1_2024/shard-000098.tar	2148679680
data/1_2024/shard-000099.tar	2148433920
data/1_2024/shard-000100.tar	2148669440
data/1_2024/shard-000101.tar	2148577280
data/1_2024/shard-000102.tar	2148403200
data/1_2024/shard-000103.tar	2148556800
data/1_2024/shard-000104.tar	2148505600
data/1_2024/shard-000105.tar	2148433920
data/1_2024/shard-000106.tar	2148638720
data/1_2024/shard-000107.tar	2148577280
data/1_2024/shard-000108.tar	2148024320
data/1_2024/shard-000109.tar	2148505600
data/1_2024/shard-000110.tar	2148679680
data/1_2024/shard-000111.tar	2148638720
data/1_2024/shard-000112.tar	2148659200
data/1_2024/shard-000113.tar	2148597760
data/1_2024/shard-000114.tar	2148515840
data/1_2024/shard-000115.tar	2148608000
data/1_2024/shard-000116.tar	2148495360
data/1_2024/shard-000117.tar	2148464640
data/1_2024/shard-000118.tar	2148567040
data/1_2024/shard-000119.tar	2148587520
data/1_2024/shard-000120.tar	2148689920
data/1_2024/shard-000121.tar	2148546560
data/1_2024/shard-000122.tar	2148136960
data/1_2024/shard-000123.tar	2147584000
data/1_2024/shard-000124.tar	2148536320
data/1_2024/shard-000125.tar	2148208640
data/1_2024/shard-000126.tar	2148556800
data/1_2024/shard-000127.tar	2148689920
data/1_2024/shard-000128.tar	2148689920
data/1_2024/shard-000129.tar	2148341760
data/1_2024/shard-000130.tar	2148362240
data/1_2024/shard-000131.tar	2148567040
data/1_2024/shard-000132.tar	2148495360
data/1_2024/shard-000133.tar	2148300800
data/1_2024/shard-000134.tar	2148474880
data/1_2024/shard-000135.tar	2148628480
data/1_2024/shard-000136.tar	2148587520
data/1_2024/shard-000137.tar	2148556800
data/1_2024/shard-000138.tar	2148628480
data/1_2024/shard-000139.tar	2148567040
data/1_2024/shard-000140.tar	2148659200
data/1_2024/shard-000141.tar	2148577280
data/1_2024/shard-000142.tar	2148648960
data/1_2024/shard-000143.tar	2147921920
data/1_2024/shard-000144.tar	2147983360
data/1_2024/shard-000145.tar	2148700160
data/1_2024/shard-000146.tar	2148485120
data/1_2024/shard-000147.tar	2148567040
data/1_2024/shard-000148.tar	2148485120
data/1_2024/shard-000149.tar	2148495360
data/1_2024/shard-000150.tar	2148751360
data/1_2024/shard-000151.tar	2148290560
data/1_2024/shard-000152.tar	2148454400
data/1_2024/shard-000153.tar	2148474880
data/1_2024/shard-000154.tar	2148638720
data/1_2024/shard-000155.tar	2148577280
data/1_2024/shard-000156.tar	2148014080
data/1_2024/shard-000157.tar	2148362240
data/1_2024/shard-000158.tar	2148352000
data/1_2024/shard-000159.tar	2148198400
data/1_2024/shard-000160.tar	2148638720
data/1_2024/shard-000161.tar	2148608000
data/1_2024/shard-000162.tar	2148628480
data/1_2024/shard-000163.tar	2148495360
data/1_2024/shard-000164.tar	2148300800
data/1_2024/shard-000165.tar	2148280320
data/1_2024/shard-000166.tar	2148689920
data/1_2024/shard-000167.tar	2148218880
data/1_2024/shard-000168.tar	2148044800
data/1_2024/shard-000169.tar	2148597760
data/1_2024/shard-000170.tar	2148495360
data/1_2024/shard-000171.tar	2147973120
data/1_2024/shard-000172.tar	2148720640
data/1_2024/shard-000173.tar	2148608000
data/1_2024/shard-000174.tar	2148474880
data/1_2024/shard-000175.tar	2148536320
data/1_2024/shard-000176.tar	2148628480
data/1_2024/shard-000177.tar	2148689920
data/1_2024/shard-000178.tar	2148556800
data/1_2024/shard-000179.tar	2148485120
data/1_2024/shard-000180.tar	2148689920
data/1_2024/shard-000181.tar	2148659200
data/1_2024/shard-000182.tar	2148188160
data/1_2024/shard-000183.tar	2148700160
data/1_2024/shard-000184.tar	2148526080
data/1_2024/shard-000185.tar	2148229120
data/1_2024/shard-000186.tar	2148352000
data/1_2024/shard-000187.tar	2148546560
data/1_2024/shard-000188.tar	2148577280
data/1_2024/shard-000189.tar	2148382720
data/1_2024/shard-000190.tar	2148505600
data/1_2024/shard-000191.tar	2148567040
data/1_2024/shard-000192.tar	2148628480
data/1_2024/shard-000193.tar	2147850240
data/1_2024/shard-000194.tar	2148628480
data/1_2024/shard-000195.tar	2148597760
data/1_2024/shard-000196.tar	2148403200
data/1_2024/shard-000197.tar	2148300800
data/1_2024/shard-000198.tar	2148239360
data/1_2024/shard-000199.tar	2148382720
data/1_2024/shard-000200.tar	2148300800
data/1_2024/shard-000201.tar	2148341760
data/1_2024/shard-000202.tar	2148689920
data/1_2024/shard-000203.tar	2148454400
data/1_2024/shard-000204.tar	2148413440
data/1_2024/shard-000205.tar	2148075520
data/1_2024/shard-000206.tar	2148464640
data/1_2024/shard-000207.tar	2148290560
data/1_2024/shard-000208.tar	2147563520
data/1_2024/shard-000209.tar	2148536320
data/1_2024/shard-000210.tar	2148741120
data/1_2024/shard-000211.tar	2148464640
data/1_2024/shard-000212.tar	2148382720
data/1_2024/shard-000213.tar	2148198400
data/1_2024/shard-000214.tar	2148454400
data/1_2024/shard-000215.tar	2148290560
data/1_2024/shard-000216.tar	2148689920
data/1_2024/shard-000217.tar	2148259840
data/1_2024/shard-000218.tar	2148700160
data/1_2024/shard-000219.tar	2148495360
data/1_2024/shard-000220.tar	2148311040
data/1_2024/shard-000221.tar	2148515840
data/1_2024/shard-000222.tar	2148638720
data/1_2024/shard-000223.tar	2148280320
data/1_2024/shard-000224.tar	2148587520
data/1_2024/shard-000225.tar	2148454400
data/1_2024/shard-000226.tar	2148024320
data/1_2024/shard-000227.tar	2148618240
data/1_2024/shard-000228.tar	2148669440
data/1_2024/shard-000229.tar	2148423680
data/1_2024/shard-000230.tar	2148290560
data/1_2024/shard-000231.tar	2148280320
data/1_2024/shard-000232.tar	2148618240
data/1_2024/shard-000233.tar	2148505600
data/1_2024/shard-000234.tar	2148546560
data/1_2024/shard-000235.tar	2148280320
data/1_2024/shard-000236.tar	2148218880
data/1_2024/shard-000237.tar	2148689920
data/1_2024/shard-000238.tar	2148720640
data/1_2024/shard-000239.tar	2148587520
data/1_2024/shard-000240.tar	2148638720
data/1_2024/shard-000241.tar	2148526080
data/1_2024/shard-000242.tar	2148710400
data/1_2024/shard-000243.tar	2148423680
data/1_2024/shard-000244.tar	2148413440
data/1_2024/shard-000245.tar	2148648960
data/1_2024/shard-000246.tar	2147973120
data/1_2024/shard-000247.tar	2148474880
data/1_2024/shard-000248.tar	2148290560
data/1_2024/shard-000249.tar	2148474880
data/1_2024/shard-000250.tar	2148464640
data/1_2024/shard-000251.tar	2148321280
data/1_2024/shard-000252.tar	2148720640
data/1_2024/shard-000253.tar	2148628480
data/1_2024/shard-000254.tar	2148147200
data/1_2024/shard-000255.tar	2148730880
data/1_2024/shard-000256.tar	2148546560
data/1_2024/shard-000257.tar	2148648960
data/1_2024/shard-000258.tar	2148249600
data/1_2024/shard-000259.tar	2148454400
data/1_2024/shard-000260.tar	2148485120
data/1_2024/shard-000261.tar	2148464640
data/1_2024/shard-000262.tar	2148433920
data/1_2024/shard-000263.tar	2148587520
data/1_2024/shard-000264.tar	2148085760
data/1_2024/shard-000265.tar	2148505600
data/1_2024/shard-000266.tar	2148536320
data/1_2024/shard-000267.tar	2148198400
data/1_2024/shard-000268.tar	2148249600
data/1_2024/shard-000269.tar	2148423680
data/1_2024/shard-000270.tar	2148710400
data/1_2024/shard-000271.tar	2148218880
data/1_2024/shard-000272.tar	2148433920
data/1_2024/shard-000273.tar	2148689920
data/1_2024/shard-000274.tar	2148608000
data/1_2024/shard-000275.tar	2148444160
data/1_2024/shard-000276.tar	2148730880
data/1_2024/shard-000277.tar	2148526080
data/1_2024/shard-000278.tar	2148464640
data/1_2024/shard-000279.tar	2148454400
data/1_2024/shard-000280.tar	2148311040
data/1_2024/shard-000281.tar	2148679680
data/1_2024/shard-000282.tar	2148648960
data/1_2024/shard-000283.tar	2148157440
data/1_2024/shard-000284.tar	2147737600
data/1_2024/shard-000285.tar	2148126720
data/1_2024/shard-000286.tar	2148659200
data/1_2024/shard-000287.tar	2148638720
data/1_2024/shard-000288.tar	2148372480
data/1_2024/shard-000289.tar	2148464640
data/1_2024/shard-000290.tar	2148546560
data/1_2024/shard-000291.tar	2148433920
data/1_2024/shard-000292.tar	2147696640
data/1_2024/shard-000293.tar	2148515840
data/1_2024/shard-000294.tar	2148526080
data/1_2024/shard-000295.tar	2148372480
data/1_2024/shard-000296.tar	2148638720
data/1_2024/shard-000297.tar	2148587520
data/1_2024/shard-000298.tar	2148290560
data/1_2024/shard-000299.tar	2148157440
data/1_2024/shard-000300.tar	2148208640
data/1_2024/shard-000301.tar	2148096000
data/1_2024/shard-000302.tar	2148536320
data/1_2024/shard-000303.tar	2148628480
data/1_2024/shard-000304.tar	2148515840
data/1_2024/shard-000305.tar	2148382720
data/1_2024/shard-000306.tar	2148116480
data/1_2024/shard-000307.tar	2148413440
data/1_2024/shard-000308.tar	2148454400
data/1_2024/shard-000309.tar	2148229120
data/1_2024/shard-000310.tar	2148618240
data/1_2024/shard-000311.tar	2148608000
data/1_2024/shard-000312.tar	2148321280
data/1_2024/shard-000313.tar	2148413440
data/1_2024/shard-000314.tar	2148136960
data/1_2024/shard-000315.tar	2148085760
data/1_2024/shard-000316.tar	2148546560
data/1_2024/shard-000317.tar	2148659200
data/1_2024/shard-000318.tar	2147829760
data/1_2024/shard-000319.tar	2148526080
data/1_2024/shard-000320.tar	2148259840
data/1_2024/shard-000321.tar	2148689920
data/1_2024/shard-000322.tar	2148577280
data/1_2024/shard-000323.tar	2148597760
data/1_2024/shard-000324.tar	2148567040
data/1_2024/shard-000325.tar	2148618240
data/1_2024/shard-000326.tar	2148689920
data/1_2024/shard-000327.tar	2148433920
data/1_2024/shard-000328.tar	2148177920
data/1_2024/shard-000329.tar	2148495360
data/1_2024/shard-000330.tar	2148700160
data/1_2024/shard-000331.tar	2148567040
data/1_2024/shard-000332.tar	2148116480
data/1_2024/shard-000333.tar	2148577280
data/1_2024/shard-000334.tar	2148546560
data/1_2024/shard-000335.tar	2148198400
data/1_2024/shard-000336.tar	2147932160
data/1_2024/shard-000337.tar	2148413440
data/1_2024/shard-000338.tar	2148454400
data/1_2024/shard-000339.tar	2148577280
data/1_2024/shard-000340.tar	2148454400
data/1_2024/shard-000341.tar	2148608000
data/1_2024/shard-000342.tar	2148536320
data/1_2024/shard-000343.tar	2148526080
data/1_2024/shard-000344.tar	2148597760
data/1_2024/shard-000345.tar	2148638720
data/1_2024/shard-000346.tar	2148352000
data/1_2024/shard-000347.tar	2148669440
data/1_2024/shard-000348.tar	2148679680
data/1_2024/shard-000349.tar	2148597760
data/1_2024/shard-000350.tar	2148536320
data/1_2024/shard-000351.tar	2148536320
data/1_2024/shard-000352.tar	2148106240
data/1_2024/shard-000353.tar	2148679680
data/1_2024/shard-000354.tar	2148300800
data/1_2024/shard-000355.tar	2148321280
data/1_2024/shard-000356.tar	2148597760
data/1_2024/shard-000357.tar	2148567040
data/1_2024/shard-000358.tar	2148597760
data/1_2024/shard-000359.tar	2148034560
data/1_2024/shard-000360.tar	2148403200
data/1_2024/shard-000361.tar	2148372480
data/1_2024/shard-000362.tar	2148218880
data/1_2024/shard-000363.tar	2148403200
data/1_2024/shard-000364.tar	2148392960
data/1_2024/shard-000365.tar	2148597760
data/1_2024/shard-000366.tar	2148392960
data/1_2024/shard-000367.tar	2147461120
data/1_2024/shard-000368.tar	2148587520
data/1_2024/shard-000369.tar	2148495360
data/1_2024/shard-000370.tar	2148362240
data/1_2024/shard-000371.tar	2148536320
data/1_2024/shard-000372.tar	2147829760
data/1_2024/shard-000373.tar	2148546560
data/1_2024/shard-000374.tar	2148003840
data/1_2024/shard-000375.tar	2148392960
data/1_2024/shard-000376.tar	2148352000
data/1_2024/shard-000377.tar	2148433920
data/1_2024/shard-000378.tar	2147932160
data/1_2024/shard-000379.tar	2147921920
data/1_2024/shard-000380.tar	2148331520
data/1_2024/shard-000381.tar	2148648960
data/1_2024/shard-000382.tar	2148536320
data/1_2024/shard-000383.tar	2148628480
data/1_2024/shard-000384.tar	2148689920
data/1_2024/shard-000385.tar	2148126720
data/1_2024/shard-000386.tar	2148372480
data/1_2024/shard-000387.tar	2148669440
data/1_2024/shard-000388.tar	2148433920
data/1_2024/shard-000389.tar	2148311040
data/1_2024/shard-000390.tar	2148679680
data/1_2024/shard-000391.tar	2148618240
data/1_2024/shard-000392.tar	2148413440
data/1_2024/shard-000393.tar	2147942400
data/1_2024/shard-000394.tar	2148433920
data/1_2024/shard-000395.tar	2148597760
data/1_2024/shard-000396.tar	2147778560
data/1_2024/shard-000397.tar	2148392960
data/1_2024/shard-000398.tar	2148280320
data/1_2024/shard-000399.tar	2148157440
data/1_2024/shard-000400.tar	2148444160
data/1_2024/shard-000401.tar	2148700160
data/1_2024/shard-000402.tar	2148546560
data/1_2024/shard-000403.tar	2148280320
data/1_2024/shard-000404.tar	2148495360
data/1_2024/shard-000405.tar	2148618240
data/1_2024/shard-000406.tar	2148423680
data/1_2024/shard-000407.tar	2148464640
data/1_2024/shard-000408.tar	2148608000
data/1_2024/shard-000409.tar	2148618240
data/1_2024/shard-000410.tar	2148474880
data/1_2024/shard-000411.tar	2148526080
data/1_2024/shard-000412.tar	2148648960
data/1_2024/shard-000413.tar	2148403200
data/1_2024/shard-000414.tar	2148577280
data/1_2024/shard-000415.tar	2147706880
data/1_2024/shard-000416.tar	2148474880
data/1_2024/shard-000417.tar	2148618240
data/1_2024/shard-000418.tar	2148249600
data/1_2024/shard-000419.tar	2148392960
data/1_2024/shard-000420.tar	2148218880
data/1_2024/shard-000421.tar	2148710400
data/1_2024/shard-000422.tar	2148505600
data/1_2024/shard-000423.tar	2148577280
data/1_2024/shard-000424.tar	2148648960
data/1_2024/shard-000425.tar	2147850240
data/1_2024/shard-000426.tar	2148403200
data/1_2024/shard-000427.tar	2148464640
data/1_2024/shard-000428.tar	2148567040
data/1_2024/shard-000429.tar	2148608000
data/1_2024/shard-000430.tar	2148198400
data/1_2024/shard-000431.tar	2148444160
data/1_2024/shard-000432.tar	2148659200
data/1_2024/shard-000433.tar	2148270080
data/1_2024/shard-000434.tar	2148044800
data/1_2024/shard-000435.tar	2148577280
data/1_2024/shard-000436.tar	2148556800
data/1_2024/shard-000437.tar	2148536320
data/1_2024/shard-000438.tar	2148014080
data/1_2024/shard-000439.tar	2148413440
data/1_2024/shard-000440.tar	2148474880
data/1_2024/shard-000441.tar	2148720640
data/1_2024/shard-000442.tar	2148669440
data/1_2024/shard-000443.tar	2148689920
data/1_2024/shard-000444.tar	2148536320
data/1_2024/shard-000445.tar	2148321280
data/1_2024/shard-000446.tar	2148567040
data/1_2024/shard-000447.tar	2148556800
data/1_2024/shard-000448.tar	2148618240
data/1_2024/shard-000449.tar	2148689920
data/1_2024/shard-000450.tar	2148628480
data/1_2024/shard-000451.tar	2148546560
data/1_2024/shard-000452.tar	2148618240
data/1_2024/shard-000453.tar	2148423680
data/1_2024/shard-000454.tar	2148526080
data/1_2024/shard-000455.tar	2148352000
data/1_2024/shard-000456.tar	2148270080
data/1_2024/shard-000457.tar	2148454400
data/1_2024/shard-000458.tar	2148608000
data/1_2024/shard-000459.tar	2148188160
data/1_2024/shard-000460.tar	2147911680
data/1_2024/shard-000461.tar	2148618240
data/1_2024/shard-000462.tar	2148546560
data/1_2024/shard-000463.tar	2148382720
data/1_2024/shard-000464.tar	2147911680
data/1_2024/shard-000465.tar	2148700160
data/1_2024/shard-000466.tar	2148628480
data/1_2024/shard-000467.tar	2148608000
data/1_2024/shard-000468.tar	2148546560
data/1_2024/shard-000469.tar	2148382720
data/1_2024/shard-000470.tar	2148556800
data/1_2024/shard-000471.tar	2148536320
data/1_2024/shard-000472.tar	2148075520
data/1_2024/shard-000473.tar	2148720640
data/1_2024/shard-000474.tar	2148249600
data/1_2024/shard-000475.tar	2148372480
data/1_2024/shard-000476.tar	2148659200
data/1_2024/shard-000477.tar	2148587520
data/1_2024/shard-000478.tar	2148556800
data/1_2024/shard-000479.tar	2148710400
data/1_2024/shard-000480.tar	2148341760
data/1_2024/shard-000481.tar	2148669440
data/1_2024/shard-000482.tar	2147860480
data/1_2024/shard-000483.tar	2148167680
data/1_2024/shard-000484.tar	2148505600
data/1_2024/shard-000485.tar	2148136960
data/1_2024/shard-000486.tar	2148536320
data/1_2024/shard-000487.tar	2148720640
data/1_2024/shard-000488.tar	2148648960
data/1_2024/shard-000489.tar	2148638720
data/1_2024/shard-000490.tar	2148413440
data/1_2024/shard-000491.tar	2148556800
data/1_2024/shard-000492.tar	2148679680
data/1_2024/shard-000493.tar	2148188160
data/1_2024/shard-000494.tar	2148567040
data/1_2024/shard-000495.tar	2148464640
data/1_2024/shard-000496.tar	2148526080
data/1_2024/shard-000497.tar	2148126720
data/1_2024/shard-000498.tar	2148587520
data/1_2024/shard-000499.tar	2148403200
data/1_2024/shard-000500.tar	2148505600
data/1_2024/shard-000501.tar	2148096000
data/1_2024/shard-000502.tar	2148567040
data/1_2024/shard-000503.tar	2148505600
data/1_2024/shard-000504.tar	2148495360
data/1_2024/shard-000505.tar	2148444160
data/1_2024/shard-000506.tar	2147809280
data/1_2024/shard-000507.tar	2148464640
data/1_2024/shard-000508.tar	2148085760
data/1_2024/shard-000509.tar	2148392960
data/1_2024/shard-000510.tar	2148055040
data/1_2024/shard-000511.tar	2147952640
data/1_2024/shard-000512.tar	2148474880
data/1_2024/shard-000513.tar	2148648960
data/1_2024/shard-000514.tar	2148331520
data/1_2024/shard-000515.tar	2147358720
data/1_2024/shard-000516.tar	2148372480
data/1_2024/shard-000517.tar	2148116480
data/1_2024/shard-000518.tar	2148618240
data/1_2024/shard-000519.tar	2147993600
data/1_2024/shard-000520.tar	2148761600
data/1_2024/shard-000521.tar	2148300800
data/1_2024/shard-000522.tar	2148659200
data/1_2024/shard-000523.tar	2148546560
data/1_2024/shard-000524.tar	2148249600
data/1_2024/shard-000525.tar	2148290560
data/1_2024/shard-000526.tar	2148526080
data/1_2024/shard-000527.tar	2148720640
data/1_2024/shard-000528.tar	2148597760
data/1_2024/shard-000529.tar	2148710400
data/1_2024/shard-000530.tar	2148444160
data/1_2024/shard-000531.tar	2148403200
data/1_2024/shard-000532.tar	2148311040
data/1_2024/shard-000533.tar	2148147200
data/1_2024/shard-000534.tar	2148587520
data/1_2024/shard-000535.tar	2148710400
data/1_2024/shard-000536.tar	2148751360
data/1_2024/shard-000537.tar	2148526080
data/1_2024/shard-000538.tar	2148556800
data/1_2024/shard-000539.tar	2148372480
data/1_2024/shard-000540.tar	2148372480
data/1_2024/shard-000541.tar	2148177920
data/1_2024/shard-000542.tar	2148352000
data/1_2024/shard-000543.tar	2148587520
data/1_2024/shard-000544.tar	2148587520
data/1_2024/shard-000545.tar	2148270080
data/1_2024/shard-000546.tar	2148618240
data/1_2024/shard-000547.tar	2148700160
data/1_2024/shard-000548.tar	2148648960
data/1_2024/shard-000549.tar	2148474880
data/1_2024/shard-000550.tar	2148679680
data/1_2024/shard-000551.tar	2148597760
data/1_2024/shard-000552.tar	2148700160
data/1_2024/shard-000553.tar	2148444160
data/1_2024/shard-000554.tar	2148587520
data/1_2024/shard-000555.tar	2148741120
data/1_2024/shard-000556.tar	2148392960
data/1_2024/shard-000557.tar	2148546560
data/1_2024/shard-000558.tar	2148669440
data/1_2024/shard-000559.tar	2148618240
data/1_2024/shard-000560.tar	2148392960
data/1_2024/shard-000561.tar	2148331520
data/1_2024/shard-000562.tar	2147880960
data/1_2024/shard-000563.tar	2148423680
data/1_2024/shard-000564.tar	2148515840
data/1_2024/shard-000565.tar	2148331520
data/1_2024/shard-000566.tar	2148300800
data/1_2024/shard-000567.tar	2148331520
data/1_2024/shard-000568.tar	2148198400
data/1_2024/shard-000569.tar	2148290560
data/1_2024/shard-000570.tar	2148659200
data/1_2024/shard-000571.tar	2148546560
data/1_2024/shard-000572.tar	2148628480
data/1_2024/shard-000573.tar	2148423680
data/1_2024/shard-000574.tar	2148669440
data/1_2024/shard-000575.tar	2148618240
data/1_2024/shard-000576.tar	2148597760
data/1_2024/shard-000577.tar	2148526080
data/1_2024/shard-000578.tar	2148628480
data/1_2024/shard-000579.tar	2148689920
data/1_2024/shard-000580.tar	2148556800
data/1_2024/shard-000581.tar	2148352000
data/1_2024/shard-000582.tar	2148382720
data/1_2024/shard-000583.tar	2148372480
data/1_2024/shard-000584.tar	2148444160
data/1_2024/shard-000585.tar	2148720640
data/1_2024/shard-000586.tar	2147440640
data/1_2024/shard-000587.tar	2148433920
data/1_2024/shard-000588.tar	2148454400
data/1_2024/shard-000589.tar	2148454400
data/1_2024/shard-000590.tar	2148669440
data/1_2024/shard-000591.tar	2148331520
data/1_2024/shard-000592.tar	2148311040
data/1_2024/shard-000593.tar	2148495360
data/1_2024/shard-000594.tar	2148311040
data/1_2024/shard-000595.tar	2148618240
data/1_2024/shard-000596.tar	2148474880
data/1_2024/shard-000597.tar	2148526080
data/1_2024/shard-000598.tar	2148229120
data/1_2024/shard-000599.tar	2148331520
data/1_2024/shard-000600.tar	2148587520
data/1_2024/shard-000601.tar	2148167680
data/1_2024/shard-000602.tar	2148444160
data/1_2024/shard-000603.tar	2148352000
data/1_2024/shard-000604.tar	2148280320
data/1_2024/shard-000605.tar	2148608000
data/1_2024/shard-000606.tar	2148567040
data/1_2024/shard-000607.tar	2148587520
data/1_2024/shard-000608.tar	2148659200
data/1_2024/shard-000609.tar	2148710400
data/1_2024/shard-000610.tar	2148577280
data/1_2024/shard-000611.tar	2148392960
data/1_2024/shard-000612.tar	2148689920
data/1_2024/shard-000613.tar	2148485120
data/1_2024/shard-000614.tar	2148085760
data/1_2024/shard-000615.tar	2148526080
data/1_2024/shard-000616.tar	2148454400
data/1_2024/shard-000617.tar	2147993600
data/1_2024/shard-000618.tar	2148546560
data/1_2024/shard-000619.tar	2148126720
data/1_2024/shard-000620.tar	2147942400
data/1_2024/shard-000621.tar	2148628480
data/1_2024/shard-000622.tar	2148096000
data/1_2024/shard-000623.tar	2148710400
data/1_2024/shard-000624.tar	2148331520
data/1_2024/shard-000625.tar	2148546560
data/1_2024/shard-000626.tar	2148669440
data/1_2024/shard-000627.tar	2148515840
data/1_2024/shard-000628.tar	2148638720
data/1_2024/shard-000629.tar	2148689920
data/1_2024/shard-000630.tar	2148403200
data/1_2024/shard-000631.tar	2148577280
data/1_2024/shard-000632.tar	2148546560
data/1_2024/shard-000633.tar	2148454400
data/1_2024/shard-000634.tar	2148403200
data/1_2024/shard-000635.tar	2148444160
data/1_2024/shard-000636.tar	2148618240
data/1_2024/shard-000637.tar	2148689920
data/1_2024/shard-000638.tar	2148700160
data/1_2024/shard-000639.tar	2148126720
data/1_2024/shard-000640.tar	2148577280
data/1_2024/shard-000641.tar	2148372480
data/1_2024/shard-000642.tar	2148495360
data/1_2024/shard-000643.tar	2148628480
data/1_2024/shard-000644.tar	2148689920
data/1_2024/shard-000645.tar	2148454400
data/1_2024/shard-000646.tar	2148618240
data/1_2024/shard-000647.tar	2148669440
data/1_2024/shard-000648.tar	2148659200
data/1_2024/shard-000649.tar	2148536320
data/1_2024/shard-000650.tar	2148352000
data/1_2024/shard-000651.tar	2148495360
data/1_2024/shard-000652.tar	2148239360
data/1_2024/shard-000653.tar	2148597760
data/1_2024/shard-000654.tar	2148474880
data/1_2024/shard-000655.tar	2148423680
data/1_2024/shard-000656.tar	2148771840
data/1_2024/shard-000657.tar	2148495360
data/1_2024/shard-000658.tar	2148587520
data/1_2024/shard-000659.tar	2148495360
data/1_2024/shard-000660.tar	2148157440
data/1_2024/shard-000661.tar	2148372480
data/1_2024/shard-000662.tar	2148546560
data/1_2024/shard-000663.tar	2148556800
data/1_2024/shard-000664.tar	2148669440
data/1_2024/shard-000665.tar	2148638720
data/1_2024/shard-000666.tar	2148720640
data/1_2024/shard-000667.tar	2148659200
data/1_2024/shard-000668.tar	2148515840
data/1_2024/shard-000669.tar	2148638720
data/1_2024/shard-000670.tar	2148454400
data/1_2024/shard-000671.tar	2148515840
data/1_2024/shard-000672.tar	2148720640
data/1_2024/shard-000673.tar	2148526080
data/1_2024/shard-000674.tar	2148700160
data/1_2024/shard-000675.tar	2148546560
data/1_2024/shard-000676.tar	2148065280
data/1_2024/shard-000677.tar	2148669440
data/1_2024/shard-000678.tar	2148239360
data/1_2024/shard-000679.tar	2148577280
data/1_2024/shard-000680.tar	2148495360
data/1_2024/shard-000681.tar	2148567040
data/1_2024/shard-000682.tar	2148618240
data/1_2024/shard-000683.tar	2148638720
data/1_2024/shard-000684.tar	2148638720
data/1_2024/shard-000685.tar	2148495360
data/1_2024/shard-000686.tar	2148505600
data/1_2024/shard-000687.tar	2148300800
data/1_2024/shard-000688.tar	2147481600
data/1_2024/shard-000689.tar	2148710400
data/1_2024/shard-000690.tar	2148300800
data/1_2024/shard-000691.tar	2148372480
data/1_2024/shard-000692.tar	2148659200
data/1_2024/shard-000693.tar	2148167680
data/1_2024/shard-000694.tar	2148526080
data/1_2024/shard-000695.tar	2148300800
data/1_2024/shard-000696.tar	2148341760
data/1_2024/shard-000697.tar	2148259840
data/1_2024/shard-000698.tar	2148515840
data/1_2024/shard-000699.tar	2148659200
data/1_2024/shard-000700.tar	2148362240
data/1_2024/shard-000701.tar	2148526080
data/1_2024/shard-000702.tar	2148249600
data/1_2024/shard-000703.tar	2148392960
data/1_2024/shard-000704.tar	2148618240
data/1_2024/shard-000705.tar	2148454400
data/1_2024/shard-000706.tar	2147389440
data/1_2024/shard-000707.tar	2148403200
data/1_2024/shard-000708.tar	2148608000
data/1_2024/shard-000709.tar	2148618240
data/1_2024/shard-000710.tar	2148648960
data/1_2024/shard-000711.tar	2148403200
data/1_2024/shard-000712.tar	2148567040
data/1_2024/shard-000713.tar	2148259840
data/1_2024/shard-000714.tar	2148689920
data/1_2024/shard-000715.tar	2148638720
data/1_2024/shard-000716.tar	2148536320
data/1_2024/shard-000717.tar	2148341760
data/1_2024/shard-000718.tar	2148454400
data/1_2024/shard-000719.tar	2148474880
data/1_2024/shard-000720.tar	2148608000
data/1_2024/shard-000721.tar	2148239360
data/1_2024/shard-000722.tar	2148567040
data/1_2024/shard-000723.tar	2148679680
data/1_2024/shard-000724.tar	2148608000
data/1_2024/shard-000725.tar	2148608000
data/1_2024/shard-000726.tar	2148638720
data/1_2024/shard-000727.tar	2148577280
data/1_2024/shard-000728.tar	2148362240
data/1_2024/shard-000729.tar	2148116480
data/1_2024/shard-000730.tar	2148608000
data/1_2024/shard-000731.tar	2148700160
data/1_2024/shard-000732.tar	2148331520
data/1_2024/shard-000733.tar	2148321280
data/1_2024/shard-000734.tar	2148700160
data/1_2024/shard-000735.tar	2148290560
data/1_2024/shard-000736.tar	2148413440
data/1_2024/shard-000737.tar	2148536320
data/1_2024/shard-000738.tar	2148403200
data/1_2024/shard-000739.tar	2147604480
data/1_2024/shard-000740.tar	2148556800
data/1_2024/shard-000741.tar	2148382720
data/1_2024/shard-000742.tar	2148474880
data/1_2024/shard-000743.tar	2148331520
data/1_2024/shard-000744.tar	2148720640
data/1_2024/shard-000745.tar	2148300800
data/1_2024/shard-000746.tar	2148587520
data/1_2024/shard-000747.tar	2148546560
data/1_2024/shard-000748.tar	2148167680
data/1_2024/shard-000749.tar	2148608000
data/1_2024/shard-000750.tar	2147840000
data/1_2024/shard-000751.tar	2148597760
data/1_2024/shard-000752.tar	2148259840
data/1_2024/shard-000753.tar	2148556800
data/1_2024/shard-000754.tar	2148515840
data/1_2024/shard-000755.tar	2148526080
data/1_2024/shard-000756.tar	2148403200
data/1_2024/shard-000757.tar	2148628480
data/1_2024/shard-000758.tar	2148700160
data/1_2024/shard-000759.tar	2148546560
data/1_2024/shard-000760.tar	2148526080
data/1_2024/shard-000761.tar	2148474880
data/1_2024/shard-000762.tar	2148403200
data/1_2024/shard-000763.tar	2148710400
data/1_2024/shard-000764.tar	2148249600
data/1_2024/shard-000765.tar	2148075520
data/1_2024/shard-000766.tar	2148239360
data/1_2024/shard-000767.tar	2148659200
data/1_2024/shard-000768.tar	2148741120
data/1_2024/shard-000769.tar	2148157440
data/1_2024/shard-000770.tar	2148689920
data/1_2024/shard-000771.tar	2148628480
data/1_2024/shard-000772.tar	2148567040
data/1_2024/shard-000773.tar	2148669440
data/1_2024/shard-000774.tar	2147799040
data/1_2024/shard-000775.tar	2148290560
data/1_2024/shard-000776.tar	2148659200
data/1_2024/shard-000777.tar	2148485120
data/1_2024/shard-000778.tar	2148689920
data/1_2024/shard-000779.tar	2148403200
data/1_2024/shard-000780.tar	2148587520
data/1_2024/shard-000781.tar	2147174400
data/1_2024/shard-000782.tar	2148546560
data/1_2024/shard-000783.tar	2148075520
data/1_2024/shard-000784.tar	2148720640
data/1_2024/shard-000785.tar	2147676160
data/1_2024/shard-000786.tar	2148106240
data/1_2024/shard-000787.tar	2148720640
data/1_2024/shard-000788.tar	2148700160
data/1_2024/shard-000789.tar	2148372480
data/1_2024/shard-000790.tar	2148659200
data/1_2024/shard-000791.tar	2148382720
data/1_2024/shard-000792.tar	2148464640
data/1_2024/shard-000793.tar	2148659200
data/1_2024/shard-000794.tar	2148300800
data/1_2024/shard-000795.tar	2148485120
data/1_2024/shard-000796.tar	2148526080
data/1_2024/shard-000797.tar	2148444160
data/1_2024/shard-000798.tar	2148474880
data/1_2024/shard-000799.tar	421130240
data/1_2025.9/shard-000000.tar	2147543040
data/1_2025.9/shard-000001.tar	2147993600
data/1_2025.9/shard-000002.tar	2147502080
data/1_2025.9/shard-000003.tar	2147962880
data/1_2025.9/shard-000004.tar	2148014080
data/1_2025.9/shard-000005.tar	2148003840
data/1_2025.9/shard-000006.tar	2147973120
data/1_2025.9/shard-000007.tar	2147973120
data/1_2025.9/shard-000008.tar	2147532800
data/1_2025.9/shard-000009.tar	2148044800
data/1_2025.9/shard-000010.tar	2147440640
data/1_2025.9/shard-000011.tar	2147932160
data/1_2025.9/shard-000012.tar	2147102720
data/1_2025.9/shard-000013.tar	2148034560
data/1_2025.9/shard-000014.tar	2148034560
data/1_2025.9/shard-000015.tar	2146519040
data/1_2025.9/shard-000016.tar	2147584000
data/1_2025.9/shard-000017.tar	2147880960
data/1_2025.9/shard-000018.tar	2147737600
data/1_2025.9/shard-000019.tar	2147635200
data/1_2025.9/shard-000020.tar	2147368960
data/1_2025.9/shard-000021.tar	2148014080
data/1_2025.9/shard-000022.tar	2147471360
data/1_2025.9/shard-000023.tar	2147870720
data/1_2025.9/shard-000024.tar	2147266560
data/1_2025.9/shard-000025.tar	2147174400
data/1_2025.9/shard-000026.tar	2148055040
data/1_2025.9/shard-000027.tar	2147829760
data/1_2025.9/shard-000028.tar	2147901440
data/1_2025.9/shard-000029.tar	2147747840
data/1_2025.9/shard-000030.tar	2148003840
data/1_2025.9/shard-000031.tar	2147993600
data/1_2025.9/shard-000032.tar	2148075520
data/1_2025.9/shard-000033.tar	2147870720
data/1_2025.9/shard-000034.tar	2147870720
data/1_2025.9/shard-000035.tar	2147276800
data/1_2025.9/shard-000036.tar	2147645440
data/1_2025.9/shard-000037.tar	2147297280
data/1_2025.9/shard-000038.tar	2147850240
data/1_2025.9/shard-000039.tar	2146805760
data/1_2025.9/shard-000040.tar	2146631680
data/1_2025.9/shard-000041.tar	2147389440
data/1_2025.9/shard-000042.tar	2146539520
data/1_2025.9/shard-000043.tar	2143436800
data/1_2025.9/shard-000044.tar	2147942400
data/1_2025.9/shard-000045.tar	2147246080
data/1_2025.9/shard-000046.tar	2146816000
data/1_2025.9/shard-000047.tar	2148106240
data/1_2025.9/shard-000048.tar	2147717120
data/1_2025.9/shard-000049.tar	2148003840
data/1_2025.9/shard-000050.tar	2147942400
data/1_2025.9/shard-000051.tar	2147962880
data/1_2025.9/shard-000052.tar	2147891200
data/1_2025.9/shard-000053.tar	2148034560
data/1_2025.9/shard-000054.tar	2146703360
data/1_2025.9/shard-000055.tar	2147880960
data/1_2025.9/shard-000056.tar	2148075520
data/1_2025.9/shard-000057.tar	2147123200
data/1_2025.9/shard-000058.tar	2147993600
data/1_2025.9/shard-000059.tar	2147696640
data/1_2025.9/shard-000060.tar	2147522560
data/1_2025.9/shard-000061.tar	2147358720
data/1_2025.9/shard-000062.tar	2148044800
data/1_2025.9/shard-000063.tar	2145730560
data/1_2025.9/shard-000064.tar	2148106240
data/1_2025.9/shard-000065.tar	2147840000
data/1_2025.9/shard-000066.tar	2147768320
data/1_2025.9/shard-000067.tar	2147584000
data/1_2025.9/shard-000068.tar	2148003840
data/1_2025.9/shard-000069.tar	2147788800
data/1_2025.9/shard-000070.tar	2147276800
data/1_2025.9/shard-000071.tar	2147799040
data/1_2025.9/shard-000072.tar	2146283520
data/1_2025.9/shard-000073.tar	2147983360
data/1_2025.9/shard-000074.tar	2145597440
data/1_2025.9/shard-000075.tar	2147768320
data/1_2025.9/shard-000076.tar	2148024320
data/1_2025.9/shard-000077.tar	2146990080
data/1_2025.9/shard-000078.tar	2147297280
data/1_2025.9/shard-000079.tar	2147727360
data/1_2025.9/shard-000080.tar	2147706880
data/1_2025.9/shard-000081.tar	2147522560
data/1_2025.9/shard-000082.tar	2147850240
data/1_2025.9/shard-000083.tar	2147952640
data/1_2025.9/shard-000084.tar	2147809280
data/1_2025.9/shard-000085.tar	2148034560
data/1_2025.9/shard-000086.tar	2147440640
data/1_2025.9/shard-000087.tar	2148044800
data/1_2025.9/shard-000088.tar	2147891200
data/1_2025.9/shard-000089.tar	2146088960
data/1_2025.9/shard-000090.tar	2147553280
data/1_2025.9/shard-000091.tar	2147706880
data/1_2025.9/shard-000092.tar	2148034560
data/1_2025.9/shard-000093.tar	2146918400
data/1_2025.9/shard-000094.tar	2147983360
data/1_2025.9/shard-000095.tar	2148034560
data/1_2025.9/shard-000096.tar	2147481600
data/1_2025.9/shard-000097.tar	2147430400
data/1_2025.9/shard-000098.tar	2147512320
data/1_2025.9/shard-000099.tar	2147870720
data/1_2025.9/shard-000100.tar	2147696640
data/1_2025.9/shard-000101.tar	2147962880
data/1_2025.9/shard-000102.tar	2147717120
data/1_2025.9/shard-000103.tar	2147952640
data/1_2025.9/shard-000104.tar	2147809280
data/1_2025.9/shard-000105.tar	2147031040
data/1_2025.9/shard-000106.tar	2147676160
data/1_2025.9/shard-000107.tar	2147952640
data/1_2025.9/shard-000108.tar	2145771520
data/1_2025.9/shard-000109.tar	2142228480
data/1_2025.9/shard-000110.tar	2147430400
data/1_2025.9/shard-000111.tar	2147563520
data/1_2025.9/shard-000112.tar	2147246080
data/1_2025.9/shard-000113.tar	2145218560
data/1_2025.9/shard-000114.tar	2147921920
data/1_2025.9/shard-000115.tar	2148065280
data/1_2025.9/shard-000116.tar	2146048000
data/1_2025.9/shard-000117.tar	2147932160
data/1_2025.9/shard-000118.tar	2146908160
data/1_2025.9/shard-000119.tar	2148014080
data/1_2025.9/shard-000120.tar	2147921920
data/1_2025.9/shard-000121.tar	2145064960
data/1_2025.9/shard-000122.tar	2147758080
data/1_2025.9/shard-000123.tar	2147993600
data/1_2025.9/shard-000124.tar	2147143680
data/1_2025.9/shard-000125.tar	2147399680
data/1_2025.9/shard-000126.tar	2148075520
data/1_2025.9/shard-000127.tar	2148014080
data/1_2025.9/shard-000128.tar	2148024320
data/1_2025.9/shard-000129.tar	2147921920
data/1_2025.9/shard-000130.tar	2147993600
data/1_2025.9/shard-000131.tar	2147911680
data/1_2025.9/shard-000132.tar	2147706880
data/1_2025.9/shard-000133.tar	2147952640
data/1_2025.9/shard-000134.tar	2148024320
data/1_2025.9/shard-000135.tar	2147450880
data/1_2025.9/shard-000136.tar	2148014080
data/1_2025.9/shard-000137.tar	2147665920
data/1_2025.9/shard-000138.tar	2147399680
data/1_2025.9/shard-000139.tar	2147532800
data/1_2025.9/shard-000140.tar	2147850240
data/1_2025.9/shard-000141.tar	2148003840
data/1_2025.9/shard-000142.tar	2147819520
data/1_2025.9/shard-000143.tar	2147635200
data/1_2025.9/shard-000144.tar	2147880960
data/1_2025.9/shard-000145.tar	2147952640
data/1_2025.9/shard-000146.tar	2147829760
data/1_2025.9/shard-000147.tar	2145423360
data/1_2025.9/shard-000148.tar	2139678720
data/1_2025.9/shard-000149.tar	2146959360
data/1_2025.9/shard-000150.tar	2147809280
data/1_2025.9/shard-000151.tar	2146693120
data/1_2025.9/shard-000152.tar	2147758080
data/1_2025.9/shard-000153.tar	2145792000
data/1_2025.9/shard-000154.tar	2147000320
data/1_2025.9/shard-000155.tar	2147973120
data/1_2025.9/shard-000156.tar	2147850240
data/1_2025.9/shard-000157.tar	2147194880
data/1_2025.9/shard-000158.tar	2147194880
data/1_2025.9/shard-000159.tar	2147942400
data/1_2025.9/shard-000160.tar	2147532800
data/1_2025.9/shard-000161.tar	2147389440
data/1_2025.9/shard-000162.tar	2147430400
data/1_2025.9/shard-000163.tar	2147235840
data/1_2025.9/shard-000164.tar	2146979840
data/1_2025.9/shard-000165.tar	2147020800
data/1_2025.9/shard-000166.tar	2147860480
data/1_2025.9/shard-000167.tar	2147983360
data/1_2025.9/shard-000168.tar	2147706880
data/1_2025.9/shard-000169.tar	2147932160
data/1_2025.9/shard-000170.tar	2147993600
data/1_2025.9/shard-000171.tar	2147973120
data/1_2025.9/shard-000172.tar	2148055040
data/1_2025.9/shard-000173.tar	2147727360
data/1_2025.9/shard-000174.tar	2148024320
data/1_2025.9/shard-000175.tar	2147952640
data/1_2025.9/shard-000176.tar	2146160640
data/1_2025.9/shard-000177.tar	2148034560
data/1_2025.9/shard-000178.tar	2148044800
data/1_2025.9/shard-000179.tar	2146713600
data/1_2025.9/shard-000180.tar	2147819520
data/1_2025.9/shard-000181.tar	2147379200
data/1_2025.9/shard-000182.tar	2147942400
data/1_2025.9/shard-000183.tar	2147860480
data/1_2025.9/shard-000184.tar	2145812480
data/1_2025.9/shard-000185.tar	2147891200
data/1_2025.9/shard-000186.tar	2147041280
data/1_2025.9/shard-000187.tar	2147962880
data/1_2025.9/shard-000188.tar	2146478080
data/1_2025.9/shard-000189.tar	2142412800
data/1_2025.9/shard-000190.tar	2147225600
data/1_2025.9/shard-000191.tar	2147553280
data/1_2025.9/shard-000192.tar	2147952640
data/1_2025.9/shard-000193.tar	2147522560
data/1_2025.9/shard-000194.tar	2148044800
data/1_2025.9/shard-000195.tar	2147717120
data/1_2025.9/shard-000196.tar	2147952640
data/1_2025.9/shard-000197.tar	2147440640
data/1_2025.9/shard-000198.tar	2146488320
data/1_2025.9/shard-000199.tar	2147645440
data/1_2025.9/shard-000200.tar	2140579840
data/1_2025.9/shard-000201.tar	2076702720
data/1_2025.9/shard-000202.tar	2147901440
data/1_2025.9/shard-000203.tar	2145689600
data/1_2025.9/shard-000204.tar	2147389440
data/1_2025.9/shard-000205.tar	2147614720
data/1_2025.9/shard-000206.tar	2147891200
data/1_2025.9/shard-000207.tar	2147983360
data/1_2025.9/shard-000208.tar	2147164160
data/1_2025.9/shard-000209.tar	2147788800
data/1_2025.9/shard-000210.tar	2146037760
data/1_2025.9/shard-000211.tar	2145105920
data/1_2025.9/shard-000212.tar	2147645440
data/1_2025.9/shard-000213.tar	2148075520
data/1_2025.9/shard-000214.tar	2147942400
data/1_2025.9/shard-000215.tar	2147727360
data/1_2025.9/shard-000216.tar	2147338240
data/1_2025.9/shard-000217.tar	2147092480
data/1_2025.9/shard-000218.tar	2147665920
data/1_2025.9/shard-000219.tar	2147543040
data/1_2025.9/shard-000220.tar	2147727360
data/1_2025.9/shard-000221.tar	2147706880
data/1_2025.9/shard-000222.tar	2078586880
data/1_2025.9/shard-000223.tar	2144808960
data/1_2025.9/shard-000224.tar	2128414720
data/1_2025.9/shard-000225.tar	2147993600
data/1_2025.9/shard-000226.tar	2147758080
data/1_2025.9/shard-000227.tar	2145628160
data/1_2025.9/shard-000228.tar	2148065280
data/1_2025.9/shard-000229.tar	2146703360
data/1_2025.9/shard-000230.tar	2144962560
data/1_2025.9/shard-000231.tar	2147205120
data/1_2025.9/shard-000232.tar	2147266560
data/1_2025.9/shard-000233.tar	2148085760
data/1_2025.9/shard-000234.tar	2148003840
data/1_2025.9/shard-000235.tar	2148014080
data/1_2025.9/shard-000236.tar	2147778560
data/1_2025.9/shard-000237.tar	2147891200
data/1_2025.9/shard-000238.tar	2146652160
data/1_2025.9/shard-000239.tar	2148014080
data/1_2025.9/shard-000240.tar	2147911680
data/1_2025.9/shard-000241.tar	2147747840
data/1_2025.9/shard-000242.tar	2147665920
data/1_2025.9/shard-000243.tar	2147911680
data/1_2025.9/shard-000244.tar	2148044800
data/1_2025.9/shard-000245.tar	2146897920
data/1_2025.9/shard-000246.tar	2148024320
data/1_2025.9/shard-000247.tar	2147543040
data/1_2025.9/shard-000248.tar	2147819520
data/1_2025.9/shard-000249.tar	2147788800
data/1_2025.9/shard-000250.tar	2147624960
data/1_2025.9/shard-000251.tar	2147235840
data/1_2025.9/shard-000252.tar	2148065280
data/1_2025.9/shard-000253.tar	2147942400
data/1_2025.9/shard-000254.tar	2147962880
data/1_2025.9/shard-000255.tar	2147471360
data/1_2025.9/shard-000256.tar	2146600960
data/1_2025.9/shard-000257.tar	2147799040
data/1_2025.9/shard-000258.tar	2147962880
data/1_2025.9/shard-000259.tar	2147829760
data/1_2025.9/shard-000260.tar	2147573760
data/1_2025.9/shard-000261.tar	2147962880
data/1_2025.9/shard-000262.tar	2147491840
data/1_2025.9/shard-000263.tar	2147348480
data/1_2025.9/shard-000264.tar	2147809280
data/1_2025.9/shard-000265.tar	2147276800
data/1_2025.9/shard-000266.tar	2147993600
data/1_2025.9/shard-000267.tar	2147942400
data/1_2025.9/shard-000268.tar	2147082240
data/1_2025.9/shard-000269.tar	2147665920
data/1_2025.9/shard-000270.tar	2144890880
data/1_2025.9/shard-000271.tar	2147409920
data/1_2025.9/shard-000272.tar	2147901440
data/1_2025.9/shard-000273.tar	2147921920
data/1_2025.9/shard-000274.tar	2147727360
data/1_2025.9/shard-000275.tar	2147942400
data/1_2025.9/shard-000276.tar	2145638400
data/1_2025.9/shard-000277.tar	2147481600
data/1_2025.9/shard-000278.tar	2146600960
data/1_2025.9/shard-000279.tar	2147317760
data/1_2025.9/shard-000280.tar	2147973120
data/1_2025.9/shard-000281.tar	2146928640
data/1_2025.9/shard-000282.tar	2147870720
data/1_2025.9/shard-000283.tar	2147962880
data/1_2025.9/shard-000284.tar	2147461120
data/1_2025.9/shard-000285.tar	2147471360
data/1_2025.9/shard-000286.tar	2148065280
data/1_2025.9/shard-000287.tar	2147123200
data/1_2025.9/shard-000288.tar	2145331200
data/1_2025.9/shard-000289.tar	2148014080
data/1_2025.9/shard-000290.tar	2147696640
data/1_2025.9/shard-000291.tar	2147993600
data/1_2025.9/shard-000292.tar	2147829760
data/1_2025.9/shard-000293.tar	2147952640
data/1_2025.9/shard-000294.tar	2147962880
data/1_2025.9/shard-000295.tar	2147092480
data/1_2025.9/shard-000296.tar	2147962880
data/1_2025.9/shard-000297.tar	2147235840
data/1_2025.9/shard-000298.tar	2147491840
data/1_2025.9/shard-000299.tar	2148055040
data/1_2025.9/shard-000300.tar	2147665920
data/1_2025.9/shard-000301.tar	2147983360
data/1_2025.9/shard-000302.tar	2147491840
data/1_2025.9/shard-000303.tar	2147962880
data/1_2025.9/shard-000304.tar	2146846720
data/1_2025.9/shard-000305.tar	2147962880
data/1_2025.9/shard-000306.tar	2147522560
data/1_2025.9/shard-000307.tar	2146856960
data/1_2025.9/shard-000308.tar	2146754560
data/1_2025.9/shard-000309.tar	2147563520
data/1_2025.9/shard-000310.tar	2147246080
data/1_2025.9/shard-000311.tar	2145361920
data/1_2025.9/shard-000312.tar	2148055040
data/1_2025.9/shard-000313.tar	2147829760
data/1_2025.9/shard-000314.tar	2147870720
data/1_2025.9/shard-000315.tar	2147880960
data/1_2025.9/shard-000316.tar	2147051520
data/1_2025.9/shard-000317.tar	2147809280
data/1_2025.9/shard-000318.tar	2147962880
data/1_2025.9/shard-000319.tar	2147717120
data/1_2025.9/shard-000320.tar	2147655680
data/1_2025.9/shard-000321.tar	2147880960
data/1_2025.9/shard-000322.tar	2146744320
data/1_2025.9/shard-000323.tar	2146314240
data/1_2025.9/shard-000324.tar	2147727360
data/1_2025.9/shard-000325.tar	2142668800
data/1_2025.9/shard-000326.tar	2121881600
data/1_2025.9/shard-000327.tar	2147932160
data/1_2025.9/shard-000328.tar	2147932160
data/1_2025.9/shard-000329.tar	2147983360
data/1_2025.9/shard-000330.tar	2147727360
data/1_2025.9/shard-000331.tar	2147215360
data/1_2025.9/shard-000332.tar	2147594240
data/1_2025.9/shard-000333.tar	2147522560
data/1_2025.9/shard-000334.tar	2147932160
data/1_2025.9/shard-000335.tar	2147543040
data/1_2025.9/shard-000336.tar	2148003840
data/1_2025.9/shard-000337.tar	2147696640
data/1_2025.9/shard-000338.tar	2147215360
data/1_2025.9/shard-000339.tar	2148034560
data/1_2025.9/shard-000340.tar	2147911680
data/1_2025.9/shard-000341.tar	2148003840
data/1_2025.9/shard-000342.tar	2147727360
data/1_2025.9/shard-000343.tar	2147491840
data/1_2025.9/shard-000344.tar	2147706880
data/1_2025.9/shard-000345.tar	2147153920
data/1_2025.9/shard-000346.tar	2147543040
data/1_2025.9/shard-000347.tar	2147502080
data/1_2025.9/shard-000348.tar	2145249280
data/1_2025.9/shard-000349.tar	2147624960
data/1_2025.9/shard-000350.tar	2147901440
data/1_2025.9/shard-000351.tar	2148034560
data/1_2025.9/shard-000352.tar	2148014080
data/1_2025.9/shard-000353.tar	2147993600
data/1_2025.9/shard-000354.tar	2148096000
data/1_2025.9/shard-000355.tar	2148065280
data/1_2025.9/shard-000356.tar	2148014080
data/1_2025.9/shard-000357.tar	2146457600
data/1_2025.9/shard-000358.tar	2146457600
data/1_2025.9/shard-000359.tar	2147850240
data/1_2025.9/shard-000360.tar	2147573760
data/1_2025.9/shard-000361.tar	2147952640
data/1_2025.9/shard-000362.tar	2147522560
data/1_2025.9/shard-000363.tar	2147522560
data/1_2025.9/shard-000364.tar	2147420160
data/1_2025.9/shard-000365.tar	2145095680
data/1_2025.9/shard-000366.tar	2147829760
data/1_2025.9/shard-000367.tar	2144768000
data/1_2025.9/shard-000368.tar	2147696640
data/1_2025.9/shard-000369.tar	2147952640
data/1_2025.9/shard-000370.tar	2147962880
data/1_2025.9/shard-000371.tar	2147942400
data/1_2025.9/shard-000372.tar	2147891200
data/1_2025.9/shard-000373.tar	2144030720
data/1_2025.9/shard-000374.tar	2147727360
data/1_2025.9/shard-000375.tar	2147932160
data/1_2025.9/shard-000376.tar	2148085760
data/1_2025.9/shard-000377.tar	2144911360
data/1_2025.9/shard-000378.tar	2147921920
data/1_2025.9/shard-000379.tar	2147850240
data/1_2025.9/shard-000380.tar	2147737600
data/1_2025.9/shard-000381.tar	2147942400
data/1_2025.9/shard-000382.tar	2147532800
data/1_2025.9/shard-000383.tar	2147952640
data/1_2025.9/shard-000384.tar	2147328000
data/1_2025.9/shard-000385.tar	2147788800
data/1_2025.9/shard-000386.tar	2147983360
data/1_2025.9/shard-000387.tar	2147799040
data/1_2025.9/shard-000388.tar	2147829760
data/1_2025.9/shard-000389.tar	2146007040
data/1_2025.9/shard-000390.tar	2145249280
data/1_2025.9/shard-000391.tar	2146283520
data/1_2025.9/shard-000392.tar	2148055040
data/1_2025.9/shard-000393.tar	2147747840
data/1_2025.9/shard-000394.tar	2147932160
data/1_2025.9/shard-000395.tar	2147061760
data/1_2025.9/shard-000396.tar	2147317760
data/1_2025.9/shard-000397.tar	2147799040
data/1_2025.9/shard-000398.tar	2148075520
data/1_2025.9/shard-000399.tar	2147768320
data/1_2025.9/shard-000400.tar	2147819520
data/1_2025.9/shard-000401.tar	2147717120
data/1_2025.9/shard-000402.tar	2147901440
data/1_2025.9/shard-000403.tar	2146652160
data/1_2025.9/shard-000404.tar	418641920
data/2026.7/shard-000000.tar	2093608960
data/2026.7/shard-000001.tar	2081955840
data/2026.7/shard-000002.tar	2079692800
data/2026.7/shard-000003.tar	2041753600
data/2026.7/shard-000004.tar	2062653440
data/2026.7/shard-000005.tar	2050048000
data/2026.7/shard-000006.tar	2083000320
data/2026.7/shard-000007.tar	2074265600
data/2026.7/shard-000008.tar	2089216000
data/2026.7/shard-000009.tar	2065633280
data/2026.7/shard-000010.tar	2042173440
data/2026.7/shard-000011.tar	2111477760
data/2026.7/shard-000012.tar	2040924160
data/2026.7/shard-000013.tar	2079201280
data/2026.7/shard-000014.tar	2061660160
data/2026.7/shard-000015.tar	2068766720
data/2026.7/shard-000016.tar	2078801920
data/2026.7/shard-000017.tar	2079549440
data/2026.7/shard-000018.tar	2086072320
data/2026.7/shard-000019.tar	2074542080
data/2026.7/shard-000020.tar	2048552960
data/2026.7/shard-000021.tar	2064281600
data/2026.7/shard-000022.tar	2097551360
data/2026.7/shard-000023.tar	2102343680
data/2026.7/shard-000024.tar	2079703040
data/2026.7/shard-000025.tar	2065745920
data/2026.7/shard-000026.tar	2090721280
data/2026.7/shard-000027.tar	2016942080
data/2026.7/shard-000028.tar	2049914880
data/2026.7/shard-000029.tar	2038302720
data/2026.7/shard-000030.tar	2096312320
data/2026.7/shard-000031.tar	2047590400
data/2026.7/shard-000032.tar	2089369600
data/2026.7/shard-000033.tar	2068869120
data/2026.7/shard-000034.tar	2039674880
data/2026.7/shard-000035.tar	2079856640
data/2026.7/shard-000036.tar	2097233920
data/2026.7/shard-000037.tar	2073856000
data/2026.7/shard-000038.tar	2074531840
data/2026.7/shard-000039.tar	2075269120
data/2026.7/shard-000040.tar	2026956800
data/2026.7/shard-000041.tar	2046474240
data/2026.7/shard-000042.tar	2083829760
data/2026.7/shard-000043.tar	2038702080
data/2026.7/shard-000044.tar	2057441280
data/2026.7/shard-000045.tar	2056253440
data/2026.7/shard-000046.tar	2074593280
data/2026.7/shard-000047.tar	2146406400
data/2026.7/shard-000048.tar	2146058240
data/2026.7/shard-000049.tar	2146877440
data/2026.7/shard-000050.tar	2146897920
data/2026.7/shard-000051.tar	2143979520
data/2026.7/shard-000052.tar	2147450880
data/2026.7/shard-000053.tar	2146938880
data/2026.7/shard-000054.tar	2147000320
data/2026.7/shard-000055.tar	2145669120
data/2026.7/shard-000056.tar	2145433600
data/2026.7/shard-000057.tar	2147471360
data/2026.7/shard-000058.tar	2147420160
data/2026.7/shard-000059.tar	2147502080
data/2026.7/shard-000060.tar	2147461120
data/2026.7/shard-000061.tar	2146856960
data/2026.7/shard-000062.tar	2141808640
data/2026.7/shard-000063.tar	2147614720
data/2026.7/shard-000064.tar	2147461120
data/2026.7/shard-000065.tar	2147491840
data/2026.7/shard-000066.tar	2144788480
data/2026.7/shard-000067.tar	2147328000
data/2026.7/shard-000068.tar	2147205120
data/2026.7/shard-000069.tar	2147051520
data/2026.7/shard-000070.tar	2144092160
data/2026.7/shard-000071.tar	2147635200
data/2026.7/shard-000072.tar	2147409920
data/2026.7/shard-000073.tar	2145658880
data/2026.7/shard-000074.tar	2147174400
data/2026.7/shard-000075.tar	2146672640
data/2026.7/shard-000076.tar	2143662080
data/2026.7/shard-000077.tar	2147276800
data/2026.7/shard-000078.tar	2145280000
data/2026.7/shard-000079.tar	2143651840
data/2026.7/shard-000080.tar	2145372160
data/2026.7/shard-000081.tar	2146447360
data/2026.7/shard-000082.tar	2146375680
data/2026.7/shard-000083.tar	2146232320
data/2026.7/shard-000084.tar	2147676160
data/2026.7/shard-000085.tar	2147338240
data/2026.7/shard-000086.tar	2147450880
data/2026.7/shard-000087.tar	2146938880
data/2026.7/shard-000088.tar	2146293760
data/2026.7/shard-000089.tar	2145628160
data/2026.7/shard-000090.tar	2147010560
data/2026.7/shard-000091.tar	2146150400
data/2026.7/shard-000092.tar	2147000320
data/2026.7/shard-000093.tar	2144860160
data/2026.7/shard-000094.tar	2146938880
data/2026.7/shard-000095.tar	2147543040
data/2026.7/shard-000096.tar	2145884160
data/2026.7/shard-000097.tar	2146160640
data/2026.7/shard-000098.tar	2147338240
data/2026.7/shard-000099.tar	2144778240
data/2026.7/shard-000100.tar	2147696640
data/2026.7/shard-000101.tar	2147481600
data/2026.7/shard-000102.tar	2145822720
data/2026.7/shard-000103.tar	2146713600
data/2026.7/shard-000104.tar	2147635200
data/2026.7/shard-000105.tar	2147174400
data/2026.7/shard-000106.tar	2146693120
data/2026.7/shard-000107.tar	2145853440
data/2026.7/shard-000108.tar	2145269760
data/2026.7/shard-000109.tar	2146816000
data/2026.7/shard-000110.tar	2146734080
data/2026.7/shard-000111.tar	2146283520
data/2026.7/shard-000112.tar	2144573440
data/2026.7/shard-000113.tar	2146365440
data/2026.7/shard-000114.tar	2146529280
data/2026.7/shard-000115.tar	2145525760
data/2026.7/shard-000116.tar	2146682880
data/2026.7/shard-000117.tar	2147051520
data/2026.7/shard-000118.tar	2147307520
data/2026.7/shard-000119.tar	2146887680
data/2026.7/shard-000120.tar	2146979840
data/2026.7/shard-000121.tar	2004305920
data/2026.7/shard-000122.tar	2147553280
data/2026.7/shard-000123.tar	2146365440
data/2026.7/shard-000124.tar	2147594240
data/2026.7/shard-000125.tar	2147307520
data/2026.7/shard-000126.tar	2147328000
data/2026.7/shard-000127.tar	2146979840
data/2026.7/shard-000128.tar	2143846400
data/2026.7/shard-000129.tar	2147246080
data/2026.7/shard-000130.tar	2146764800
data/2026.7/shard-000131.tar	2147553280
data/2026.7/shard-000132.tar	2144768000
data/2026.7/shard-000133.tar	2145361920
data/2026.7/shard-000134.tar	2147604480
data/2026.7/shard-000135.tar	2145024000
data/2026.7/shard-000136.tar	2146426880
data/2026.7/shard-000137.tar	2147225600
data/2026.7/shard-000138.tar	2147420160
data/2026.7/shard-000139.tar	2146150400
data/2026.7/shard-000140.tar	2147287040
data/2026.7/shard-000141.tar	2145177600
data/2026.7/shard-000142.tar	2144460800
data/2026.7/shard-000143.tar	2146007040
data/2026.7/shard-000144.tar	2145320960
data/2026.7/shard-000145.tar	2146600960
data/2026.7/shard-000146.tar	2146887680
data/2026.7/shard-000147.tar	2147184640
data/2026.7/shard-000148.tar	2145781760
data/2026.7/shard-000149.tar	2146918400
data/2026.7/shard-000150.tar	2147102720
data/2026.7/shard-000151.tar	2147092480
data/2026.7/shard-000152.tar	2146344960
data/2026.7/shard-000153.tar	2145832960
data/2026.7/shard-000154.tar	2147215360
data/2026.7/shard-000155.tar	2146918400
data/2026.7/shard-000156.tar	2147389440
data/2026.7/shard-000157.tar	2145495040
data/2026.7/shard-000158.tar	2146652160
data/2026.7/shard-000159.tar	2146713600
data/2026.7/shard-000160.tar	2146150400
data/2026.7/shard-000161.tar	2146375680
data/2026.7/shard-000162.tar	2143580160
data/2026.7/shard-000163.tar	2146754560
data/2026.7/shard-000164.tar	2144133120
data/2026.7/shard-000165.tar	2147399680
data/2026.7/shard-000166.tar	2145853440
data/2026.7/shard-000167.tar	2144962560
data/2026.7/shard-000168.tar	2146539520
data/2026.7/shard-000169.tar	2147041280
data/2026.7/shard-000170.tar	2143498240
data/2026.7/shard-000171.tar	2147194880
data/2026.7/shard-000172.tar	2144409600
data/2026.7/shard-000173.tar	2147205120
data/2026.7/shard-000174.tar	2147297280
data/2026.7/shard-000175.tar	2147512320
data/2026.7/shard-000176.tar	2146488320
data/2026.7/shard-000177.tar	2146129920
data/2026.7/shard-000178.tar	2146979840
data/2026.7/shard-000179.tar	2147276800
data/2026.7/shard-000180.tar	2147645440
data/2026.7/shard-000181.tar	2146795520
data/2026.7/shard-000182.tar	2145034240
data/2026.7/shard-000183.tar	2147389440
data/2026.7/shard-000184.tar	2144286720
data/2026.7/shard-000185.tar	2147133440
data/2026.7/shard-000186.tar	2147235840
data/2026.7/shard-000187.tar	2147317760
data/2026.7/shard-000188.tar	2146406400
data/2026.7/shard-000189.tar	2147266560
data/2026.7/shard-000190.tar	2146928640
data/2026.7/shard-000191.tar	2146242560
data/2026.7/shard-000192.tar	2147624960
data/2026.7/shard-000193.tar	2146560000
data/2026.7/shard-000194.tar	2144655360
data/2026.7/shard-000195.tar	2146437120
data/2026.7/shard-000196.tar	2145126400
data/2026.7/shard-000197.tar	2144081920
data/2026.7/shard-000198.tar	2146611200
data/2026.7/shard-000199.tar	2145996800
data/2026.7/shard-000200.tar	2144501760
data/2026.7/shard-000201.tar	2147399680
data/2026.7/shard-000202.tar	2146283520
data/2026.7/shard-000203.tar	2146027520
data/2026.7/shard-000204.tar	2145873920
data/2026.7/shard-000205.tar	2146672640
data/2026.7/shard-000206.tar	2147143680
data/2026.7/shard-000207.tar	2147112960
data/2026.7/shard-000208.tar	2144143360
data/2026.7/shard-000209.tar	2147266560
data/2026.7/shard-000210.tar	2147194880
data/2026.7/shard-000211.tar	2146836480
data/2026.7/shard-000212.tar	2146068480
data/2026.7/shard-000213.tar	2143078400
data/2026.7/shard-000214.tar	2146826240
data/2026.7/shard-000215.tar	2147348480
data/2026.7/shard-000216.tar	2146631680
data/2026.7/shard-000217.tar	2147287040
data/2026.7/shard-000218.tar	2146580480
data/2026.7/shard-000219.tar	2147553280
data/2026.7/shard-000220.tar	2145863680
data/2026.7/shard-000221.tar	2146508800
data/2026.7/shard-000222.tar	2147389440
data/2026.7/shard-000223.tar	2147522560
data/2026.7/shard-000224.tar	2146846720
data/2026.7/shard-000225.tar	2147409920
data/2026.7/shard-000226.tar	2147430400
data/2026.7/shard-000227.tar	2147430400
data/2026.7/shard-000228.tar	2147317760
data/2026.7/shard-000229.tar	2145566720
data/2026.7/shard-000230.tar	2144235520
data/2026.7/shard-000231.tar	2145146880
data/2026.7/shard-000232.tar	2145351680
data/2026.7/shard-000233.tar	2146088960
data/2026.7/shard-000234.tar	2147614720
data/2026.7/shard-000235.tar	2144788480
data/2026.7/shard-000236.tar	2147164160
data/2026.7/shard-000237.tar	2146119680
data/2026.7/shard-000238.tar	2146437120
data/2026.7/shard-000239.tar	2145331200
data/2026.7/shard-000240.tar	2146826240
data/2026.7/shard-000241.tar	2144696320
data/2026.7/shard-000242.tar	2147491840
data/2026.7/shard-000243.tar	2146652160
data/2026.7/shard-000244.tar	2146007040
data/2026.7/shard-000245.tar	2147635200
data/2026.7/shard-000246.tar	2145863680
data/2026.7/shard-000247.tar	2147338240
data/2026.7/shard-000248.tar	2146068480
data/2026.7/shard-000249.tar	2147061760
data/2026.7/shard-000250.tar	2146897920
data/2026.7/shard-000251.tar	2145464320
data/2026.7/shard-000252.tar	2147481600
data/2026.7/shard-000253.tar	2147543040
data/2026.7/shard-000254.tar	2147604480
data/2026.7/shard-000255.tar	2147440640
data/2026.7/shard-000256.tar	2146385920
data/2026.7/shard-000257.tar	2145607680
data/2026.7/shard-000258.tar	2144194560
data/2026.7/shard-000259.tar	2145863680
data/2026.7/shard-000260.tar	2144583680
data/2026.7/shard-000261.tar	2146928640
data/2026.7/shard-000262.tar	2146007040
data/2026.7/shard-000263.tar	2147000320
data/2026.7/shard-000264.tar	2146150400
data/2026.7/shard-000265.tar	2145280000
data/2026.7/shard-000266.tar	2145515520
data/2026.7/shard-000267.tar	2147082240
data/2026.7/shard-000268.tar	2147502080
data/2026.7/shard-000269.tar	2144757760
data/2026.7/shard-000270.tar	2147000320
data/2026.7/shard-000271.tar	2146723840
data/2026.7/shard-000272.tar	2146150400
data/2026.7/shard-000273.tar	2147225600
data/2026.7/shard-000274.tar	2147584000
data/2026.7/shard-000275.tar	2144215040
data/2026.7/shard-000276.tar	2146447360
data/2026.7/shard-000277.tar	2147573760
data/2026.7/shard-000278.tar	2145986560
data/2026.7/shard-000279.tar	2145454080
data/2026.7/shard-000280.tar	2146437120
data/2026.7/shard-000281.tar	2147051520
data/2026.7/shard-000282.tar	2145648640
data/2026.7/shard-000283.tar	2147635200
data/2026.7/shard-000284.tar	2147000320
data/2026.7/shard-000285.tar	2143457280
data/2026.7/shard-000286.tar	2147328000
data/2026.7/shard-000287.tar	2147348480
data/2026.7/shard-000288.tar	2145484800
data/2026.7/shard-000289.tar	2147624960
data/2026.7/shard-000290.tar	2146560000
data/2026.7/shard-000291.tar	2145474560
data/2026.7/shard-000292.tar	2146406400
data/2026.7/shard-000293.tar	2146805760
data/2026.7/shard-000294.tar	2141552640
data/2026.7/shard-000295.tar	2147584000
data/2026.7/shard-000296.tar	2146949120
data/2026.7/shard-000297.tar	2146979840
data/2026.7/shard-000298.tar	2147471360
data/2026.7/shard-000299.tar	2147287040
data/2026.7/shard-000300.tar	2146508800
data/2026.7/shard-000301.tar	2147164160
data/2026.7/shard-000302.tar	2146355200
data/2026.7/shard-000303.tar	2145699840
data/2026.7/shard-000304.tar	2146037760
data/2026.7/shard-000305.tar	2145966080
data/2026.7/shard-000306.tar	2146467840
data/2026.7/shard-000307.tar	2147020800
data/2026.7/shard-000308.tar	2146764800
data/2026.7/shard-000309.tar	2141624320
data/2026.7/shard-000310.tar	2147635200
data/2026.7/shard-000311.tar	2146406400
data/2026.7/shard-000312.tar	2145566720
data/2026.7/shard-000313.tar	2147072000
data/2026.7/shard-000314.tar	2147020800
data/2026.7/shard-000315.tar	2145976320
data/2026.7/shard-000316.tar	2147205120
data/2026.7/shard-000317.tar	2145751040
data/2026.7/shard-000318.tar	2146078720
data/2026.7/shard-000319.tar	2147082240
data/2026.7/shard-000320.tar	2147358720
data/2026.7/shard-000321.tar	2145044480
data/2026.7/shard-000322.tar	2145996800
data/2026.7/shard-000323.tar	2145781760
data/2026.7/shard-000324.tar	2146938880
data/2026.7/shard-000325.tar	2146191360
data/2026.7/shard-000326.tar	2146017280
data/2026.7/shard-000327.tar	2146549760
data/2026.7/shard-000328.tar	2147297280
data/2026.7/shard-000329.tar	2147461120
data/2026.7/shard-000330.tar	2146334720
data/2026.7/shard-000331.tar	2144829440
data/2026.7/shard-000332.tar	2145996800
data/2026.7/shard-000333.tar	2147307520
data/2026.7/shard-000334.tar	2146682880
data/2026.7/shard-000335.tar	2143989760
data/2026.7/shard-000336.tar	2144716800
data/2026.7/shard-000337.tar	2147543040
data/2026.7/shard-000338.tar	2145454080
data/2026.7/shard-000339.tar	2147010560
data/2026.7/shard-000340.tar	2145587200
data/2026.7/shard-000341.tar	2147512320
data/2026.7/shard-000342.tar	2147461120
data/2026.7/shard-000343.tar	2147061760
data/2026.7/shard-000344.tar	2146344960
data/2026.7/shard-000345.tar	2146836480
data/2026.7/shard-000346.tar	2146754560
data/2026.7/shard-000347.tar	2147348480
data/2026.7/shard-000348.tar	2145587200
data/2026.7/shard-000349.tar	2146416640
data/2026.7/shard-000350.tar	2147041280
data/2026.7/shard-000351.tar	2147072000
data/2026.7/shard-000352.tar	2144122880
data/2026.7/shard-000353.tar	2145740800
data/2026.7/shard-000354.tar	2147522560
data/2026.7/shard-000355.tar	2144348160
data/2026.7/shard-000356.tar	2147082240
data/2026.7/shard-000357.tar	2146048000
data/2026.7/shard-000358.tar	2147594240
data/2026.7/shard-000359.tar	2146938880
data/2026.7/shard-000360.tar	2147041280
data/2026.7/shard-000361.tar	2146990080
data/2026.7/shard-000362.tar	2142208000
data/2026.7/shard-000363.tar	2147246080
data/2026.7/shard-000364.tar	2147543040
data/2026.7/shard-000365.tar	2147543040
data/2026.7/shard-000366.tar	2146846720
data/2026.7/shard-000367.tar	2145556480
data/2026.7/shard-000368.tar	2146816000
data/2026.7/shard-000369.tar	2146887680
data/2026.7/shard-000370.tar	2147307520
data/2026.7/shard-000371.tar	2147614720
data/2026.7/shard-000372.tar	2147706880
data/2026.7/shard-000373.tar	2144737280
data/2026.7/shard-000374.tar	2143907840
data/2026.7/shard-000375.tar	2146211840
data/2026.7/shard-000376.tar	2145751040
data/2026.7/shard-000377.tar	2145464320
data/2026.7/shard-000378.tar	2147502080
data/2026.7/shard-000379.tar	2146877440
data/2026.7/shard-000380.tar	2147389440
data/2026.7/shard-000381.tar	2147624960
data/2026.7/shard-000382.tar	2147072000
data/2026.7/shard-000383.tar	2146027520
data/2_2026.1/shard-000000.tar	2143395840
data/2_2026.1/shard-000001.tar	2143088640
data/2_2026.1/shard-000002.tar	2146365440
data/2_2026.1/shard-000003.tar	2145628160
data/2_2026.1/shard-000004.tar	2132766720
data/2_2026.1/shard-000005.tar	2142638080
data/2_2026.1/shard-000006.tar	2144307200
data/2_2026.1/shard-000007.tar	2145546240
data/2_2026.1/shard-000008.tar	2146201600
data/2_2026.1/shard-000009.tar	2147481600
data/2_2026.1/shard-000010.tar	2132275200
data/2_2026.1/shard-000011.tar	2142464000
data/2_2026.1/shard-000012.tar	2147563520
data/2_2026.1/shard-000013.tar	2130831360
data/2_2026.1/shard-000014.tar	2144378880
data/2_2026.1/shard-000015.tar	2146560000
data/2_2026.1/shard-000016.tar	2146908160
data/2_2026.1/shard-000017.tar	2142791680
data/2_2026.1/shard-000018.tar	2145177600
data/2_2026.1/shard-000019.tar	2144860160
data/2_2026.1/shard-000020.tar	2147450880
data/2_2026.1/shard-000021.tar	2145884160
data/2_2026.1/shard-000022.tar	2147194880
data/2_2026.1/shard-000023.tar	2132449280
data/2_2026.1/shard-000024.tar	2147440640
data/2_2026.1/shard-000025.tar	2146222080
data/2_2026.1/shard-000026.tar	2144788480
data/2_2026.1/shard-000027.tar	2146662400
data/2_2026.1/shard-000028.tar	2137262080
data/2_2026.1/shard-000029.tar	2147430400
data/2_2026.1/shard-000030.tar	2139566080
data/2_2026.1/shard-000031.tar	2143969280
data/2_2026.1/shard-000032.tar	2145802240
data/2_2026.1/shard-000033.tar	2144286720
data/2_2026.1/shard-000034.tar	2147348480
data/2_2026.1/shard-000035.tar	2147143680
data/2_2026.1/shard-000036.tar	2146252800
data/2_2026.1/shard-000037.tar	2145576960
data/2_2026.1/shard-000038.tar	2144604160
data/2_2026.1/shard-000039.tar	2133934080
data/2_2026.1/shard-000040.tar	2146109440
data/2_2026.1/shard-000041.tar	2147194880
data/2_2026.1/shard-000042.tar	2146570240
data/2_2026.1/shard-000043.tar	2147584000
data/2_2026.1/shard-000044.tar	2136698880
data/2_2026.1/shard-000045.tar	2146334720
data/2_2026.1/shard-000046.tar	2146519040
data/2_2026.1/shard-000047.tar	2146078720
data/2_2026.1/shard-000048.tar	2136401920
data/2_2026.1/shard-000049.tar	2143252480
data/2_2026.1/shard-000050.tar	2072586240
data/2_2026.1/shard-000051.tar	2143631360
data/2_2026.1/shard-000052.tar	2144604160
data/2_2026.1/shard-000053.tar	2141071360
data/2_2026.1/shard-000054.tar	2135818240
data/2_2026.1/shard-000055.tar	2147153920
data/2_2026.1/shard-000056.tar	2146703360
data/2_2026.1/shard-000057.tar	2146385920
data/2_2026.1/shard-000058.tar	2147328000
data/2_2026.1/shard-000059.tar	2147594240
data/2_2026.1/shard-000060.tar	2145689600
data/2_2026.1/shard-000061.tar	2143242240
data/2_2026.1/shard-000062.tar	2147471360
data/2_2026.1/shard-000063.tar	2146058240
data/2_2026.1/shard-000064.tar	2130176000
data/2_2026.1/shard-000065.tar	2144942080
data/2_2026.1/shard-000066.tar	2146805760
data/2_2026.1/shard-000067.tar	2147102720
data/2_2026.1/shard-000068.tar	2147338240
data/2_2026.1/shard-000069.tar	2146416640
data/2_2026.1/shard-000070.tar	2147338240
data/2_2026.1/shard-000071.tar	2146744320
data/2_2026.1/shard-000072.tar	2145925120
data/2_2026.1/shard-000073.tar	2146836480
data/2_2026.1/shard-000074.tar	2144655360
data/2_2026.1/shard-000075.tar	2130073600
data/2_2026.1/shard-000076.tar	2135255040
data/2_2026.1/shard-000077.tar	2145126400
data/2_2026.1/shard-000078.tar	2147092480
data/2_2026.1/shard-000079.tar	2144276480
data/2_2026.1/shard-000080.tar	2131363840
data/2_2026.1/shard-000081.tar	2147532800
data/2_2026.1/shard-000082.tar	2147614720
data/2_2026.1/shard-000083.tar	2145280000
data/2_2026.1/shard-000084.tar	2137169920
data/2_2026.1/shard-000085.tar	2145792000
data/2_2026.1/shard-000086.tar	2145054720
data/2_2026.1/shard-000087.tar	2143569920
data/2_2026.1/shard-000088.tar	2144645120
data/2_2026.1/shard-000089.tar	2146795520
data/2_2026.1/shard-000090.tar	2144583680
data/2_2026.1/shard-000091.tar	2147184640
data/2_2026.1/shard-000092.tar	2145914880
data/2_2026.1/shard-000093.tar	2146959360
data/2_2026.1/shard-000094.tar	2144071680
data/2_2026.1/shard-000095.tar	2146908160
data/2_2026.1/shard-000096.tar	2139494400
data/2_2026.1/shard-000097.tar	2141890560
data/2_2026.1/shard-000098.tar	2147573760
data/2_2026.1/shard-000099.tar	2125639680
data/2_2026.1/shard-000100.tar	2145761280
data/2_2026.1/shard-000101.tar	2146416640
data/2_2026.1/shard-000102.tar	2144409600
data/2_2026.1/shard-000103.tar	2138552320
data/2_2026.1/shard-000104.tar	2144829440
data/2_2026.1/shard-000105.tar	2141818880
data/2_2026.1/shard-000106.tar	2145249280
data/2_2026.1/shard-000107.tar	2140303360
data/2_2026.1/shard-000108.tar	2147000320
data/2_2026.1/shard-000109.tar	2142709760
data/2_2026.1/shard-000110.tar	2146744320
data/2_2026.1/shard-000111.tar	2140334080
data/2_2026.1/shard-000112.tar	2144542720
data/2_2026.1/shard-000113.tar	2146887680
data/2_2026.1/shard-000114.tar	2147553280
data/2_2026.1/shard-000115.tar	2142658560
data/2_2026.1/shard-000116.tar	2145024000
data/2_2026.1/shard-000117.tar	2146887680
data/2_2026.1/shard-000118.tar	2146775040
data/2_2026.1/shard-000119.tar	2142218240
data/2_2026.1/shard-000120.tar	2141460480
data/2_2026.1/shard-000121.tar	2142238720
data/2_2026.1/shard-000122.tar	2147194880
data/2_2026.1/shard-000123.tar	2136053760
data/2_2026.1/shard-000124.tar	2146191360
data/2_2026.1/shard-000125.tar	2147153920
data/2_2026.1/shard-000126.tar	2147112960
data/2_2026.1/shard-000127.tar	2144491520
data/2_2026.1/shard-000128.tar	2128619520
data/2_2026.1/shard-000129.tar	2139248640
data/2_2026.1/shard-000130.tar	2147584000
data/2_2026.1/shard-000131.tar	2141952000
data/2_2026.1/shard-000132.tar	2144788480
data/2_2026.1/shard-000133.tar	2136401920
data/2_2026.1/shard-000134.tar	2142126080
data/2_2026.1/shard-000135.tar	2130360320
data/2_2026.1/shard-000136.tar	2146170880
data/2_2026.1/shard-000137.tar	2146713600
data/2_2026.1/shard-000138.tar	2147235840
data/2_2026.1/shard-000139.tar	2147379200
data/2_2026.1/shard-000140.tar	2147092480
data/2_2026.1/shard-000141.tar	2142965760
data/2_2026.1/shard-000142.tar	2147266560
data/2_2026.1/shard-000143.tar	2146713600
data/2_2026.1/shard-000144.tar	2145679360
data/2_2026.1/shard-000145.tar	2147194880
data/2_2026.1/shard-000146.tar	2145617920
data/2_2026.1/shard-000147.tar	2146314240
data/2_2026.1/shard-000148.tar	2146109440
data/2_2026.1/shard-000149.tar	2141163520
data/2_2026.1/shard-000150.tar	2145402880
data/2_2026.1/shard-000151.tar	2146068480
data/2_2026.1/shard-000152.tar	2142740480
data/2_2026.1/shard-000153.tar	2139883520
data/2_2026.1/shard-000154.tar	2136432640
data/2_2026.1/shard-000155.tar	2146170880
data/2_2026.1/shard-000156.tar	2146621440
data/2_2026.1/shard-000157.tar	2146600960
data/2_2026.1/shard-000158.tar	2132961280
data/2_2026.1/shard-000159.tar	2147020800
data/2_2026.1/shard-000160.tar	2145413120
data/2_2026.1/shard-000161.tar	2145710080
data/2_2026.1/shard-000162.tar	2141306880
data/2_2026.1/shard-000163.tar	2147430400
data/2_2026.1/shard-000164.tar	2146222080
data/2_2026.1/shard-000165.tar	2146375680
data/2_2026.1/shard-000166.tar	2144491520
data/2_2026.1/shard-000167.tar	2146283520
data/2_2026.1/shard-000168.tar	2145443840
data/2_2026.1/shard-000169.tar	2145863680
data/2_2026.1/shard-000170.tar	2140078080
data/2_2026.1/shard-000171.tar	2138019840
data/2_2026.1/shard-000172.tar	2143662080
data/2_2026.1/shard-000173.tar	2145597440
data/2_2026.1/shard-000174.tar	2142269440
data/2_2026.1/shard-000175.tar	2143918080
data/2_2026.1/shard-000176.tar	2147379200
data/2_2026.1/shard-000177.tar	2141603840
data/2_2026.1/shard-000178.tar	2138572800
data/2_2026.1/shard-000179.tar	2143774720
data/2_2026.1/shard-000180.tar	2146467840
data/2_2026.1/shard-000181.tar	2136299520
data/2_2026.1/shard-000182.tar	2146723840
data/2_2026.1/shard-000183.tar	2147184640
data/2_2026.1/shard-000184.tar	2147112960
data/2_2026.1/shard-000185.tar	2145177600
data/2_2026.1/shard-000186.tar	2136954880
data/2_2026.1/shard-000187.tar	2146437120
data/2_2026.1/shard-000188.tar	2147041280
data/2_2026.1/shard-000189.tar	2146170880
data/2_2026.1/shard-000190.tar	2145536000
data/2_2026.1/shard-000191.tar	2146887680
data/2_2026.1/shard-000192.tar	2147553280
data/2_2026.1/shard-000193.tar	2146949120
data/2_2026.1/shard-000194.tar	2147194880
data/2_2026.1/shard-000195.tar	2145433600
data/2_2026.1/shard-000196.tar	2130841600
data/2_2026.1/shard-000197.tar	2143928320
data/2_2026.1/shard-000198.tar	2145587200
data/2_2026.1/shard-000199.tar	2147409920
data/2_2026.1/shard-000200.tar	2146170880
data/2_2026.1/shard-000201.tar	2146314240
data/2_2026.1/shard-000202.tar	2145863680
data/2_2026.1/shard-000203.tar	2145177600
data/2_2026.1/shard-000204.tar	2141030400
data/2_2026.1/shard-000205.tar	2130923520
data/2_2026.1/shard-000206.tar	2142095360
data/2_2026.1/shard-000207.tar	2139678720
data/2_2026.1/shard-000208.tar	2147389440
data/2_2026.1/shard-000209.tar	2147573760
data/2_2026.1/shard-000210.tar	2143006720
data/2_2026.1/shard-000211.tar	2147184640
data/2_2026.1/shard-000212.tar	2147123200
data/2_2026.1/shard-000213.tar	2145638400
data/2_2026.1/shard-000214.tar	2145361920
data/2_2026.1/shard-000215.tar	2129510400
data/2_2026.1/shard-000216.tar	2147461120
data/2_2026.1/shard-000217.tar	2141081600
data/2_2026.1/shard-000218.tar	2143057920
data/2_2026.1/shard-000219.tar	2140887040
data/2_2026.1/shard-000220.tar	2146641920
data/2_2026.1/shard-000221.tar	2145986560
data/2_2026.1/shard-000222.tar	2147317760
data/2_2026.1/shard-000223.tar	2142986240
data/2_2026.1/shard-000224.tar	2146396160
data/2_2026.1/shard-000225.tar	2147543040
data/2_2026.1/shard-000226.tar	2147358720
data/2_2026.1/shard-000227.tar	2145730560
data/2_2026.1/shard-000228.tar	2133452800
data/2_2026.1/shard-000229.tar	2147307520
data/2_2026.1/shard-000230.tar	2143969280
data/2_2026.1/shard-000231.tar	2147112960
data/2_2026.1/shard-000232.tar	2146058240
data/2_2026.1/shard-000233.tar	2143825920
data/2_2026.1/shard-000234.tar	2146723840
data/2_2026.1/shard-000235.tar	2147123200
data/2_2026.1/shard-000236.tar	2147317760
data/2_2026.1/shard-000237.tar	2145730560
data/2_2026.1/shard-000238.tar	2145167360
data/2_2026.1/shard-000239.tar	2147368960
data/2_2026.1/shard-000240.tar	2147430400
data/2_2026.1/shard-000241.tar	2146017280
data/2_2026.1/shard-000242.tar	2144266240
data/2_2026.1/shard-000243.tar	2146150400
data/2_2026.1/shard-000244.tar	2118584320
data/2_2026.1/shard-000245.tar	2144419840
data/2_2026.1/shard-000246.tar	2140968960
data/2_2026.1/shard-000247.tar	2143989760
data/2_2026.1/shard-000248.tar	2138552320
data/2_2026.1/shard-000249.tar	2146273280
data/2_2026.1/shard-000250.tar	2145423360
data/2_2026.1/shard-000251.tar	2145105920
data/2_2026.1/shard-000252.tar	2145812480
data/2_2026.1/shard-000253.tar	2146119680
data/2_2026.1/shard-000254.tar	2146344960
data/2_2026.1/shard-000255.tar	2137415680
data/2_2026.1/shard-000256.tar	2139238400
data/2_2026.1/shard-000257.tar	2147123200
data/2_2026.1/shard-000258.tar	2146304000
data/2_2026.1/shard-000259.tar	2146416640
data/2_2026.1/shard-000260.tar	2139176960
data/2_2026.1/shard-000261.tar	2147031040
data/2_2026.1/shard-000262.tar	2146242560
data/2_2026.1/shard-000263.tar	2144460800
data/2_2026.1/shard-000264.tar	2141388800
data/2_2026.1/shard-000265.tar	2141020160
data/2_2026.1/shard-000266.tar	2140037120
data/2_2026.1/shard-000267.tar	2144808960
data/2_2026.1/shard-000268.tar	2139555840
data/2_2026.1/shard-000269.tar	2144081920
data/2_2026.1/shard-000270.tar	2147051520
data/2_2026.1/shard-000271.tar	2147543040
data/2_2026.1/shard-000272.tar	2144235520
data/2_2026.1/shard-000273.tar	2147512320
data/2_2026.1/shard-000274.tar	2147092480
data/2_2026.1/shard-000275.tar	2141931520
data/2_2026.1/shard-000276.tar	2147481600
data/2_2026.1/shard-000277.tar	2147389440
data/2_2026.1/shard-000278.tar	2146181120
data/2_2026.1/shard-000279.tar	2142566400
data/2_2026.1/shard-000280.tar	2146795520
data/2_2026.1/shard-000281.tar	2139197440
data/2_2026.1/shard-000282.tar	2142464000
data/2_2026.1/shard-000283.tar	2141081600
data/2_2026.1/shard-000284.tar	2145464320
data/2_2026.1/shard-000285.tar	2145085440
data/2_2026.1/shard-000286.tar	2144624640
data/2_2026.1/shard-000287.tar	2145525760
data/2_2026.1/shard-000288.tar	2139842560
data/2_2026.1/shard-000289.tar	2145904640
data/2_2026.1/shard-000290.tar	2147594240
data/2_2026.1/shard-000291.tar	2145249280
data/2_2026.1/shard-000292.tar	2141470720
data/2_2026.1/shard-000293.tar	2141757440
data/2_2026.1/shard-000294.tar	2141409280
data/2_2026.1/shard-000295.tar	2136606720
data/2_2026.1/shard-000296.tar	2139115520
data/2_2026.1/shard-000297.tar	2147061760
data/2_2026.1/shard-000298.tar	2144942080
data/2_2026.1/shard-000299.tar	2146990080
data/2_2026.1/shard-000300.tar	2139719680
data/2_2026.1/shard-000301.tar	2146621440
data/2_2026.1/shard-000302.tar	2139432960
data/2_2026.1/shard-000303.tar	2146846720
data/2_2026.1/shard-000304.tar	2137384960
data/2_2026.1/shard-000305.tar	2132817920
data/2_2026.1/shard-000306.tar	2141808640
data/2_2026.1/shard-000307.tar	2146928640
data/2_2026.1/shard-000308.tar	2140487680
data/2_2026.1/shard-000309.tar	2145054720
data/2_2026.1/shard-000310.tar	2142771200
data/2_2026.1/shard-000311.tar	2146293760
data/2_2026.1/shard-000312.tar	2147491840
data/2_2026.1/shard-000313.tar	2141368320
data/2_2026.1/shard-000314.tar	2146990080
data/2_2026.1/shard-000315.tar	2143119360
data/2_2026.1/shard-000316.tar	2131415040
data/2_2026.1/shard-000317.tar	2147317760
data/2_2026.1/shard-000318.tar	2145925120
data/2_2026.1/shard-000319.tar	2147184640
data/2_2026.1/shard-000320.tar	2147461120
data/2_2026.1/shard-000321.tar	2140221440
data/2_2026.1/shard-000322.tar	2145392640
data/2_2026.1/shard-000323.tar	2147420160
data/2_2026.1/shard-000324.tar	2147184640
data/2_2026.1/shard-000325.tar	2144849920
data/2_2026.1/shard-000326.tar	2143549440
data/2_2026.1/shard-000327.tar	2138040320
data/2_2026.1/shard-000328.tar	2127196160
data/2_2026.1/shard-000329.tar	2142607360
data/2_2026.1/shard-000330.tar	2147031040
data/2_2026.1/shard-000331.tar	2147041280
data/2_2026.1/shard-000332.tar	2142443520
data/2_2026.1/shard-000333.tar	2144440320
data/2_2026.1/shard-000334.tar	2146959360
data/2_2026.1/shard-000335.tar	2146498560
data/2_2026.1/shard-000336.tar	2143436800
data/2_2026.1/shard-000337.tar	2146662400
data/2_2026.1/shard-000338.tar	2147102720
data/2_2026.1/shard-000339.tar	2141931520
data/2_2026.1/shard-000340.tar	2145986560
data/2_2026.1/shard-000341.tar	2143160320
data/2_2026.1/shard-000342.tar	2146242560
data/2_2026.1/shard-000343.tar	2145720320
data/2_2026.1/shard-000344.tar	2142586880
data/2_2026.1/shard-000345.tar	2147573760
data/2_2026.1/shard-000346.tar	2135367680
data/2_2026.1/shard-000347.tar	2146140160
data/2_2026.1/shard-000348.tar	2146969600
data/2_2026.1/shard-000349.tar	2136883200
data/2_2026.1/shard-000350.tar	2146058240
data/2_2026.1/shard-000351.tar	2147379200
data/2_2026.1/shard-000352.tar	2147297280
data/2_2026.1/shard-000353.tar	2142044160
data/2_2026.1/shard-000354.tar	2144563200
data/2_2026.1/shard-000355.tar	2138152960
data/2_2026.1/shard-000356.tar	2133555200
data/2_2026.1/shard-000357.tar	2145556480
data/2_2026.1/shard-000358.tar	2128107520
data/2_2026.1/shard-000359.tar	2147297280
data/2_2026.1/shard-000360.tar	2145034240
data/2_2026.1/shard-000361.tar	2144184320
data/2_2026.1/shard-000362.tar	2146078720
data/2_2026.1/shard-000363.tar	2146539520
data/2_2026.1/shard-000364.tar	2146263040
data/2_2026.1/shard-000365.tar	2147553280
data/2_2026.1/shard-000366.tar	2139412480
data/2_2026.1/shard-000367.tar	2147205120
data/2_2026.1/shard-000368.tar	2145198080
data/2_2026.1/shard-000369.tar	2139740160
data/2_2026.1/shard-000370.tar	2142607360
data/2_2026.1/shard-000371.tar	2145935360
data/2_2026.1/shard-000372.tar	2146969600
data/2_2026.1/shard-000373.tar	2146611200
data/2_2026.1/shard-000374.tar	2146078720
data/2_2026.1/shard-000375.tar	2146437120
data/2_2026.1/shard-000376.tar	2143385600
data/2_2026.1/shard-000377.tar	2142607360
data/2_2026.1/shard-000378.tar	2141224960
data/2_2026.1/shard-000379.tar	2136360960
data/2_2026.1/shard-000380.tar	2147041280
data/2_2026.1/shard-000381.tar	2146324480
data/2_2026.1/shard-000382.tar	2147522560
data/2_2026.1/shard-000383.tar	2144890880
data/2_2026.1/shard-000384.tar	2147317760
data/2_2026.1/shard-000385.tar	2146078720
data/2_2026.1/shard-000386.tar	2147297280
data/2_2026.1/shard-000387.tar	2147000320
data/2_2026.1/shard-000388.tar	2142167040
data/2_2026.1/shard-000389.tar	2139095040
data/2_2026.1/shard-000390.tar	2142914560
data/2_2026.1/shard-000391.tar	2134896640
data/2_2026.1/shard-000392.tar	2144890880
data/2_2026.1/shard-000393.tar	2146826240
data/2_2026.1/shard-000394.tar	2146631680
data/2_2026.1/shard-000395.tar	2135224320
data/2_2026.1/shard-000396.tar	2145054720
data/2_2026.1/shard-000397.tar	2143354880
data/2_2026.1/shard-000398.tar	2147532800
data/2_2026.1/shard-000399.tar	2144225280
data/2_2026.1/shard-000400.tar	2141327360
data/2_2026.1/shard-000401.tar	2147072000
data/2_2026.1/shard-000402.tar	2147276800
data/2_2026.1/shard-000403.tar	2145720320
data/2_2026.1/shard-000404.tar	2146447360
data/2_2026.1/shard-000405.tar	2140016640
data/2_2026.1/shard-000406.tar	2145505280
data/2_2026.1/shard-000407.tar	2140692480
data/2_2026.1/shard-000408.tar	2141962240
data/2_2026.1/shard-000409.tar	2144471040
data/2_2026.1/shard-000410.tar	2145617920
data/2_2026.1/shard-000411.tar	2146949120
data/2_2026.1/shard-000412.tar	2146324480
data/2_2026.1/shard-000413.tar	2143139840
data/2_2026.1/shard-000414.tar	2141808640
data/2_2026.1/shard-000415.tar	2146600960
data/2_2026.1/shard-000416.tar	2147614720
data/2_2026.1/shard-000417.tar	2145884160
data/2_2026.1/shard-000418.tar	2147317760
data/2_2026.1/shard-000419.tar	2144235520
data/2_2026.1/shard-000420.tar	2146908160
data/2_2026.1/shard-000421.tar	2144030720
data/2_2026.1/shard-000422.tar	2146263040
data/2_2026.1/shard-000423.tar	2147153920
data/2_2026.1/shard-000424.tar	2147543040
data/2_2026.1/shard-000425.tar	2147348480
data/2_2026.1/shard-000426.tar	2143068160
data/2_2026.1/shard-000427.tar	2143610880
data/2_2026.1/shard-000428.tar	2146355200
data/2_2026.1/shard-000429.tar	2146631680
data/2_2026.1/shard-000430.tar	2144727040
data/2_2026.1/shard-000431.tar	2147256320
data/2_2026.1/shard-000432.tar	2143354880
data/2_2026.1/shard-000433.tar	2144665600
data/2_2026.1/shard-000434.tar	2143191040
data/2_2026.1/shard-000435.tar	2142883840
data/2_2026.1/shard-000436.tar	2146734080
data/2_2026.1/shard-000437.tar	2128660480
data/2_2026.1/shard-000438.tar	2147430400
data/2_2026.1/shard-000439.tar	2141020160
data/2_2026.1/shard-000440.tar	2146549760
data/2_2026.1/shard-000441.tar	2140538880
data/2_2026.1/shard-000442.tar	2140846080
data/2_2026.1/shard-000443.tar	2145146880
data/2_2026.1/shard-000444.tar	2147563520
data/2_2026.1/shard-000445.tar	2145484800
data/2_2026.1/shard-000446.tar	2143682560
data/2_2026.1/shard-000447.tar	2140497920
data/2_2026.1/shard-000448.tar	2147430400
data/2_2026.1/shard-000449.tar	2144327680
data/2_2026.1/shard-000450.tar	2147553280
data/2_2026.1/shard-000451.tar	2146539520
data/2_2026.1/shard-000452.tar	2144174080
data/2_2026.1/shard-000453.tar	2145187840
data/2_2026.1/shard-000454.tar	2142289920
data/2_2026.1/shard-000455.tar	2144839680
data/2_2026.1/shard-000456.tar	2146099200
data/2_2026.1/shard-000457.tar	2144839680
data/2_2026.1/shard-000458.tar	2144675840
data/2_2026.1/shard-000459.tar	2147051520
data/2_2026.1/shard-000460.tar	2136012800
data/2_2026.1/shard-000461.tar	2126837760
data/2_2026.1/shard-000462.tar	2139064320
data/2_2026.1/shard-000463.tar	2126202880
data/2_2026.1/shard-000464.tar	2142689280
data/2_2026.1/shard-000465.tar	2146652160
data/2_2026.1/shard-000466.tar	2145566720
data/2_2026.1/shard-000467.tar	2146611200
data/2_2026.1/shard-000468.tar	2146252800
data/2_2026.1/shard-000469.tar	2146846720
data/2_2026.1/shard-000470.tar	2142279680
data/2_2026.1/shard-000471.tar	2113689600
data/2_2026.1/shard-000472.tar	2146990080
data/2_2026.1/shard-000473.tar	2139627520
data/2_2026.1/shard-000474.tar	2125957120
data/2_2026.1/shard-000475.tar	2146467840
data/2_2026.1/shard-000476.tar	2143426560
data/2_2026.1/shard-000477.tar	2140282880
data/2_2026.1/shard-000478.tar	2146140160
data/2_2026.1/shard-000479.tar	2142832640
data/2_2026.1/shard-000480.tar	2146385920
data/2_2026.1/shard-000481.tar	2144112640
data/2_2026.1/shard-000482.tar	2147133440
data/2_2026.1/shard-000483.tar	2143672320
data/2_2026.1/shard-000484.tar	2136647680
data/2_2026.1/shard-000485.tar	2147184640
data/2_2026.1/shard-000486.tar	2134599680
data/2_2026.1/shard-000487.tar	2147379200
data/2_2026.1/shard-000488.tar	2142648320
data/2_2026.1/shard-000489.tar	2141921280
data/2_2026.1/shard-000490.tar	2146252800
data/2_2026.1/shard-000491.tar	2135193600
data/2_2026.1/shard-000492.tar	2145669120
data/2_2026.1/shard-000493.tar	2146027520
data/2_2026.1/shard-000494.tar	2138849280
data/2_2026.1/shard-000495.tar	2147297280
data/2_2026.1/shard-000496.tar	2142617600
data/2_2026.1/shard-000497.tar	2147174400
data/2_2026.1/shard-000498.tar	2139668480
data/2_2026.1/shard-000499.tar	2147594240
data/2_2026.1/shard-000500.tar	2127001600
data/2_2026.1/shard-000501.tar	2146928640
data/2_2026.1/shard-000502.tar	2136729600
data/2_2026.1/shard-000503.tar	2147512320
data/2_2026.1/shard-000504.tar	2144460800
data/2_2026.1/shard-000505.tar	2142136320
data/2_2026.1/shard-000506.tar	2147502080
data/2_2026.1/shard-000507.tar	2146580480
data/2_2026.1/shard-000508.tar	2146949120
data/2_2026.1/shard-000509.tar	2145464320
data/2_2026.1/shard-000510.tar	2142044160
data/2_2026.1/shard-000511.tar	2144727040
data/2_2026.1/shard-000512.tar	2147522560
data/2_2026.1/shard-000513.tar	2145331200
data/2_2026.1/shard-000514.tar	2147614720
data/2_2026.1/shard-000515.tar	2144286720
data/2_2026.1/shard-000516.tar	1946081280
data/artstation-2D/a2_filter_shard-000000.tar	24043520
data/artstation-2D/a2_filter_shard-000001.tar	2147481600
data/artstation-2D/a2_filter_shard-000002.tar	2147010560
data/artstation-2D/a2_filter_shard-000003.tar	2147164160
data/artstation-2D/a2_filter_shard-000004.tar	2146027520
data/artstation-2D/a2_filter_shard-000005.tar	2146826240
data/artstation-2D/a2_filter_shard-000006.tar	2147481600
data/artstation-2D/a2_filter_shard-000007.tar	2147430400
data/artstation-2D/a2_filter_shard-000008.tar	2147143680
data/artstation-2D/a2_filter_shard-000009.tar	2146631680
data/artstation-2D/a2_filter_shard-000010.tar	2147061760
data/artstation-2D/a2_filter_shard-000011.tar	2147338240
data/artstation-2D/a2_filter_shard-000012.tar	2146887680
data/artstation-2D/a2_filter_shard-000013.tar	2147297280
data/artstation-2D/a2_filter_shard-000014.tar	2147072000
data/artstation-2D/a2_filter_shard-000015.tar	2146908160
data/artstation-2D/a2_filter_shard-000016.tar	2147368960
data/artstation-2D/a2_filter_shard-000017.tar	2146723840
data/artstation-2D/a2_filter_shard-000018.tar	2146795520
data/artstation-2D/a2_filter_shard-000019.tar	2143938560
data/artstation-2D/a2_filter_shard-000020.tar	2145720320
data/artstation-2D/a2_filter_shard-000021.tar	2145761280
data/artstation-2D/a2_filter_shard-000022.tar	2146539520
data/artstation-2D/a2_filter_shard-000023.tar	2146846720
data/artstation-2D/a2_filter_shard-000024.tar	2145597440
data/artstation-2D/a2_filter_shard-000025.tar	2147338240
data/artstation-2D/a2_filter_shard-000026.tar	2147348480
data/artstation-2D/a2_filter_shard-000027.tar	2147420160
data/artstation-2D/a2_filter_shard-000028.tar	2146918400
data/artstation-2D/a2_filter_shard-000029.tar	2147133440
data/artstation-2D/a2_filter_shard-000030.tar	2147287040
data/artstation-2D/a2_filter_shard-000031.tar	2146846720
data/artstation-2D/a2_filter_shard-000032.tar	2147297280
data/artstation-2D/a2_filter_shard-000033.tar	2146549760
data/artstation-2D/a2_filter_shard-000034.tar	2145638400
data/artstation-2D/a2_filter_shard-000035.tar	2147256320
data/artstation-2D/a2_filter_shard-000036.tar	2146693120
data/artstation-2D/a2_filter_shard-000037.tar	2146795520
data/artstation-2D/a2_filter_shard-000038.tar	2147461120
data/artstation-2D/a2_filter_shard-000039.tar	2146938880
data/artstation-2D/a2_filter_shard-000040.tar	2146191360
data/artstation-2D/a2_filter_shard-000041.tar	2146252800
data/artstation-2D/a2_filter_shard-000042.tar	2147461120
data/artstation-2D/a2_filter_shard-000043.tar	2146078720
data/artstation-2D/a2_filter_shard-000044.tar	2147461120
data/artstation-2D/a2_filter_shard-000045.tar	2147307520
data/artstation-2D/a2_filter_shard-000046.tar	2147215360
data/artstation-2D/a2_filter_shard-000047.tar	2147297280
data/artstation-2D/a2_filter_shard-000048.tar	2146519040
data/artstation-2D/a2_filter_shard-000049.tar	2147338240
data/artstation-2D/a2_filter_shard-000050.tar	2146488320
data/artstation-2D/a2_filter_shard-000051.tar	2145566720
data/artstation-2D/a2_filter_shard-000052.tar	2147123200
data/artstation-2D/a2_filter_shard-000053.tar	2146693120
data/artstation-2D/a2_filter_shard-000054.tar	2141460480
data/artstation-2D/a2_filter_shard-000055.tar	2147379200
data/artstation-2D/a2_filter_shard-000056.tar	2146447360
data/artstation-2D/a2_filter_shard-000057.tar	2147266560
data/artstation-2D/a2_filter_shard-000058.tar	2146938880
data/artstation-2D/a2_filter_shard-000059.tar	2147133440
data/artstation-2D/a2_filter_shard-000060.tar	2146959360
data/artstation-2D/a2_filter_shard-000061.tar	2146560000
data/artstation-2D/a2_filter_shard-000062.tar	2145536000
data/artstation-2D/a2_filter_shard-000063.tar	2146129920
data/artstation-2D/a2_filter_shard-000064.tar	2146549760
data/artstation-2D/a2_filter_shard-000065.tar	2147072000
data/artstation-2D/a2_filter_shard-000066.tar	2147317760
data/artstation-2D/a2_filter_shard-000067.tar	2147092480
data/artstation-2D/a2_filter_shard-000068.tar	2146211840
data/artstation-2D/a2_filter_shard-000069.tar	2147092480
data/artstation-2D/a2_filter_shard-000070.tar	2146856960
data/artstation-2D/a2_filter_shard-000071.tar	2146959360
data/artstation-2D/a2_filter_shard-000072.tar	2146058240
data/artstation-2D/a2_filter_shard-000073.tar	2146703360
data/artstation-2D/a2_filter_shard-000074.tar	2146846720
data/artstation-2D/a2_filter_shard-000075.tar	2146560000
data/artstation-2D/a2_filter_shard-000076.tar	2146252800
data/artstation-2D/a2_filter_shard-000077.tar	2146887680
data/artstation-2D/a2_filter_shard-000078.tar	2146846720
data/artstation-2D/a2_filter_shard-000079.tar	2147430400
data/artstation-2D/a2_filter_shard-000080.tar	2147143680
data/artstation-2D/a2_filter_shard-000081.tar	2147317760
data/artstation-2D/a2_filter_shard-000082.tar	2147317760
data/artstation-2D/a2_filter_shard-000083.tar	2147481600
data/artstation-2D/a2_filter_shard-000084.tar	2146938880
data/artstation-2D/a2_filter_shard-000085.tar	2146928640
data/artstation-2D/a2_filter_shard-000086.tar	2146293760
data/artstation-2D/a2_filter_shard-000087.tar	2147450880
data/artstation-2D/a2_filter_shard-000088.tar	2147256320
data/artstation-2D/a2_filter_shard-000089.tar	2147399680
data/artstation-2D/a2_filter_shard-000090.tar	2147409920
data/artstation-2D/a2_filter_shard-000091.tar	2147246080
data/artstation-2D/a2_filter_shard-000092.tar	2147461120
data/artstation-2D/a2_filter_shard-000093.tar	2146529280
data/artstation-2D/a2_filter_shard-000094.tar	2146560000
data/artstation-2D/a2_filter_shard-000095.tar	2146734080
data/artstation-2D/a2_filter_shard-000096.tar	2147020800
data/artstation-2D/a2_filter_shard-000097.tar	2145884160
data/artstation-2D/a2_filter_shard-000098.tar	2146795520
data/artstation-2D/a2_filter_shard-000099.tar	2146723840
data/artstation-2D/a2_filter_shard-000100.tar	2147031040
data/artstation-2D/a2_filter_shard-000101.tar	2147041280
data/artstation-2D/a2_filter_shard-000102.tar	2146734080
data/artstation-2D/a2_filter_shard-000103.tar	2145955840
data/artstation-2D/a2_filter_shard-000104.tar	2147235840
data/artstation-2D/a2_filter_shard-000105.tar	2147246080
data/artstation-2D/a2_filter_shard-000106.tar	2146836480
data/artstation-2D/a2_filter_shard-000107.tar	2147092480
data/artstation-2D/a2_filter_shard-000108.tar	2147420160
data/artstation-2D/a2_filter_shard-000109.tar	2147000320
data/artstation-2D/a2_filter_shard-000110.tar	2147123200
data/artstation-2D/a2_filter_shard-000111.tar	2145597440
data/artstation-2D/a2_filter_shard-000112.tar	2147348480
data/artstation-2D/a2_filter_shard-000113.tar	2147010560
data/artstation-2D/a2_filter_shard-000114.tar	2146703360
data/artstation-2D/a2_filter_shard-000115.tar	2146744320
data/artstation-2D/a2_filter_shard-000116.tar	2147317760
data/artstation-2D/a2_filter_shard-000117.tar	2147471360
data/artstation-2D/a2_filter_shard-000118.tar	2147266560
data/artstation-2D/a2_filter_shard-000119.tar	2146467840
data/artstation-2D/a2_filter_shard-000120.tar	2146488320
data/artstation-2D/a2_filter_shard-000121.tar	2146826240
data/artstation-2D/a2_filter_shard-000122.tar	2146908160
data/artstation-2D/a2_filter_shard-000123.tar	2146703360
data/artstation-2D/a2_filter_shard-000124.tar	2147205120
data/artstation-2D/a2_filter_shard-000125.tar	2147153920
data/artstation-2D/a2_filter_shard-000126.tar	2147184640
data/artstation-2D/a2_filter_shard-000127.tar	2147297280
data/artstation-2D/a2_filter_shard-000128.tar	2147409920
data/artstation-2D/a2_filter_shard-000129.tar	2146877440
data/artstation-2D/a2_filter_shard-000130.tar	2147072000
data/artstation-2D/a2_filter_shard-000131.tar	2147020800
data/artstation-2D/a2_filter_shard-000132.tar	2146918400
data/artstation-2D/a2_filter_shard-000133.tar	2147287040
data/artstation-2D/a2_filter_shard-000134.tar	2147440640
data/artstation-2D/a2_filter_shard-000135.tar	2144655360
data/artstation-2D/a2_filter_shard-000136.tar	2147440640
data/artstation-2D/a2_filter_shard-000137.tar	2147256320
data/artstation-2D/a2_filter_shard-000138.tar	2147112960
data/artstation-2D/a2_filter_shard-000139.tar	2145433600
data/artstation-2D/a2_filter_shard-000140.tar	2146488320
data/artstation-2D/a2_filter_shard-000141.tar	2146600960
data/artstation-2D/a2_filter_shard-000142.tar	2147153920
data/artstation-2D/a2_filter_shard-000143.tar	2144512000
data/artstation-2D/a2_filter_shard-000144.tar	2146426880
data/artstation-2D/a2_filter_shard-000145.tar	2147133440
data/artstation-2D/a2_filter_shard-000146.tar	2145986560
data/artstation-2D/a2_filter_shard-000147.tar	2145566720
data/artstation-2D/a2_filter_shard-000148.tar	2146621440
data/artstation-2D/a2_filter_shard-000149.tar	2147409920
data/artstation-2D/a2_filter_shard-000150.tar	2147246080
data/artstation-2D/a2_filter_shard-000151.tar	2147450880
data/artstation-2D/a2_filter_shard-000152.tar	2147235840
data/artstation-2D/a2_filter_shard-000153.tar	2147450880
data/artstation-2D/a2_filter_shard-000154.tar	2147481600
data/artstation-2D/a2_filter_shard-000155.tar	2143375360
data/artstation-2D/a2_filter_shard-000156.tar	2147420160
data/artstation-2D/a2_filter_shard-000157.tar	2146826240
data/artstation-2D/a2_filter_shard-000158.tar	2146232320
data/artstation-2D/a2_filter_shard-000159.tar	2147061760
data/artstation-2D/a2_filter_shard-000160.tar	2145966080
data/artstation-2D/a2_filter_shard-000161.tar	2147082240
data/artstation-2D/a2_filter_shard-000162.tar	2146600960
data/artstation-2D/a2_filter_shard-000163.tar	2146652160
data/artstation-2D/a2_filter_shard-000164.tar	2145587200
data/artstation-2D/a2_filter_shard-000165.tar	2146621440
data/artstation-2D/a2_filter_shard-000166.tar	2145904640
data/artstation-2D/a2_filter_shard-000167.tar	2147297280
data/artstation-2D/a2_filter_shard-000168.tar	2147246080
data/artstation-2D/a2_filter_shard-000169.tar	2147123200
data/artstation-2D/a2_filter_shard-000170.tar	2146713600
data/artstation-2D/a2_filter_shard-000171.tar	2147409920
data/artstation-2D/a2_filter_shard-000172.tar	2146785280
data/artstation-2D/a2_filter_shard-000173.tar	2147153920
data/artstation-2D/a2_filter_shard-000174.tar	2147348480
data/artstation-2D/a2_filter_shard-000175.tar	2147420160
data/artstation-2D/a2_filter_shard-000176.tar	2146652160
data/artstation-2D/a2_filter_shard-000177.tar	2147164160
data/artstation-2D/a2_filter_shard-000178.tar	2145320960
data/artstation-2D/a2_filter_shard-000179.tar	2147317760
data/artstation-2D/a2_filter_shard-000180.tar	2146887680
data/artstation-2D/a2_filter_shard-000181.tar	2147450880
data/artstation-2D/a2_filter_shard-000182.tar	2146662400
data/artstation-2D/a2_filter_shard-000183.tar	2147051520
data/artstation-2D/a2_filter_shard-000184.tar	2146263040
data/artstation-2D/a2_filter_shard-000185.tar	2146119680
data/artstation-2D/a2_filter_shard-000186.tar	2146007040
data/artstation-2D/a2_filter_shard-000187.tar	2146723840
data/artstation-2D/a2_filter_shard-000188.tar	2146355200
data/artstation-2D/a2_filter_shard-000189.tar	2147133440
data/artstation-2D/a2_filter_shard-000190.tar	2147215360
data/artstation-2D/a2_filter_shard-000191.tar	2146447360
data/artstation-2D/a2_filter_shard-000192.tar	2147276800
data/artstation-2D/a2_filter_shard-000193.tar	2146816000
data/artstation-2D/a2_filter_shard-000194.tar	2146007040
data/artstation-2D/a2_filter_shard-000195.tar	2144768000
data/artstation-2D/a2_filter_shard-000196.tar	2147164160
data/artstation-2D/a2_filter_shard-000197.tar	2146734080
data/artstation-2D/a2_filter_shard-000198.tar	2146836480
data/artstation-2D/a2_filter_shard-000199.tar	2146764800
data/artstation-2D/a2_filter_shard-000200.tar	2147215360
data/artstation-2D/a2_filter_shard-000201.tar	2146703360
data/artstation-2D/a2_filter_shard-000202.tar	2147430400
data/artstation-2D/a2_filter_shard-000203.tar	2147143680
data/artstation-2D/a2_filter_shard-000204.tar	2145607680
data/artstation-2D/a2_filter_shard-000205.tar	2146826240
data/artstation-2D/a2_filter_shard-000206.tar	2146805760
data/artstation-2D/a2_filter_shard-000207.tar	2147389440
data/artstation-2D/a2_filter_shard-000208.tar	2147420160
data/artstation-2D/a2_filter_shard-000209.tar	2147246080
data/artstation-2D/a2_filter_shard-000210.tar	2146775040
data/artstation-2D/a2_filter_shard-000211.tar	2145976320
data/artstation-2D/a2_filter_shard-000212.tar	2145976320
data/artstation-2D/a2_filter_shard-000213.tar	2147348480
data/artstation-2D/a2_filter_shard-000214.tar	2146959360
data/artstation-2D/a2_filter_shard-000215.tar	2146938880
data/artstation-2D/a2_filter_shard-000216.tar	2147430400
data/artstation-2D/a2_filter_shard-000217.tar	2147297280
data/artstation-2D/a2_filter_shard-000218.tar	2147072000
data/artstation-2D/a2_filter_shard-000219.tar	2143539200
data/artstation-2D/a2_filter_shard-000220.tar	2146908160
data/artstation-2D/a2_filter_shard-000221.tar	2147194880
data/artstation-2D/a2_filter_shard-000222.tar	2147430400
data/artstation-2D/a2_filter_shard-000223.tar	2147266560
data/artstation-2D/a2_filter_shard-000224.tar	2147205120
data/artstation-2D/a2_filter_shard-000225.tar	2147348480
data/artstation-2D/a2_filter_shard-000226.tar	2146170880
data/artstation-2D/a2_filter_shard-000227.tar	2147123200
data/artstation-2D/a2_filter_shard-000228.tar	2146293760
data/artstation-2D/a2_filter_shard-000229.tar	2146979840
data/artstation-2D/a2_filter_shard-000230.tar	2147420160
data/artstation-2D/a2_filter_shard-000231.tar	2145966080
data/artstation-2D/a2_filter_shard-000232.tar	2146263040
data/artstation-2D/a2_filter_shard-000233.tar	2147389440
data/artstation-2D/a2_filter_shard-000234.tar	2147164160
data/artstation-2D/a2_filter_shard-000235.tar	2145454080
data/artstation-2D/a2_filter_shard-000236.tar	2146365440
data/artstation-2D/a2_filter_shard-000237.tar	2147328000
data/artstation-2D/a2_filter_shard-000238.tar	2147348480
data/artstation-2D/a2_filter_shard-000239.tar	2146304000
data/artstation-2D/a2_filter_shard-000240.tar	2147409920
data/artstation-2D/a2_filter_shard-000241.tar	2146979840
data/artstation-2D/a2_filter_shard-000242.tar	2147153920
data/artstation-2D/a2_filter_shard-000243.tar	2146170880
data/artstation-2D/a2_filter_shard-000244.tar	2145495040
data/artstation-2D/a2_filter_shard-000245.tar	2146734080
data/artstation-2D/a2_filter_shard-000246.tar	2146918400
data/artstation-2D/a2_filter_shard-000247.tar	2147092480
data/artstation-2D/a2_filter_shard-000248.tar	2147430400
data/artstation-2D/a2_filter_shard-000249.tar	2146723840
data/artstation-2D/a2_filter_shard-000250.tar	2145167360
data/artstation-2D/a2_filter_shard-000251.tar	2144716800
data/artstation-2D/a2_filter_shard-000252.tar	2145034240
data/artstation-2D/a2_filter_shard-000253.tar	2147061760
data/artstation-2D/a2_filter_shard-000254.tar	2145218560
data/artstation-2D/a2_filter_shard-000255.tar	2147205120
data/artstation-2D/a2_filter_shard-000256.tar	2147389440
data/artstation-2D/a2_filter_shard-000257.tar	2147409920
data/artstation-2D/a2_filter_shard-000258.tar	2146887680
data/artstation-2D/a2_filter_shard-000259.tar	2147266560
data/artstation-2D/a2_filter_shard-000260.tar	2146969600
data/artstation-2D/a2_filter_shard-000261.tar	2145966080
data/artstation-2D/a2_filter_shard-000262.tar	2146068480
data/artstation-2D/a2_filter_shard-000263.tar	2147194880
data/artstation-2D/a2_filter_shard-000264.tar	2146826240
data/artstation-2D/a2_filter_shard-000265.tar	2147297280
data/artstation-2D/a2_filter_shard-000266.tar	2145484800
data/artstation-2D/a2_filter_shard-000267.tar	2145812480
data/artstation-2D/a2_filter_shard-000268.tar	2147461120
data/artstation-2D/a2_filter_shard-000269.tar	2145945600
data/artstation-2D/a2_filter_shard-000270.tar	2146693120
data/artstation-2D/a2_filter_shard-000271.tar	2143733760
data/artstation-2D/a2_filter_shard-000272.tar	2146764800
data/artstation-2D/a2_filter_shard-000273.tar	2147041280
data/artstation-2D/a2_filter_shard-000274.tar	2145710080
data/artstation-2D/a2_filter_shard-000275.tar	2146846720
data/artstation-2D/a2_filter_shard-000276.tar	2147348480
data/artstation-2D/a2_filter_shard-000277.tar	2147082240
data/artstation-2D/a2_filter_shard-000278.tar	2144266240
data/artstation-2D/a2_filter_shard-000279.tar	2146672640
data/artstation-2D/a2_filter_shard-000280.tar	2147379200
data/artstation-2D/a2_filter_shard-000281.tar	2146979840
data/artstation-2D/a2_filter_shard-000282.tar	2147112960
data/artstation-2D/a2_filter_shard-000283.tar	2146775040
data/artstation-2D/a2_filter_shard-000284.tar	2147461120
data/artstation-2D/a2_filter_shard-000285.tar	2147420160
data/artstation-2D/a2_filter_shard-000286.tar	2146856960
data/artstation-2D/a2_filter_shard-000287.tar	2147379200
data/artstation-2D/a2_filter_shard-000288.tar	2147481600
data/artstation-2D/a2_filter_shard-000289.tar	2146877440
data/artstation-2D/a2_filter_shard-000290.tar	2147461120
data/artstation-2D/a2_filter_shard-000291.tar	2147338240
data/artstation-2D/a2_filter_shard-000292.tar	2147235840
data/artstation-2D/a2_filter_shard-000293.tar	2145792000
data/artstation-2D/a2_filter_shard-000294.tar	2147430400
data/artstation-2D/a2_filter_shard-000295.tar	2145699840
data/artstation-2D/a2_filter_shard-000296.tar	2146826240
data/artstation-2D/a2_filter_shard-000297.tar	2147153920
data/artstation-2D/a2_filter_shard-000298.tar	2146365440
data/artstation-2D/a2_filter_shard-000299.tar	2147389440
data/artstation-2D/a2_filter_shard-000300.tar	2146938880
data/artstation-2D/a2_filter_shard-000301.tar	2146549760
data/artstation-2D/a2_filter_shard-000302.tar	2147225600
data/artstation-2D/a2_filter_shard-000303.tar	2146437120
data/artstation-2D/a2_filter_shard-000304.tar	2147112960
data/artstation-2D/a2_filter_shard-000305.tar	2146467840
data/artstation-2D/a2_filter_shard-000306.tar	2147235840
data/artstation-2D/a2_filter_shard-000307.tar	2147235840
data/artstation-2D/a2_filter_shard-000308.tar	2145320960
data/artstation-2D/a2_filter_shard-000309.tar	2146201600
data/artstation-2D/a2_filter_shard-000310.tar	2147317760
data/artstation-2D/a2_filter_shard-000311.tar	2145863680
data/artstation-2D/a2_filter_shard-000312.tar	2144706560
data/artstation-2D/a2_filter_shard-000313.tar	2147000320
data/artstation-2D/a2_filter_shard-000314.tar	2146744320
data/artstation-2D/a2_filter_shard-000315.tar	2143180800
data/artstation-2D/a2_filter_shard-000316.tar	2147471360
data/artstation-2D/a2_filter_shard-000317.tar	2146355200
data/artstation-2D/a2_filter_shard-000318.tar	2147164160
data/artstation-2D/a2_filter_shard-000319.tar	2143488000
data/artstation-2D/a2_filter_shard-000320.tar	2147266560
data/artstation-2D/a2_filter_shard-000321.tar	2147358720
data/artstation-2D/a2_filter_shard-000322.tar	2144133120
data/artstation-2D/a2_filter_shard-000323.tar	2146549760
data/artstation-2D/a2_filter_shard-000324.tar	2147174400
data/artstation-2D/a2_filter_shard-000325.tar	2146918400
data/artstation-2D/a2_filter_shard-000326.tar	2147184640
data/artstation-2D/a2_filter_shard-000327.tar	2147399680
data/artstation-2D/a2_filter_shard-000328.tar	2147368960
data/artstation-2D/a2_filter_shard-000329.tar	2147317760
data/artstation-2D/a2_filter_shard-000330.tar	2141829120
data/artstation-2D/a2_filter_shard-000331.tar	2147287040
data/artstation-2D/a2_filter_shard-000332.tar	2146570240
data/artstation-2D/a2_filter_shard-000333.tar	2147461120
data/artstation-2D/a2_filter_shard-000334.tar	2146324480
data/artstation-2D/a2_filter_shard-000335.tar	2147471360
data/artstation-2D/a2_filter_shard-000336.tar	2147348480
data/artstation-2D/a2_filter_shard-000337.tar	2146744320
data/artstation-2D/a2_filter_shard-000338.tar	2145669120
data/artstation-2D/a2_filter_shard-000339.tar	2145310720
data/artstation-2D/a2_filter_shard-000340.tar	2146560000
data/artstation-2D/a2_filter_shard-000341.tar	2146682880
data/artstation-2D/a2_filter_shard-000342.tar	2147205120
data/artstation-2D/a2_filter_shard-000343.tar	2147461120
data/artstation-2D/a2_filter_shard-000344.tar	2147164160
data/artstation-2D/a2_filter_shard-000345.tar	2147307520
data/artstation-2D/a2_filter_shard-000346.tar	2146867200
data/artstation-2D/a2_filter_shard-000347.tar	2147368960
data/artstation-2D/a2_filter_shard-000348.tar	2147317760
data/artstation-2D/a2_filter_shard-000349.tar	2147389440
data/artstation-2D/a2_filter_shard-000350.tar	2145669120
data/artstation-2D/a2_filter_shard-000351.tar	2147399680
data/artstation-2D/a2_filter_shard-000352.tar	2147450880
data/artstation-2D/a2_filter_shard-000353.tar	2147461120
data/artstation-2D/a2_filter_shard-000354.tar	2145536000
data/artstation-2D/a2_filter_shard-000355.tar	2146017280
data/artstation-2D/a2_filter_shard-000356.tar	2147430400
data/artstation-2D/a2_filter_shard-000357.tar	2147450880
data/artstation-2D/a2_filter_shard-000358.tar	2143856640
data/artstation-2D/a2_filter_shard-000359.tar	2147338240
data/artstation-2D/a2_filter_shard-000360.tar	2145372160
data/artstation-2D/a2_filter_shard-000361.tar	2146344960
data/artstation-2D/a2_filter_shard-000362.tar	2145751040
data/artstation-2D/a2_filter_shard-000363.tar	2145259520
data/artstation-2D/a2_filter_shard-000364.tar	2142423040
data/artstation-2D/a2_filter_shard-000365.tar	2147461120
data/artstation-2D/a2_filter_shard-000366.tar	2147481600
data/artstation-2D/a2_filter_shard-000367.tar	2147000320
data/artstation-2D/a2_filter_shard-000368.tar	2146795520
data/artstation-2D/a2_filter_shard-000369.tar	2147420160
data/artstation-2D/a2_filter_shard-000370.tar	2147328000
data/artstation-2D/a2_filter_shard-000371.tar	2147061760
data/artstation-2D/a2_filter_shard-000372.tar	2146140160
data/artstation-2D/a2_filter_shard-000373.tar	2146580480
data/artstation-2D/a2_filter_shard-000374.tar	2147348480
data/artstation-2D/a2_filter_shard-000375.tar	2147481600
data/artstation-2D/a2_filter_shard-000376.tar	2147041280
data/artstation-2D/a2_filter_shard-000377.tar	2147143680
data/artstation-2D/a2_filter_shard-000378.tar	2147041280
data/artstation-2D/a2_filter_shard-000379.tar	2146744320
data/artstation-2D/a2_filter_shard-000380.tar	2146600960
data/artstation-2D/a2_filter_shard-000381.tar	2147061760
data/artstation-2D/a2_filter_shard-000382.tar	2146826240
data/artstation-2D/a2_filter_shard-000383.tar	2146928640
data/artstation-2D/a2_filter_shard-000384.tar	2147184640
data/artstation-2D/a2_filter_shard-000385.tar	2146416640
data/artstation-2D/a2_filter_shard-000386.tar	2147061760
data/artstation-2D/a2_filter_shard-000387.tar	2146088960
data/artstation-2D/a2_filter_shard-000388.tar	2145044480
data/artstation-2D/a2_filter_shard-000389.tar	2147430400
data/artstation-2D/a2_filter_shard-000390.tar	2147471360
data/artstation-2D/a2_filter_shard-000391.tar	2147041280
data/artstation-2D/a2_filter_shard-000392.tar	2147215360
data/artstation-2D/a2_filter_shard-000393.tar	2147409920
data/artstation-2D/a2_filter_shard-000394.tar	2147143680
data/artstation-2D/a2_filter_shard-000395.tar	2147440640
data/artstation-2D/a2_filter_shard-000396.tar	2147133440
data/artstation-2D/a2_filter_shard-000397.tar	2146734080
data/artstation-2D/a2_filter_shard-000398.tar	2146590720
data/artstation-2D/a2_filter_shard-000399.tar	2145536000
data/artstation-2D/a2_filter_shard-000400.tar	2147051520
data/artstation-2D/a2_filter_shard-000401.tar	2147379200
data/artstation-2D/a2_filter_shard-000402.tar	2147409920
data/artstation-2D/a2_filter_shard-000403.tar	2146396160
data/artstation-2D/a2_filter_shard-000404.tar	2145925120
data/artstation-2D/a2_filter_shard-000405.tar	2143866880
data/artstation-2D/a2_filter_shard-000406.tar	2147287040
data/artstation-2D/a2_filter_shard-000407.tar	2147215360
data/artstation-2D/a2_filter_shard-000408.tar	2147358720
data/artstation-2D/a2_filter_shard-000409.tar	2147225600
data/artstation-2D/a2_filter_shard-000410.tar	2140395520
data/artstation-2D/a2_filter_shard-000411.tar	2146037760
data/artstation-2D/a2_filter_shard-000412.tar	2147133440
data/artstation-2D/a2_filter_shard-000413.tar	2147307520
data/artstation-2D/a2_filter_shard-000414.tar	2146856960
data/artstation-2D/a2_filter_shard-000415.tar	2147020800
data/artstation-2D/a2_filter_shard-000416.tar	2146467840
data/artstation-2D/a2_filter_shard-000417.tar	2147389440
data/artstation-2D/a2_filter_shard-000418.tar	2147256320
data/artstation-2D/a2_filter_shard-000419.tar	2146529280
data/artstation-2D/a2_filter_shard-000420.tar	2147440640
data/artstation-2D/a2_filter_shard-000421.tar	2147256320
data/artstation-2D/a2_filter_shard-000422.tar	2146959360
data/artstation-2D/a2_filter_shard-000423.tar	2145331200
data/artstation-2D/a2_filter_shard-000424.tar	2147420160
data/artstation-2D/a2_filter_shard-000425.tar	2146723840
data/artstation-2D/a2_filter_shard-000426.tar	2146211840
data/artstation-2D/a2_filter_shard-000427.tar	2147256320
data/artstation-2D/a2_filter_shard-000428.tar	2145075200
data/artstation-2D/a2_filter_shard-000429.tar	2147481600
data/artstation-2D/a2_filter_shard-000430.tar	2147358720
data/artstation-2D/a2_filter_shard-000431.tar	2147235840
data/artstation-2D/a2_filter_shard-000432.tar	2147461120
data/artstation-2D/a2_filter_shard-000433.tar	2146887680
data/artstation-2D/a2_filter_shard-000434.tar	2147420160
data/artstation-2D/a2_filter_shard-000435.tar	2145382400
data/artstation-2D/a2_filter_shard-000436.tar	2146764800
data/artstation-2D/a2_filter_shard-000437.tar	2147399680
data/artstation-2D/a2_filter_shard-000438.tar	2144931840
data/artstation-2D/a2_filter_shard-000439.tar	2145054720
data/artstation-2D/a2_filter_shard-000440.tar	2146385920
data/artstation-2D/a2_filter_shard-000441.tar	2147194880
data/artstation-2D/a2_filter_shard-000442.tar	2146856960
data/artstation-2D/a2_filter_shard-000443.tar	2147307520
data/artstation-2D/a2_filter_shard-000444.tar	2145239040
data/artstation-2D/a2_filter_shard-000445.tar	2147379200
data/artstation-2D/a2_filter_shard-000446.tar	2147235840
data/artstation-2D/a2_filter_shard-000447.tar	2147153920
data/artstation-2D/a2_filter_shard-000448.tar	2145679360
data/artstation-2D/a2_filter_shard-000449.tar	2147481600
data/artstation-2D/a2_filter_shard-000450.tar	2146539520
data/artstation-2D/a2_filter_shard-000451.tar	2146365440
data/artstation-2D/a2_filter_shard-000452.tar	2146723840
data/artstation-2D/a2_filter_shard-000453.tar	2147379200
data/artstation-2D/a2_filter_shard-000454.tar	2146232320
data/artstation-2D/a2_filter_shard-000455.tar	2146375680
data/artstation-2D/a2_filter_shard-000456.tar	2147235840
data/artstation-2D/a2_filter_shard-000457.tar	2146252800
data/artstation-2D/a2_filter_shard-000458.tar	2147205120
data/artstation-2D/a2_filter_shard-000459.tar	2147317760
data/artstation-2D/a2_filter_shard-000460.tar	2147031040
data/artstation-2D/a2_filter_shard-000461.tar	2147143680
data/artstation-2D/a2_filter_shard-000462.tar	2147194880
data/artstation-2D/a2_filter_shard-000463.tar	2144870400
data/artstation-2D/a2_filter_shard-000464.tar	2146508800
data/artstation-2D/a2_filter_shard-000465.tar	2146662400
data/artstation-2D/a2_filter_shard-000466.tar	2147481600
data/artstation-2D/a2_filter_shard-000467.tar	2147082240
data/artstation-2D/a2_filter_shard-000468.tar	2146621440
data/artstation-2D/a2_filter_shard-000469.tar	2146611200
data/artstation-2D/a2_filter_shard-000470.tar	2147399680
data/artstation-2D/a2_filter_shard-000471.tar	2147276800
data/artstation-2D/a2_filter_shard-000472.tar	2147481600
data/artstation-2D/a2_filter_shard-000473.tar	2147010560
data/artstation-2D/a2_filter_shard-000474.tar	2147348480
data/artstation-2D/a2_filter_shard-000475.tar	2147215360
data/artstation-2D/a2_filter_shard-000476.tar	2147420160
data/artstation-2D/a2_filter_shard-000477.tar	2146723840
data/artstation-2D/a2_filter_shard-000478.tar	2146805760
data/artstation-2D/a2_filter_shard-000479.tar	2147317760
data/artstation-2D/a2_filter_shard-000480.tar	2145320960
data/artstation-2D/a2_filter_shard-000481.tar	2143887360
data/artstation-2D/a2_filter_shard-000482.tar	2147031040
data/artstation-2D/a2_filter_shard-000483.tar	2147133440
data/artstation-2D/a2_filter_shard-000484.tar	2143467520
data/artstation-2D/a2_filter_shard-000485.tar	2146457600
data/artstation-2D/a2_filter_shard-000486.tar	2145771520
data/artstation-2D/a2_filter_shard-000487.tar	2146672640
data/artstation-2D/a2_filter_shard-000488.tar	2147481600
data/artstation-2D/a2_filter_shard-000489.tar	2146641920
data/artstation-2D/a2_filter_shard-000490.tar	2146744320
data/artstation-2D/a2_filter_shard-000491.tar	2147205120
data/artstation-2D/a2_filter_shard-000492.tar	2147287040
data/artstation-2D/a2_filter_shard-000493.tar	2145320960
data/artstation-2D/a2_filter_shard-000494.tar	2147082240
data/artstation-2D/a2_filter_shard-000495.tar	2147297280
data/artstation-2D/a2_filter_shard-000496.tar	2147450880
data/artstation-2D/a2_filter_shard-000497.tar	2146549760
data/artstation-2D/a2_filter_shard-000498.tar	2145495040
data/artstation-2D/a2_filter_shard-000499.tar	2146129920
data/artstation-2D/a2_filter_shard-000500.tar	2147082240
data/artstation-2D/a2_filter_shard-000501.tar	2146805760
data/artstation-2D/a2_filter_shard-000502.tar	2145474560
data/artstation-2D/a2_filter_shard-000503.tar	2145679360
data/artstation-2D/a2_filter_shard-000504.tar	2147123200
data/artstation-2D/a2_filter_shard-000505.tar	2147307520
data/artstation-2D/a2_filter_shard-000506.tar	2147358720
data/artstation-2D/a2_filter_shard-000507.tar	2147481600
data/artstation-2D/a2_filter_shard-000508.tar	2147481600
data/artstation-2D/a2_filter_shard-000509.tar	2146027520
data/artstation-2D/a2_filter_shard-000510.tar	2147287040
data/artstation-2D/a2_filter_shard-000511.tar	2144860160
data/artstation-2D/a2_filter_shard-000512.tar	2146314240
data/artstation-2D/a2_filter_shard-000513.tar	2145720320
data/artstation-2D/a2_filter_shard-000514.tar	2145863680
data/artstation-2D/a2_filter_shard-000515.tar	2147246080
data/artstation-2D/a2_filter_shard-000516.tar	2146826240
data/artstation-2D/a2_filter_shard-000517.tar	2145669120
data/artstation-2D/a2_filter_shard-000518.tar	2146560000
data/artstation-2D/a2_filter_shard-000519.tar	2146713600
data/artstation-2D/a2_filter_shard-000520.tar	2147235840
data/artstation-2D/a2_filter_shard-000521.tar	2147307520
data/artstation-2D/a2_filter_shard-000522.tar	2147297280
data/artstation-2D/a2_filter_shard-000523.tar	2147174400
data/artstation-2D/a2_filter_shard-000524.tar	2147287040
data/artstation-2D/a2_filter_shard-000525.tar	2146529280
data/artstation-2D/a2_filter_shard-000526.tar	2147461120
data/artstation-2D/a2_filter_shard-000527.tar	2147379200
data/artstation-2D/a2_filter_shard-000528.tar	2147338240
data/artstation-2D/a2_filter_shard-000529.tar	2147123200
data/artstation-2D/a2_filter_shard-000530.tar	2147287040
data/artstation-2D/a2_filter_shard-000531.tar	2146785280
data/artstation-2D/a2_filter_shard-000532.tar	2147256320
data/artstation-2D/a2_filter_shard-000533.tar	2141952000
data/artstation-2D/a2_filter_shard-000534.tar	2147409920
data/artstation-2D/a2_filter_shard-000535.tar	2147153920
data/artstation-2D/a2_filter_shard-000536.tar	2147205120
data/artstation-2D/a2_filter_shard-000537.tar	2142044160
data/artstation-2D/a2_filter_shard-000538.tar	2146621440
data/artstation-2D/a2_filter_shard-000539.tar	2146877440
data/artstation-2D/a2_filter_shard-000540.tar	2146570240
data/artstation-2D/a2_filter_shard-000541.tar	2147143680
data/artstation-2D/a2_filter_shard-000542.tar	2147317760
data/artstation-2D/a2_filter_shard-000543.tar	2147000320
data/artstation-2D/a2_filter_shard-000544.tar	2146621440
data/artstation-2D/a2_filter_shard-000545.tar	2147379200
data/artstation-2D/a2_filter_shard-000546.tar	2144931840
data/artstation-2D/a2_filter_shard-000547.tar	2147174400
data/artstation-2D/a2_filter_shard-000548.tar	2147184640
data/artstation-2D/a2_filter_shard-000549.tar	2147368960
data/artstation-2D/a2_filter_shard-000550.tar	1571123200
data/artstation-2D/a2_image_shard-000000.tar	24913920
data/artstation-2D/a2_image_shard-000001.tar	2147368960
data/artstation-2D/a2_image_shard-000002.tar	2147317760
data/artstation-2D/a2_image_shard-000003.tar	2143774720
data/artstation-2D/a2_image_shard-000004.tar	2147440640
data/artstation-2D/a2_image_shard-000005.tar	2147153920
data/artstation-2D/a2_image_shard-000006.tar	2146713600
data/artstation-2D/a2_image_shard-000007.tar	2147102720
data/artstation-2D/a2_image_shard-000008.tar	2147368960
data/artstation-2D/a2_image_shard-000009.tar	2147174400
data/artstation-2D/a2_image_shard-000010.tar	2147317760
data/artstation-2D/a2_image_shard-000011.tar	2147307520
data/artstation-2D/a2_image_shard-000012.tar	2146938880
data/artstation-2D/a2_image_shard-000013.tar	2147266560
data/artstation-2D/a2_image_shard-000014.tar	2146662400
data/artstation-2D/a2_image_shard-000015.tar	2147389440
data/artstation-2D/a2_image_shard-000016.tar	2147000320
data/artstation-2D/a2_image_shard-000017.tar	2147461120
data/artstation-2D/a2_image_shard-000018.tar	2147082240
data/artstation-2D/a2_image_shard-000019.tar	2147235840
data/artstation-2D/a2_image_shard-000020.tar	2147420160
data/artstation-2D/a2_image_shard-000021.tar	2141368320
data/artstation-2D/a2_image_shard-000022.tar	2147440640
data/artstation-2D/a2_image_shard-000023.tar	2146938880
data/artstation-2D/a2_image_shard-000024.tar	2145996800
data/artstation-2D/a2_image_shard-000025.tar	2147082240
data/artstation-2D/a2_image_shard-000026.tar	2147307520
data/artstation-2D/a2_image_shard-000027.tar	2147225600
data/artstation-2D/a2_image_shard-000028.tar	2146836480
data/artstation-2D/a2_image_shard-000029.tar	2147338240
data/artstation-2D/a2_image_shard-000030.tar	2145402880
data/artstation-2D/a2_image_shard-000031.tar	2145423360
data/artstation-2D/a2_image_shard-000032.tar	2146816000
data/artstation-2D/a2_image_shard-000033.tar	2145638400
data/artstation-2D/a2_image_shard-000034.tar	2147317760
data/artstation-2D/a2_image_shard-000035.tar	2146293760
data/artstation-2D/a2_image_shard-000036.tar	2145894400
data/artstation-2D/a2_image_shard-000037.tar	2146017280
data/artstation-2D/a2_image_shard-000038.tar	2147409920
data/artstation-2D/a2_image_shard-000039.tar	2146355200
data/artstation-2D/a2_image_shard-000040.tar	2147082240
data/artstation-2D/a2_image_shard-000041.tar	2146979840
data/artstation-2D/a2_image_shard-000042.tar	2144491520
data/artstation-2D/a2_image_shard-000043.tar	2147276800
data/artstation-2D/a2_image_shard-000044.tar	2147164160
data/artstation-2D/a2_image_shard-000045.tar	2147205120
data/artstation-2D/a2_image_shard-000046.tar	2147225600
data/artstation-2D/a2_image_shard-000047.tar	2146816000
data/artstation-2D/a2_image_shard-000048.tar	2147246080
data/artstation-2D/a2_image_shard-000049.tar	2146324480
data/artstation-2D/a2_image_shard-000050.tar	2147276800
data/artstation-2D/a2_image_shard-000051.tar	2147153920
data/artstation-2D/a2_image_shard-000052.tar	2147338240
data/artstation-2D/a2_image_shard-000053.tar	2146099200
data/artstation-2D/a2_image_shard-000054.tar	2147420160
data/artstation-2D/a2_image_shard-000055.tar	2147133440
data/artstation-2D/a2_image_shard-000056.tar	2147051520
data/artstation-2D/a2_image_shard-000057.tar	2145136640
data/artstation-2D/a2_image_shard-000058.tar	2146672640
data/artstation-2D/a2_image_shard-000059.tar	2147133440
data/artstation-2D/a2_image_shard-000060.tar	2147112960
data/artstation-2D/a2_image_shard-000061.tar	2147307520
data/artstation-2D/a2_image_shard-000062.tar	2146344960
data/artstation-2D/a2_image_shard-000063.tar	2147450880
data/artstation-2D/a2_image_shard-000064.tar	2147317760
data/artstation-2D/a2_image_shard-000065.tar	2147461120
data/artstation-2D/a2_image_shard-000066.tar	2145976320
data/artstation-2D/a2_image_shard-000067.tar	2147420160
data/artstation-2D/a2_image_shard-000068.tar	2147348480
data/artstation-2D/a2_image_shard-000069.tar	2147317760
data/artstation-2D/a2_image_shard-000070.tar	2147235840
data/artstation-2D/a2_image_shard-000071.tar	2146816000
data/artstation-2D/a2_image_shard-000072.tar	2147082240
data/artstation-2D/a2_image_shard-000073.tar	2147420160
data/artstation-2D/a2_image_shard-000074.tar	2146867200
data/artstation-2D/a2_image_shard-000075.tar	2145361920
data/artstation-2D/a2_image_shard-000076.tar	2147205120
data/artstation-2D/a2_image_shard-000077.tar	2146232320
data/artstation-2D/a2_image_shard-000078.tar	2146754560
data/artstation-2D/a2_image_shard-000079.tar	2147389440
data/artstation-2D/a2_image_shard-000080.tar	2146723840
data/artstation-2D/a2_image_shard-000081.tar	2145454080
data/artstation-2D/a2_image_shard-000082.tar	2144942080
data/artstation-2D/a2_image_shard-000083.tar	2147338240
data/artstation-2D/a2_image_shard-000084.tar	2147153920
data/artstation-2D/a2_image_shard-000085.tar	2146856960
data/artstation-2D/a2_image_shard-000086.tar	2147440640
data/artstation-2D/a2_image_shard-000087.tar	2146099200
data/artstation-2D/a2_image_shard-000088.tar	2145218560
data/artstation-2D/a2_image_shard-000089.tar	2145648640
data/artstation-2D/a2_image_shard-000090.tar	2146846720
data/artstation-2D/a2_image_shard-000091.tar	2147041280
data/artstation-2D/a2_image_shard-000092.tar	2146938880
data/artstation-2D/a2_image_shard-000093.tar	2146785280
data/artstation-2D/a2_image_shard-000094.tar	2145955840
data/artstation-2D/a2_image_shard-000095.tar	2147399680
data/artstation-2D/a2_image_shard-000096.tar	2143436800
data/artstation-2D/a2_image_shard-000097.tar	2147399680
data/artstation-2D/a2_image_shard-000098.tar	2146897920
data/artstation-2D/a2_image_shard-000099.tar	2144092160
data/artstation-2D/a2_image_shard-000100.tar	2147297280
data/artstation-2D/a2_image_shard-000101.tar	2147471360
data/artstation-2D/a2_image_shard-000102.tar	2146672640
data/artstation-2D/a2_image_shard-000103.tar	2147174400
data/artstation-2D/a2_image_shard-000104.tar	2147000320
data/artstation-2D/a2_image_shard-000105.tar	2145843200
data/artstation-2D/a2_image_shard-000106.tar	2147328000
data/artstation-2D/a2_image_shard-000107.tar	2145423360
data/artstation-2D/a2_image_shard-000108.tar	2147205120
data/artstation-2D/a2_image_shard-000109.tar	2144460800
data/artstation-2D/a2_image_shard-000110.tar	2147430400
data/artstation-2D/a2_image_shard-000111.tar	2147471360
data/artstation-2D/a2_image_shard-000112.tar	2146662400
data/artstation-2D/a2_image_shard-000113.tar	2146969600
data/artstation-2D/a2_image_shard-000114.tar	2147143680
data/artstation-2D/a2_image_shard-000115.tar	2146324480
data/artstation-2D/a2_image_shard-000116.tar	2144286720
data/artstation-2D/a2_image_shard-000117.tar	2147307520
data/artstation-2D/a2_image_shard-000118.tar	2146529280
data/artstation-2D/a2_image_shard-000119.tar	2145628160
data/artstation-2D/a2_image_shard-000120.tar	2147133440
data/artstation-2D/a2_image_shard-000121.tar	2144706560
data/artstation-2D/a2_image_shard-000122.tar	2146928640
data/artstation-2D/a2_image_shard-000123.tar	2144737280
data/artstation-2D/a2_image_shard-000124.tar	2146170880
data/artstation-2D/a2_image_shard-000125.tar	2147379200
data/artstation-2D/a2_image_shard-000126.tar	2146805760
data/artstation-2D/a2_image_shard-000127.tar	2145730560
data/artstation-2D/a2_image_shard-000128.tar	2147297280
data/artstation-2D/a2_image_shard-000129.tar	2140753920
data/artstation-2D/a2_image_shard-000130.tar	2147297280
data/artstation-2D/a2_image_shard-000131.tar	2145996800
data/artstation-2D/a2_image_shard-000132.tar	2147389440
data/artstation-2D/a2_image_shard-000133.tar	2146990080
data/artstation-2D/a2_image_shard-000134.tar	2147481600
data/artstation-2D/a2_image_shard-000135.tar	2147307520
data/artstation-2D/a2_image_shard-000136.tar	2146693120
data/artstation-2D/a2_image_shard-000137.tar	2147317760
data/artstation-2D/a2_image_shard-000138.tar	2147123200
data/artstation-2D/a2_image_shard-000139.tar	2146242560
data/artstation-2D/a2_image_shard-000140.tar	2147112960
data/artstation-2D/a2_image_shard-000141.tar	2147409920
data/artstation-2D/a2_image_shard-000142.tar	2147276800
data/artstation-2D/a2_image_shard-000143.tar	2145341440
data/artstation-2D/a2_image_shard-000144.tar	2147092480
data/artstation-2D/a2_image_shard-000145.tar	2141450240
data/artstation-2D/a2_image_shard-000146.tar	2147440640
data/artstation-2D/a2_image_shard-000147.tar	2143825920
data/artstation-2D/a2_image_shard-000148.tar	2147389440
data/artstation-2D/a2_image_shard-000149.tar	2146078720
data/artstation-2D/a2_image_shard-000150.tar	2146959360
data/artstation-2D/a2_image_shard-000151.tar	2146140160
data/artstation-2D/a2_image_shard-000152.tar	2138726400
data/artstation-2D/a2_image_shard-000153.tar	2147348480
data/artstation-2D/a2_image_shard-000154.tar	2146344960
data/artstation-2D/a2_image_shard-000155.tar	2147235840
data/artstation-2D/a2_image_shard-000156.tar	2146570240
data/artstation-2D/a2_image_shard-000157.tar	2146191360
data/artstation-2D/a2_image_shard-000158.tar	2144102400
data/artstation-2D/a2_image_shard-000159.tar	2146293760
data/artstation-2D/a2_image_shard-000160.tar	2146959360
data/artstation-2D/a2_image_shard-000161.tar	2147072000
data/artstation-2D/a2_image_shard-000162.tar	2144686080
data/artstation-2D/a2_image_shard-000163.tar	2147153920
data/artstation-2D/a2_image_shard-000164.tar	2146385920
data/artstation-2D/a2_image_shard-000165.tar	2147215360
data/artstation-2D/a2_image_shard-000166.tar	2146242560
data/artstation-2D/a2_image_shard-000167.tar	2146949120
data/artstation-2D/a2_image_shard-000168.tar	2146304000
data/artstation-2D/a2_image_shard-000169.tar	2146406400
data/artstation-2D/a2_image_shard-000170.tar	2147338240
data/artstation-2D/a2_image_shard-000171.tar	2147235840
data/artstation-2D/a2_image_shard-000172.tar	2145484800
data/artstation-2D/a2_image_shard-000173.tar	2147348480
data/artstation-2D/a2_image_shard-000174.tar	2147256320
data/artstation-2D/a2_image_shard-000175.tar	2146478080
data/artstation-2D/a2_image_shard-000176.tar	2147471360
data/artstation-2D/a2_image_shard-000177.tar	2147399680
data/artstation-2D/a2_image_shard-000178.tar	2147297280
data/artstation-2D/a2_image_shard-000179.tar	2147266560
data/artstation-2D/a2_image_shard-000180.tar	2145372160
data/artstation-2D/a2_image_shard-000181.tar	2147399680
data/artstation-2D/a2_image_shard-000182.tar	2147194880
data/artstation-2D/a2_image_shard-000183.tar	2145843200
data/artstation-2D/a2_image_shard-000184.tar	2146887680
data/artstation-2D/a2_image_shard-000185.tar	2146979840
data/artstation-2D/a2_image_shard-000186.tar	2147338240
data/artstation-2D/a2_image_shard-000187.tar	2147338240
data/artstation-2D/a2_image_shard-000188.tar	2146457600
data/artstation-2D/a2_image_shard-000189.tar	2147420160
data/artstation-2D/a2_image_shard-000190.tar	2147450880
data/artstation-2D/a2_image_shard-000191.tar	2146600960
data/artstation-2D/a2_image_shard-000192.tar	2146918400
data/artstation-2D/a2_image_shard-000193.tar	2147389440
data/artstation-2D/a2_image_shard-000194.tar	2146027520
data/artstation-2D/a2_image_shard-000195.tar	2144491520
data/artstation-2D/a2_image_shard-000196.tar	2146211840
data/artstation-2D/a2_image_shard-000197.tar	2146826240
data/artstation-2D/a2_image_shard-000198.tar	2146621440
data/artstation-2D/a2_image_shard-000199.tar	2147420160
data/artstation-2D/a2_image_shard-000200.tar	2145372160
data/artstation-2D/a2_image_shard-000201.tar	2147379200
data/artstation-2D/a2_image_shard-000202.tar	2147164160
data/artstation-2D/a2_image_shard-000203.tar	2136811520
data/artstation-2D/a2_image_shard-000204.tar	2145822720
data/artstation-2D/a2_image_shard-000205.tar	2146498560
data/artstation-2D/a2_image_shard-000206.tar	2147379200
data/artstation-2D/a2_image_shard-000207.tar	2146375680
data/artstation-2D/a2_image_shard-000208.tar	2146990080
data/artstation-2D/a2_image_shard-000209.tar	2146795520
data/artstation-2D/a2_image_shard-000210.tar	2146703360
data/artstation-2D/a2_image_shard-000211.tar	2144430080
data/artstation-2D/a2_image_shard-000212.tar	2146273280
data/artstation-2D/a2_image_shard-000213.tar	2146969600
data/artstation-2D/a2_image_shard-000214.tar	2146344960
data/artstation-2D/a2_image_shard-000215.tar	2145474560
data/artstation-2D/a2_image_shard-000216.tar	2147420160
data/artstation-2D/a2_image_shard-000217.tar	2146826240
data/artstation-2D/a2_image_shard-000218.tar	2146508800
data/artstation-2D/a2_image_shard-000219.tar	2147215360
data/artstation-2D/a2_image_shard-000220.tar	2147215360
data/artstation-2D/a2_image_shard-000221.tar	2146437120
data/artstation-2D/a2_image_shard-000222.tar	2142228480
data/artstation-2D/a2_image_shard-000223.tar	2146365440
data/artstation-2D/a2_image_shard-000224.tar	2146795520
data/artstation-2D/a2_image_shard-000225.tar	2147348480
data/artstation-2D/a2_image_shard-000226.tar	2145208320
data/artstation-2D/a2_image_shard-000227.tar	2146600960
data/artstation-2D/a2_image_shard-000228.tar	2147112960
data/artstation-2D/a2_image_shard-000229.tar	2147317760
data/artstation-2D/a2_image_shard-000230.tar	2147389440
data/artstation-2D/a2_image_shard-000231.tar	2147010560
data/artstation-2D/a2_image_shard-000232.tar	2146611200
data/artstation-2D/a2_image_shard-000233.tar	2147102720
data/artstation-2D/a2_image_shard-000234.tar	2146703360
data/artstation-2D/a2_image_shard-000235.tar	2147143680
data/artstation-2D/a2_image_shard-000236.tar	2145996800
data/artstation-2D/a2_image_shard-000237.tar	2147328000
data/artstation-2D/a2_image_shard-000238.tar	2147481600
data/artstation-2D/a2_image_shard-000239.tar	2143088640
data/artstation-2D/a2_image_shard-000240.tar	2147266560
data/artstation-2D/a2_image_shard-000241.tar	2146099200
data/artstation-2D/a2_image_shard-000242.tar	2146979840
data/artstation-2D/a2_image_shard-000243.tar	2146181120
data/artstation-2D/a2_image_shard-000244.tar	2139566080
data/artstation-2D/a2_image_shard-000245.tar	2147450880
data/artstation-2D/a2_image_shard-000246.tar	2146641920
data/artstation-2D/a2_image_shard-000247.tar	2146826240
data/artstation-2D/a2_image_shard-000248.tar	2146918400
data/artstation-2D/a2_image_shard-000249.tar	2147338240
data/artstation-2D/a2_image_shard-000250.tar	2145597440
data/artstation-2D/a2_image_shard-000251.tar	2146314240
data/artstation-2D/a2_image_shard-000252.tar	2146693120
data/artstation-2D/a2_image_shard-000253.tar	2147440640
data/artstation-2D/a2_image_shard-000254.tar	2147358720
data/artstation-2D/a2_image_shard-000255.tar	2146764800
data/artstation-2D/a2_image_shard-000256.tar	2147174400
data/artstation-2D/a2_image_shard-000257.tar	2147112960
data/artstation-2D/a2_image_shard-000258.tar	2144655360
data/artstation-2D/a2_image_shard-000259.tar	2147164160
data/artstation-2D/a2_image_shard-000260.tar	2147164160
data/artstation-2D/a2_image_shard-000261.tar	2147061760
data/artstation-2D/a2_image_shard-000262.tar	2146560000
data/artstation-2D/a2_image_shard-000263.tar	2147082240
data/artstation-2D/a2_image_shard-000264.tar	2146856960
data/artstation-2D/a2_image_shard-000265.tar	2146590720
data/artstation-2D/a2_image_shard-000266.tar	2146058240
data/artstation-2D/a2_image_shard-000267.tar	2146017280
data/artstation-2D/a2_image_shard-000268.tar	2146775040
data/artstation-2D/a2_image_shard-000269.tar	2146334720
data/artstation-2D/a2_image_shard-000270.tar	2146457600
data/artstation-2D/a2_image_shard-000271.tar	2147358720
data/artstation-2D/a2_image_shard-000272.tar	2147440640
data/artstation-2D/a2_image_shard-000273.tar	2147307520
data/artstation-2D/a2_image_shard-000274.tar	2145310720
data/artstation-2D/a2_image_shard-000275.tar	2146816000
data/artstation-2D/a2_image_shard-000276.tar	2147256320
data/artstation-2D/a2_image_shard-000277.tar	2147133440
data/artstation-2D/a2_image_shard-000278.tar	2147020800
data/artstation-2D/a2_image_shard-000279.tar	2147184640
data/artstation-2D/a2_image_shard-000280.tar	2143047680
data/artstation-2D/a2_image_shard-000281.tar	2147112960
data/artstation-2D/a2_image_shard-000282.tar	2147164160
data/artstation-2D/a2_image_shard-000283.tar	2146949120
data/artstation-2D/a2_image_shard-000284.tar	2146324480
data/artstation-2D/a2_image_shard-000285.tar	2146795520
data/artstation-2D/a2_image_shard-000286.tar	2144409600
data/artstation-2D/a2_image_shard-000287.tar	2147389440
data/artstation-2D/a2_image_shard-000288.tar	2147307520
data/artstation-2D/a2_image_shard-000289.tar	2146088960
data/artstation-2D/a2_image_shard-000290.tar	2147174400
data/artstation-2D/a2_image_shard-000291.tar	2146979840
data/artstation-2D/a2_image_shard-000292.tar	2144993280
data/artstation-2D/a2_image_shard-000293.tar	2145280000
data/artstation-2D/a2_image_shard-000294.tar	2147409920
data/artstation-2D/a2_image_shard-000295.tar	2145474560
data/artstation-2D/a2_image_shard-000296.tar	2145269760
data/artstation-2D/a2_image_shard-000297.tar	2147379200
data/artstation-2D/a2_image_shard-000298.tar	2147297280
data/artstation-2D/a2_image_shard-000299.tar	2146990080
data/artstation-2D/a2_image_shard-000300.tar	2147205120
data/artstation-2D/a2_image_shard-000301.tar	2146918400
data/artstation-2D/a2_image_shard-000302.tar	2146048000
data/artstation-2D/a2_image_shard-000303.tar	2147010560
data/artstation-2D/a2_image_shard-000304.tar	2145413120
data/artstation-2D/a2_image_shard-000305.tar	1278965760
data/background-2D/bg_shard-000000.tar	4044800
