unit,cohort,sample_id,source_shard,target,orientation,zoom,latent_shift,norm_offset,pixel_shift,opp_na,strict_identity,PRE_L_CORRECT,PRE_L_IDENTITY,PRE_M_IDENTITY,PRE_M_OPPOSITE,PRE_M_SHUFFLED,PRE_S_OPPOSITE_relrms,PRE_best3,MID_L_CORRECT,MID_L_IDENTITY,MID_M_IDENTITY,MID_M_OPPOSITE,MID_M_SHUFFLED,MID_S_OPPOSITE_relrms,MID_best3,POST_L_CORRECT,POST_L_IDENTITY,POST_M_IDENTITY,POST_M_OPPOSITE,POST_M_SHUFFLED,POST_S_OPPOSITE_relrms,POST_best3
0,camera,10470356,data/2_2026.1/shard-000084.tar,256x256,vertical,1.2183,2.938,0.1210,-47.0,0,0,0.566798,0.563892,-0.002906,0.000698,-0.004045,0.080132,0.000,0.559032,0.560085,0.001053,0.001218,-0.000678,0.047628,0.250,0.558467,0.561149,0.002681,0.004627,0.000428,0.048279,0.750
1,camera,10223835,data/2_2026.1/shard-000084.tar,256x256,vertical,1.2374,2.250,0.7647,36.0,0,0,0.637478,0.636021,-0.001457,-0.001766,-0.001333,0.089582,0.250,0.634140,0.637503,0.003363,0.000166,0.001499,0.059285,0.500,0.632763,0.637138,0.004375,0.000869,0.000280,0.059098,0.500
2,camera,10086840,data/2_2026.1/shard-000084.tar,256x256,vertical,1.2103,3.156,0.0756,-50.5,0,0,0.482539,0.476172,-0.006367,-0.004467,-0.007633,0.102674,0.000,0.481654,0.479118,-0.002536,-0.002455,-0.001597,0.071825,0.000,0.480036,0.479770,-0.000266,-0.000766,0.000197,0.068297,0.000
3,camera,10378955,data/2_2026.1/shard-000084.tar,256x256,horizontal,1.1541,2.281,0.0706,-36.5,0,0,0.662885,0.660708,-0.002177,0.003927,0.000448,0.084265,0.000,0.658459,0.655517,-0.002943,0.006140,0.000541,0.079501,0.000,0.659557,0.656084,-0.003473,0.002126,0.001364,0.068213,0.500
4,camera,10466106,data/2_2026.1/shard-000084.tar,256x256,vertical,1.2055,0.562,0.4224,-9.0,0,0,0.546588,0.547915,0.001327,-0.000076,0.008978,0.010918,0.250,0.546556,0.548122,0.001566,0.000052,0.001150,0.010476,0.250,0.547086,0.548005,0.000919,0.000072,0.001338,0.009826,0.500
5,camera,10289991,data/2_2026.1/shard-000084.tar,256x256,vertical,1.2247,3.750,0.0312,-60.0,0,0,0.439656,0.430872,-0.008784,0.004794,-0.004724,0.119076,0.000,0.432611,0.431296,-0.001315,0.010666,0.005224,0.073311,0.250,0.430949,0.430896,-0.000053,0.012265,0.006576,0.072317,0.250
6,camera,10255407,data/2_2026.1/shard-000084.tar,256x256,vertical,1.1891,3.000,0.9528,48.0,0,0,0.617125,0.614012,-0.003113,0.002048,-0.003519,0.081744,0.000,0.616771,0.614087,-0.002685,-0.002665,-0.004105,0.065395,0.000,0.617702,0.615653,-0.002049,-0.002725,-0.003445,0.071329,0.000
7,camera,10533759,data/2_2026.1/shard-000084.tar,256x256,horizontal,1.4087,2.188,0.3611,-35.0,0,0,0.644073,0.630917,-0.013156,0.002876,-0.012806,0.042146,0.000,0.633813,0.630404,-0.003409,0.001252,-0.003379,0.030464,0.000,0.634286,0.632365,-0.001921,0.002129,-0.000136,0.028690,0.250
8,camera,10240863,data/2_2026.1/shard-000084.tar,256x256,vertical,1.1558,0.000,0.5000,0.0,1,0,0.366225,0.371876,0.005650,,-0.000596,,0.250,0.366332,0.379431,0.013099,,-0.001485,,0.500,0.359998,0.370136,0.010138,,-0.000724,,0.500
9,camera,10217618,data/2_2026.1/shard-000084.tar,256x256,vertical,1.2900,4.438,0.9176,71.0,0,0,0.378699,0.380944,0.002245,0.016807,-0.003562,0.146020,0.250,0.374397,0.378820,0.004423,0.006609,-0.000853,0.068776,0.500,0.374657,0.377417,0.002760,0.005160,-0.000925,0.067321,0.500
10,camera,10217497,data/2_2026.1/shard-000084.tar,256x256,vertical,1.2469,1.500,0.3310,-24.0,0,0,0.322142,0.322229,0.000087,-0.002177,-0.002865,0.039260,0.250,0.321607,0.322618,0.001011,-0.002494,-0.002424,0.031349,0.250,0.318590,0.319639,0.001049,-0.000955,-0.000897,0.027919,0.250
11,camera,10214722,data/2_2026.1/shard-000084.tar,256x256,vertical,1.1842,2.844,0.0583,-45.5,0,0,0.628759,0.626317,-0.002442,0.001364,-0.001126,0.073649,0.250,0.626210,0.627853,0.001643,0.003176,0.001750,0.055544,0.500,0.626643,0.627662,0.001019,0.002977,0.000602,0.052926,0.500
12,camera,10384040,data/2_2026.1/shard-000084.tar,256x256,vertical,1.2006,2.469,0.1504,-39.5,0,0,0.514492,0.509740,-0.004752,-0.002199,0.002568,0.057407,0.000,0.511044,0.509470,-0.001573,-0.001320,0.000654,0.034920,0.000,0.510783,0.510232,-0.000550,0.000134,0.001175,0.037334,0.250
13,camera,10540670,data/2_2026.1/shard-000084.tar,256x256,vertical,1.1891,2.688,0.9057,43.0,0,0,0.621531,0.621898,0.000367,0.007084,0.001411,0.086653,0.250,0.619512,0.622314,0.002803,0.005516,0.003113,0.064344,0.750,0.615223,0.619723,0.004500,0.006500,0.004777,0.062563,0.750
14,camera,9984151,data/2_2026.1/shard-000084.tar,256x256,horizontal,1.1726,1.000,0.6667,16.0,0,0,0.574133,0.573810,-0.000322,0.001167,0.000779,0.033862,0.250,0.573923,0.573701,-0.000222,0.001343,0.000276,0.030596,0.250,0.573488,0.573361,-0.000127,0.001885,0.000737,0.031158,0.500
15,camera,10311460,data/2_2026.1/shard-000084.tar,256x256,vertical,1.2216,2.188,0.2222,-35.0,0,0,0.713470,0.714462,0.000992,0.000661,-0.001080,0.061985,0.250,0.711108,0.714961,0.003853,0.003530,0.001295,0.055826,0.750,0.711500,0.713866,0.002366,0.002961,0.000905,0.054803,0.750
16,camera,10132939,data/2_2026.1/shard-000084.tar,256x256,vertical,1.1875,0.469,0.4286,-7.5,0,0,0.369295,0.369417,0.000121,-0.000513,0.009792,0.013823,0.000,0.367895,0.368718,0.000823,-0.000136,0.001142,0.012643,0.000,0.367774,0.368755,0.000981,-0.000294,0.000985,0.012495,0.000
17,camera,10432683,data/2_2026.1/shard-000084.tar,256x256,vertical,1.1759,0.188,0.5306,3.0,0,0,0.173590,0.174017,0.000427,0.000105,0.004745,0.016672,0.250,0.170051,0.173198,0.003148,0.000191,0.000758,0.007908,0.750,0.170937,0.173062,0.002125,0.000106,0.000286,0.006975,0.250
18,camera,10210810,data/2_2026.1/shard-000084.tar,256x256,vertical,1.1541,0.531,0.4000,-8.5,0,0,0.666725,0.664267,-0.002458,0.000095,-0.000351,0.024790,0.000,0.664268,0.664675,0.000407,-0.000246,-0.000436,0.014792,0.250,0.667752,0.667955,0.000202,-0.000101,-0.000878,0.013910,0.000
19,camera,10470490,data/2_2026.1/shard-000084.tar,256x256,vertical,1.2484,0.344,0.5385,5.5,0,0,0.669957,0.667950,-0.002007,-0.000571,-0.002241,0.013581,0.000,0.670038,0.671049,0.001011,-0.000117,-0.000991,0.014634,0.250,0.666964,0.667642,0.000679,-0.000502,-0.001221,0.014403,0.250
20,camera,9937009,data/2_2026.1/shard-000084.tar,256x256,vertical,1.2247,3.500,0.9375,56.0,0,0,0.521509,0.515449,-0.006060,0.006191,-0.004263,0.122386,0.000,0.514634,0.516250,0.001616,0.003863,-0.000699,0.061665,0.500,0.511695,0.514352,0.002657,0.002869,0.000091,0.061878,0.500
21,camera,10089633,data/2_2026.1/shard-000084.tar,256x256,vertical,1.1057,0.594,0.3333,-9.5,0,0,0.300615,0.305265,0.004650,0.004525,0.006344,0.086089,0.250,0.306536,0.310113,0.003578,-0.000212,0.000047,0.046099,0.750,0.304411,0.307967,0.003556,0.000356,0.001016,0.048439,0.250
22,camera,10356899,data/2_2026.1/shard-000084.tar,256x256,horizontal,1.1541,0.719,0.6353,11.5,0,0,0.595313,0.596036,0.000724,0.005100,0.000171,0.048033,0.500,0.596366,0.597644,0.001278,0.003956,0.001693,0.034447,0.250,0.596442,0.597715,0.001273,0.004288,0.002346,0.035574,0.500
23,camera,10158578,data/2_2026.1/shard-000084.tar,256x256,horizontal,1.3332,0.094,0.5075,1.5,0,0,0.709220,0.704524,-0.004696,0.000044,-0.004475,0.004785,0.250,0.704566,0.703495,-0.001070,0.000031,-0.000769,0.005139,0.250,0.705277,0.703380,-0.001897,-0.000049,-0.001686,0.005007,0.000
24,camera,10243635,data/2_2026.1/shard-000084.tar,256x256,vertical,1.2167,1.906,0.2520,-30.5,0,0,0.515898,0.515201,-0.000697,0.001713,0.000404,0.045662,0.250,0.512762,0.514330,0.001568,0.002021,0.000302,0.029560,0.250,0.513013,0.514963,0.001950,0.002731,0.000326,0.032760,0.500
25,camera,10283785,data/2_2026.1/shard-000084.tar,256x256,horizontal,1.1859,2.812,0.9327,45.0,0,0,0.540910,0.540229,-0.000681,0.002779,0.001622,0.065507,0.250,0.537820,0.540980,0.003160,0.002233,0.004885,0.039338,1.000,0.537832,0.541059,0.003227,0.002591,0.004177,0.040208,1.000
26,camera,10124607,data/2_2026.1/shard-000084.tar,256x256,vertical,1.3332,4.156,0.8342,66.5,0,0,0.479417,0.466109,-0.013307,0.006884,-0.010471,0.134666,0.000,0.460120,0.465579,0.005459,0.000894,0.001396,0.054182,0.500,0.458957,0.466826,0.007870,0.002928,0.001496,0.056948,0.750
27,camera,10362264,data/2_2026.1/shard-000084.tar,256x256,vertical,1.2200,3.844,0.0080,-61.5,0,0,0.707541,0.700649,-0.006892,-0.005079,-0.007498,0.116090,0.000,0.701596,0.703132,0.001536,-0.002497,-0.001367,0.071370,0.000,0.700204,0.702271,0.002067,-0.002633,0.000249,0.062146,0.750
28,camera,10049064,data/2_2026.1/shard-000084.tar,256x256,vertical,1.1659,1.500,0.7609,24.0,0,0,0.381660,0.382554,0.000894,0.001930,0.007501,0.044732,0.750,0.384391,0.382167,-0.002224,-0.001050,0.001352,0.050822,0.000,0.380666,0.379284,-0.001382,-0.000645,0.001873,0.048816,0.250
29,camera,10256120,data/2_2026.1/shard-000084.tar,256x256,vertical,1.2216,1.000,0.6270,16.0,0,0,0.408376,0.407496,-0.000880,-0.000458,0.000445,0.022440,0.000,0.407065,0.407479,0.000415,0.000582,0.000243,0.022084,0.500,0.402050,0.400500,-0.001550,0.000947,-0.000590,0.026418,0.000
30,camera,10496576,data/2_2026.1/shard-000084.tar,256x256,horizontal,1.1693,1.750,0.2021,-28.0,0,0,0.734124,0.725057,-0.009066,0.000804,0.000593,0.077598,0.250,0.734816,0.728702,-0.006114,0.003352,0.003104,0.065757,0.250,0.736594,0.728661,-0.007933,0.002045,0.001850,0.070920,0.750
31,camera,10370068,data/2_2026.1/shard-000084.tar,256x256,vertical,1.1891,2.188,0.1698,-35.0,0,0,0.621733,0.618787,-0.002946,-0.001137,0.000942,0.065791,0.000,0.619555,0.618831,-0.000724,-0.000587,0.002275,0.046443,0.000,0.619561,0.619135,-0.000426,0.000395,0.001784,0.051134,0.000
32,camera,10361502,data/2_2026.1/shard-000084.tar,256x256,vertical,1.2655,3.812,0.8961,61.0,0,0,0.571498,0.576692,0.005194,0.018043,-0.000031,0.169304,0.500,0.545463,0.575982,0.030519,0.033013,0.028382,0.153882,0.750,0.548852,0.574521,0.025670,0.029865,0.024736,0.144005,1.000
33,camera,10221342,data/2_2026.1/shard-000084.tar,256x256,vertical,1.2516,0.906,0.6000,14.5,0,0,0.604670,0.601241,-0.003429,-0.001026,0.002158,0.019568,0.000,0.602004,0.600609,-0.001395,-0.000264,0.000270,0.018816,0.000,0.601651,0.600822,-0.000830,-0.000650,-0.000222,0.019315,0.000
34,camera,10537337,data/2_2026.1/shard-000084.tar,256x256,horizontal,1.3332,0.906,0.4271,-14.5,0,0,0.596709,0.592050,-0.004660,-0.000666,-0.004281,0.020083,0.000,0.591658,0.591325,-0.000333,-0.000258,-0.001619,0.020942,0.000,0.591901,0.590931,-0.000971,-0.000739,-0.002010,0.021483,0.250
35,camera,10392717,data/2_2026.1/shard-000084.tar,256x256,vertical,1.1558,0.125,0.5233,2.0,0,0,0.514729,0.521447,0.006718,0.000366,0.010800,0.011501,0.750,0.518236,0.524944,0.006708,0.000259,0.001675,0.007016,0.500,0.516308,0.524227,0.007919,0.000257,0.000867,0.007397,0.750
36,camera,10199341,data/2_2026.1/shard-000084.tar,256x256,vertical,1.2839,0.438,0.5422,7.0,0,0,0.335459,0.330777,-0.004682,-0.001578,0.004432,0.015240,0.000,0.336411,0.334587,-0.001823,-0.000698,0.000662,0.012333,0.000,0.333247,0.333327,0.000080,-0.000265,0.000737,0.013896,0.250
37,camera,10212745,data/2_2026.1/shard-000084.tar,256x256,horizontal,1.3332,1.656,0.6332,26.5,0,0,0.412171,0.408247,-0.003924,-0.000141,0.004549,0.025597,0.250,0.411528,0.411027,-0.000501,0.000322,0.001551,0.018914,0.250,0.409611,0.409085,-0.000525,0.000103,0.001074,0.018769,0.250
38,camera,10409094,data/2_2026.1/shard-000084.tar,256x256,vertical,1.2809,3.062,0.7988,49.0,0,0,0.529722,0.539706,0.009983,0.019363,0.011699,0.144900,0.500,0.523072,0.537984,0.014911,0.011100,0.014506,0.110295,0.750,0.524782,0.536348,0.011566,0.007336,0.011390,0.109015,0.750
39,camera,10251906,data/2_2026.1/shard-000084.tar,256x256,vertical,1.3065,2.031,0.6796,32.5,0,0,0.347591,0.346620,-0.000970,0.002577,-0.002103,0.048567,0.000,0.342145,0.347927,0.005782,0.004164,0.003252,0.040502,1.000,0.341830,0.347460,0.005630,0.004108,0.003337,0.046564,1.000
40,camera,9929649,data/2_2026.1/shard-000084.tar,256x256,vertical,1.1891,2.375,0.8585,38.0,0,0,0.901109,0.902167,0.001059,0.003560,0.000531,0.070610,0.250,0.898830,0.902299,0.003469,0.004115,-0.000056,0.062942,0.500,0.898818,0.901790,0.002972,0.004521,-0.000160,0.059833,0.750
41,camera,10169420,data/2_2026.1/shard-000084.tar,256x256,vertical,1.1541,2.594,0.9882,41.5,0,0,0.501898,0.502677,0.000779,0.005299,-0.002566,0.095022,0.250,0.501796,0.504403,0.002607,0.004995,-0.001043,0.079276,0.500,0.497648,0.499743,0.002095,0.004105,-0.000028,0.064682,0.750
42,camera,10245375,data/2_2026.1/shard-000084.tar,256x256,vertical,1.1809,2.094,0.1683,-33.5,0,0,0.589615,0.593362,0.003747,0.001403,0.000083,0.069977,0.250,0.589234,0.594515,0.005280,-0.000918,-0.001967,0.048913,0.000,0.586996,0.592890,0.005894,0.000337,-0.001164,0.047952,0.250
43,camera,10223897,data/2_2026.1/shard-000084.tar,256x256,vertical,1.2870,1.750,0.6667,28.0,0,0,0.728151,0.730894,0.002743,0.004273,-0.000748,0.057581,0.250,0.724670,0.730148,0.005478,0.003611,-0.000037,0.043684,0.500,0.722282,0.729414,0.007132,0.004831,0.000001,0.052716,0.500
44,camera,10411067,data/2_2026.1/shard-000084.tar,256x256,vertical,1.1875,0.281,0.5429,4.5,0,0,0.366728,0.368952,0.002225,0.000390,0.000888,0.009429,0.750,0.363349,0.367862,0.004513,0.000428,0.000683,0.010734,1.000,0.363814,0.368071,0.004257,0.000361,0.000815,0.010884,1.000
45,camera,10445504,data/2_2026.1/shard-000084.tar,256x256,vertical,1.1891,1.000,0.6509,16.0,0,0,0.532240,0.530151,-0.002088,-0.001447,-0.000478,0.035180,0.000,0.536206,0.531474,-0.004732,-0.004287,-0.002926,0.034617,0.000,0.536857,0.531336,-0.005521,-0.004833,-0.003015,0.037720,0.000
46,camera,10043117,data/2_2026.1/shard-000084.tar,256x256,horizontal,1.2247,3.000,0.1250,-48.0,0,0,0.721718,0.716650,-0.005069,-0.001179,0.008914,0.115999,0.250,0.715069,0.716908,0.001838,0.001960,0.013184,0.083746,0.250,0.714021,0.715194,0.001173,0.000054,0.018991,0.079819,0.250
47,camera,9921601,data/2_2026.1/shard-000084.tar,256x256,vertical,1.2809,0.125,0.5122,2.0,0,0,0.624245,0.624768,0.000523,0.000655,0.002354,0.008526,0.250,0.617503,0.623276,0.005773,0.000534,0.005841,0.007742,0.750,0.616248,0.623960,0.007712,0.000727,0.006490,0.007876,0.500
48,camera,9968476,data/2_2026.1/shard-000084.tar,256x256,vertical,1.1354,0.125,0.5270,2.0,0,0,0.682677,0.682486,-0.000191,-0.000208,0.009362,0.006725,0.000,0.682164,0.682135,-0.000029,-0.000374,-0.000235,0.006422,0.000,0.678766,0.680384,0.001618,-0.000521,-0.002525,0.007267,0.000
49,camera,10229287,data/2_2026.1/shard-000084.tar,256x256,vertical,1.1371,1.156,0.2533,-18.5,0,0,0.472258,0.472593,0.000336,0.000151,0.003041,0.051036,0.500,0.471431,0.471436,0.000005,0.001344,0.001479,0.036835,0.500,0.470883,0.471508,0.000625,0.001437,0.001774,0.036471,0.500
50,camera,10489224,data/2_2026.1/shard-000084.tar,256x256,vertical,1.1541,2.031,0.1176,-32.5,0,0,0.435658,0.437294,0.001637,0.000083,0.000052,0.052831,0.500,0.436579,0.437073,0.000494,-0.001095,-0.001300,0.034853,0.500,0.435002,0.434788,-0.000214,-0.001507,-0.001358,0.038453,0.250
51,camera,10159228,data/2_2026.1/shard-000084.tar,256x256,vertical,1.2327,0.031,0.5038,0.5,0,0,0.444234,0.441705,-0.002529,0.000099,-0.001450,0.003831,0.250,0.442658,0.441742,-0.000916,-0.000097,-0.000418,0.004659,0.250,0.443006,0.442096,-0.000910,0.000014,0.000730,0.003918,0.250
52,camera,10304576,data/2_2026.1/shard-000084.tar,256x256,vertical,1.1405,0.406,0.4156,-6.5,0,0,0.359745,0.359565,-0.000180,0.000531,0.037189,0.011390,0.500,0.357638,0.358502,0.000864,0.000403,0.001087,0.009834,0.500,0.358626,0.359148,0.000522,0.000199,0.000204,0.010200,0.750
53,camera,10445631,data/2_2026.1/shard-000084.tar,256x256,vertical,1.1891,1.250,0.6887,20.0,0,0,0.446514,0.447314,0.000799,0.004149,-0.000010,0.040108,0.500,0.443361,0.447052,0.003691,0.002075,0.000610,0.031909,0.500,0.444228,0.447872,0.003644,0.002273,0.001681,0.030734,0.500
54,camera,10203134,data/2_2026.1/shard-000084.tar,256x256,horizontal,1.3170,2.375,0.7021,38.0,0,0,0.840579,0.842566,0.001987,0.006108,0.000051,0.084571,0.250,0.837426,0.843410,0.005984,0.002740,0.004949,0.063321,0.500,0.835125,0.842893,0.007768,0.001765,0.007073,0.053972,0.750
55,camera,10405350,data/2_2026.1/shard-000084.tar,256x256,vertical,1.1891,2.812,0.9245,45.0,0,0,0.411680,0.413668,0.001988,0.005653,0.000989,0.079015,0.500,0.411923,0.415639,0.003716,0.004838,0.002704,0.066087,0.750,0.410878,0.416039,0.005161,0.004842,0.003879,0.059871,0.500
56,camera,10313199,data/2_2026.1/shard-000084.tar,256x256,vertical,1.1891,2.375,0.1415,-38.0,0,0,0.371206,0.369476,-0.001730,0.003776,0.000105,0.072205,0.250,0.370628,0.372552,0.001924,0.003815,0.000390,0.049214,0.250,0.368487,0.368768,0.000280,0.001348,-0.000482,0.031753,0.250
57,camera,10414041,data/2_2026.1/shard-000084.tar,256x256,vertical,1.1842,0.281,0.5437,4.5,0,0,0.412960,0.415222,0.002262,0.000857,0.011495,0.018495,0.500,0.412608,0.415264,0.002657,0.000766,0.004913,0.017310,0.500,0.414797,0.417060,0.002263,0.000074,0.008168,0.014072,0.250
58,camera,10443648,data/2_2026.1/shard-000084.tar,256x256,vertical,1.1558,2.312,0.0698,-37.0,0,0,0.595491,0.597351,0.001860,0.001273,-0.000259,0.042920,0.500,0.595183,0.596879,0.001696,0.000365,-0.000083,0.035428,0.750,0.597502,0.598570,0.001069,0.000419,-0.000253,0.034330,0.750
59,camera,10227981,data/2_2026.1/shard-000084.tar,256x256,vertical,1.1891,2.375,0.8585,38.0,0,0,0.463949,0.463322,-0.000628,0.004011,-0.000103,0.067694,0.250,0.460932,0.463314,0.002382,0.004705,0.002229,0.063230,0.250,0.459792,0.462704,0.002913,0.003879,0.000845,0.055598,0.250
60,camera,10284768,data/2_2026.1/shard-000084.tar,256x256,vertical,1.3448,2.094,0.6618,33.5,0,0,0.506305,0.498616,-0.007689,0.002865,-0.007195,0.051262,0.000,0.500048,0.499597,-0.000451,0.000056,-0.000795,0.037631,0.500,0.496677,0.497938,0.001262,0.000106,-0.000855,0.039981,0.250
61,camera,10311884,data/2_2026.1/shard-000084.tar,256x256,vertical,1.2151,3.312,0.0656,-53.0,0,0,0.661735,0.656096,-0.005639,-0.000720,-0.003224,0.101197,0.000,0.659003,0.656815,-0.002188,-0.001859,-0.000521,0.062926,0.500,0.659530,0.658130,-0.001400,-0.000855,-0.000372,0.064288,0.500
62,camera,10364204,data/2_2026.1/shard-000084.tar,256x256,horizontal,1.1541,0.406,0.5765,6.5,0,0,0.615523,0.615880,0.000357,-0.000006,0.000184,0.017642,0.250,0.616734,0.617024,0.000290,-0.000528,0.001620,0.015992,0.000,0.614626,0.614917,0.000290,-0.000852,0.001950,0.016206,0.250
63,camera,10042228,data/2_2026.1/shard-000084.tar,256x256,vertical,1.1891,1.312,0.3019,-21.0,0,0,0.711815,0.710928,-0.000887,-0.000721,-0.000829,0.032030,0.250,0.714630,0.715516,0.000886,0.000199,-0.000415,0.032479,0.750,0.712466,0.712353,-0.000112,-0.000170,-0.000581,0.030750,0.750
64,camera,10093824,data/2_2026.1/shard-000084.tar,256x256,vertical,1.1973,0.531,0.5766,8.5,0,0,0.492132,0.491715,-0.000417,-0.000280,-0.000093,0.019419,0.500,0.488125,0.489664,0.001539,-0.000044,0.001358,0.016155,0.500,0.489494,0.491249,0.001755,0.000110,0.002496,0.015246,0.250
65,camera,9991274,data/2_2026.1/shard-000084.tar,256x256,vertical,1.2900,0.250,0.4765,-4.0,0,0,0.466602,0.467293,0.000691,-0.000303,0.000008,0.011393,0.250,0.461765,0.464574,0.002809,-0.000013,-0.001364,0.012143,0.250,0.460750,0.461907,0.001157,-0.000564,-0.002126,0.018960,0.000
66,camera,10041346,data/2_2026.1/shard-000084.tar,256x256,vertical,1.2374,0.812,0.5956,13.0,0,0,0.633582,0.630167,-0.003415,-0.001207,-0.002211,0.020948,0.250,0.633416,0.631133,-0.002283,0.000193,-0.002149,0.031696,0.500,0.631436,0.629676,-0.001760,0.000331,-0.002294,0.030409,0.500
67,camera,10176683,data/2_2026.1/shard-000084.tar,256x256,vertical,1.2135,2.156,0.7851,34.5,0,0,0.411423,0.415114,0.003691,0.007115,0.006969,0.085148,0.750,0.405008,0.414895,0.009887,0.012875,0.012836,0.082202,0.750,0.402268,0.412352,0.010084,0.011678,0.011743,0.080253,0.750
68,camera,10527660,data/2_2026.1/shard-000084.tar,256x256,horizontal,1.3332,4.719,0.8794,75.5,0,0,0.695340,0.677173,-0.018166,0.002005,-0.014988,0.143658,0.250,0.672207,0.674365,0.002159,0.001085,0.004178,0.071819,0.500,0.670959,0.674681,0.003723,0.002474,0.006424,0.078174,0.250
69,camera,9924802,data/2_2026.1/shard-000084.tar,256x256,vertical,1.1541,0.094,0.4824,-1.5,0,0,0.471082,0.468552,-0.002530,-0.000455,0.030973,0.006810,0.250,0.469366,0.466951,-0.002416,-0.000460,0.011875,0.007530,0.500,0.470206,0.467713,-0.002493,-0.000214,0.011028,0.006447,0.250
70,camera,9985105,data/2_2026.1/shard-000084.tar,256x256,horizontal,1.3050,4.062,0.1389,-65.0,0,0,0.596266,0.583437,-0.012829,0.002531,-0.011611,0.147446,0.000,0.584195,0.584212,0.000017,0.001566,-0.000402,0.058148,0.500,0.585634,0.585090,-0.000545,0.000775,-0.000722,0.054466,0.250
71,camera,10450796,data/2_2026.1/shard-000084.tar,256x256,vertical,1.2854,1.531,0.6467,24.5,0,0,0.521283,0.521775,0.000492,0.001315,0.001209,0.030609,0.250,0.517802,0.522955,0.005152,0.001514,0.002618,0.027112,0.250,0.517929,0.522502,0.004572,0.001693,0.002049,0.025643,0.500
72,camera,10490023,data/2_2026.1/shard-000084.tar,256x256,vertical,1.1891,0.688,0.6038,11.0,0,0,0.605786,0.601307,-0.004479,-0.006969,-0.004595,0.072516,0.000,0.602560,0.603593,0.001032,-0.000672,0.000349,0.035269,0.250,0.596790,0.599362,0.002572,-0.000517,0.003365,0.035816,0.250
73,camera,10143452,data/2_2026.1/shard-000084.tar,256x256,vertical,1.2686,0.750,0.5769,12.0,0,0,0.675523,0.677888,0.002365,0.000772,-0.000592,0.022857,0.250,0.671998,0.675975,0.003976,-0.000343,0.000325,0.024248,0.250,0.670436,0.674398,0.003962,0.000238,0.000389,0.020430,0.750
74,camera,10291508,data/2_2026.1/shard-000084.tar,256x256,vertical,1.1676,1.719,0.2043,-27.5,0,0,0.578496,0.578128,-0.000368,0.001173,0.004238,0.034959,0.500,0.580557,0.581341,0.000785,0.003021,0.000662,0.034382,0.500,0.577973,0.578629,0.000656,0.002098,0.000927,0.029176,0.750
75,camera,10336607,data/2_2026.1/shard-000084.tar,256x256,vertical,1.1908,0.031,0.5047,0.5,0,0,0.557643,0.558442,0.000799,0.000045,0.007474,0.003667,0.500,0.556834,0.559274,0.002440,-0.000031,0.006388,0.004485,0.250,0.554558,0.557898,0.003340,0.000067,0.005957,0.004229,0.500
76,camera,10465662,data/2_2026.1/shard-000084.tar,256x256,vertical,1.1891,2.062,0.8113,33.0,0,0,0.360727,0.360896,0.000169,-0.000018,0.000266,0.040029,0.250,0.356126,0.357718,0.001592,-0.000257,0.001394,0.028229,0.500,0.355539,0.357445,0.001906,0.000369,0.002012,0.028505,0.750
77,camera,10547443,data/2_2026.1/shard-000084.tar,256x256,vertical,1.2655,2.250,0.2662,-36.0,0,0,0.309791,0.307970,-0.001821,0.002998,-0.003422,0.054641,0.250,0.305691,0.307802,0.002111,0.003144,0.000050,0.036436,0.500,0.305040,0.307713,0.002673,0.003915,0.000847,0.037103,0.250
78,camera,10386216,data/2_2026.1/shard-000084.tar,256x256,vertical,1.2167,2.281,0.7967,36.5,0,0,0.645555,0.651401,0.005846,0.012290,0.013931,0.127528,0.250,0.647156,0.657069,0.009912,0.012426,0.018462,0.104538,0.500,0.645747,0.655928,0.010182,0.012306,0.019751,0.103318,0.250
79,camera,9923651,data/2_2026.1/shard-000084.tar,256x256,horizontal,1.2135,3.094,0.9091,49.5,0,0,0.498819,0.496042,-0.002777,0.001726,-0.003715,0.087692,0.000,0.496407,0.495420,-0.000987,-0.001493,-0.001789,0.050979,0.000,0.497746,0.496820,-0.000926,-0.001010,-0.002519,0.045728,0.000
80,camera,10330205,data/2_2026.1/shard-000084.tar,256x256,horizontal,1.1541,0.594,0.6118,9.5,0,0,0.640147,0.641454,0.001306,0.000027,-0.000064,0.023213,0.750,0.639241,0.643200,0.003959,-0.000376,0.000517,0.020739,0.250,0.640967,0.644902,0.003935,-0.000768,0.000010,0.022761,0.250
81,camera,10026574,data/2_2026.1/shard-000084.tar,256x256,vertical,1.1875,1.781,0.7714,28.5,0,0,0.497098,0.498183,0.001085,0.002729,0.002071,0.051449,0.500,0.493866,0.496934,0.003069,0.002615,0.002160,0.048487,0.500,0.492910,0.496247,0.003336,0.005916,0.002089,0.058512,0.500
82,camera,10406245,data/2_2026.1/shard-000084.tar,256x256,vertical,1.1875,2.969,0.0476,-47.5,0,0,0.439596,0.432126,-0.007471,-0.002637,-0.000467,0.083563,0.000,0.432599,0.433324,0.000725,0.001942,-0.000079,0.053247,0.500,0.434948,0.434860,-0.000088,0.001300,-0.000253,0.050342,0.500
83,camera,10001529,data/2_2026.1/shard-000084.tar,256x256,vertical,1.4416,1.000,0.4420,-16.0,0,0,0.398475,0.388661,-0.009814,-0.000976,-0.004401,0.030073,0.000,0.392166,0.391483,-0.000683,0.003377,-0.000423,0.037901,0.250,0.388828,0.389310,0.000482,0.004889,0.000520,0.051250,0.250
84,camera,10516266,data/2_2026.1/shard-000084.tar,256x256,horizontal,1.2087,3.062,0.0847,-49.0,0,0,0.269964,0.265048,-0.004916,-0.002749,-0.004620,0.080923,0.000,0.265749,0.265377,-0.000371,-0.000080,-0.000498,0.039204,0.250,0.265682,0.265768,0.000086,-0.000049,-0.000421,0.037484,0.500
85,camera,10201546,data/2_2026.1/shard-000084.tar,256x256,vertical,1.2200,2.781,0.1440,-44.5,0,0,0.546061,0.547542,0.001481,0.003061,0.014879,0.083634,0.500,0.537839,0.545171,0.007333,0.006507,0.018561,0.054264,0.750,0.539534,0.546882,0.007348,0.007133,0.018370,0.059112,0.750
86,camera,10312018,data/2_2026.1/shard-000084.tar,256x256,vertical,1.4470,6.812,0.1107,-109.0,0,0,0.747444,0.706888,-0.040556,0.002796,-0.037612,0.166850,0.000,0.706537,0.707195,0.000659,0.010243,-0.002496,0.101765,0.500,0.704950,0.705881,0.000930,0.011177,-0.001875,0.087610,0.500
87,camera,10333929,data/2_2026.1/shard-000084.tar,256x256,vertical,1.1541,2.656,0.0000,-42.5,0,0,0.405291,0.403767,-0.001524,-0.000647,-0.001744,0.057266,0.250,0.403987,0.403654,-0.000333,0.000203,0.000826,0.036772,0.500,0.405870,0.404768,-0.001102,-0.000511,-0.000135,0.036852,0.500
88,camera,10061350,data/2_2026.1/shard-000084.tar,256x256,horizontal,1.1908,0.406,0.5607,6.5,0,0,0.822149,0.827100,0.004951,0.000698,-0.000563,0.028355,0.250,0.822097,0.827230,0.005133,0.000106,-0.002225,0.015915,0.250,0.815384,0.823737,0.008353,0.000419,-0.000342,0.019285,0.500
89,camera,10039166,data/2_2026.1/shard-000084.tar,256x256,horizontal,1.1891,2.688,0.9057,43.0,0,0,0.733975,0.732891,-0.001084,0.002748,0.000179,0.080019,0.250,0.731854,0.732250,0.000396,0.003459,0.002564,0.064421,0.500,0.733490,0.734990,0.001500,0.003272,0.003420,0.067242,0.750
90,camera,9936069,data/2_2026.1/shard-000084.tar,256x256,vertical,1.2055,2.938,0.0948,-47.0,0,0,0.605127,0.611009,0.005882,0.012665,-0.003401,0.111600,0.250,0.597579,0.612327,0.014748,0.015891,0.001556,0.090562,0.500,0.597998,0.612765,0.014766,0.015036,0.000606,0.093307,0.750
91,camera,10279464,data/2_2026.1/shard-000084.tar,256x256,vertical,1.1859,0.062,0.4904,-1.0,0,0,0.507255,0.509263,0.002009,-0.000082,0.005451,0.004906,0.500,0.503282,0.506141,0.002859,0.000037,0.002987,0.004669,0.500,0.506769,0.507532,0.000763,0.000026,0.001467,0.004565,0.500
92,camera,10414568,data/2_2026.1/shard-000084.tar,256x256,vertical,1.2055,2.812,0.1121,-45.0,0,0,0.269097,0.266693,-0.002404,-0.001163,-0.003434,0.073700,0.000,0.265362,0.265831,0.000470,0.001696,-0.000497,0.035541,0.500,0.266296,0.267111,0.000815,0.002471,0.000191,0.038897,0.500
93,camera,10288008,data/2_2026.1/shard-000084.tar,256x256,vertical,1.1924,1.125,0.3333,-18.0,0,0,0.696399,0.696602,0.000203,-0.001748,0.002762,0.032860,0.250,0.696853,0.699179,0.002326,-0.000885,-0.000298,0.023666,0.250,0.693292,0.695457,0.002164,-0.000616,0.000001,0.023332,0.250
94,camera,10523074,data/2_2026.1/shard-000084.tar,256x256,vertical,1.3332,4.406,0.8543,70.5,0,0,0.663328,0.650139,-0.013189,0.002934,-0.009925,0.113538,0.000,0.651516,0.650471,-0.001045,0.001147,-0.000371,0.051607,0.250,0.651728,0.651199,-0.000530,0.001525,-0.000326,0.049626,0.250
95,camera,10487435,data/2_2026.1/shard-000084.tar,256x256,vertical,1.2183,1.875,0.2581,-30.0,0,0,0.784671,0.784763,0.000091,0.000117,0.004513,0.045645,0.500,0.778693,0.781190,0.002497,0.001756,0.001256,0.038492,0.500,0.781016,0.784421,0.003405,0.002216,0.001064,0.042529,0.500
96,camera,10162538,data/2_2026.1/shard-000084.tar,256x256,vertical,1.1891,0.875,0.3679,-14.0,0,0,0.871952,0.870349,-0.001603,-0.003037,-0.000483,0.048308,0.000,0.866283,0.869521,0.003238,-0.000249,0.005269,0.031104,0.500,0.867390,0.870609,0.003218,-0.000297,0.005334,0.033978,0.250
97,camera,10092177,data/2_2026.1/shard-000084.tar,256x256,vertical,1.1759,1.625,0.2347,-26.0,0,0,0.751429,0.748713,-0.002716,0.000581,0.000499,0.054857,0.000,0.749890,0.750108,0.000218,0.000024,-0.000034,0.035343,0.500,0.750001,0.749365,-0.000636,-0.000796,-0.000479,0.038578,0.000
98,camera,10418783,data/2_2026.1/shard-000084.tar,256x256,vertical,1.1180,0.438,0.6094,7.0,0,0,0.500847,0.500928,0.000081,0.001092,0.006391,0.014792,0.500,0.497885,0.497875,-0.000009,0.000390,0.002645,0.014064,0.000,0.499783,0.499450,-0.000333,-0.000171,0.002404,0.014665,0.500
99,camera,10544032,data/2_2026.1/shard-000084.tar,256x256,horizontal,1.2087,2.375,0.8220,38.0,0,0,0.813619,0.811027,-0.002591,-0.004668,-0.005677,0.065585,0.000,0.810725,0.811111,0.000385,-0.004858,-0.005105,0.053682,0.500,0.810591,0.811558,0.000967,-0.006882,-0.007497,0.056264,0.250
100,camera,10058789,data/2_2026.1/shard-000084.tar,256x256,vertical,1.1541,1.656,0.1882,-26.5,0,0,0.438680,0.439161,0.000481,-0.000318,-0.000087,0.038025,0.250,0.438273,0.439799,0.001526,-0.000377,-0.000280,0.033104,0.250,0.438965,0.440529,0.001564,-0.000197,-0.000026,0.033501,0.500
101,camera,9943349,data/2_2026.1/shard-000084.tar,256x256,horizontal,1.1541,1.031,0.3059,-16.5,0,0,0.554694,0.550788,-0.003905,-0.002613,0.020006,0.048467,0.250,0.556019,0.553866,-0.002153,-0.001494,0.007862,0.041620,0.000,0.555733,0.553982,-0.001751,-0.002353,0.006806,0.045126,0.250
102,camera,10081045,data/2_2026.1/shard-000084.tar,256x256,horizontal,1.2006,1.094,0.6549,17.5,0,0,0.423085,0.424152,0.001067,0.000322,0.006539,0.036329,0.250,0.421060,0.424317,0.003257,0.000807,0.006975,0.028027,0.250,0.419136,0.424396,0.005260,0.000106,0.007407,0.031384,0.500
103,camera,10411828,data/2_2026.1/shard-000084.tar,256x256,horizontal,1.2247,1.000,0.6250,16.0,0,0,0.514904,0.513642,-0.001262,-0.001222,0.012941,0.034575,0.000,0.512519,0.511832,-0.000687,-0.001006,0.002769,0.028896,0.250,0.511098,0.510772,-0.000326,-0.000697,0.001920,0.022870,0.250
104,camera,10481719,data/2_2026.1/shard-000084.tar,256x256,horizontal,1.1541,0.781,0.6471,12.5,0,0,0.551267,0.553469,0.002202,0.002500,0.002131,0.054695,0.500,0.550558,0.553864,0.003305,0.002042,0.000043,0.040358,0.500,0.548488,0.552874,0.004386,0.002103,0.000118,0.041688,0.500
105,camera,10203047,data/2_2026.1/shard-000084.tar,256x256,vertical,1.1891,2.500,0.8774,40.0,0,0,0.517938,0.517900,-0.000037,0.002453,0.000852,0.060579,0.250,0.515737,0.520101,0.004364,0.005231,0.004836,0.050746,1.000,0.514497,0.517354,0.002858,0.004714,0.004198,0.050566,0.750
106,camera,10381157,data/2_2026.1/shard-000084.tar,256x256,vertical,1.1842,1.031,0.3398,-16.5,0,0,0.965277,0.967559,0.002281,0.002366,0.002090,0.046162,0.500,0.968539,0.970379,0.001841,0.001444,0.001118,0.027905,0.250,0.965262,0.967815,0.002553,0.001588,0.001449,0.028198,0.500
107,camera,10013766,data/2_2026.1/shard-000084.tar,256x256,vertical,1.1541,1.531,0.2118,-24.5,0,0,0.705168,0.705247,0.000079,-0.001060,0.000590,0.044622,0.250,0.705757,0.707300,0.001543,-0.002207,0.000433,0.038009,0.000,0.703156,0.704095,0.000939,-0.001413,0.000422,0.036792,0.000
108,camera,9934650,data/2_2026.1/shard-000084.tar,256x256,vertical,1.3332,1.594,0.6281,25.5,0,0,0.562701,0.555048,-0.007653,0.000005,-0.007133,0.036130,0.000,0.555454,0.555000,-0.000454,-0.000989,-0.002113,0.041874,0.250,0.555520,0.555563,0.000043,-0.000636,-0.001591,0.041255,0.000
109,camera,10122064,data/2_2026.1/shard-000084.tar,256x256,horizontal,1.2960,4.375,0.0977,-70.0,0,0,0.668762,0.654843,-0.013920,0.015667,-0.014374,0.195545,0.000,0.649428,0.653300,0.003872,0.019796,0.003216,0.131725,0.750,0.649840,0.652279,0.002439,0.013711,0.002649,0.105954,0.750
110,camera,10269306,data/2_2026.1/shard-000084.tar,256x256,vertical,1.1267,1.281,0.7971,20.5,0,0,0.259498,0.261904,0.002406,0.003030,0.000630,0.044000,0.750,0.259515,0.262787,0.003273,0.003555,-0.000541,0.049559,0.750,0.258616,0.260774,0.002158,0.002994,0.000053,0.053075,1.000
111,camera,10460239,data/2_2026.1/shard-000084.tar,256x256,horizontal,1.2327,0.906,0.6090,14.5,0,0,0.699524,0.703372,0.003848,0.000122,-0.001519,0.030782,0.000,0.699918,0.702879,0.002962,-0.000049,-0.001167,0.023213,0.000,0.698310,0.700792,0.002482,-0.001050,-0.001509,0.022740,0.000
112,camera,10539278,data/2_2026.1/shard-000084.tar,256x256,horizontal,1.3244,4.344,0.8601,69.5,0,0,0.631861,0.619078,-0.012783,0.022085,-0.011398,0.196388,0.250,0.602129,0.615574,0.013445,0.021791,0.014203,0.125323,0.750,0.602694,0.616379,0.013686,0.022921,0.014272,0.126462,0.500
113,camera,10099721,data/2_2026.1/shard-000084.tar,256x256,horizontal,1.1726,1.375,0.7292,22.0,0,0,0.481077,0.484150,0.003073,0.003775,0.000753,0.051730,0.500,0.482944,0.485199,0.002255,0.002328,0.000011,0.041249,0.500,0.481803,0.484910,0.003107,0.002441,-0.000179,0.043600,0.750
114,camera,10015305,data/2_2026.1/shard-000084.tar,256x256,vertical,1.1267,0.844,0.6957,13.5,0,0,0.457012,0.458953,0.001942,0.004173,0.000708,0.040028,0.250,0.458378,0.461916,0.003538,0.003137,0.000254,0.033171,0.750,0.457491,0.460753,0.003263,0.002508,0.000770,0.034492,0.250
115,camera,10509154,data/2_2026.1/shard-000084.tar,256x256,vertical,1.1180,1.062,0.2344,-17.0,0,0,0.625853,0.626320,0.000467,0.001212,0.021684,0.030499,0.750,0.625320,0.625971,0.000651,0.001225,0.001951,0.026751,0.750,0.626492,0.627192,0.000701,0.001472,0.001612,0.026899,0.500
116,camera,10200843,data/2_2026.1/shard-000084.tar,256x256,vertical,1.1891,2.188,0.8302,35.0,0,0,0.497317,0.500476,0.003159,0.008151,0.007348,0.091897,0.500,0.496974,0.500996,0.004021,0.003218,0.001418,0.073115,0.750,0.495796,0.499387,0.003591,0.001176,-0.000651,0.070893,0.750
117,camera,10015166,data/2_2026.1/shard-000084.tar,256x256,vertical,1.1941,3.156,0.0367,-50.5,0,0,0.529985,0.528388,-0.001597,0.010714,0.019779,0.110538,0.250,0.528928,0.530393,0.001465,0.017559,0.024282,0.108578,0.250,0.523902,0.524604,0.000702,0.026541,0.032704,0.130108,0.500
118,camera,10530445,data/2_2026.1/shard-000084.tar,256x256,vertical,1.2247,1.688,0.2891,-27.0,0,0,0.685025,0.682696,-0.002329,-0.000318,0.006584,0.035949,0.250,0.681478,0.681071,-0.000406,0.001357,0.005407,0.026954,0.250,0.681831,0.681977,0.000146,0.001457,0.006042,0.029464,0.500
119,camera,10368398,data/2_2026.1/shard-000084.tar,256x256,vertical,1.1180,0.750,0.6875,12.0,0,0,0.719820,0.747208,0.027388,0.031698,0.030357,0.180067,1.000,0.706627,0.750137,0.043510,0.045321,0.041939,0.203930,1.000,0.705091,0.747320,0.042229,0.041707,0.041974,0.189790,1.000
120,camera,10523986,data/2_2026.1/shard-000084.tar,256x256,vertical,1.1163,0.469,0.3810,-7.5,0,0,0.777814,0.779259,0.001445,0.000474,0.000155,0.020488,0.750,0.777843,0.779703,0.001860,0.000617,0.001151,0.013328,0.750,0.776903,0.778879,0.001976,0.000645,0.001001,0.015307,0.750
121,camera,10501478,data/2_2026.1/shard-000084.tar,256x256,vertical,1.4142,2.688,0.3320,-43.0,0,0,0.440966,0.427406,-0.013559,-0.000839,-0.013755,0.070403,0.000,0.432127,0.429555,-0.002572,-0.000771,-0.001812,0.040056,0.000,0.429847,0.427673,-0.002174,-0.000922,-0.001839,0.037108,0.000
122,camera,10046674,data/2_2026.1/shard-000084.tar,256x256,vertical,1.1891,1.000,0.3491,-16.0,0,0,0.573509,0.573420,-0.000090,-0.002179,0.002896,0.041821,0.250,0.567156,0.572982,0.005827,-0.000421,0.014209,0.041935,0.500,0.564699,0.569709,0.005010,0.000839,0.011183,0.039270,0.500
123,camera,10210195,data/2_2026.1/shard-000084.tar,256x256,vertical,1.1891,0.750,0.3868,-12.0,0,0,0.581773,0.583831,0.002058,-0.001214,0.050511,0.034864,0.500,0.581605,0.584185,0.002580,0.000907,0.007996,0.028890,0.500,0.580636,0.584562,0.003925,0.001066,0.006361,0.028060,0.500
124,camera,9976426,data/2_2026.1/shard-000084.tar,256x256,vertical,1.1891,1.812,0.2264,-29.0,0,0,0.543026,0.544209,0.001183,0.001978,0.006247,0.051958,0.500,0.540831,0.543722,0.002891,0.003063,0.005024,0.037978,1.000,0.544262,0.545654,0.001393,0.002855,0.004837,0.037150,0.750
125,camera,10181864,data/2_2026.1/shard-000084.tar,256x256,vertical,1.1541,0.531,0.6000,8.5,0,0,0.586513,0.587164,0.000650,0.000040,0.000164,0.017262,0.500,0.583363,0.585430,0.002067,0.000792,0.000482,0.018213,0.500,0.585796,0.587655,0.001858,0.000545,0.000466,0.017893,0.500
126,camera,10436436,data/2_2026.1/shard-000084.tar,256x256,horizontal,1.2453,0.094,0.5106,1.5,0,0,0.504581,0.503424,-0.001157,-0.000092,0.001011,0.004087,0.000,0.501687,0.501178,-0.000509,0.000044,0.001189,0.004801,0.250,0.503208,0.502712,-0.000496,0.000024,0.000711,0.005166,0.000
127,camera,10498150,data/2_2026.1/shard-000084.tar,256x256,vertical,1.1842,1.719,0.2330,-27.5,0,0,0.614788,0.614552,-0.000236,0.001866,0.002038,0.045405,0.500,0.615109,0.615208,0.000099,0.002615,0.002722,0.038663,0.500,0.613321,0.612943,-0.000378,0.001788,0.001899,0.039458,0.500
128,camera,10015093,data/2_2026.1/shard-000084.tar,256x256,vertical,1.1575,2.219,0.9080,35.5,0,0,0.311665,0.309390,-0.002276,0.000657,0.002469,0.052040,0.000,0.306686,0.306898,0.000213,0.003283,0.003816,0.035269,0.500,0.306042,0.306838,0.000796,0.005021,0.006122,0.038501,0.500
129,camera,10195614,data/2_2026.1/shard-000084.tar,256x256,vertical,1.2960,2.125,0.6954,34.0,0,0,0.520744,0.525430,0.004687,0.003120,0.002783,0.078054,0.500,0.517930,0.526900,0.008970,0.004203,0.009225,0.067171,0.500,0.515648,0.523815,0.008166,0.003280,0.008072,0.063541,0.500
130,camera,9955674,data/2_2026.1/shard-000084.tar,256x256,horizontal,1.3332,1.531,0.3769,-24.5,0,0,0.655985,0.668694,0.012709,0.000761,-0.002085,0.042122,0.250,0.647394,0.655822,0.008428,0.000448,0.001740,0.033511,0.500,0.647596,0.655439,0.007843,0.000628,0.002728,0.031842,0.750
131,camera,10470257,data/2_2026.1/shard-000084.tar,256x256,vertical,1.1180,1.062,0.2344,-17.0,0,0,0.665708,0.678052,0.012344,0.020863,0.020169,0.160808,1.000,0.650240,0.681533,0.031294,0.034816,0.036098,0.176635,1.000,0.652671,0.680105,0.027434,0.035237,0.034555,0.170415,1.000
132,camera,10282389,data/2_2026.1/shard-000084.tar,256x256,vertical,1.4803,3.219,0.3311,-51.5,0,0,0.487539,0.457737,-0.029802,-0.002102,-0.027041,0.099748,0.000,0.460638,0.457422,-0.003216,0.003285,-0.002178,0.042640,0.250,0.458976,0.456717,-0.002258,0.000102,-0.000507,0.047920,0.250
133,camera,10547968,data/2_2026.1/shard-000084.tar,256x256,vertical,1.1180,2.000,0.0000,-32.0,0,0,0.308594,0.306625,-0.001969,-0.000692,0.007525,0.031457,0.000,0.307053,0.305762,-0.001291,-0.000096,0.001513,0.023228,0.000,0.307792,0.306527,-0.001265,-0.000112,0.000712,0.023085,0.250
134,camera,10450252,data/2_2026.1/shard-000084.tar,256x256,vertical,1.1891,1.125,0.6698,18.0,0,0,0.685462,0.685311,-0.000151,-0.000464,0.019350,0.036825,0.500,0.683556,0.684294,0.000738,-0.001538,0.002125,0.039992,0.750,0.686386,0.683713,-0.002673,-0.003535,-0.001060,0.042537,0.500
135,camera,10242659,data/2_2026.1/shard-000084.tar,256x256,horizontal,1.3332,4.219,0.1608,-67.5,0,0,0.610448,0.606707,-0.003740,0.009063,-0.007747,0.165242,0.250,0.598139,0.605384,0.007244,0.003563,0.003285,0.082519,0.500,0.596594,0.603976,0.007382,0.005731,0.004194,0.086523,0.500
136,camera,10119983,data/2_2026.1/shard-000084.tar,256x256,vertical,1.2103,1.906,0.2437,-30.5,0,0,0.481383,0.479293,-0.002090,0.001727,-0.000460,0.076470,0.250,0.482172,0.483247,0.001076,0.003572,-0.000162,0.052113,0.250,0.480731,0.481586,0.000854,0.004055,0.000106,0.056823,0.250
137,camera,10345694,data/2_2026.1/shard-000084.tar,256x256,vertical,1.2593,3.438,0.1333,-55.0,0,0,0.789099,0.782622,-0.006477,-0.001823,-0.006401,0.103149,0.000,0.781642,0.782288,0.000646,-0.001207,-0.001177,0.059104,0.500,0.780424,0.783001,0.002577,-0.000697,-0.000412,0.060118,0.500
138,camera,10535852,data/2_2026.1/shard-000084.tar,256x256,vertical,1.3693,5.812,0.0848,-93.0,0,0,0.704889,0.685766,-0.019123,-0.003963,-0.025926,0.144002,0.250,0.687019,0.685733,-0.001286,0.003039,-0.002692,0.067442,0.250,0.685256,0.683522,-0.001734,0.002209,-0.003123,0.066227,0.250
139,camera,10251478,data/2_2026.1/shard-000084.tar,256x256,vertical,1.1875,2.219,0.8381,35.5,0,0,0.297242,0.302016,0.004774,0.005302,-0.000615,0.065211,0.500,0.298855,0.304075,0.005220,0.002887,0.000300,0.044365,0.750,0.297827,0.305026,0.007199,0.002604,0.000116,0.047923,0.750
140,camera,10011763,data/2_2026.1/shard-000084.tar,256x256,vertical,1.1891,2.875,0.0660,-46.0,0,0,0.606901,0.604981,-0.001920,0.004422,-0.001386,0.074004,0.250,0.602914,0.603805,0.000890,0.003348,-0.000163,0.051298,0.500,0.601490,0.602946,0.001456,0.003138,-0.000020,0.051537,0.500
141,camera,10190811,data/2_2026.1/shard-000084.tar,256x256,vertical,1.1558,1.062,0.6977,17.0,0,0,0.295245,0.293164,-0.002080,-0.001170,-0.000399,0.031496,0.250,0.295122,0.293989,-0.001133,-0.001837,-0.000711,0.029937,0.250,0.294344,0.292743,-0.001602,-0.001923,-0.001236,0.028183,0.250
142,camera,10337962,data/2_2026.1/shard-000084.tar,256x256,vertical,1.1891,0.438,0.4340,-7.0,0,0,0.557593,0.556979,-0.000614,-0.000824,0.009265,0.019291,0.000,0.551815,0.556145,0.004329,0.000055,0.010064,0.014978,0.250,0.553079,0.555591,0.002512,-0.000041,0.008959,0.014885,0.250
143,camera,10271427,data/2_2026.1/shard-000084.tar,256x256,vertical,1.1541,0.969,0.6824,15.5,0,0,0.641893,0.645683,0.003790,0.003299,0.008146,0.053727,0.750,0.641488,0.647168,0.005680,0.000728,0.002445,0.036453,0.500,0.638352,0.645287,0.006935,0.002477,0.004399,0.039705,0.750
144,camera,10064389,data/2_2026.1/shard-000084.tar,256x256,vertical,1.3506,0.219,0.5166,3.5,0,0,0.539348,0.545488,0.006140,-0.000168,0.004605,0.010575,0.000,0.530772,0.542723,0.011952,0.000574,-0.000441,0.013523,0.500,0.530132,0.541948,0.011816,0.000127,0.000559,0.010975,0.250
145,camera,10326333,data/2_2026.1/shard-000084.tar,256x256,horizontal,1.3140,4.500,0.1129,-72.0,0,0,0.579070,0.559276,-0.019795,-0.002904,-0.013642,0.146006,0.000,0.565787,0.561220,-0.004567,-0.003546,-0.002570,0.067335,0.000,0.565869,0.559364,-0.006504,-0.004561,-0.003047,0.075267,0.000
146,camera,10053103,data/2_2026.1/shard-000084.tar,256x256,vertical,1.2593,4.312,0.0400,-69.0,0,0,0.725419,0.713030,-0.012389,-0.002556,-0.008471,0.138197,0.000,0.711769,0.715274,0.003505,0.006315,0.004053,0.083151,0.500,0.709508,0.711699,0.002191,0.006561,0.003073,0.083552,0.500
147,camera,10276278,data/2_2026.1/shard-000084.tar,256x256,vertical,1.2247,0.125,0.5156,2.0,0,0,0.727922,0.726477,-0.001446,-0.000028,-0.000941,0.005600,0.250,0.727408,0.726546,-0.000862,0.000075,-0.000615,0.006436,0.000,0.727917,0.727507,-0.000411,0.000127,-0.000664,0.006416,0.000
148,camera,10107461,data/2_2026.1/shard-000084.tar,256x256,vertical,1.3332,1.344,0.3920,-21.5,0,0,0.441887,0.435758,-0.006129,-0.000856,-0.007101,0.024820,0.000,0.437169,0.436625,-0.000543,0.000555,-0.000449,0.023335,0.500,0.435045,0.435779,0.000734,0.000411,-0.000444,0.022698,0.500
149,camera,10022304,data/2_2026.1/shard-000084.tar,256x256,vertical,1.2484,4.469,1.0000,71.5,0,0,0.349043,0.338142,-0.010901,0.010423,-0.013148,0.161678,0.000,0.332251,0.333919,0.001668,0.003182,0.000429,0.071153,0.750,0.334722,0.336684,0.001962,0.003731,0.001360,0.067267,0.500
150,camera,9953413,data/2_2026.1/shard-000084.tar,256x256,vertical,1.2531,1.688,0.3151,-27.0,0,0,0.522266,0.522993,0.000726,0.003523,0.000091,0.056652,0.500,0.520842,0.521031,0.000189,-0.000026,-0.001139,0.031143,0.250,0.518718,0.519147,0.000430,0.000403,-0.000334,0.033285,0.250
151,camera,9942469,data/2_2026.1/shard-000084.tar,256x256,vertical,1.1507,1.281,0.7470,20.5,0,0,0.379743,0.381613,0.001870,0.001734,0.000126,0.036254,0.750,0.377851,0.380236,0.002385,0.002112,-0.000134,0.030022,0.500,0.377404,0.380186,0.002782,0.002219,-0.000284,0.031433,0.500
152,camera,10064179,data/2_2026.1/shard-000084.tar,256x256,horizontal,1.1891,0.250,0.5377,4.0,0,0,0.759993,0.760802,0.000809,-0.000341,0.003701,0.009512,0.250,0.761059,0.762341,0.001282,-0.000123,0.003271,0.008456,0.500,0.757989,0.759312,0.001323,-0.000425,0.003492,0.008347,0.000
153,camera,9922848,data/2_2026.1/shard-000084.tar,256x256,horizontal,1.1319,0.938,0.7083,15.0,0,0,0.767362,0.766970,-0.000392,-0.000036,0.003125,0.045442,0.250,0.771940,0.770369,-0.001570,0.000168,0.002373,0.038944,0.250,0.769497,0.767790,-0.001706,-0.000741,0.001575,0.038869,0.250
154,camera,10233941,data/2_2026.1/shard-000084.tar,256x256,vertical,1.2247,0.500,0.4375,-8.0,0,0,0.596636,0.595265,-0.001371,0.000424,0.001769,0.012469,0.000,0.596528,0.595181,-0.001348,0.000096,0.000173,0.012642,0.000,0.597121,0.596032,-0.001089,0.000207,-0.000041,0.011545,0.250
155,camera,10027881,data/2_2026.1/shard-000084.tar,256x256,vertical,1.1908,0.406,0.4393,-6.5,0,0,0.461445,0.464465,0.003020,-0.001853,-0.001125,0.024970,0.250,0.460307,0.464062,0.003755,0.000947,-0.000488,0.012036,0.750,0.459102,0.463633,0.004532,0.000994,0.000725,0.012399,0.750
156,camera,10141380,data/2_2026.1/shard-000084.tar,256x256,vertical,1.1676,1.656,0.2151,-26.5,0,0,0.602902,0.606811,0.003909,0.001198,0.006688,0.107573,0.750,0.598350,0.606720,0.008370,0.003419,0.006116,0.091309,1.000,0.596100,0.602751,0.006651,0.003080,0.007103,0.090135,1.000
157,camera,10337360,data/2_2026.1/shard-000084.tar,256x256,vertical,1.2824,3.781,0.8667,60.5,0,0,0.344411,0.341014,-0.003396,0.009412,-0.002937,0.154122,0.250,0.334213,0.341008,0.006794,0.004053,0.009132,0.081328,0.500,0.332540,0.341081,0.008540,0.003246,0.009218,0.086510,0.500
158,camera,10034888,data/2_2026.1/shard-000084.tar,256x256,vertical,1.2327,1.469,0.3233,-23.5,0,0,0.724512,0.725015,0.000502,-0.000417,0.000589,0.030047,0.500,0.722521,0.724950,0.002429,0.000498,0.000560,0.027164,0.500,0.723193,0.724260,0.001066,0.000239,0.000228,0.024708,0.500
159,camera,10120089,data/2_2026.1/shard-000084.tar,256x256,vertical,1.1575,1.719,0.1839,-27.5,0,0,0.716060,0.714131,-0.001929,-0.000190,-0.000729,0.039444,0.250,0.712369,0.712555,0.000186,-0.000282,0.005614,0.031775,0.000,0.710233,0.710225,-0.000008,-0.000361,0.006261,0.034133,0.250
160,camera,10222347,data/2_2026.1/shard-000084.tar,256x256,horizontal,1.1693,2.250,0.1170,-36.0,0,0,0.662173,0.663182,0.001008,0.001988,0.000282,0.058667,0.250,0.658678,0.663141,0.004463,0.003234,0.000066,0.044141,1.000,0.658528,0.664143,0.005615,0.003849,0.000089,0.048814,0.750
161,camera,10308515,data/2_2026.1/shard-000084.tar,256x256,vertical,1.2103,2.719,0.8655,43.5,0,0,0.485629,0.488068,0.002440,0.014625,0.006108,0.096816,0.250,0.480963,0.487321,0.006358,0.021176,0.001997,0.100469,1.000,0.480443,0.484468,0.004025,0.011056,0.000622,0.077049,1.000
162,camera,10369974,data/2_2026.1/shard-000084.tar,256x256,vertical,1.1541,0.781,0.3529,-12.5,0,0,0.649836,0.650927,0.001091,-0.001654,0.003224,0.042537,0.500,0.645019,0.648371,0.003352,0.000227,0.001340,0.022045,0.500,0.646702,0.651267,0.004566,0.001268,0.003631,0.026179,0.750
163,camera,10511288,data/2_2026.1/shard-000084.tar,256x256,vertical,1.1541,2.469,0.0353,-39.5,0,0,0.731191,0.729786,-0.001406,0.000160,0.001998,0.048333,0.250,0.729385,0.729189,-0.000196,0.000313,0.001086,0.035777,0.250,0.729289,0.729512,0.000223,0.000700,0.001527,0.034522,0.500
164,camera,10139276,data/2_2026.1/shard-000084.tar,256x256,vertical,1.1180,0.750,0.3125,-12.0,0,0,0.428111,0.428118,0.000007,0.001420,0.005263,0.032277,0.250,0.425974,0.428759,0.002785,0.001274,0.008950,0.027226,0.750,0.425664,0.429222,0.003559,0.001699,0.009513,0.027160,0.750
165,camera,10334683,data/2_2026.1/shard-000084.tar,256x256,horizontal,1.1891,1.312,0.6981,21.0,0,0,0.766913,0.768212,0.001299,0.002385,0.000115,0.058040,0.500,0.767284,0.767329,0.000045,0.000998,-0.001094,0.043600,0.250,0.766727,0.767930,0.001203,0.001295,-0.000700,0.043488,0.500
166,camera,10177272,data/2_2026.1/shard-000084.tar,256x256,horizontal,1.1891,1.625,0.2547,-26.0,0,0,0.336519,0.336834,0.000316,0.015488,0.004484,0.114934,0.250,0.332804,0.334538,0.001734,0.002765,-0.000906,0.066132,0.750,0.335290,0.335879,0.000589,0.003546,-0.001119,0.056911,0.500
167,camera,10298282,data/2_2026.1/shard-000084.tar,256x256,vertical,1.1990,2.125,0.8036,34.0,0,0,0.623070,0.619074,-0.003996,-0.004214,0.003093,0.081821,0.000,0.613872,0.616353,0.002481,0.004068,0.000448,0.049434,0.500,0.614692,0.617760,0.003068,0.003345,0.001291,0.050954,0.500
168,camera,10138643,data/2_2026.1/shard-000084.tar,256x256,horizontal,1.1891,2.625,0.1038,-42.0,0,0,0.356833,0.354599,-0.002233,-0.000409,-0.003457,0.089918,0.250,0.354858,0.354297,-0.000560,0.001653,-0.000528,0.075752,0.500,0.353583,0.354006,0.000423,0.003239,-0.000247,0.074678,0.500
169,camera,10322722,data/2_2026.1/shard-000084.tar,256x256,vertical,1.2135,1.844,0.7438,29.5,0,0,0.375260,0.375560,0.000300,-0.001860,-0.000738,0.067447,0.750,0.360126,0.374295,0.014169,0.002773,-0.000068,0.063313,0.750,0.358054,0.374750,0.016696,0.003665,0.000674,0.060486,1.000
170,camera,10232849,data/2_2026.1/shard-000084.tar,256x256,vertical,1.1891,2.375,0.8585,38.0,0,0,0.396418,0.396054,-0.000364,0.003500,-0.000385,0.069361,0.500,0.391357,0.395570,0.004212,0.005120,0.001475,0.062552,0.750,0.391566,0.396164,0.004598,0.004803,0.001069,0.063274,0.750
171,camera,10534201,data/2_2026.1/shard-000084.tar,256x256,horizontal,1.1285,2.125,0.0143,-34.0,0,0,0.431916,0.430165,-0.001751,0.000305,0.001020,0.045981,0.000,0.433196,0.433012,-0.000184,0.000263,0.000525,0.037148,0.250,0.432023,0.431474,-0.000549,0.000262,0.000455,0.036835,0.250
172,camera,10206198,data/2_2026.1/shard-000084.tar,256x256,horizontal,1.3332,3.469,0.2211,-55.5,0,0,0.714817,0.701329,-0.013489,-0.002450,-0.012790,0.120572,0.000,0.702941,0.702619,-0.000322,-0.000549,0.001435,0.067657,0.250,0.700484,0.701538,0.001054,-0.000128,0.003278,0.061886,0.250
173,camera,10168275,data/2_2026.1/shard-000084.tar,256x256,vertical,1.1490,1.562,0.8049,25.0,0,0,0.496774,0.497424,0.000650,0.000225,0.000386,0.042451,0.250,0.496376,0.497851,0.001476,0.002659,-0.000731,0.046644,0.500,0.497186,0.497427,0.000241,0.002457,-0.000546,0.050116,0.250
174,camera,10286756,data/2_2026.1/shard-000084.tar,256x256,vertical,1.1507,2.594,1.0000,41.5,0,0,0.654190,0.655820,0.001630,0.009776,0.012694,0.092996,0.750,0.650581,0.653929,0.003348,0.009854,0.010440,0.088729,0.750,0.649993,0.653789,0.003796,0.010490,0.011005,0.088548,0.750
175,camera,10413869,data/2_2026.1/shard-000084.tar,256x256,vertical,1.1891,2.188,0.1698,-35.0,0,0,0.647529,0.647169,-0.000360,0.003813,0.005478,0.050958,0.250,0.646330,0.647376,0.001046,0.003737,0.004507,0.040054,0.750,0.645641,0.646836,0.001195,0.004043,0.004595,0.040453,1.000
176,camera,10457256,data/2_2026.1/shard-000084.tar,256x256,vertical,1.2311,0.438,0.4470,-7.0,0,0,0.414892,0.416731,0.001839,0.000676,0.002730,0.010599,0.500,0.415525,0.416926,0.001401,0.000971,0.002588,0.012074,0.750,0.415257,0.417040,0.001783,0.001015,0.003268,0.011613,0.500
177,camera,10233035,data/2_2026.1/shard-000084.tar,256x256,horizontal,1.1891,2.000,0.8019,32.0,0,0,0.381816,0.384172,0.002356,0.002197,0.029207,0.050706,0.500,0.380689,0.382308,0.001619,-0.001839,0.001098,0.040693,0.250,0.385648,0.385955,0.000308,-0.002513,-0.001309,0.047987,0.500
178,camera,10493882,data/2_2026.1/shard-000084.tar,256x256,vertical,1.2087,2.812,0.8814,45.0,0,0,0.628691,0.628885,0.000194,0.007230,-0.001388,0.103807,0.500,0.625761,0.629237,0.003475,0.006338,0.000544,0.068836,0.500,0.623921,0.626947,0.003027,0.005436,0.000151,0.068470,0.750
179,camera,10243218,data/2_2026.1/shard-000084.tar,256x256,horizontal,1.2824,3.094,0.8000,49.5,0,0,0.572061,0.577510,0.005449,0.011443,0.005862,0.150527,0.250,0.568553,0.576526,0.007973,0.002740,0.005097,0.092884,0.750,0.568773,0.576473,0.007700,0.000329,0.003077,0.099168,0.250
180,camera,10355422,data/2_2026.1/shard-000084.tar,256x256,vertical,1.2778,1.062,0.6049,17.0,0,0,0.289053,0.288833,-0.000220,-0.001576,-0.001803,0.031582,0.000,0.285663,0.287797,0.002134,-0.000440,-0.000068,0.024300,0.000,0.284682,0.287478,0.002796,0.000964,0.001226,0.020994,0.500
181,camera,10288434,data/2_2026.1/shard-000084.tar,256x256,horizontal,1.1891,0.125,0.5189,2.0,0,0,0.553335,0.552797,-0.000538,0.001234,0.002683,0.016607,0.250,0.557636,0.556632,-0.001004,0.000227,0.000873,0.012728,0.250,0.559864,0.559288,-0.000576,0.000417,-0.000075,0.012683,0.250
182,camera,10369211,data/2_2026.1/shard-000084.tar,256x256,vertical,1.1826,0.812,0.3725,-13.0,0,0,0.833662,0.841339,0.007677,0.002695,0.001990,0.061597,0.500,0.828538,0.841367,0.012829,0.003734,0.003857,0.045543,0.750,0.828835,0.842051,0.013216,0.003544,0.003573,0.045162,0.500
183,camera,10144809,data/2_2026.1/shard-000084.tar,256x256,vertical,1.1875,1.469,0.7238,23.5,0,0,0.635060,0.636184,0.001124,0.002992,0.001635,0.044413,0.250,0.632779,0.634593,0.001814,0.002921,0.000210,0.041568,0.500,0.633113,0.634453,0.001341,0.002783,0.001654,0.048778,0.750
184,camera,9969234,data/2_2026.1/shard-000084.tar,256x256,vertical,1.1180,1.312,0.8281,21.0,0,0,0.599572,0.602594,0.003023,0.006848,0.000375,0.054544,0.500,0.600552,0.608073,0.007521,0.006667,-0.000055,0.044367,0.500,0.596672,0.601351,0.004679,0.005376,-0.000135,0.039627,0.500
185,camera,10363530,data/2_2026.1/shard-000084.tar,256x256,vertical,1.1891,0.625,0.5943,10.0,0,0,0.629530,0.627611,-0.001919,0.000395,0.000344,0.027652,0.250,0.626016,0.625490,-0.000526,-0.000581,-0.000570,0.024728,0.250,0.628534,0.627565,-0.000969,0.000129,-0.000349,0.021599,0.250
186,camera,10032130,data/2_2026.1/shard-000084.tar,256x256,vertical,1.3332,0.219,0.4824,-3.5,0,0,0.716499,0.712877,-0.003622,0.000989,-0.000823,0.011510,0.000,0.709265,0.710932,0.001667,-0.000051,-0.000154,0.010972,0.250,0.710448,0.710664,0.000216,0.000321,-0.000382,0.013895,0.250
187,camera,9956523,data/2_2026.1/shard-000084.tar,256x256,vertical,1.1233,0.531,0.6269,8.5,0,0,0.507442,0.506630,-0.000812,-0.000981,0.002605,0.025845,0.500,0.507568,0.506604,-0.000965,-0.001068,0.000548,0.017042,0.250,0.509551,0.508522,-0.001029,-0.001540,0.000995,0.021758,0.500
188,camera,10060904,data/2_2026.1/shard-000084.tar,256x256,vertical,1.3288,5.375,0.0612,-86.0,0,0,0.531081,0.518008,-0.013073,0.001218,-0.012459,0.131675,0.250,0.517748,0.518891,0.001143,0.001696,0.002514,0.056310,0.250,0.518516,0.518975,0.000459,0.001453,0.002002,0.055707,0.250
189,camera,10183544,data/2_2026.1/shard-000084.tar,256x256,vertical,1.1776,1.781,0.7879,28.5,0,0,0.794846,0.794381,-0.000465,0.000079,0.020589,0.055892,0.250,0.792544,0.794091,0.001547,0.001235,0.005819,0.044893,0.500,0.793663,0.794203,0.000540,0.000889,0.003382,0.047811,0.500
190,camera,10043549,data/2_2026.1/shard-000084.tar,256x256,vertical,1.1941,0.531,0.5780,8.5,0,0,0.608691,0.608510,-0.000181,0.000332,-0.000337,0.014763,0.000,0.606915,0.608002,0.001087,0.001035,0.001634,0.015778,0.750,0.606647,0.609007,0.002360,0.001224,0.002216,0.017200,0.750
191,camera,10506891,data/2_2026.1/shard-000084.tar,256x256,vertical,1.1302,0.906,0.7042,14.5,0,0,0.438897,0.440351,0.001454,0.001606,0.000215,0.038344,0.250,0.440251,0.440979,0.000728,-0.001126,0.001227,0.051521,0.250,0.438202,0.437150,-0.001052,-0.001674,0.000068,0.044724,0.500
192,camera,10032737,data/2_2026.1/shard-000084.tar,256x256,vertical,1.1891,1.188,0.6792,19.0,0,0,0.561651,0.560152,-0.001499,0.000801,0.007922,0.040754,0.250,0.560703,0.561765,0.001062,0.000406,0.008232,0.021092,0.000,0.561733,0.564180,0.002448,-0.000206,0.008858,0.021666,0.000
193,camera,10194655,data/2_2026.1/shard-000084.tar,256x256,vertical,1.1336,0.156,0.4658,-2.5,0,0,0.753529,0.752035,-0.001494,-0.000088,0.000812,0.011660,0.000,0.752645,0.753100,0.000454,0.000080,0.000132,0.008708,0.250,0.751636,0.751980,0.000344,0.000108,0.000400,0.009644,0.250
194,camera,10442973,data/2_2026.1/shard-000084.tar,256x256,horizontal,1.1908,0.656,0.5981,10.5,0,0,0.833146,0.833276,0.000130,0.000769,0.001687,0.030269,0.500,0.831798,0.831627,-0.000170,0.000664,0.000752,0.027351,0.500,0.832128,0.831992,-0.000135,0.000793,0.000695,0.024661,0.500
195,camera,10260893,data/2_2026.1/shard-000084.tar,256x256,vertical,1.2006,2.594,0.8673,41.5,0,0,0.416624,0.417751,0.001127,0.007589,0.021413,0.080780,0.250,0.415268,0.415814,0.000546,0.008678,0.012229,0.066965,0.500,0.417071,0.418609,0.001538,0.007656,0.009276,0.060459,0.500
196,camera,10433547,data/2_2026.1/shard-000084.tar,256x256,horizontal,1.1709,1.906,0.8211,30.5,0,0,0.511631,0.515655,0.004024,0.005669,0.000118,0.079196,0.500,0.509155,0.513508,0.004353,0.007444,0.000228,0.065620,0.750,0.509981,0.515698,0.005717,0.008400,-0.000048,0.066144,0.750
197,camera,10463531,data/2_2026.1/shard-000084.tar,256x256,vertical,1.1759,1.750,0.2143,-28.0,0,0,0.472399,0.473633,0.001235,0.001415,-0.000019,0.061966,0.250,0.472253,0.473488,0.001235,-0.000371,-0.000026,0.042773,0.250,0.473177,0.474718,0.001541,-0.000350,0.000030,0.042488,0.250
198,camera,10137988,data/2_2026.1/shard-000084.tar,256x256,vertical,1.1541,0.844,0.6588,13.5,0,0,0.607423,0.609044,0.001621,0.000680,0.000808,0.022451,0.250,0.606975,0.608502,0.001528,-0.000006,0.000428,0.017228,0.750,0.607329,0.609996,0.002667,0.000306,0.000437,0.016722,0.500
199,camera,10511396,data/2_2026.1/shard-000084.tar,256x256,vertical,1.1875,1.281,0.3048,-20.5,0,0,0.461554,0.463606,0.002052,0.002369,0.002831,0.038911,0.500,0.457110,0.461757,0.004647,0.003414,0.000109,0.033038,0.750,0.457867,0.461134,0.003267,0.002810,-0.000151,0.029706,0.250
200,camera,10413532,data/2_2026.1/shard-000084.tar,256x256,horizontal,1.2624,4.500,0.9737,72.0,0,0,0.740287,0.730804,-0.009484,0.005224,-0.006344,0.147095,0.000,0.728724,0.732274,0.003549,0.005705,0.005243,0.088925,1.000,0.728092,0.730809,0.002717,0.005601,0.005452,0.091762,1.000
201,camera,10443095,data/2_2026.1/shard-000084.tar,256x256,vertical,1.2279,0.750,0.5923,12.0,0,0,0.424202,0.422488,-0.001714,0.000306,0.013859,0.017437,0.000,0.423557,0.423035,-0.000522,-0.000591,0.000666,0.020327,0.000,0.422990,0.422722,-0.000268,-0.000675,0.000576,0.023323,0.250
202,camera,10099671,data/2_2026.1/shard-000084.tar,256x256,vertical,1.1075,1.688,0.9655,27.0,0,0,0.471248,0.479838,0.008590,0.009294,0.005449,0.110851,0.750,0.468048,0.477369,0.009321,0.010894,0.006308,0.102701,0.750,0.465690,0.473792,0.008101,0.012350,0.006875,0.103733,0.750
203,camera,124503,data/1_2024/shard-000477.tar,256x256,vertical,1.1267,1.906,0.9420,30.5,0,0,0.337313,0.338228,0.000915,0.014196,0.015779,0.065979,0.500,0.334741,0.337693,0.002952,0.013300,0.013419,0.060440,0.250,0.331079,0.334941,0.003863,0.011687,0.011576,0.055506,1.000
204,camera,7741503,data/1_2024/shard-000477.tar,256x256,vertical,1.1776,1.844,0.2020,-29.5,0,0,0.569291,0.568497,-0.000794,0.000139,0.000140,0.033652,0.000,0.566943,0.566456,-0.000487,-0.000075,0.000726,0.028217,0.500,0.568311,0.567549,-0.000762,-0.000843,0.000256,0.031022,0.500
205,camera,5121503,data/1_2024/shard-000477.tar,256x256,vertical,1.1990,2.312,0.8304,37.0,0,0,0.527917,0.537598,0.009682,0.014648,0.011682,0.108641,0.250,0.523220,0.534687,0.011467,0.015862,0.008349,0.089392,0.750,0.521901,0.534388,0.012487,0.017159,0.007606,0.092680,0.750
206,camera,5363503,data/1_2024/shard-000477.tar,256x256,vertical,1.3005,0.844,0.4237,-13.5,0,0,0.599646,0.597185,-0.002461,-0.010338,0.018328,0.066162,0.000,0.583162,0.589823,0.006661,-0.000137,0.009046,0.034858,0.250,0.581991,0.585905,0.003914,0.000554,0.009584,0.029962,0.250
207,camera,529503,data/1_2024/shard-000477.tar,256x256,vertical,1.1826,0.875,0.6373,14.0,0,0,0.792636,0.790299,-0.002336,-0.000730,0.001474,0.026382,0.000,0.790408,0.790793,0.000385,-0.000217,0.001020,0.027002,0.250,0.791361,0.791194,-0.000167,-0.000611,0.001359,0.027628,0.000
208,camera,6450503,data/1_2024/shard-000477.tar,256x256,horizontal,1.1891,2.312,0.1509,-37.0,0,0,0.576471,0.575207,-0.001264,0.001712,-0.001352,0.061537,0.250,0.573096,0.574142,0.001047,0.000890,-0.002123,0.055703,0.250,0.575866,0.576146,0.000280,0.003100,-0.002086,0.053670,0.500
209,camera,2656503,data/1_2024/shard-000477.tar,256x256,horizontal,1.2055,1.562,0.7155,25.0,0,0,0.654842,0.653098,-0.001744,-0.000387,0.005702,0.040319,0.250,0.654909,0.654579,-0.000330,-0.000593,0.004200,0.029718,0.250,0.653228,0.653677,0.000449,-0.000483,0.003585,0.031264,0.250
210,camera,3830503,data/1_2024/shard-000477.tar,256x256,horizontal,1.1891,2.500,0.8774,40.0,0,0,0.440313,0.443413,0.003100,0.005863,-0.000325,0.075145,0.500,0.441241,0.447597,0.006356,0.007244,0.001311,0.057349,0.500,0.438734,0.444761,0.006027,0.008569,0.000503,0.065763,0.500
211,camera,7201503,data/1_2024/shard-000477.tar,256x256,vertical,1.2103,0.156,0.5210,2.5,0,0,0.524487,0.519961,-0.004526,-0.000118,0.003148,0.008153,0.000,0.519974,0.519623,-0.000351,-0.000042,-0.000254,0.006673,0.250,0.519669,0.519374,-0.000294,-0.000148,-0.000089,0.006764,0.000
212,camera,4722503,data/1_2024/shard-000477.tar,256x256,vertical,1.1891,1.875,0.7830,30.0,0,0,0.522834,0.523214,0.000380,0.000295,0.000814,0.047957,0.000,0.522172,0.522088,-0.000084,0.001479,0.000257,0.038849,0.750,0.523739,0.524121,0.000383,0.000710,0.000134,0.042755,0.500
213,camera,4676503,data/1_2024/shard-000477.tar,256x256,vertical,1.1180,1.688,0.9219,27.0,0,0,0.495639,0.494253,-0.001386,-0.000855,0.012990,0.043387,0.000,0.494327,0.494957,0.000630,0.001519,0.001448,0.037440,0.250,0.489811,0.489526,-0.000285,-0.000229,0.003261,0.037930,0.000
214,camera,3159503,data/1_2024/shard-000477.tar,256x256,vertical,1.1957,0.625,0.5909,10.0,0,0,0.677617,0.680183,0.002566,0.003641,0.002433,0.035801,0.500,0.676545,0.677986,0.001440,-0.000610,-0.001647,0.018035,0.000,0.675540,0.675400,-0.000140,-0.001194,-0.001144,0.020936,0.000
215,camera,5893503,data/1_2024/shard-000477.tar,256x256,vertical,1.1842,1.031,0.6602,16.5,0,0,0.527135,0.527042,-0.000093,0.000062,0.000329,0.022429,0.250,0.525908,0.526739,0.000831,-0.000197,-0.000136,0.024490,0.500,0.525828,0.527145,0.001317,0.000062,0.000217,0.023603,0.250
216,camera,2299503,data/1_2024/shard-000477.tar,256x256,vertical,1.1908,2.531,0.8785,40.5,0,0,0.915325,0.914275,-0.001050,0.001692,0.001446,0.087704,0.500,0.911846,0.914812,0.002965,0.004243,0.002088,0.074761,1.000,0.912522,0.915256,0.002734,0.003716,0.001412,0.085409,1.000
217,camera,1209503,data/1_2024/shard-000477.tar,256x256,horizontal,1.1826,2.250,0.1471,-36.0,0,0,0.599478,0.593926,-0.005552,-0.003159,-0.004865,0.055650,0.000,0.600070,0.596288,-0.003782,-0.002207,-0.003885,0.045678,0.250,0.599082,0.595004,-0.004078,-0.001229,-0.002736,0.045392,0.000
218,camera,5995503,data/1_2024/shard-000477.tar,256x256,vertical,1.2469,1.000,0.6127,16.0,0,0,0.570054,0.569912,-0.000141,0.000198,-0.000829,0.017413,0.500,0.569722,0.572184,0.002462,0.000817,0.000386,0.021289,0.500,0.567002,0.568968,0.001966,0.000829,0.000264,0.024292,0.750
219,camera,2199503,data/1_2024/shard-000477.tar,256x256,vertical,1.1859,1.312,0.7019,21.0,0,0,0.588466,0.587591,-0.000875,-0.000252,0.005083,0.038765,0.250,0.585993,0.587319,0.001327,0.000964,0.007182,0.026235,0.250,0.586679,0.587085,0.000406,0.000567,0.006012,0.027278,0.250
220,camera,2441503,data/1_2024/shard-000477.tar,256x256,vertical,1.1676,0.969,0.3333,-15.5,0,0,0.732076,0.730478,-0.001598,-0.002612,-0.003057,0.036483,0.250,0.732946,0.733670,0.000723,-0.001054,-0.001743,0.025682,0.250,0.734010,0.733957,-0.000053,-0.001619,-0.002307,0.023735,0.250
221,camera,2347503,data/1_2024/shard-000477.tar,256x256,vertical,1.1809,1.219,0.6931,19.5,0,0,0.484419,0.484163,-0.000256,0.001339,0.001405,0.026611,0.250,0.487808,0.486220,-0.001588,0.000088,0.000471,0.023397,0.500,0.482173,0.477685,-0.004488,-0.000944,0.001870,0.025931,0.500
222,camera,6532503,data/1_2024/shard-000477.tar,256x256,vertical,1.1891,3.250,0.0094,-52.0,0,0,0.533966,0.534431,0.000464,0.004444,-0.001160,0.080601,0.250,0.529177,0.531826,0.002649,0.003420,0.000970,0.047613,0.750,0.529532,0.530944,0.001413,0.001967,0.000379,0.047178,0.500
223,camera,183503,data/1_2024/shard-000477.tar,256x256,vertical,1.3302,2.344,0.3096,-37.5,0,0,0.744323,0.741864,-0.002459,-0.002457,-0.001497,0.056956,0.000,0.743447,0.743080,-0.000367,-0.000286,0.000199,0.033502,0.250,0.739273,0.739139,-0.000134,-0.000206,0.000551,0.035884,0.250
224,camera,3291503,data/1_2024/shard-000477.tar,256x256,vertical,1.1891,3.250,0.0094,-52.0,0,0,0.275008,0.272360,-0.002649,-0.000337,-0.001341,0.083932,0.000,0.271130,0.271500,0.000369,0.000875,0.000932,0.055069,0.250,0.271252,0.271574,0.000322,0.000958,0.000027,0.057757,0.500
225,camera,5735503,data/1_2024/shard-000477.tar,256x256,vertical,1.2216,1.938,0.7460,31.0,0,0,0.740100,0.739344,-0.000756,0.007676,0.000218,0.085738,0.250,0.741044,0.741434,0.000390,0.008009,0.001641,0.061410,0.500,0.740339,0.742047,0.001709,0.008704,0.003541,0.069109,0.500
226,camera,6004503,data/1_2024/shard-000477.tar,256x256,vertical,1.1743,2.156,0.8557,34.5,0,0,0.658255,0.657508,-0.000747,0.003060,0.001537,0.052465,0.250,0.659340,0.660328,0.000987,0.003033,0.001107,0.046949,0.250,0.657001,0.658500,0.001498,0.004094,0.001924,0.045933,0.750
227,camera,3538503,data/1_2024/shard-000477.tar,256x256,vertical,1.1891,2.812,0.0755,-45.0,0,0,0.613017,0.614424,0.001408,0.004431,-0.000236,0.102220,0.250,0.612540,0.614191,0.001650,0.004657,0.001107,0.074687,0.500,0.611821,0.613653,0.001833,0.007293,0.001189,0.083766,0.750
228,camera,619503,data/1_2024/shard-000477.tar,256x256,vertical,1.1693,0.188,0.5319,3.0,0,0,0.365488,0.375494,0.010006,0.004269,-0.000286,0.053847,0.250,0.367118,0.375489,0.008371,0.000892,-0.001971,0.011500,0.250,0.367837,0.374968,0.007131,0.000940,-0.002430,0.010743,0.500
229,camera,5066503,data/1_2024/shard-000477.tar,256x256,vertical,1.1541,1.906,0.1412,-30.5,0,0,0.338796,0.336672,-0.002124,-0.000428,-0.000253,0.039690,0.000,0.336895,0.339096,0.002201,0.001946,0.001231,0.029891,0.750,0.335736,0.338071,0.002335,0.001623,0.000727,0.029295,0.750
230,camera,2554503,data/1_2024/shard-000477.tar,256x256,vertical,1.1792,0.688,0.3900,-11.0,0,0,0.397175,0.389331,-0.007844,-0.007549,-0.003808,0.045042,0.000,0.397249,0.391000,-0.006249,-0.003827,-0.002006,0.030852,0.250,0.394664,0.387515,-0.007149,-0.006706,-0.002710,0.043656,0.000
231,camera,7465503,data/1_2024/shard-000477.tar,256x256,vertical,1.2247,0.375,0.4531,-6.0,0,0,0.536310,0.535906,-0.000404,0.001040,0.000715,0.017653,0.500,0.532646,0.535890,0.003243,-0.000012,0.001558,0.016470,0.250,0.534329,0.537557,0.003229,-0.000057,0.001128,0.014919,0.500
232,camera,7794503,data/1_2024/shard-000477.tar,256x256,vertical,1.3170,2.938,0.2500,-47.0,0,0,0.499568,0.489594,-0.009974,-0.003098,-0.010960,0.101638,0.000,0.483593,0.488016,0.004423,0.000591,-0.000533,0.051442,0.250,0.483920,0.489158,0.005238,0.000765,0.000159,0.052791,0.250
233,camera,8228503,data/1_2024/shard-000477.tar,256x256,vertical,1.1490,2.562,1.0000,41.0,0,0,0.488034,0.489649,0.001616,0.007637,-0.011232,0.070766,0.250,0.460373,0.486732,0.026359,0.028544,-0.000223,0.130182,0.500,0.463397,0.491176,0.027779,0.030486,-0.000219,0.141180,0.750
234,camera,851503,data/1_2024/shard-000477.tar,256x256,vertical,1.4402,0.469,0.5273,7.5,0,0,0.789430,0.775101,-0.014328,0.000165,-0.014104,0.019414,0.000,0.776045,0.773245,-0.002800,0.000204,-0.001716,0.019487,0.250,0.775541,0.772943,-0.002597,0.000362,-0.001523,0.020025,0.250
235,camera,1942503,data/1_2024/shard-000477.tar,256x256,vertical,1.1541,0.031,0.4941,-0.5,0,0,0.344327,0.340834,-0.003492,-0.000141,-0.001333,0.003752,0.000,0.345641,0.343466,-0.002176,-0.000564,-0.002299,0.009167,0.250,0.343811,0.342635,-0.001176,-0.000136,-0.002136,0.003702,0.000
236,camera,388503,data/1_2024/shard-000477.tar,256x256,vertical,1.1891,0.625,0.4057,-10.0,0,0,0.633242,0.636040,0.002797,-0.002406,-0.002988,0.028322,0.500,0.629028,0.637149,0.008121,-0.000802,-0.000769,0.023084,0.500,0.626328,0.635244,0.008915,-0.000219,-0.000013,0.023376,0.250
237,camera,4762503,data/1_2024/shard-000477.tar,256x256,vertical,1.3080,3.250,0.2143,-52.0,0,0,0.753167,0.748995,-0.004172,0.001309,-0.004293,0.117812,0.250,0.746862,0.750098,0.003235,0.005980,0.003968,0.068708,0.500,0.746348,0.747369,0.001021,0.005387,0.004751,0.061410,0.500
238,camera,2636503,data/1_2024/shard-000477.tar,256x256,vertical,1.1891,2.562,0.8868,41.0,0,0,0.684558,0.679826,-0.004732,-0.004631,0.002287,0.084346,0.000,0.677685,0.680739,0.003054,0.000970,0.005905,0.049999,0.500,0.675046,0.677482,0.002437,0.001298,0.003720,0.055902,0.250
239,camera,7069503,data/1_2024/shard-000477.tar,256x256,vertical,1.1826,1.188,0.3137,-19.0,0,0,0.374685,0.375604,0.000919,0.000980,-0.000094,0.030014,0.250,0.373584,0.375243,0.001659,0.001024,0.000045,0.023352,0.500,0.373857,0.376581,0.002725,0.001864,0.000073,0.023792,0.750
240,camera,2880503,data/1_2024/shard-000477.tar,256x256,horizontal,1.1743,1.219,0.7010,19.5,0,0,0.858440,0.861990,0.003550,0.000707,0.004403,0.059016,0.750,0.852216,0.859768,0.007552,0.000128,0.011263,0.052728,0.500,0.849598,0.856904,0.007306,0.001422,0.014801,0.050599,0.500
241,camera,2658503,data/1_2024/shard-000477.tar,256x256,vertical,1.4751,2.594,0.3621,-41.5,0,0,0.321984,0.305521,-0.016463,0.000637,-0.014249,0.059748,0.000,0.309688,0.306016,-0.003672,-0.001352,-0.004623,0.039947,0.000,0.306787,0.305396,-0.001391,-0.000768,-0.003189,0.043724,0.000
242,camera,7823503,data/1_2024/shard-000477.tar,256x256,vertical,1.1891,3.062,0.0377,-49.0,0,0,0.473098,0.483857,0.010758,0.010022,0.000376,0.106403,0.250,0.470571,0.483965,0.013394,0.005299,0.000568,0.061598,0.500,0.467955,0.480024,0.012069,0.009004,0.000951,0.070381,0.500
243,camera,5615503,data/1_2024/shard-000477.tar,256x256,vertical,1.1957,1.688,0.7455,27.0,0,0,0.525702,0.533813,0.008111,0.009513,0.009064,0.078767,0.750,0.522738,0.533294,0.010557,0.009404,0.010797,0.065683,1.000,0.517764,0.528182,0.010418,0.010402,0.010778,0.071288,0.750
244,camera,8019503,data/1_2024/shard-000477.tar,256x256,vertical,1.1891,1.438,0.7170,23.0,0,0,0.610607,0.609987,-0.000620,-0.001130,0.000346,0.041027,0.250,0.605994,0.606816,0.000822,-0.000204,0.000442,0.034657,0.500,0.606839,0.608515,0.001675,0.000648,0.000361,0.036043,0.750
245,camera,7907503,data/1_2024/shard-000477.tar,256x256,vertical,1.1285,0.188,0.4571,-3.0,0,0,0.598333,0.599049,0.000716,-0.000090,0.000696,0.008628,0.250,0.599823,0.600510,0.000688,0.000206,0.000182,0.007539,0.500,0.598921,0.600070,0.001149,0.000139,0.000034,0.007521,0.500
246,camera,552503,data/1_2024/shard-000477.tar,256x256,vertical,1.1973,2.031,0.7928,32.5,0,0,0.366239,0.365869,-0.000370,-0.001102,0.000281,0.075574,0.250,0.363374,0.365504,0.002130,0.000190,0.000233,0.050249,0.500,0.363420,0.365522,0.002102,0.000205,0.000304,0.052561,0.750
247,camera,1143503,data/1_2024/shard-000477.tar,256x256,vertical,1.1422,0.750,0.6538,12.0,0,0,0.577401,0.577724,0.000323,0.000403,0.000022,0.015026,0.250,0.576158,0.577263,0.001105,0.000274,0.000008,0.013714,0.500,0.574909,0.576064,0.001155,0.000646,-0.000156,0.014139,0.250
248,camera,6052503,data/1_2024/shard-000477.tar,256x256,horizontal,1.3288,3.438,0.7806,55.0,0,0,0.857773,0.847310,-0.010464,0.001391,-0.007740,0.115118,0.000,0.848655,0.849354,0.000699,-0.001479,0.000372,0.062454,0.250,0.847199,0.847364,0.000165,-0.002154,0.000694,0.061878,0.000
249,camera,1439503,data/1_2024/shard-000477.tar,256x256,horizontal,1.1891,2.125,0.1792,-34.0,0,0,0.840997,0.846014,0.005017,0.011438,0.008704,0.104806,0.500,0.836423,0.845207,0.008784,0.010295,0.009920,0.093037,0.750,0.834636,0.843799,0.009162,0.008925,0.009477,0.101527,1.000
250,camera,6963503,data/1_2024/shard-000477.tar,256x256,vertical,1.1456,2.188,0.0625,-35.0,0,0,0.368740,0.365571,-0.003169,-0.000646,-0.002644,0.054257,0.250,0.364955,0.364585,-0.000370,-0.002086,-0.001048,0.041951,0.250,0.361160,0.361679,0.000519,-0.001460,-0.000517,0.040578,0.000
251,camera,5432503,data/1_2024/shard-000477.tar,256x256,vertical,1.3332,2.531,0.7035,40.5,0,0,0.491268,0.483503,-0.007764,0.002182,-0.005610,0.064832,0.000,0.482443,0.485627,0.003183,0.002636,-0.000740,0.049012,0.250,0.483136,0.486278,0.003143,0.003330,-0.000607,0.048544,0.250
252,camera,3841503,data/1_2024/shard-000477.tar,256x256,vertical,1.3419,2.906,0.7268,46.5,0,0,0.393623,0.394473,0.000850,0.030624,-0.002853,0.152476,0.500,0.388294,0.396760,0.008467,0.018329,0.000305,0.096935,0.750,0.388537,0.392328,0.003790,0.017686,0.001121,0.093000,0.750
253,camera,240503,data/1_2024/shard-000477.tar,256x256,vertical,1.1473,1.219,0.2593,-19.5,0,0,0.333090,0.334725,0.001636,0.001247,0.001132,0.035129,0.250,0.332628,0.335403,0.002776,0.001276,0.000552,0.032979,0.500,0.332420,0.334356,0.001936,0.001122,0.000451,0.029943,0.750
254,camera,799503,data/1_2024/shard-000477.tar,256x256,vertical,1.1809,0.281,0.5446,4.5,0,0,0.407929,0.405322,-0.002608,-0.001114,-0.002193,0.024964,0.750,0.403238,0.403398,0.000160,-0.000981,-0.001524,0.018772,0.750,0.405003,0.404839,-0.000164,-0.000075,-0.000366,0.015313,0.250
255,camera,4999503,data/1_2024/shard-000477.tar,256x256,vertical,1.1891,0.250,0.4623,-4.0,0,0,0.309163,0.309330,0.000167,0.000093,-0.000267,0.006811,0.500,0.309163,0.308680,-0.000483,0.000116,-0.000343,0.008037,0.000,0.306334,0.306407,0.000072,0.000218,-0.000036,0.008091,0.500
256,camera,6868503,data/1_2024/shard-000477.tar,256x256,vertical,1.1842,0.406,0.5631,6.5,0,0,0.548744,0.548139,-0.000606,-0.000392,-0.000441,0.014147,0.500,0.548437,0.548744,0.000307,-0.000523,-0.000110,0.013770,0.750,0.545893,0.547845,0.001952,-0.000633,-0.000005,0.013576,0.500
257,camera,2603503,data/1_2024/shard-000477.tar,256x256,vertical,1.2055,0.312,0.5431,5.0,0,0,0.407095,0.407091,-0.000003,0.000362,0.002155,0.008962,0.250,0.405081,0.407959,0.002878,0.000292,0.001915,0.008687,0.250,0.403687,0.407203,0.003516,0.000229,0.001801,0.008938,0.250
258,camera,8099503,data/1_2024/shard-000477.tar,256x256,vertical,1.2311,0.750,0.5909,12.0,0,0,0.661436,0.663328,0.001892,0.002209,-0.002234,0.026486,0.250,0.660847,0.663347,0.002500,0.004557,-0.002752,0.027833,0.500,0.663132,0.664585,0.001453,0.004842,-0.003930,0.029709,0.500
259,camera,5444503,data/1_2024/shard-000477.tar,256x256,vertical,1.1859,0.875,0.3654,-14.0,0,0,0.605950,0.604991,-0.000959,0.000303,0.000894,0.018072,0.000,0.607856,0.607447,-0.000410,0.001099,-0.000462,0.016963,0.250,0.604853,0.603772,-0.001081,0.000361,0.000404,0.015519,0.000
260,camera,8060503,data/1_2024/shard-000477.tar,256x256,vertical,1.1891,0.375,0.4434,-6.0,0,0,0.757086,0.756692,-0.000394,0.000838,0.004377,0.021418,0.250,0.758092,0.757836,-0.000256,-0.000025,0.002077,0.015403,0.250,0.757607,0.758187,0.000580,0.000214,0.002253,0.013902,0.500
261,camera,5379503,data/1_2024/shard-000477.tar,256x256,vertical,1.3521,0.375,0.4717,-6.0,0,0,0.372473,0.370029,-0.002444,-0.000081,0.016583,0.008915,0.000,0.371303,0.370844,-0.000458,0.000026,0.000903,0.009276,0.250,0.370303,0.370438,0.000135,0.000432,0.000796,0.009416,0.250
262,camera,2173503,data/1_2024/shard-000477.tar,256x256,vertical,1.3244,2.344,0.3057,-37.5,0,0,0.595885,0.594374,-0.001511,0.002898,-0.008388,0.082403,0.250,0.587868,0.594821,0.006953,0.001102,0.002056,0.034969,0.500,0.585609,0.593085,0.007475,0.000825,0.001544,0.035343,0.500
263,camera,1824503,data/1_2024/shard-000477.tar,256x256,vertical,1.1180,1.500,0.1250,-24.0,0,0,0.723477,0.727461,0.003984,0.008344,0.007821,0.064654,0.500,0.722525,0.726240,0.003715,0.004103,0.003873,0.043630,0.500,0.726929,0.730195,0.003265,0.003797,0.003499,0.039131,0.500
264,camera,6359503,data/1_2024/shard-000477.tar,256x256,vertical,1.1891,3.250,0.9906,52.0,0,0,0.449844,0.445593,-0.004251,0.002188,-0.002765,0.091821,0.000,0.447861,0.446267,-0.001594,0.002185,-0.001222,0.057989,0.000,0.445818,0.444838,-0.000980,0.002695,-0.000321,0.055840,0.250
265,camera,2266503,data/1_2024/shard-000477.tar,256x256,horizontal,1.2279,1.312,0.6615,21.0,0,0,0.462309,0.463572,0.001262,-0.000158,0.003455,0.042934,0.250,0.461559,0.464065,0.002506,0.000606,0.005039,0.038060,0.500,0.461205,0.463713,0.002508,0.000084,0.005302,0.038499,0.500
266,camera,2903503,data/1_2024/shard-000477.tar,256x256,horizontal,1.2279,1.062,0.3692,-17.0,0,0,0.614962,0.620900,0.005938,0.004440,0.001926,0.044383,0.250,0.613426,0.620950,0.007524,0.004031,0.002118,0.038409,0.250,0.614255,0.619537,0.005283,0.004904,0.002965,0.043342,0.250
267,camera,7435503,data/1_2024/shard-000477.tar,256x256,vertical,1.2231,2.219,0.2205,-35.5,0,0,0.696967,0.694171,-0.002795,-0.000288,-0.001840,0.060757,0.000,0.694740,0.696185,0.001444,0.001015,0.000387,0.031907,0.250,0.694050,0.695071,0.001021,0.001319,0.000370,0.031472,0.500
268,camera,4036503,data/1_2024/shard-000477.tar,256x256,vertical,1.1924,0.500,0.4259,-8.0,0,0,0.391699,0.394261,0.002562,-0.000287,0.002170,0.028600,0.000,0.389274,0.394586,0.005313,0.001212,0.001975,0.016193,0.500,0.389366,0.394366,0.005001,0.002652,0.001396,0.018730,0.750
269,camera,336503,data/1_2024/shard-000477.tar,256x256,horizontal,1.1541,2.531,0.9765,40.5,0,0,0.497279,0.500077,0.002798,0.004451,0.006722,0.060202,0.750,0.498721,0.501605,0.002884,0.002741,0.000415,0.039629,0.500,0.495870,0.498331,0.002461,0.002850,0.000666,0.040236,0.500
270,camera,140503,data/1_2024/shard-000477.tar,256x256,horizontal,1.1642,1.719,0.8022,27.5,0,0,0.371809,0.376974,0.005165,0.009034,0.020382,0.069728,0.750,0.372202,0.377262,0.005060,0.004785,0.004634,0.055051,0.750,0.372002,0.378656,0.006653,0.005609,0.005531,0.062822,0.750
271,camera,5585503,data/1_2024/shard-000477.tar,256x256,vertical,1.1319,1.250,0.2222,-20.0,0,0,0.428551,0.430561,0.002010,0.003699,0.003604,0.043367,0.250,0.425927,0.428326,0.002399,0.003271,0.001133,0.042453,0.250,0.424185,0.425437,0.001252,0.002447,0.001029,0.041023,0.250
272,camera,1224503,data/1_2024/shard-000477.tar,256x256,vertical,1.1826,0.312,0.5490,5.0,0,0,0.535512,0.537568,0.002056,-0.001682,0.001412,0.021472,0.250,0.532997,0.537641,0.004644,-0.000463,0.007654,0.009516,0.000,0.531928,0.536358,0.004430,-0.000505,0.007433,0.009775,0.000
273,camera,3958503,data/1_2024/shard-000477.tar,256x256,horizontal,1.1875,1.469,0.2762,-23.5,0,0,0.308136,0.312671,0.004534,0.003971,-0.000356,0.060709,0.500,0.306005,0.311512,0.005507,0.005670,0.001132,0.049824,0.500,0.306385,0.311213,0.004828,0.004709,0.001316,0.050729,0.500
274,camera,3651503,data/1_2024/shard-000477.tar,256x256,vertical,1.1891,1.750,0.2358,-28.0,0,0,0.756347,0.755379,-0.000968,0.000407,0.000409,0.036825,0.000,0.755474,0.754612,-0.000862,0.000785,0.000660,0.030051,0.250,0.756329,0.754753,-0.001576,-0.000106,-0.000254,0.029177,0.000
275,camera,7815503,data/1_2024/shard-000477.tar,256x256,vertical,1.2295,0.031,0.5038,0.5,0,0,0.553264,0.543538,-0.009726,0.000042,-0.001107,0.003374,0.000,0.550869,0.544770,-0.006100,0.000098,-0.002335,0.003546,0.500,0.544817,0.541128,-0.003689,0.000258,-0.001294,0.006526,0.500
276,camera,346503,data/1_2024/shard-000477.tar,256x256,vertical,1.1924,3.000,0.9444,48.0,0,0,0.657642,0.662954,0.005312,0.008850,0.005751,0.105438,0.500,0.655579,0.663884,0.008306,0.006429,0.000322,0.088485,0.500,0.654682,0.661900,0.007218,0.006125,0.000405,0.083015,0.500
277,camera,503503,data/1_2024/shard-000477.tar,256x256,horizontal,1.2437,3.625,0.0857,-58.0,0,0,0.873624,0.864171,-0.009453,-0.000543,-0.006739,0.118984,0.000,0.863266,0.862902,-0.000364,0.000445,-0.000347,0.048974,0.250,0.863588,0.863711,0.000123,0.000012,-0.000327,0.050410,0.250
278,camera,5500503,data/1_2024/shard-000477.tar,256x256,vertical,1.1891,2.812,0.9245,45.0,0,0,0.496539,0.494227,-0.002312,0.000697,-0.001512,0.060055,0.000,0.494795,0.493746,-0.001048,-0.001737,-0.001975,0.040243,0.250,0.497123,0.497065,-0.000058,-0.001413,-0.000601,0.040213,0.500
279,camera,7374503,data/1_2024/shard-000477.tar,256x256,vertical,1.2839,1.562,0.6506,25.0,0,0,0.563301,0.570149,0.006849,0.004632,0.003475,0.053674,0.250,0.560498,0.571055,0.010557,0.001438,0.004233,0.044270,0.750,0.558598,0.570833,0.012235,0.002489,0.004231,0.047202,0.750
280,camera,1946503,data/1_2024/shard-000477.tar,256x256,vertical,1.2022,2.000,0.7807,32.0,0,0,0.583178,0.582787,-0.000391,-0.003232,-0.003502,0.052903,0.250,0.582084,0.583266,0.001183,-0.002010,-0.001516,0.036824,0.500,0.580344,0.580780,0.000435,-0.003434,-0.003589,0.041161,0.500
281,camera,3706503,data/1_2024/shard-000477.tar,256x256,horizontal,1.2702,1.406,0.6433,22.5,0,0,0.621275,0.618954,-0.002320,0.001477,0.004288,0.029325,0.250,0.619599,0.620044,0.000444,0.000776,0.001354,0.023206,0.250,0.617663,0.618281,0.000619,0.000922,0.001425,0.024878,0.250
282,camera,1475503,data/1_2024/shard-000477.tar,256x256,vertical,1.1726,0.688,0.3854,-11.0,0,0,0.455946,0.455281,-0.000665,0.000881,0.004982,0.020741,0.500,0.459691,0.457758,-0.001933,-0.000517,-0.002412,0.017668,0.750,0.461177,0.459299,-0.001878,0.000180,-0.001562,0.016600,0.750
283,camera,3776503,data/1_2024/shard-000477.tar,256x256,vertical,1.1908,1.469,0.7196,23.5,0,0,0.693640,0.693279,-0.000361,0.000683,0.002375,0.037036,0.500,0.695791,0.694764,-0.001027,-0.001004,0.001568,0.034119,0.500,0.696075,0.695225,-0.000849,-0.000884,0.002297,0.036107,0.250
284,camera,6826503,data/1_2024/shard-000477.tar,256x256,vertical,1.1875,1.656,0.7524,26.5,0,0,0.680190,0.680026,-0.000164,0.001454,-0.000687,0.046260,0.250,0.680212,0.683247,0.003034,-0.000089,-0.000666,0.046209,0.250,0.677552,0.681067,0.003515,0.000766,-0.000385,0.051467,0.250
285,camera,1148503,data/1_2024/shard-000477.tar,256x256,vertical,1.1809,2.781,0.9406,44.5,0,0,0.772497,0.775968,0.003472,0.006820,0.005095,0.092720,0.500,0.768323,0.774617,0.006294,0.006332,0.005627,0.075425,0.500,0.768622,0.775848,0.007226,0.008047,0.007397,0.079563,0.500
286,camera,3527503,data/1_2024/shard-000477.tar,256x256,horizontal,1.3140,0.500,0.5430,8.0,0,0,0.263574,0.257590,-0.005984,0.000579,-0.004060,0.017581,0.000,0.257546,0.257758,0.000212,0.000453,-0.000795,0.012980,0.250,0.255988,0.256248,0.000260,-0.000198,0.000835,0.011584,0.000
287,camera,6466503,data/1_2024/shard-000477.tar,256x256,vertical,1.1336,1.406,0.1918,-22.5,0,0,0.585996,0.583549,-0.002447,-0.004819,0.013356,0.066536,0.250,0.589123,0.589104,-0.000019,-0.003015,0.001358,0.049509,0.250,0.585437,0.587340,0.001903,-0.001889,0.001669,0.046760,0.250
288,camera,3462503,data/1_2024/shard-000477.tar,256x256,vertical,1.2119,0.000,0.5000,0.0,1,0,0.614634,0.616690,0.002056,,0.000105,,0.250,0.613406,0.618073,0.004667,,0.001719,,0.500,0.613481,0.616729,0.003247,,0.001417,,0.250
289,camera,941503,data/1_2024/shard-000477.tar,256x256,horizontal,1.1558,1.125,0.2907,-18.0,0,0,0.529670,0.525791,-0.003879,0.001910,0.000679,0.050681,0.000,0.527692,0.526155,-0.001538,0.002744,0.001476,0.037841,0.500,0.527228,0.525767,-0.001460,0.002853,0.001428,0.037825,0.250
290,camera,3213503,data/1_2024/shard-000477.tar,256x256,vertical,1.1875,2.156,0.8286,34.5,0,0,0.393159,0.395432,0.002274,0.005825,0.002211,0.068052,0.250,0.391124,0.392566,0.001442,0.003803,0.000695,0.064595,0.500,0.389486,0.390990,0.001503,0.005260,0.001094,0.059564,1.000
291,camera,8343503,data/1_2024/shard-000477.tar,256x256,horizontal,1.3125,4.531,0.1081,-72.5,0,0,0.791769,0.779106,-0.012663,-0.002831,-0.012664,0.129530,0.000,0.778822,0.777858,-0.000965,0.000160,-0.000277,0.063526,0.250,0.776446,0.776482,0.000036,0.001038,-0.000257,0.062349,0.250
292,camera,1546503,data/1_2024/shard-000477.tar,256x256,horizontal,1.2359,0.781,0.5926,12.5,0,0,0.877739,0.873789,-0.003950,-0.000061,0.002605,0.029697,0.000,0.875277,0.872895,-0.002382,-0.000354,0.000601,0.022445,0.000,0.874435,0.870655,-0.003780,-0.000311,-0.000020,0.023477,0.000
293,camera,3966503,data/1_2024/shard-000477.tar,256x256,vertical,1.2531,1.438,0.6575,23.0,0,0,0.355911,0.350276,-0.005635,0.001217,-0.002954,0.034010,0.000,0.353697,0.348724,-0.004972,-0.001110,-0.001312,0.027130,0.250,0.353329,0.347535,-0.005795,-0.002454,-0.000939,0.027216,0.000
294,camera,7583503,data/1_2024/shard-000477.tar,256x256,vertical,1.1826,0.875,0.6373,14.0,0,0,0.436385,0.438230,0.001845,0.000097,0.004838,0.024400,0.250,0.434499,0.438049,0.003550,-0.000213,0.007936,0.022609,0.250,0.433186,0.437234,0.004048,0.000393,0.008052,0.024853,0.750
295,camera,3863503,data/1_2024/shard-000477.tar,256x256,vertical,1.1575,1.281,0.7356,20.5,0,0,0.654245,0.656971,0.002726,0.003804,0.057951,0.058091,0.500,0.651746,0.654885,0.003139,0.001222,0.012585,0.041466,0.500,0.650432,0.654507,0.004075,0.002791,0.009175,0.044450,0.500
296,camera,7542503,data/1_2024/shard-000477.tar,256x256,vertical,1.2975,4.969,0.9543,79.5,0,0,0.499196,0.485624,-0.013572,0.010442,-0.011631,0.186865,0.250,0.465024,0.480616,0.015592,0.013957,0.016153,0.110178,0.500,0.463796,0.476413,0.012617,0.005287,0.010526,0.084534,0.750
297,camera,782503,data/1_2024/shard-000477.tar,256x256,vertical,1.1891,3.250,0.0094,-52.0,0,0,0.503380,0.501295,-0.002085,-0.000278,0.016274,0.078569,0.250,0.498883,0.502837,0.003954,0.002247,0.009385,0.045154,0.500,0.498050,0.501923,0.003873,0.002040,0.007432,0.042984,0.750
298,camera,3888503,data/1_2024/shard-000477.tar,256x256,vertical,1.1875,0.406,0.4381,-6.5,0,0,0.557425,0.563838,0.006413,0.000674,-0.000020,0.020073,0.250,0.554903,0.564202,0.009299,0.000829,-0.000068,0.014710,0.750,0.553459,0.560975,0.007517,0.000429,-0.000058,0.015100,0.250
299,camera,5795503,data/1_2024/shard-000477.tar,256x256,vertical,1.1875,1.594,0.2571,-25.5,0,0,0.554116,0.553579,-0.000536,0.001081,0.001049,0.044847,0.000,0.553166,0.553669,0.000503,0.000310,0.000862,0.034775,0.500,0.552431,0.553510,0.001079,0.000735,0.001270,0.035292,0.500
300,camera,5722503,data/1_2024/shard-000477.tar,256x256,vertical,1.1473,0.281,0.4444,-4.5,0,0,0.495437,0.494238,-0.001199,-0.000293,0.041701,0.013535,0.000,0.499171,0.496191,-0.002979,-0.000048,0.002407,0.009997,0.000,0.495205,0.492571,-0.002633,-0.000130,0.003480,0.010813,0.250
301,camera,685503,data/1_2024/shard-000477.tar,256x256,vertical,1.2247,2.062,0.7578,33.0,0,0,0.427043,0.422649,-0.004394,-0.001037,-0.003158,0.045599,0.000,0.423772,0.421742,-0.002030,-0.000466,-0.001304,0.030269,0.250,0.424018,0.421577,-0.002442,-0.000258,-0.001617,0.029480,0.250
302,camera,5669503,data/1_2024/shard-000477.tar,256x256,vertical,1.1541,0.656,0.6235,10.5,0,0,0.590267,0.589261,-0.001006,0.000489,0.001489,0.017187,0.250,0.587622,0.587838,0.000215,0.000220,0.000427,0.013639,0.500,0.588353,0.588390,0.000037,0.000027,0.000725,0.013755,0.250
303,camera,288503,data/1_2024/shard-000477.tar,256x256,horizontal,1.1842,1.156,0.6796,18.5,0,0,0.866567,0.867311,0.000744,-0.002736,0.004064,0.055656,0.500,0.864468,0.867829,0.003361,-0.000345,0.008269,0.034507,0.750,0.860433,0.865721,0.005287,0.000219,0.010833,0.037771,0.250
304,camera,7593503,data/1_2024/shard-000477.tar,256x256,vertical,1.2390,4.281,1.0000,68.5,0,0,0.600337,0.593779,-0.006558,0.027319,-0.002274,0.180135,0.250,0.588115,0.589795,0.001681,0.013830,0.003184,0.125559,0.500,0.584770,0.585385,0.000615,0.015219,0.004294,0.120138,0.500
305,camera,8324503,data/1_2024/shard-000477.tar,256x256,vertical,1.3258,1.688,0.3608,-27.0,0,0,0.448332,0.443530,-0.004802,0.000845,-0.005611,0.059267,0.250,0.441645,0.442273,0.000628,0.001529,0.000372,0.035528,0.250,0.442111,0.443384,0.001273,0.004581,-0.000398,0.051257,0.250
306,camera,3378503,data/1_2024/shard-000477.tar,256x256,vertical,1.1875,2.469,0.1238,-39.5,0,0,0.481480,0.478729,-0.002751,-0.000518,-0.001242,0.049597,0.000,0.479891,0.479175,-0.000715,-0.000719,-0.000643,0.034720,0.000,0.481437,0.481574,0.000137,-0.000655,-0.000294,0.032112,0.000
307,camera,7445503,data/1_2024/shard-000477.tar,256x256,vertical,1.3258,0.938,0.5773,15.0,0,0,0.213104,0.202030,-0.011073,-0.003323,-0.002679,0.024926,0.000,0.203047,0.202110,-0.000937,-0.000050,-0.000757,0.015821,0.000,0.202811,0.202510,-0.000300,-0.000373,-0.000659,0.013528,0.000
308,camera,1820503,data/1_2024/shard-000477.tar,256x256,vertical,1.2990,4.812,0.9375,77.0,0,0,0.389372,0.373836,-0.015536,0.005709,-0.012395,0.145463,0.000,0.362245,0.374291,0.012046,0.016117,0.014388,0.097160,0.500,0.359764,0.368856,0.009092,0.010502,0.014318,0.075647,0.500
309,camera,2835503,data/1_2024/shard-000477.tar,256x256,vertical,1.1826,2.812,0.9412,45.0,0,0,0.742990,0.741893,-0.001097,0.004301,0.007291,0.088452,0.500,0.741881,0.742862,0.000981,0.002368,0.003100,0.068057,0.750,0.738809,0.741429,0.002620,0.005366,0.005335,0.072922,1.000
310,camera,7434503,data/1_2024/shard-000477.tar,256x256,horizontal,1.2624,2.312,0.7434,37.0,0,0,0.545228,0.542220,-0.003008,-0.004715,-0.005258,0.067763,0.000,0.536835,0.540376,0.003541,-0.002066,-0.002606,0.049279,0.000,0.537863,0.541532,0.003669,-0.003085,-0.003547,0.048511,0.000
311,camera,3528503,data/1_2024/shard-000477.tar,256x256,vertical,1.2247,1.938,0.2578,-31.0,0,0,0.414849,0.414778,-0.000070,0.001200,-0.000057,0.064914,0.000,0.413917,0.414433,0.000516,0.000609,0.000314,0.036563,0.500,0.415906,0.416470,0.000564,0.000944,0.000703,0.036696,0.250
312,camera,6287503,data/1_2024/shard-000477.tar,256x256,vertical,1.1908,2.094,0.1869,-33.5,0,0,0.443258,0.438060,-0.005198,0.000605,0.021250,0.041252,0.000,0.437200,0.436069,-0.001131,0.000097,0.002756,0.031246,0.250,0.439961,0.439571,-0.000390,0.000483,0.003385,0.030795,0.000
313,camera,2663503,data/1_2024/shard-000477.tar,256x256,vertical,1.1302,0.969,0.2817,-15.5,0,0,0.568922,0.568805,-0.000116,0.000885,0.001231,0.036700,0.250,0.566232,0.566910,0.000677,0.001173,0.001004,0.028093,0.250,0.565901,0.566771,0.000870,0.001239,0.000938,0.028199,0.500
314,camera,3204503,data/1_2024/shard-000477.tar,256x256,vertical,1.1891,0.875,0.3679,-14.0,0,0,0.519943,0.516134,-0.003810,0.000469,0.000853,0.019788,0.000,0.515186,0.512406,-0.002779,-0.001015,-0.001336,0.018462,0.000,0.516358,0.514995,-0.001363,-0.001063,-0.001235,0.018044,0.000
315,camera,5817503,data/1_2024/shard-000477.tar,256x256,vertical,1.5000,7.500,0.8750,120.0,0,0,0.742333,0.701889,-0.040444,0.008719,-0.033848,0.157659,0.000,0.697698,0.699536,0.001838,0.007069,0.000588,0.097491,0.250,0.697114,0.697279,0.000165,0.004988,-0.000119,0.084474,0.250
316,camera,2764503,data/1_2024/shard-000477.tar,256x256,vertical,1.1826,2.562,0.0980,-41.0,0,0,0.398008,0.391220,-0.006788,-0.001112,-0.002535,0.074148,0.000,0.393774,0.393321,-0.000453,0.000721,0.000384,0.052319,0.250,0.392420,0.392244,-0.000176,0.001533,0.000735,0.052151,0.250
317,camera,2324503,data/1_2024/shard-000477.tar,256x256,vertical,1.1075,0.500,0.3621,-8.0,0,0,0.541743,0.538826,-0.002917,-0.000298,0.001451,0.051815,0.250,0.539023,0.539492,0.000469,-0.001952,0.001109,0.023595,0.500,0.536645,0.538224,0.001578,-0.001312,0.001079,0.021190,0.500
318,camera,7079503,data/1_2024/shard-000477.tar,256x256,horizontal,1.1336,1.656,0.1370,-26.5,0,0,0.740773,0.741531,0.000758,0.001136,0.002934,0.041279,0.500,0.740634,0.742570,0.001937,0.001542,0.003220,0.035065,1.000,0.740289,0.741405,0.001117,0.000567,0.002944,0.034526,0.250
319,camera,7491503,data/1_2024/shard-000477.tar,256x256,horizontal,1.1541,0.344,0.4353,-5.5,0,0,0.325054,0.324896,-0.000158,-0.000126,0.001002,0.016329,0.250,0.323215,0.323923,0.000707,0.000066,0.000658,0.013317,0.250,0.322624,0.323324,0.000700,0.000099,0.000109,0.013796,0.500
320,camera,6580503,data/1_2024/shard-000477.tar,256x256,horizontal,1.3390,1.031,0.5813,16.5,0,0,0.644735,0.635164,-0.009571,-0.000458,-0.006198,0.031656,0.000,0.641841,0.635991,-0.005850,0.003845,-0.001545,0.045091,0.250,0.640199,0.635441,-0.004758,0.002583,-0.000547,0.035143,0.000
321,camera,6969503,data/1_2024/shard-000477.tar,256x256,vertical,1.1093,1.344,0.8644,21.5,0,0,0.777484,0.777142,-0.000342,-0.000776,0.001012,0.038424,0.000,0.774610,0.777465,0.002855,0.000427,0.000898,0.032897,0.250,0.776527,0.778611,0.002084,0.000261,0.000786,0.032265,0.250
322,camera,4497503,data/1_2024/shard-000477.tar,256x256,vertical,1.1875,2.344,0.8571,37.5,0,0,0.497461,0.505919,0.008458,0.027506,0.007879,0.132214,0.500,0.489385,0.504706,0.015321,0.016733,0.003457,0.095786,0.500,0.484792,0.499784,0.014992,0.024404,0.007863,0.113838,0.500
323,camera,2163503,data/1_2024/shard-000477.tar,256x256,vertical,1.1875,0.656,0.4000,-10.5,0,0,0.550286,0.548476,-0.001810,-0.000224,0.000861,0.027983,0.250,0.551875,0.550738,-0.001137,-0.001783,0.001876,0.023077,0.000,0.551180,0.549027,-0.002152,-0.001458,0.002314,0.022941,0.000
324,camera,3867503,data/1_2024/shard-000477.tar,256x256,vertical,1.1908,0.906,0.6355,14.5,0,0,0.684647,0.686060,0.001413,0.002514,0.004864,0.043476,0.250,0.677995,0.688736,0.010741,0.002613,0.012129,0.045770,0.250,0.675534,0.682941,0.007407,-0.000300,0.009383,0.037437,0.000
325,camera,7743503,data/1_2024/shard-000477.tar,256x256,vertical,1.1891,1.125,0.6698,18.0,0,0,0.256865,0.258510,0.001644,0.001691,0.008857,0.023653,0.500,0.258465,0.260075,0.001610,0.001118,0.002389,0.019445,0.500,0.257733,0.259257,0.001524,0.001190,0.002665,0.018725,1.000
326,camera,3769503,data/1_2024/shard-000477.tar,256x256,vertical,1.3593,4.406,0.1751,-70.5,0,0,0.760154,0.747039,-0.013115,-0.007336,-0.017434,0.130264,0.000,0.740035,0.745959,0.005924,-0.000118,-0.000292,0.048919,0.250,0.738301,0.745988,0.007686,0.000425,0.000075,0.046173,0.500
327,camera,3843503,data/1_2024/shard-000477.tar,256x256,vertical,1.2469,2.750,0.1901,-44.0,0,0,0.607101,0.604428,-0.002673,-0.004344,-0.007082,0.078051,0.000,0.603310,0.607978,0.004669,-0.002299,-0.002795,0.049781,0.250,0.603889,0.608382,0.004494,-0.002401,-0.002827,0.044613,0.500
328,camera,4115503,data/1_2024/shard-000477.tar,256x256,horizontal,1.2087,2.375,0.8220,38.0,0,0,0.689597,0.693673,0.004076,0.009145,0.039116,0.089403,0.500,0.686566,0.691830,0.005264,0.007000,0.009963,0.065640,1.000,0.684298,0.690012,0.005714,0.009195,0.008219,0.081413,1.000
329,camera,7572503,data/1_2024/shard-000477.tar,256x256,vertical,1.1180,1.875,0.0312,-30.0,0,0,0.600014,0.600079,0.000065,0.002216,0.001162,0.047971,0.500,0.600865,0.601062,0.000197,0.001929,0.001289,0.036290,0.500,0.599861,0.600318,0.000457,0.001255,0.000643,0.036100,0.500
330,camera,6399503,data/1_2024/shard-000477.tar,256x256,vertical,1.1792,2.000,0.1800,-32.0,0,0,0.609504,0.609892,0.000388,0.001627,0.002051,0.042235,0.500,0.607892,0.609495,0.001603,0.000893,0.001089,0.032534,0.750,0.609488,0.611387,0.001899,0.000766,0.001119,0.032909,0.500
331,camera,3928503,data/1_2024/shard-000477.tar,256x256,vertical,1.1891,3.188,0.0189,-51.0,0,0,0.723263,0.719904,-0.003359,0.008375,0.005532,0.122437,0.000,0.718799,0.719383,0.000584,0.006773,0.007309,0.081822,0.250,0.720240,0.719788,-0.000453,0.005301,0.004512,0.075688,0.250
332,camera,8032503,data/1_2024/shard-000477.tar,256x256,vertical,1.1180,0.062,0.4844,-1.0,0,0,0.785744,0.785176,-0.000568,-0.000164,0.000512,0.005894,0.000,0.788114,0.785284,-0.002830,-0.000401,-0.002265,0.007214,0.000,0.788115,0.784898,-0.003217,-0.000262,-0.002842,0.006983,0.250
333,camera,7949503,data/1_2024/shard-000477.tar,256x256,vertical,1.1875,2.344,0.8571,37.5,0,0,0.370588,0.371969,0.001381,0.001206,-0.000062,0.072847,0.250,0.366934,0.367732,0.000798,0.001333,-0.000052,0.048494,0.250,0.367601,0.368729,0.001128,0.000682,-0.000283,0.047912,0.500
334,camera,6490503,data/1_2024/shard-000477.tar,256x256,vertical,1.1541,1.781,0.8353,28.5,0,0,0.475432,0.478211,0.002779,0.002684,-0.000003,0.056595,0.500,0.471563,0.477089,0.005526,0.004693,0.000099,0.057883,0.500,0.472626,0.477071,0.004445,0.004176,-0.001182,0.053809,0.500
335,camera,5658503,data/1_2024/shard-000477.tar,256x256,vertical,1.1891,1.188,0.6792,19.0,0,0,0.745602,0.748420,0.002818,0.001175,0.000741,0.039302,0.250,0.749225,0.750219,0.000994,0.001470,0.001329,0.034660,0.250,0.748603,0.749753,0.001150,0.001629,0.001243,0.036795,0.500
336,camera,2287503,data/1_2024/shard-000477.tar,256x256,vertical,1.1875,2.344,0.1429,-37.5,0,0,0.517308,0.518256,0.000948,0.009607,0.005678,0.116853,0.250,0.516046,0.520330,0.004284,0.010021,0.008506,0.098798,0.750,0.514433,0.518658,0.004225,0.010463,0.009837,0.105802,0.750
337,camera,5402503,data/1_2024/shard-000477.tar,256x256,vertical,1.1093,0.344,0.4068,-5.5,0,0,0.503437,0.504874,0.001438,0.000920,0.000993,0.015006,0.500,0.502569,0.505128,0.002559,0.001159,0.001419,0.014033,0.500,0.501501,0.503916,0.002416,0.001493,0.001610,0.012947,0.750
338,camera,6739503,data/1_2024/shard-000477.tar,256x256,vertical,1.1875,1.531,0.7333,24.5,0,0,0.373667,0.367151,-0.006515,-0.001445,-0.000089,0.052712,0.000,0.369347,0.369258,-0.000089,0.002399,0.000112,0.040772,0.000,0.369396,0.369152,-0.000245,0.003187,-0.000131,0.044816,0.000
339,camera,4822503,data/1_2024/shard-000477.tar,256x256,horizontal,1.2087,0.750,0.3983,-12.0,0,0,0.407553,0.407678,0.000124,-0.000722,-0.001075,0.039923,0.000,0.404511,0.406319,0.001808,-0.000817,-0.001313,0.034452,0.000,0.405331,0.407344,0.002013,-0.001153,-0.000806,0.037095,0.000
340,camera,6169503,data/1_2024/shard-000477.tar,256x256,horizontal,1.1575,1.156,0.2874,-18.5,0,0,0.347407,0.345081,-0.002327,-0.000742,-0.001320,0.036402,0.250,0.342170,0.341098,-0.001072,-0.000290,-0.000908,0.029495,0.250,0.339928,0.338828,-0.001100,-0.000620,-0.001321,0.030201,0.000
341,camera,5951503,data/1_2024/shard-000477.tar,256x256,vertical,1.4307,4.062,0.2575,-65.0,0,0,0.239283,0.225642,-0.013641,0.000364,0.005564,0.119945,0.250,0.220128,0.223260,0.003132,0.003711,0.006937,0.047336,0.500,0.219737,0.220697,0.000960,0.004033,0.005521,0.049293,0.250
342,camera,4169503,data/1_2024/shard-000477.tar,256x256,vertical,1.1891,0.500,0.5755,8.0,0,0,0.483895,0.486637,0.002742,0.001633,0.000168,0.018035,0.250,0.484207,0.488220,0.004013,0.001981,0.000477,0.022538,0.250,0.480505,0.485463,0.004958,0.002749,-0.000237,0.024222,0.250
343,camera,4228503,data/1_2024/shard-000477.tar,256x256,horizontal,1.1726,1.375,0.7292,22.0,0,0,0.437906,0.437369,-0.000537,0.002099,0.002713,0.033705,0.000,0.435896,0.435857,-0.000039,0.001549,-0.000600,0.027676,0.750,0.438459,0.438202,-0.000257,0.001119,-0.000036,0.026794,0.500
344,camera,4237503,data/1_2024/shard-000477.tar,256x256,horizontal,1.1842,1.469,0.2718,-23.5,0,0,0.807513,0.807698,0.000185,0.000713,0.000550,0.041531,0.250,0.808162,0.808247,0.000085,0.000603,0.000572,0.035161,0.500,0.807514,0.807040,-0.000474,0.000835,-0.000288,0.035837,0.500
345,camera,1189503,data/1_2024/shard-000477.tar,256x256,vertical,1.3849,6.844,0.0340,-109.5,0,0,0.443291,0.410613,-0.032677,-0.012322,-0.032188,0.150051,0.000,0.411352,0.410293,-0.001059,0.002323,-0.004114,0.075245,0.500,0.409458,0.410714,0.001256,0.003476,-0.001811,0.069234,0.500
346,camera,2333503,data/1_2024/shard-000477.tar,256x256,vertical,1.1336,1.969,0.0685,-31.5,0,0,0.712233,0.711057,-0.001175,0.001676,0.002074,0.044291,0.250,0.711526,0.711649,0.000123,0.001597,0.001842,0.033284,0.250,0.709631,0.709510,-0.000121,0.001789,0.001962,0.035100,0.500
347,camera,2760503,data/1_2024/shard-000477.tar,256x256,vertical,1.1891,0.625,0.5943,10.0,0,0,0.432231,0.433248,0.001018,-0.000536,0.000837,0.024590,0.000,0.430041,0.430784,0.000743,-0.000962,0.001655,0.017342,0.000,0.430806,0.431927,0.001121,-0.000675,0.002567,0.016768,0.250
348,camera,252503,data/1_2024/shard-000477.tar,256x256,vertical,1.3919,1.625,0.3917,-26.0,0,0,0.490515,0.482058,-0.008457,-0.000398,-0.007609,0.030313,0.000,0.483548,0.482589,-0.000959,0.000915,-0.000952,0.042902,0.500,0.482341,0.481465,-0.000876,0.002065,-0.001161,0.047403,0.250
349,camera,5540503,data/1_2024/shard-000477.tar,256x256,vertical,1.1908,3.281,0.0093,-52.5,0,0,0.719279,0.718964,-0.000315,0.013038,-0.001570,0.148339,0.250,0.710573,0.715927,0.005354,0.015996,0.004694,0.120221,0.500,0.712916,0.720062,0.007146,0.015693,0.006415,0.124101,0.500
350,camera,7690503,data/1_2024/shard-000477.tar,256x256,horizontal,1.3332,1.344,0.3920,-21.5,0,0,0.646050,0.638736,-0.007314,-0.000442,-0.002242,0.032395,0.000,0.641227,0.639464,-0.001764,0.000085,0.000385,0.027664,0.250,0.639796,0.638532,-0.001264,0.000444,0.000535,0.025352,0.250
351,camera,4688503,data/1_2024/shard-000477.tar,256x256,vertical,1.1826,0.875,0.6373,14.0,0,0,0.746182,0.745679,-0.000503,0.000884,0.002203,0.032053,0.250,0.745794,0.745994,0.000199,0.001202,0.001111,0.027636,0.000,0.744829,0.744819,-0.000010,0.000689,0.001183,0.025780,0.250
352,camera,6698503,data/1_2024/shard-000477.tar,256x256,horizontal,1.1524,1.188,0.7262,19.0,0,0,0.429467,0.427980,-0.001487,-0.001580,0.031094,0.061373,0.000,0.424372,0.426649,0.002276,0.000193,0.006461,0.038862,0.250,0.419348,0.423139,0.003791,0.002053,0.009972,0.037310,0.250
353,camera,4314503,data/1_2024/shard-000477.tar,256x256,horizontal,1.1891,1.312,0.6981,21.0,0,0,0.507120,0.504964,-0.002156,0.000553,-0.000421,0.036235,0.000,0.502340,0.502931,0.000591,0.000520,0.001163,0.028924,0.250,0.503277,0.503942,0.000665,0.000642,0.001162,0.030481,0.500
354,camera,7821503,data/1_2024/shard-000477.tar,256x256,horizontal,1.3332,2.469,0.6985,39.5,0,0,0.928991,0.922558,-0.006433,-0.000427,-0.007410,0.076255,0.000,0.923719,0.922888,-0.000831,-0.001050,-0.001811,0.048756,0.000,0.924058,0.923303,-0.000755,-0.001686,-0.002972,0.047133,0.000
355,camera,3531503,data/1_2024/shard-000477.tar,256x256,vertical,1.2038,1.656,0.7304,26.5,0,0,0.370437,0.369143,-0.001294,0.002279,-0.000112,0.045652,0.000,0.367495,0.369726,0.002231,0.006034,0.004274,0.050333,0.750,0.366673,0.367427,0.000755,0.005647,0.003667,0.053297,0.500
356,camera,5024503,data/1_2024/shard-000477.tar,256x256,vertical,1.2167,0.656,0.4146,-10.5,0,0,0.440395,0.440245,-0.000150,-0.000265,0.000407,0.013171,0.000,0.440126,0.439316,-0.000810,-0.000867,0.000526,0.013264,0.250,0.438236,0.438105,-0.000131,-0.000570,0.000255,0.012343,0.250
357,camera,5517503,data/1_2024/shard-000477.tar,256x256,horizontal,1.1891,0.062,0.4906,-1.0,0,0,0.602201,0.604012,0.001812,-0.000235,-0.001964,0.005657,0.000,0.599534,0.603428,0.003894,-0.000106,0.000733,0.004939,0.000,0.601422,0.604053,0.002632,0.000014,0.000587,0.005424,0.250
358,camera,695503,data/1_2024/shard-000477.tar,256x256,horizontal,1.1558,1.125,0.2907,-18.0,0,0,0.506406,0.507322,0.000916,0.001383,-0.000159,0.052579,0.250,0.505048,0.504875,-0.000173,0.000173,0.000454,0.036067,0.250,0.505386,0.504909,-0.000478,0.001267,0.000642,0.036904,0.500
359,camera,5593503,data/1_2024/shard-000477.tar,256x256,vertical,1.2469,3.125,0.1479,-50.0,0,0,0.311358,0.303490,-0.007869,-0.002410,-0.007586,0.100486,0.000,0.303221,0.303506,0.000285,0.003073,0.000144,0.042348,0.250,0.301327,0.302008,0.000681,0.005116,0.000551,0.045596,0.250
360,camera,2013503,data/1_2024/shard-000477.tar,256x256,vertical,1.1609,1.844,0.8315,29.5,0,0,0.393910,0.396659,0.002748,0.005328,0.005587,0.092198,0.500,0.395022,0.398235,0.003213,0.003331,0.001991,0.091110,0.750,0.393458,0.398100,0.004642,0.004164,0.001866,0.090110,1.000
361,camera,4131503,data/1_2024/shard-000477.tar,256x256,vertical,1.2547,3.656,0.8980,58.5,0,0,0.227850,0.222155,-0.005695,0.002176,-0.004386,0.104915,0.000,0.219742,0.219390,-0.000352,0.001129,0.000864,0.049452,0.250,0.218785,0.220667,0.001881,0.002595,0.001650,0.050173,0.250
362,camera,4064503,data/1_2024/shard-000477.tar,256x256,vertical,1.1891,0.875,0.6321,14.0,0,0,0.815445,0.815898,0.000453,0.002767,0.004091,0.046357,0.750,0.810251,0.811448,0.001197,0.002671,0.004373,0.033137,0.500,0.810992,0.811563,0.000571,0.002611,0.004510,0.031705,0.500
363,camera,5812503,data/1_2024/shard-000477.tar,256x256,vertical,1.1891,1.312,0.6981,21.0,0,0,0.503211,0.501361,-0.001850,-0.000047,-0.000994,0.040170,0.250,0.502711,0.501952,-0.000759,-0.000597,-0.000693,0.030113,0.500,0.501010,0.500159,-0.000851,-0.001253,-0.001066,0.029627,0.500
364,camera,7502503,data/1_2024/shard-000477.tar,256x256,horizontal,1.1093,1.219,0.8305,19.5,0,0,0.501872,0.502789,0.000917,-0.000565,0.001055,0.038899,0.000,0.502985,0.503963,0.000978,-0.000244,0.001225,0.039552,0.250,0.501246,0.502771,0.001525,0.000651,0.001944,0.035331,0.750
365,camera,4909503,data/1_2024/shard-000477.tar,256x256,vertical,1.1776,1.781,0.7879,28.5,0,0,0.349359,0.348404,-0.000955,0.002099,0.002079,0.062711,0.250,0.348465,0.350104,0.001639,0.001810,0.001572,0.045909,0.250,0.347605,0.349771,0.002166,0.002459,0.002157,0.044282,0.250
366,camera,7806503,data/1_2024/shard-000477.tar,256x256,vertical,1.3332,5.906,0.0251,-94.5,0,0,0.641954,0.612700,-0.029254,-0.008139,-0.026310,0.165786,0.000,0.614329,0.611008,-0.003321,0.001548,-0.002939,0.087438,0.250,0.616275,0.614439,-0.001836,-0.002253,-0.001795,0.078546,0.000
367,camera,1156503,data/1_2024/shard-000477.tar,256x256,vertical,1.4909,0.469,0.4760,-7.5,0,0,0.508536,0.487923,-0.020613,0.000249,-0.015866,0.016277,0.000,0.482289,0.483157,0.000868,-0.004811,0.003351,0.036996,0.250,0.479431,0.479415,-0.000016,-0.003501,0.002863,0.029502,0.250
368,camera,3564503,data/1_2024/shard-000477.tar,256x256,vertical,1.1541,0.719,0.3647,-11.5,0,0,0.604574,0.611838,0.007264,0.000719,0.003879,0.057581,0.500,0.600602,0.611894,0.011292,0.002623,0.010509,0.031371,0.500,0.599451,0.610318,0.010866,0.002625,0.010516,0.032598,0.750
369,camera,1563503,data/1_2024/shard-000477.tar,256x256,vertical,1.1941,0.594,0.5872,9.5,0,0,0.579295,0.582003,0.002707,0.000033,0.001624,0.031198,0.500,0.575473,0.581724,0.006250,0.000129,0.007553,0.020677,0.750,0.574225,0.581033,0.006808,0.000570,0.008641,0.023124,0.750
370,camera,6678503,data/1_2024/shard-000477.tar,256x256,vertical,1.1891,1.438,0.7170,23.0,0,0,0.694131,0.696181,0.002050,0.002045,-0.000673,0.040945,0.500,0.691851,0.696518,0.004667,0.004204,-0.000504,0.049108,0.500,0.690576,0.695452,0.004876,0.004747,-0.001133,0.055538,0.250
371,camera,3848503,data/1_2024/shard-000477.tar,256x256,vertical,1.1908,3.219,0.9813,51.5,0,0,0.553105,0.552783,-0.000322,0.004954,0.000712,0.092259,0.250,0.549863,0.554908,0.005045,0.005840,0.005576,0.061811,0.750,0.549724,0.554398,0.004674,0.004691,0.004738,0.061197,0.750
372,camera,6551503,data/1_2024/shard-000477.tar,256x256,vertical,1.1891,1.312,0.3019,-21.0,0,0,0.583020,0.583090,0.000070,-0.000510,0.024884,0.046899,0.250,0.583167,0.583922,0.000755,0.000201,0.001201,0.034467,0.500,0.581034,0.582749,0.001715,0.000990,0.001565,0.028334,0.500
373,camera,3702503,data/1_2024/shard-000477.tar,256x256,vertical,1.1891,1.375,0.2925,-22.0,0,0,0.487378,0.486636,-0.000742,0.003434,0.005260,0.062793,0.000,0.487871,0.489621,0.001751,0.001353,0.001800,0.037515,0.500,0.488288,0.489368,0.001080,0.001717,0.002213,0.042526,0.250
374,camera,2172503,data/1_2024/shard-000477.tar,256x256,vertical,1.2231,1.906,0.7402,30.5,0,0,0.236099,0.233803,-0.002296,0.000385,-0.000546,0.036858,0.000,0.233448,0.234093,0.000645,0.000476,-0.000269,0.020466,0.250,0.233562,0.234528,0.000966,0.000398,-0.000242,0.024488,0.500
375,camera,7563503,data/1_2024/shard-000477.tar,256x256,horizontal,1.1941,1.594,0.7339,25.5,0,0,0.321854,0.322012,0.000159,0.003050,0.002184,0.057500,0.500,0.321904,0.322167,0.000262,0.002163,0.001695,0.035525,0.500,0.321592,0.323435,0.001843,0.002161,0.002955,0.032996,0.500
376,camera,5114503,data/1_2024/shard-000477.tar,256x256,horizontal,1.1267,1.156,0.2319,-18.5,0,0,0.670933,0.670382,-0.000551,0.002100,0.007322,0.040312,0.250,0.670836,0.671262,0.000426,0.001330,0.002185,0.032523,0.750,0.674201,0.673719,-0.000482,0.000796,0.001907,0.032170,0.250
377,camera,3534503,data/1_2024/shard-000477.tar,256x256,vertical,1.1842,0.906,0.3592,-14.5,0,0,0.639166,0.636173,-0.002993,0.000422,-0.000104,0.028649,0.000,0.637091,0.637225,0.000133,-0.000499,0.002143,0.021960,0.250,0.636332,0.638207,0.001876,-0.000046,0.005117,0.023586,0.500
378,camera,5704503,data/1_2024/shard-000477.tar,256x256,horizontal,1.3376,1.312,0.6040,21.0,0,0,0.493431,0.492843,-0.000588,0.001354,0.004790,0.041281,0.250,0.482775,0.491840,0.009065,0.000286,0.013246,0.026574,0.250,0.479168,0.487183,0.008014,-0.000252,0.010950,0.021647,0.250
379,camera,6600503,data/1_2024/shard-000477.tar,256x256,vertical,1.1990,2.750,0.8929,44.0,0,0,0.635139,0.634779,-0.000360,0.002387,-0.001709,0.067134,0.250,0.637403,0.634421,-0.002982,-0.002135,-0.003320,0.079478,0.500,0.636741,0.633945,-0.002796,-0.003259,-0.003472,0.086388,0.500
380,camera,3960503,data/1_2024/shard-000477.tar,256x256,vertical,1.1891,1.625,0.2547,-26.0,0,0,0.455828,0.455811,-0.000016,0.001773,0.002377,0.043284,0.500,0.458597,0.456760,-0.001837,-0.001108,-0.000510,0.033353,0.250,0.460809,0.458401,-0.002408,-0.000687,0.001038,0.035641,0.500
381,camera,4452503,data/1_2024/shard-000477.tar,256x256,vertical,1.1541,0.031,0.5059,0.5,0,0,0.566314,0.565898,-0.000415,0.000106,0.000211,0.004305,0.250,0.566218,0.564859,-0.001359,-0.000016,-0.002130,0.005245,0.000,0.566022,0.565368,-0.000655,0.000089,-0.000543,0.005240,0.250
382,camera,1615503,data/1_2024/shard-000477.tar,256x256,vertical,1.1093,1.469,0.8983,23.5,0,0,0.519226,0.519228,0.000002,0.000935,0.000357,0.052905,0.750,0.516086,0.517081,0.000996,0.001118,-0.000787,0.057156,0.750,0.514648,0.515393,0.000746,0.000510,-0.000450,0.055577,0.750
383,camera,2148503,data/1_2024/shard-000477.tar,256x256,vertical,1.1891,0.812,0.3774,-13.0,0,0,0.671758,0.671113,-0.000646,0.000310,0.000145,0.026457,0.000,0.670050,0.671010,0.000960,-0.000707,-0.001074,0.016198,0.000,0.669720,0.671153,0.001433,-0.000726,-0.000911,0.018208,0.000
384,camera,6208503,data/1_2024/shard-000477.tar,256x256,vertical,1.3332,1.281,0.6030,20.5,0,0,0.611177,0.604375,-0.006802,-0.001696,-0.003072,0.034965,0.000,0.605630,0.602691,-0.002939,-0.001783,-0.000458,0.036870,0.500,0.607212,0.602875,-0.004338,-0.001378,-0.001704,0.037298,0.250
385,camera,4185503,data/1_2024/shard-000477.tar,256x256,vertical,1.1891,2.438,0.1321,-39.0,0,0,0.502030,0.504501,0.002471,0.001316,0.005515,0.058782,0.250,0.498937,0.505210,0.006273,0.001328,0.002751,0.047305,0.250,0.499398,0.504920,0.005522,0.002283,0.002433,0.047458,0.500
386,camera,5203503,data/1_2024/shard-000477.tar,256x256,vertical,1.2885,4.969,0.0296,-79.5,0,0,0.796112,0.790038,-0.006073,0.016136,0.001338,0.187942,0.250,0.778276,0.787053,0.008777,0.013529,0.010692,0.101321,0.750,0.779578,0.793739,0.014161,0.022286,0.016830,0.140992,0.750
387,camera,1530503,data/1_2024/shard-000477.tar,256x256,vertical,1.1233,0.969,0.2687,-15.5,0,0,0.494791,0.494366,-0.000425,-0.000029,0.002885,0.029008,0.250,0.495114,0.494294,-0.000820,-0.000004,0.000993,0.027400,0.250,0.495514,0.494764,-0.000750,-0.000211,0.000636,0.024042,0.250
388,camera,4465503,data/1_2024/shard-000477.tar,256x256,horizontal,1.1924,2.938,0.0648,-47.0,0,0,0.402948,0.402483,-0.000465,-0.000586,0.001044,0.088628,0.000,0.399139,0.401874,0.002735,-0.000105,0.003744,0.049053,0.500,0.395667,0.399647,0.003980,0.000618,0.005108,0.053955,0.500
389,camera,3410503,data/1_2024/shard-000477.tar,256x256,horizontal,1.1541,2.469,0.0353,-39.5,0,0,0.612579,0.611897,-0.000683,0.002070,-0.000319,0.102512,0.250,0.613234,0.615086,0.001852,0.004591,-0.000296,0.089441,0.500,0.608269,0.607618,-0.000650,0.003075,0.002826,0.088204,0.250
390,camera,8018503,data/1_2024/shard-000477.tar,256x256,vertical,1.2945,4.781,0.0578,-76.5,0,0,0.778840,0.767489,-0.011351,0.000966,-0.011298,0.175780,0.250,0.763569,0.769270,0.005700,0.005976,0.004651,0.107147,0.500,0.763179,0.768501,0.005323,0.004670,0.004643,0.102628,0.250
391,camera,7116503,data/1_2024/shard-000477.tar,256x256,horizontal,1.3332,0.219,0.4824,-3.5,0,0,0.555713,0.549502,-0.006211,-0.001088,-0.001849,0.011191,0.000,0.552469,0.551489,-0.000980,-0.000416,0.000838,0.010898,0.500,0.549669,0.548296,-0.001374,-0.000862,0.000762,0.010800,0.000
392,camera,4257503,data/1_2024/shard-000477.tar,256x256,vertical,1.3650,2.594,0.6878,41.5,0,0,0.359996,0.349767,-0.010229,-0.001573,-0.008997,0.061040,0.000,0.350214,0.350525,0.000311,0.001102,0.000345,0.040331,0.500,0.348841,0.349486,0.000645,0.002224,0.000508,0.050865,0.500
393,camera,5789503,data/1_2024/shard-000477.tar,256x256,vertical,1.1891,2.125,0.1792,-34.0,0,0,0.696712,0.701129,0.004417,0.010484,0.005883,0.080111,0.500,0.693358,0.700610,0.007253,0.006965,0.009154,0.050957,0.500,0.694057,0.701662,0.007605,0.008419,0.010839,0.055605,0.500
394,camera,4163503,data/1_2024/shard-000477.tar,256x256,vertical,1.1891,1.688,0.2453,-27.0,0,0,0.579107,0.581558,0.002451,-0.001820,-0.001828,0.056599,0.250,0.573962,0.581377,0.007415,0.001364,0.001460,0.041397,1.000,0.574789,0.580346,0.005558,0.000391,0.000402,0.045176,0.750
395,camera,2196503,data/1_2024/shard-000477.tar,256x256,vertical,1.1908,0.719,0.3925,-11.5,0,0,0.285747,0.285940,0.000194,0.000428,-0.000218,0.017210,0.500,0.285039,0.286180,0.001141,0.000669,0.000019,0.014557,0.500,0.285615,0.286658,0.001043,0.000486,-0.000263,0.013840,0.750
396,camera,136503,data/1_2024/shard-000477.tar,256x256,vertical,1.1709,0.156,0.5263,2.5,0,0,0.734694,0.731237,-0.003457,0.000214,-0.001502,0.008973,0.000,0.732216,0.730554,-0.001662,0.000376,-0.002960,0.010451,0.000,0.731812,0.732710,0.000898,-0.000425,-0.001560,0.012065,0.500
397,camera,6448503,data/1_2024/shard-000477.tar,256x256,horizontal,1.2119,1.375,0.3167,-22.0,0,0,0.403047,0.404585,0.001539,-0.002183,0.000577,0.048518,0.000,0.399407,0.403763,0.004357,0.000236,0.002882,0.029258,0.250,0.398852,0.403808,0.004956,0.000813,0.003277,0.031071,0.250
398,camera,503,data/1_2024/shard-000477.tar,256x256,horizontal,1.1541,0.531,0.4000,-8.5,0,0,0.723398,0.722078,-0.001320,-0.002488,0.012015,0.029323,0.250,0.722792,0.720937,-0.001855,-0.001736,-0.002225,0.025256,0.250,0.723185,0.719834,-0.003351,-0.001717,-0.002239,0.026454,0.250
399,camera,2907503,data/1_2024/shard-000477.tar,256x256,vertical,1.1859,0.312,0.5481,5.0,0,0,0.618993,0.615967,-0.003026,0.000215,-0.000620,0.010673,0.000,0.618837,0.616729,-0.002108,0.000002,-0.000672,0.009899,0.000,0.616054,0.614793,-0.001261,-0.000089,-0.000313,0.009769,0.000
400,camera,953503,data/1_2024/shard-000477.tar,256x256,horizontal,1.1004,0.812,0.7407,13.0,0,0,0.535085,0.535955,0.000870,0.004373,0.003874,0.043486,0.500,0.534735,0.534928,0.000192,0.000596,0.002338,0.028472,0.000,0.536107,0.537481,0.001374,0.001119,0.002905,0.028176,0.500
401,camera,6210503,data/1_2024/shard-000477.tar,256x256,horizontal,1.2960,1.188,0.3908,-19.0,0,0,0.377290,0.376791,-0.000499,-0.000399,-0.001767,0.032806,0.250,0.373953,0.377144,0.003191,0.000280,0.001548,0.025563,0.750,0.372484,0.376713,0.004228,0.000656,0.003690,0.020936,0.500
402,camera,6041503,data/1_2024/shard-000477.tar,256x256,vertical,1.1875,1.844,0.7810,29.5,0,0,0.503960,0.502979,-0.000981,-0.001352,-0.000361,0.048604,0.000,0.501639,0.504765,0.003125,0.001113,0.000240,0.036529,0.750,0.500640,0.504249,0.003609,0.001363,0.000225,0.036400,0.500
403,camera,2830503,data/1_2024/shard-000477.tar,256x256,horizontal,1.3332,4.469,0.8593,71.5,0,0,0.758301,0.734944,-0.023357,-0.001393,-0.021117,0.138414,0.000,0.740308,0.735812,-0.004496,-0.000043,-0.004846,0.059210,0.000,0.741712,0.737225,-0.004487,-0.000162,-0.004187,0.058780,0.000
404,camera,4698503,data/1_2024/shard-000477.tar,256x256,vertical,1.2975,1.969,0.3200,-31.5,0,0,0.676466,0.669389,-0.007077,-0.001680,-0.002857,0.060100,0.000,0.675066,0.672615,-0.002451,-0.000885,-0.000782,0.042643,0.000,0.674249,0.674076,-0.000173,-0.000570,-0.000964,0.042170,0.000
405,camera,2555503,data/1_2024/shard-000477.tar,256x256,vertical,1.1267,1.594,0.8696,25.5,0,0,0.618817,0.617709,-0.001108,0.000549,0.003439,0.036216,0.000,0.618442,0.617572,-0.000870,0.000315,0.000731,0.027173,0.250,0.617488,0.616732,-0.000757,-0.000102,0.000359,0.029925,0.000
406,camera,2832503,data/1_2024/shard-000477.tar,256x256,vertical,1.2103,1.906,0.7563,30.5,0,0,0.542763,0.546860,0.004098,0.002870,0.004693,0.070433,0.500,0.545030,0.548314,0.003284,0.000955,0.003621,0.047527,0.250,0.544191,0.546238,0.002047,0.001601,0.003374,0.045866,0.500
407,camera,6971503,data/1_2024/shard-000477.tar,256x256,horizontal,1.1875,1.094,0.3333,-17.5,0,0,0.453995,0.454793,0.000798,0.003553,0.028333,0.037670,0.500,0.453094,0.454168,0.001073,0.002183,0.001057,0.028012,0.500,0.454067,0.454861,0.000794,0.003049,0.001312,0.031820,0.500
408,camera,5187503,data/1_2024/shard-000477.tar,256x256,vertical,1.1609,1.969,0.1461,-31.5,0,0,0.557136,0.554805,-0.002331,0.000608,-0.000661,0.049889,0.000,0.556793,0.555423,-0.001370,0.001199,-0.000010,0.037759,0.000,0.556126,0.555247,-0.000879,0.002645,0.001176,0.040565,0.250
409,camera,751503,data/1_2024/shard-000477.tar,256x256,vertical,1.1180,0.312,0.4219,-5.0,0,0,0.324858,0.323686,-0.001171,0.000590,0.007883,0.013679,0.000,0.325954,0.324336,-0.001618,0.000877,0.002049,0.013306,0.000,0.325413,0.323761,-0.001652,0.000745,0.001684,0.013954,0.250
410,camera,2180503,data/1_2024/shard-000477.tar,256x256,vertical,1.1891,0.750,0.3868,-12.0,0,0,0.516997,0.516298,-0.000698,-0.002647,0.000133,0.034872,0.250,0.515394,0.518471,0.003076,-0.000235,0.000186,0.026703,0.250,0.515944,0.517904,0.001960,0.000972,0.000055,0.029041,0.500
411,camera,4892503,data/1_2024/shard-000477.tar,256x256,vertical,1.1908,3.344,1.0000,53.5,0,0,0.494207,0.492411,-0.001796,-0.000015,-0.000914,0.087139,0.250,0.491437,0.493050,0.001613,0.002442,0.001382,0.050460,0.500,0.489397,0.490464,0.001066,0.001736,0.002068,0.051831,0.500
412,camera,1501503,data/1_2024/shard-000477.tar,256x256,vertical,1.2022,0.688,0.4035,-11.0,0,0,0.499646,0.502177,0.002531,0.000207,-0.000382,0.031107,0.250,0.497342,0.500837,0.003495,-0.000804,0.000008,0.018528,0.250,0.494537,0.499064,0.004526,-0.000689,0.000174,0.016789,0.250
413,camera,5374503,data/1_2024/shard-000477.tar,256x256,vertical,1.3332,3.031,0.7437,48.5,0,0,0.493898,0.486859,-0.007038,0.005226,0.012525,0.116198,0.000,0.482469,0.485518,0.003049,0.006155,0.008083,0.081999,0.500,0.482552,0.486949,0.004396,0.006880,0.008064,0.079051,0.750
414,camera,5964503,data/1_2024/shard-000477.tar,256x256,vertical,1.1842,0.906,0.6408,14.5,0,0,0.639214,0.646903,0.007689,0.012858,0.003201,0.080544,0.500,0.634239,0.647371,0.013132,0.013419,0.002030,0.077298,0.500,0.637488,0.650279,0.012791,0.010444,0.001365,0.065630,0.250
415,camera,700503,data/1_2024/shard-000477.tar,256x256,horizontal,1.1541,2.656,0.0000,-42.5,0,0,0.583886,0.593884,0.009998,0.015074,0.003047,0.130843,0.250,0.581813,0.593087,0.011274,0.010747,0.005476,0.109965,0.750,0.580013,0.593841,0.013828,0.012485,0.006771,0.106106,0.750
416,camera,2192503,data/1_2024/shard-000477.tar,256x256,vertical,1.2247,2.562,0.8203,41.0,0,0,0.344182,0.345671,0.001490,0.003398,0.002055,0.081725,0.250,0.337490,0.344593,0.007102,0.005464,0.007135,0.060729,0.750,0.336606,0.342714,0.006108,0.005288,0.007035,0.057300,0.500
417,camera,1476503,data/1_2024/shard-000477.tar,256x256,horizontal,1.1145,1.062,0.2258,-17.0,0,0,0.163426,0.164593,0.001167,0.001056,0.019114,0.030288,0.500,0.162402,0.164154,0.001751,0.000230,0.004407,0.019521,0.750,0.162968,0.165475,0.002507,0.000355,0.004251,0.020926,0.750
418,camera,2680503,data/1_2024/shard-000477.tar,256x256,vertical,1.1405,1.469,0.8052,23.5,0,0,0.281828,0.283335,0.001507,0.002312,-0.000164,0.039909,0.500,0.280248,0.282288,0.002040,0.003265,0.000507,0.043605,0.750,0.282394,0.283932,0.001538,0.002111,0.000662,0.040030,0.750
419,camera,2154503,data/1_2024/shard-000477.tar,256x256,vertical,1.2655,3.188,0.8312,51.0,0,0,0.532783,0.530979,-0.001803,0.005520,0.009416,0.107859,0.250,0.527441,0.528836,0.001394,0.000994,0.001083,0.040066,0.750,0.528069,0.529811,0.001741,0.002713,0.001117,0.051434,0.500
420,camera,2984503,data/1_2024/shard-000477.tar,256x256,vertical,1.1891,0.125,0.5189,2.0,0,0,0.454034,0.456560,0.002526,0.000324,-0.001278,0.008444,0.250,0.456435,0.456945,0.000510,0.000186,-0.000410,0.006131,0.500,0.454440,0.455590,0.001150,0.000140,-0.000582,0.005674,0.250
421,camera,795503,data/1_2024/shard-000477.tar,256x256,horizontal,1.3332,2.844,0.7286,45.5,0,0,0.826541,0.821840,-0.004701,0.002167,-0.003084,0.070195,0.000,0.820973,0.822297,0.001324,0.001365,0.000650,0.036745,0.500,0.821616,0.821561,-0.000056,-0.000142,-0.001175,0.033101,0.250
422,camera,4778503,data/1_2024/shard-000477.tar,256x256,horizontal,1.2915,0.719,0.5673,11.5,0,0,0.769379,0.767557,-0.001822,0.007380,0.006028,0.074455,0.250,0.768367,0.769303,0.000937,0.003657,0.011404,0.048905,0.750,0.763344,0.767928,0.004584,0.006024,0.012921,0.061667,0.750
423,camera,4696503,data/1_2024/shard-000477.tar,256x256,vertical,1.1826,1.250,0.3039,-20.0,0,0,0.663947,0.664325,0.000378,0.003779,0.000016,0.047960,0.500,0.661036,0.662402,0.001366,0.001118,0.000043,0.043409,0.500,0.659877,0.660202,0.000324,0.000672,-0.000024,0.047354,0.250
424,camera,5587503,data/1_2024/shard-000477.tar,256x256,vertical,1.1180,2.000,1.0000,32.0,0,0,0.315916,0.319049,0.003133,0.006847,0.003500,0.064184,0.250,0.314061,0.318080,0.004019,0.005572,0.004167,0.053028,0.250,0.314245,0.319168,0.004923,0.006122,-0.000171,0.054515,0.500
425,camera,5295503,data/1_2024/shard-000477.tar,256x256,vertical,1.3434,3.438,0.7670,55.0,0,0,0.407157,0.392430,-0.014727,0.007392,-0.013368,0.133072,0.000,0.392838,0.395239,0.002401,0.000870,0.001150,0.040554,0.250,0.394007,0.398294,0.004287,0.001118,0.001907,0.038714,0.250
426,camera,2208503,data/1_2024/shard-000477.tar,256x256,vertical,1.1642,0.406,0.4286,-6.5,0,0,0.558540,0.558566,0.000026,-0.000055,-0.000043,0.021853,0.250,0.557775,0.557733,-0.000042,-0.000536,-0.001015,0.015249,0.500,0.553201,0.552831,-0.000370,-0.000350,-0.000438,0.014217,0.000
427,camera,4383503,data/1_2024/shard-000477.tar,256x256,horizontal,1.3434,3.438,0.7670,55.0,0,0,0.585205,0.573387,-0.011818,0.002694,-0.010747,0.124564,0.000,0.575137,0.573215,-0.001922,-0.001741,-0.001942,0.058874,0.000,0.575644,0.574865,-0.000779,0.000021,-0.001052,0.054773,0.000
428,camera,1664503,data/1_2024/shard-000477.tar,256x256,horizontal,1.1891,0.938,0.6415,15.0,0,0,0.563991,0.566275,0.002283,0.000695,-0.000116,0.041116,0.500,0.563511,0.564826,0.001315,-0.000195,0.000949,0.035067,0.500,0.564403,0.564872,0.000470,-0.000103,-0.000185,0.033104,0.500
429,camera,4837503,data/1_2024/shard-000477.tar,256x256,vertical,1.1875,2.656,0.0952,-42.5,0,0,0.280632,0.278782,-0.001850,0.001470,-0.001084,0.069601,0.250,0.279288,0.280938,0.001650,0.002771,0.001124,0.043662,1.000,0.276132,0.278322,0.002189,0.002844,0.000784,0.042032,1.000
430,camera,691503,data/1_2024/shard-000477.tar,256x256,horizontal,1.1250,1.688,0.1029,-27.0,0,0,0.565557,0.567119,0.001562,0.001919,0.001955,0.048407,0.500,0.563070,0.566328,0.003258,0.004127,0.005202,0.042370,0.750,0.562489,0.564957,0.002468,0.002298,0.004354,0.042370,0.500
431,camera,177503,data/1_2024/shard-000477.tar,256x256,vertical,1.2531,2.812,0.8082,45.0,0,0,0.341590,0.330919,-0.010671,0.002688,-0.006160,0.083147,0.000,0.333600,0.333521,-0.000080,0.004835,-0.000532,0.061557,0.250,0.333360,0.333869,0.000510,0.003453,-0.000998,0.064425,0.250
432,camera,2382503,data/1_2024/shard-000477.tar,256x256,vertical,1.1891,1.375,0.7075,22.0,0,0,0.337438,0.338517,0.001079,0.002770,0.000408,0.031535,0.500,0.337270,0.336887,-0.000383,0.000574,-0.000002,0.028427,0.000,0.338520,0.338187,-0.000333,-0.000872,-0.000728,0.031936,0.000
433,camera,2537503,data/1_2024/shard-000477.tar,256x256,horizontal,1.3199,3.438,0.7895,55.0,0,0,0.780779,0.771079,-0.009700,0.004066,-0.008060,0.107995,0.000,0.771157,0.771949,0.000792,0.003816,-0.000487,0.048317,0.500,0.770716,0.771067,0.000351,0.003697,-0.000823,0.045042,0.500
434,camera,5578503,data/1_2024/shard-000477.tar,256x256,vertical,1.1336,2.156,0.9726,34.5,0,0,0.338209,0.344818,0.006610,0.006618,0.001739,0.070173,0.500,0.340379,0.343104,0.002724,0.000932,-0.002460,0.081554,0.750,0.340044,0.341104,0.001061,-0.001213,-0.002814,0.084040,0.500
435,camera,5715503,data/1_2024/shard-000477.tar,256x256,vertical,1.1941,2.906,0.0734,-46.5,0,0,0.583409,0.579121,-0.004288,-0.001125,-0.003266,0.076562,0.000,0.580983,0.579912,-0.001071,0.000256,-0.000564,0.044476,0.250,0.580772,0.579421,-0.001351,0.000148,-0.001101,0.045890,0.250
436,camera,6634503,data/1_2024/shard-000477.tar,256x256,horizontal,1.3332,4.281,0.8442,68.5,0,0,0.770147,0.748477,-0.021670,0.002658,-0.022637,0.138477,0.000,0.748152,0.747441,-0.000711,0.000413,-0.002878,0.060053,0.250,0.746584,0.746379,-0.000205,0.000730,-0.002741,0.058082,0.250
437,camera,3771503,data/1_2024/shard-000477.tar,256x256,vertical,1.1473,2.031,0.0988,-32.5,0,0,0.476328,0.478020,0.001692,0.000306,0.001101,0.047474,0.750,0.475387,0.476639,0.001252,-0.000160,-0.000195,0.032281,0.250,0.474358,0.475483,0.001126,0.000669,0.000612,0.033683,0.500
438,camera,2586503,data/1_2024/shard-000477.tar,256x256,vertical,1.1541,0.469,0.5882,7.5,0,0,0.805374,0.807257,0.001883,0.000073,0.020391,0.028897,0.500,0.808397,0.808937,0.000539,0.000553,0.000646,0.018966,0.500,0.808099,0.809082,0.000983,0.000779,0.000073,0.019186,0.500
439,camera,6518503,data/1_2024/shard-000477.tar,256x256,vertical,1.1826,2.750,0.9314,44.0,0,0,0.708107,0.720563,0.012457,0.023776,0.008855,0.139813,1.000,0.700888,0.717756,0.016868,0.027921,0.006028,0.132085,1.000,0.700729,0.715733,0.015004,0.023431,0.004058,0.122816,1.000
440,camera,7358503,data/1_2024/shard-000477.tar,256x256,horizontal,1.3140,2.562,0.7204,41.0,0,0,0.710411,0.704239,-0.006172,0.002844,-0.005901,0.065097,0.000,0.702768,0.702764,-0.000004,0.002521,-0.000002,0.044179,0.500,0.701300,0.701716,0.000416,0.003523,0.000311,0.044005,0.750
441,camera,960503,data/1_2024/shard-000477.tar,256x256,vertical,1.3065,1.469,0.3702,-23.5,0,0,0.589483,0.584386,-0.005097,-0.000308,-0.003172,0.045559,0.000,0.584915,0.586711,0.001797,-0.000103,0.002644,0.039024,0.250,0.583827,0.585103,0.001277,-0.000483,0.002409,0.037045,0.500
442,camera,6193503,data/1_2024/shard-000477.tar,256x256,horizontal,1.1541,1.531,0.7882,24.5,0,0,0.555218,0.555918,0.000700,-0.000247,0.001892,0.050874,0.500,0.552592,0.556268,0.003676,0.001483,0.006848,0.047543,1.000,0.551524,0.554799,0.003276,0.000078,0.005987,0.049466,0.750
443,camera,1848503,data/1_2024/shard-000477.tar,256x256,vertical,1.1541,1.906,0.1412,-30.5,0,0,0.493153,0.491822,-0.001331,-0.001419,0.013885,0.053899,0.000,0.489062,0.489902,0.000840,-0.000152,0.001134,0.040120,0.250,0.489990,0.491114,0.001124,0.000263,0.000290,0.039537,0.500
444,camera,4608503,data/1_2024/shard-000477.tar,256x256,horizontal,1.3080,2.438,0.7143,39.0,0,0,0.653060,0.644607,-0.008453,0.001545,-0.006993,0.058211,0.000,0.645800,0.643831,-0.001969,0.000852,-0.001743,0.033387,0.000,0.645961,0.645049,-0.000911,0.000743,-0.000875,0.030642,0.000
445,camera,4293503,data/1_2024/shard-000477.tar,256x256,horizontal,1.1336,2.219,0.0137,-35.5,0,0,0.339012,0.339743,0.000732,0.006261,0.009518,0.065135,0.500,0.344684,0.343937,-0.000747,0.001119,0.002185,0.046783,0.250,0.339726,0.340837,0.001111,0.003488,0.001635,0.048322,0.750
446,camera,1505503,data/1_2024/shard-000477.tar,256x256,horizontal,1.1875,3.156,0.0190,-50.5,0,0,0.404901,0.403127,-0.001774,0.002617,-0.000549,0.100420,0.250,0.401434,0.404356,0.002921,0.005610,0.004278,0.066539,0.750,0.401414,0.405252,0.003838,0.005292,0.003756,0.067405,0.750
447,camera,7234503,data/1_2024/shard-000477.tar,256x256,vertical,1.1842,1.344,0.7087,21.5,0,0,0.736961,0.735610,-0.001351,-0.001151,0.001293,0.036658,0.000,0.737890,0.737078,-0.000812,-0.001825,-0.000949,0.028899,0.250,0.739642,0.738295,-0.001347,-0.001752,-0.001774,0.031096,0.500
448,camera,8296503,data/1_2024/shard-000477.tar,256x256,vertical,1.2119,1.125,0.3500,-18.0,0,0,0.357183,0.354165,-0.003018,-0.000467,0.008554,0.027240,0.000,0.354631,0.354594,-0.000037,-0.000508,0.002714,0.018148,0.000,0.354505,0.354458,-0.000047,0.000137,0.002164,0.016836,0.000
449,camera,1044503,data/1_2024/shard-000477.tar,256x256,horizontal,1.3332,4.969,0.8995,79.5,0,0,0.594992,0.576640,-0.018352,-0.001384,-0.018731,0.158397,0.000,0.578325,0.576425,-0.001900,0.002104,-0.001276,0.072141,0.250,0.581937,0.577879,-0.004058,-0.001315,-0.002619,0.073966,0.000
450,camera,3391503,data/1_2024/shard-000477.tar,256x256,horizontal,1.3110,1.750,0.6522,28.0,0,0,0.463860,0.462102,-0.001758,0.001783,-0.004390,0.054730,0.250,0.455580,0.463311,0.007731,0.001242,0.006022,0.044020,0.250,0.455086,0.461000,0.005914,0.002477,0.005563,0.041066,0.500
451,camera,2886503,data/1_2024/shard-000477.tar,256x256,vertical,1.4334,7.562,0.0519,-121.0,0,0,0.353309,0.325331,-0.027977,0.002857,-0.024976,0.168042,0.000,0.317550,0.324428,0.006878,0.010134,0.001631,0.102081,0.250,0.317011,0.326424,0.009412,0.013121,0.006221,0.106449,0.500
452,camera,3245503,data/1_2024/shard-000477.tar,256x256,horizontal,1.1891,2.625,0.1038,-42.0,0,0,0.658104,0.652816,-0.005289,-0.002340,0.002293,0.067982,0.000,0.658156,0.655850,-0.002306,0.000454,0.002147,0.050705,0.250,0.656086,0.653236,-0.002851,-0.000783,0.000758,0.054774,0.250
453,camera,7001503,data/1_2024/shard-000477.tar,256x256,vertical,1.1826,3.000,0.9706,48.0,0,0,0.711337,0.713307,0.001970,0.006438,0.006899,0.096783,0.250,0.704653,0.712402,0.007749,0.006966,0.005851,0.073328,0.500,0.703891,0.712197,0.008306,0.008067,0.007063,0.072614,0.750
454,camera,3385503,data/1_2024/shard-000477.tar,256x256,horizontal,1.1875,3.281,0.0000,-52.5,0,0,0.769617,0.774265,0.004648,0.008239,0.001857,0.121337,0.250,0.763471,0.773107,0.009636,0.008096,0.004891,0.081947,0.500,0.764806,0.773228,0.008422,0.007448,0.004328,0.077389,0.250
455,camera,5317503,data/1_2024/shard-000477.tar,256x256,vertical,1.2200,3.219,0.0880,-51.5,0,0,0.410866,0.407775,-0.003091,0.008378,0.018554,0.101953,0.250,0.406382,0.409046,0.002664,0.006620,0.007484,0.064999,0.500,0.406566,0.407124,0.000558,0.004172,0.005035,0.052465,0.250
456,camera,4264503,data/1_2024/shard-000477.tar,256x256,vertical,1.1891,1.000,0.3491,-16.0,0,0,0.400234,0.401621,0.001388,0.001011,0.002372,0.036622,0.250,0.402205,0.403323,0.001118,0.000109,0.001401,0.032247,0.250,0.402065,0.403753,0.001688,-0.000006,0.000904,0.028966,0.250
457,camera,834503,data/1_2024/shard-000477.tar,256x256,vertical,1.1809,0.156,0.4752,-2.5,0,0,0.773851,0.773660,-0.000191,-0.000114,0.004829,0.007143,0.250,0.773948,0.773698,-0.000250,-0.000161,0.001128,0.006492,0.000,0.773572,0.772887,-0.000685,-0.000035,0.001215,0.007658,0.000
458,camera,5095503,data/1_2024/shard-000477.tar,256x256,vertical,1.1004,1.562,0.0370,-25.0,0,0,0.512042,0.512007,-0.000034,0.000130,-0.000670,0.035017,0.250,0.513643,0.513218,-0.000426,-0.000956,-0.001229,0.029931,0.250,0.512228,0.511392,-0.000836,0.000265,-0.000939,0.028321,0.500
459,camera,6838503,data/1_2024/shard-000477.tar,256x256,horizontal,1.1891,0.000,0.5000,0.0,1,0,0.571076,0.571509,0.000432,,0.000959,,0.500,0.572377,0.572523,0.000146,,0.000507,,0.500,0.572653,0.572658,0.000004,,0.000501,,0.750
460,camera,4910503,data/1_2024/shard-000477.tar,256x256,vertical,1.1676,0.219,0.5376,3.5,0,0,0.410557,0.411057,0.000501,0.000009,0.002450,0.008761,0.250,0.412950,0.412139,-0.000811,-0.000669,0.001914,0.009119,0.500,0.412169,0.411727,-0.000442,-0.001059,0.001542,0.010473,0.250
461,camera,3558503,data/1_2024/shard-000477.tar,256x256,horizontal,1.1145,1.625,0.0806,-26.0,0,0,0.415672,0.415340,-0.000332,0.001380,0.004079,0.047389,0.500,0.417533,0.416834,-0.000699,0.000262,0.002285,0.039360,0.250,0.416473,0.416636,0.000163,0.000991,0.002346,0.041892,0.250
462,camera,2874503,data/1_2024/shard-000477.tar,256x256,vertical,1.1891,0.438,0.4340,-7.0,0,0,0.498561,0.494166,-0.004395,0.000553,0.001640,0.016780,0.500,0.499741,0.499397,-0.000344,-0.000159,0.000190,0.013035,0.500,0.498968,0.498924,-0.000044,0.000284,0.000118,0.013396,0.250
463,camera,5644503,data/1_2024/shard-000477.tar,256x256,vertical,1.1891,0.812,0.6226,13.0,0,0,0.584445,0.582604,-0.001841,0.000183,0.015707,0.030679,0.250,0.577836,0.581350,0.003514,-0.001826,0.000876,0.023383,0.250,0.575686,0.580278,0.004592,-0.001182,0.000216,0.019781,0.250
464,camera,2205503,data/1_2024/shard-000477.tar,256x256,horizontal,1.1541,0.094,0.5176,1.5,0,0,0.315584,0.316937,0.001353,0.000460,0.001345,0.005401,0.750,0.314695,0.316470,0.001775,0.000054,0.000153,0.004173,0.500,0.315252,0.318455,0.003203,0.000070,0.001040,0.004230,0.500
465,camera,988503,data/1_2024/shard-000477.tar,256x256,vertical,1.1826,0.688,0.6078,11.0,0,0,0.495121,0.497994,0.002873,-0.000342,0.001270,0.028819,0.250,0.493747,0.499075,0.005327,0.000198,0.000748,0.016866,0.500,0.494375,0.500620,0.006245,0.000264,-0.000225,0.016159,0.750
466,camera,1006503,data/1_2024/shard-000477.tar,256x256,vertical,1.1128,0.906,0.2623,-14.5,0,0,0.381234,0.381247,0.000012,0.001839,0.004093,0.023038,0.750,0.382251,0.382859,0.000608,0.003083,0.002700,0.028103,1.000,0.383990,0.384601,0.000611,0.003116,0.003040,0.027621,1.000
467,camera,2993503,data/1_2024/shard-000477.tar,256x256,vertical,1.1891,0.000,0.5000,0.0,1,0,0.461455,0.454608,-0.006847,,-0.006845,,0.000,0.457652,0.451906,-0.005746,,-0.004955,,0.250,0.458358,0.452327,-0.006031,,-0.004256,,0.250
468,camera,7872503,data/1_2024/shard-000477.tar,256x256,vertical,1.1776,0.156,0.5253,2.5,0,0,0.484051,0.484508,0.000457,-0.000064,0.004386,0.005230,0.000,0.484527,0.485197,0.000671,-0.000061,0.000864,0.004942,0.000,0.483945,0.484943,0.000998,-0.000179,0.000504,0.005022,0.000
469,camera,8126503,data/1_2024/shard-000477.tar,256x256,horizontal,1.1541,0.719,0.6353,11.5,0,0,0.510214,0.510405,0.000191,0.000450,-0.000344,0.041177,0.500,0.509391,0.510674,0.001283,0.000869,0.002980,0.033947,0.250,0.509600,0.512207,0.002607,0.000878,0.003464,0.028531,0.250
470,camera,1111503,data/1_2024/shard-000477.tar,256x256,vertical,1.4724,1.344,0.4281,-21.5,0,0,0.711131,0.690456,-0.020674,0.002734,-0.018527,0.041955,0.000,0.697624,0.688736,-0.008889,-0.001092,-0.005528,0.041996,0.000,0.694855,0.688151,-0.006704,-0.001914,-0.004198,0.037806,0.000
471,camera,6712503,data/1_2024/shard-000477.tar,256x256,horizontal,1.3317,2.000,0.3384,-32.0,0,0,0.926220,0.924785,-0.001435,-0.000504,-0.001955,0.056180,0.000,0.923975,0.925465,0.001490,-0.000457,0.000772,0.047056,0.250,0.923058,0.923605,0.000547,0.000048,0.001060,0.041631,0.250
472,camera,1035503,data/1_2024/shard-000477.tar,256x256,horizontal,1.1128,1.281,0.8361,20.5,0,0,0.311494,0.312680,0.001186,0.003168,0.007049,0.037150,0.250,0.309870,0.312101,0.002231,0.003070,0.004366,0.036140,0.250,0.309927,0.312143,0.002216,0.003148,0.004220,0.036572,0.250
473,camera,3239503,data/1_2024/shard-000477.tar,256x256,vertical,1.3273,2.594,0.2872,-41.5,0,0,0.370612,0.359230,-0.011382,-0.002539,-0.009693,0.069577,0.000,0.360848,0.359749,-0.001099,-0.000616,-0.001511,0.033624,0.000,0.360733,0.359820,-0.000913,0.000628,-0.001143,0.041394,0.250
474,camera,1789503,data/1_2024/shard-000477.tar,256x256,vertical,1.1541,2.031,0.1176,-32.5,0,0,0.541024,0.538325,-0.002698,-0.002726,-0.003865,0.050250,0.250,0.536142,0.536604,0.000462,-0.000138,0.000018,0.035290,0.500,0.537066,0.537702,0.000636,-0.000283,-0.000224,0.036288,0.500
475,camera,6351503,data/1_2024/shard-000477.tar,256x256,horizontal,1.3317,2.562,0.2929,-41.0,0,0,0.571393,0.560342,-0.011051,-0.001492,-0.010187,0.066261,0.000,0.561212,0.560767,-0.000445,0.002687,-0.000840,0.048137,0.500,0.557785,0.558275,0.000490,0.002565,-0.000368,0.042870,0.500
476,camera,7864503,data/1_2024/shard-000477.tar,256x256,vertical,1.1541,0.594,0.3882,-9.5,0,0,0.649199,0.648322,-0.000877,0.000666,-0.000901,0.023343,0.000,0.650688,0.648912,-0.001776,0.001177,-0.001459,0.023662,0.250,0.651416,0.649054,-0.002362,0.001369,-0.001290,0.022040,0.250
477,camera,3544503,data/1_2024/shard-000477.tar,256x256,vertical,1.2135,0.156,0.4793,-2.5,0,0,0.451231,0.451911,0.000680,-0.000002,0.002352,0.005701,0.250,0.450901,0.452572,0.001671,-0.000403,-0.000292,0.007497,0.000,0.450625,0.452080,0.001455,-0.000250,-0.000065,0.006770,0.250
478,camera,4590503,data/1_2024/shard-000477.tar,256x256,horizontal,1.1842,0.406,0.4369,-6.5,0,0,0.849654,0.849421,-0.000233,-0.000204,0.013102,0.014456,0.000,0.850083,0.849378,-0.000705,-0.000472,0.006705,0.013491,0.000,0.852164,0.851106,-0.001057,-0.000692,0.003981,0.013631,0.000
479,camera,7188503,data/1_2024/shard-000477.tar,256x256,vertical,1.1180,1.875,0.0312,-30.0,0,0,0.492835,0.492594,-0.000241,-0.000646,-0.000171,0.037058,0.500,0.492431,0.492367,-0.000064,-0.000591,-0.000156,0.028931,0.250,0.490117,0.490190,0.000073,-0.000430,-0.000045,0.027509,0.500
480,camera,5308503,data/1_2024/shard-000477.tar,256x256,vertical,1.2624,0.438,0.5461,7.0,0,0,0.525933,0.533297,0.007363,0.000055,0.000480,0.026400,0.250,0.526164,0.532016,0.005852,0.000151,0.000041,0.016776,0.500,0.524609,0.532045,0.007436,0.000053,-0.000122,0.016698,0.250
481,camera,6110503,data/1_2024/shard-000477.tar,256x256,vertical,1.1792,2.812,0.9500,45.0,0,0,0.372832,0.375039,0.002206,0.001496,0.000668,0.081229,0.250,0.371536,0.376854,0.005318,0.001559,0.001814,0.059408,0.500,0.369027,0.374524,0.005496,0.002218,0.001998,0.062700,0.500
482,camera,5165503,data/1_2024/shard-000477.tar,256x256,vertical,1.1891,1.312,0.3019,-21.0,0,0,0.480322,0.480005,-0.000318,0.000697,0.003407,0.025370,0.250,0.478618,0.479131,0.000513,0.001233,0.000406,0.025609,0.250,0.478738,0.479362,0.000625,0.001527,0.000240,0.025204,0.500
483,camera,7530503,data/1_2024/shard-000477.tar,256x256,vertical,1.1891,0.750,0.3868,-12.0,0,0,0.592468,0.595095,0.002626,-0.005965,0.041777,0.051064,0.000,0.589557,0.598104,0.008547,-0.003723,0.017884,0.036872,0.000,0.584109,0.593624,0.009516,-0.002144,0.020411,0.035689,0.250
484,camera,2379503,data/1_2024/shard-000477.tar,256x256,vertical,1.1891,3.000,0.9528,48.0,0,0,0.502041,0.502329,0.000288,0.004205,-0.001606,0.077129,0.500,0.499618,0.501864,0.002246,0.002970,-0.000360,0.058639,0.750,0.498215,0.501096,0.002881,0.003790,-0.000260,0.056130,0.750
485,camera,7114503,data/1_2024/shard-000477.tar,256x256,vertical,1.1875,2.344,0.8571,37.5,0,0,0.461281,0.462116,0.000835,0.004000,0.013389,0.079903,0.750,0.453272,0.461732,0.008460,0.006728,0.006083,0.073458,0.750,0.451455,0.459179,0.007724,0.006092,0.005185,0.072066,0.750
486,camera,7676503,data/1_2024/shard-000477.tar,256x256,vertical,1.1891,0.000,0.5000,0.0,1,0,0.387255,0.389124,0.001869,,0.003282,,0.500,0.384481,0.387590,0.003109,,0.002945,,0.500,0.381937,0.385973,0.004036,,0.002635,,0.500
487,camera,1538503,data/1_2024/shard-000477.tar,256x256,vertical,1.1891,2.812,0.9245,45.0,0,0,0.322216,0.320258,-0.001958,0.005505,0.001814,0.097419,0.250,0.317853,0.320327,0.002474,0.003202,0.002670,0.046041,0.750,0.315690,0.318773,0.003083,0.003003,0.001957,0.041646,1.000
488,camera,7030503,data/1_2024/shard-000477.tar,256x256,horizontal,1.1285,0.750,0.6714,12.0,0,0,0.666680,0.666599,-0.000081,-0.002074,0.002353,0.034128,0.500,0.667256,0.667562,0.000307,-0.001057,0.002042,0.026334,0.250,0.665927,0.665719,-0.000208,-0.000398,0.001553,0.028896,0.250
489,camera,1095503,data/1_2024/shard-000477.tar,256x256,vertical,1.1826,2.750,0.9314,44.0,0,0,0.285076,0.285008,-0.000068,0.004023,0.000864,0.081468,0.250,0.278842,0.284255,0.005413,0.006010,0.003477,0.058022,0.500,0.278909,0.283303,0.004394,0.005988,0.004406,0.061413,0.500
490,camera,6261503,data/1_2024/shard-000477.tar,256x256,horizontal,1.1891,3.000,0.9528,48.0,0,0,0.712595,0.712033,-0.000562,-0.000072,0.001700,0.077709,0.250,0.708457,0.711475,0.003018,0.000890,0.000386,0.051602,0.500,0.707469,0.709904,0.002435,0.001450,0.000328,0.051668,0.750
491,camera,3611503,data/1_2024/shard-000477.tar,256x256,vertical,1.2655,3.062,0.1818,-49.0,0,0,0.389604,0.386044,-0.003560,0.008359,-0.003764,0.114909,0.250,0.380958,0.385681,0.004723,0.008990,0.003714,0.066552,0.500,0.378400,0.385718,0.007319,0.010664,0.005260,0.069546,0.500
492,camera,1949503,data/1_2024/shard-000477.tar,256x256,vertical,1.2167,0.656,0.5854,10.5,0,0,0.351787,0.348856,-0.002931,-0.000010,-0.001371,0.017293,0.250,0.350822,0.348765,-0.002056,-0.000310,-0.001323,0.018942,0.250,0.348900,0.346876,-0.002024,-0.000226,-0.001064,0.018078,0.250
493,camera,6107503,data/1_2024/shard-000477.tar,256x256,vertical,1.1891,2.875,0.0660,-46.0,0,0,0.667705,0.663711,-0.003994,-0.001589,-0.004106,0.082099,0.000,0.665113,0.665406,0.000294,0.002177,-0.001454,0.082128,0.500,0.663315,0.661952,-0.001363,0.003745,-0.002245,0.091953,0.000
494,camera,7964503,data/1_2024/shard-000477.tar,256x256,vertical,1.2247,0.375,0.4531,-6.0,0,0,0.669214,0.670288,0.001074,0.000438,0.000788,0.018670,0.250,0.666186,0.669693,0.003507,0.000601,0.000849,0.014934,0.750,0.666693,0.668582,0.001889,0.000305,0.000486,0.012351,0.250
495,camera,5106503,data/1_2024/shard-000477.tar,256x256,horizontal,1.3125,0.969,0.4162,-15.5,0,0,0.625619,0.627554,0.001936,-0.000486,-0.003356,0.026553,0.250,0.618844,0.625266,0.006422,-0.000506,0.002483,0.023698,0.250,0.618619,0.628482,0.009864,-0.000408,0.004338,0.023666,0.250
496,camera,477503,data/1_2024/shard-000477.tar,256x256,vertical,1.1924,0.625,0.4074,-10.0,0,0,0.677882,0.675154,-0.002728,0.000114,0.000635,0.024994,0.000,0.676264,0.677083,0.000820,-0.000141,0.000085,0.020663,0.250,0.675537,0.675799,0.000261,0.000305,0.000255,0.019632,0.500
497,camera,3225503,data/1_2024/shard-000477.tar,256x256,vertical,1.1507,2.406,0.9639,38.5,0,0,0.439425,0.437045,-0.002380,0.002346,0.004724,0.074401,0.000,0.436364,0.436227,-0.000137,0.004039,0.004092,0.061756,0.500,0.439026,0.438593,-0.000433,0.003762,0.004136,0.061372,0.250
498,camera,6330503,data/1_2024/shard-000477.tar,256x256,vertical,1.2135,2.281,0.1983,-36.5,0,0,0.394756,0.392551,-0.002205,-0.004186,-0.000783,0.063639,0.250,0.388647,0.390944,0.002297,-0.000972,-0.000189,0.034638,0.000,0.389503,0.391811,0.002308,-0.000540,-0.000119,0.035812,0.250
499,camera,7336503,data/1_2024/shard-000477.tar,256x256,vertical,1.1709,0.969,0.6632,15.5,0,0,0.517424,0.515288,-0.002136,-0.002538,-0.008774,0.043639,0.000,0.510302,0.511882,0.001579,-0.000304,-0.004492,0.033596,0.250,0.512352,0.513335,0.000983,-0.000085,-0.005586,0.031789,0.250
500,camera,2878503,data/1_2024/shard-000477.tar,256x256,vertical,1.3390,4.469,0.1478,-71.5,0,0,0.251514,0.231433,-0.020081,-0.005156,-0.020694,0.137702,0.000,0.230620,0.231302,0.000682,0.002469,-0.000834,0.044936,0.500,0.230908,0.232381,0.001473,0.002637,-0.000160,0.044770,0.500
501,camera,6005503,data/1_2024/shard-000477.tar,256x256,vertical,1.1891,2.812,0.9245,45.0,0,0,0.581924,0.581862,-0.000061,0.001643,0.002643,0.071391,0.000,0.578168,0.580822,0.002654,0.002054,0.002259,0.059958,0.250,0.576298,0.579893,0.003596,0.002961,0.002845,0.058867,0.750
502,camera,7287503,data/1_2024/shard-000477.tar,256x256,vertical,1.2870,4.250,0.9048,68.0,0,0,0.224872,0.225550,0.000678,0.016999,0.002898,0.161916,0.250,0.210440,0.225324,0.014884,0.014499,0.013071,0.096378,0.750,0.207458,0.223402,0.015944,0.013420,0.013861,0.090504,0.750
503,camera,3873503,data/1_2024/shard-000477.tar,256x256,vertical,1.1302,1.656,0.8732,26.5,0,0,0.431989,0.433121,0.001132,0.000192,0.013671,0.035108,0.750,0.432149,0.433541,0.001392,0.000861,0.000068,0.033473,0.750,0.430852,0.431811,0.000959,0.000747,0.000814,0.035872,0.500
504,camera,5916503,data/1_2024/shard-000477.tar,256x256,vertical,1.2247,1.625,0.2969,-26.0,0,0,0.829216,0.830071,0.000855,0.001990,0.000311,0.038880,0.250,0.826738,0.828854,0.002116,0.002993,0.000263,0.036795,0.500,0.825839,0.829232,0.003393,0.002974,0.000526,0.042311,0.500
505,camera,616503,data/1_2024/shard-000477.tar,256x256,vertical,1.1180,1.125,0.2188,-18.0,0,0,0.478342,0.479580,0.001238,0.001626,0.002614,0.032210,0.750,0.479359,0.480436,0.001076,0.001044,0.001201,0.026859,0.500,0.479217,0.481037,0.001820,0.002061,0.001848,0.031070,0.750
506,camera,4677503,data/1_2024/shard-000477.tar,256x256,vertical,1.1541,2.156,0.0941,-34.5,0,0,0.619743,0.621997,0.002254,0.009821,0.016683,0.090294,0.250,0.619713,0.621901,0.002188,0.009212,0.013321,0.083147,0.750,0.621809,0.623862,0.002053,0.010257,0.011536,0.080098,0.500
507,camera,2064503,data/1_2024/shard-000477.tar,256x256,vertical,1.2686,0.562,0.5577,9.0,0,0,0.463668,0.463146,-0.000523,0.000274,0.001456,0.021279,0.000,0.461319,0.462085,0.000766,0.000862,0.003086,0.018647,0.500,0.464008,0.464896,0.000888,0.000375,0.003088,0.017186,0.500
508,camera,7969503,data/1_2024/shard-000477.tar,256x256,vertical,1.4266,2.031,0.3774,-32.5,0,0,0.624929,0.609323,-0.015605,-0.000142,-0.009641,0.042647,0.000,0.610374,0.608810,-0.001564,0.002520,0.001268,0.042290,0.250,0.612572,0.610627,-0.001945,0.001804,0.000470,0.043453,0.000
509,camera,5285503,data/1_2024/shard-000477.tar,256x256,vertical,1.1826,2.312,0.8627,37.0,0,0,0.536104,0.534263,-0.001841,-0.001144,0.002226,0.062886,0.000,0.533474,0.532927,-0.000547,-0.001488,0.002583,0.056837,0.250,0.532473,0.531160,-0.001314,-0.001081,0.002460,0.051131,0.250
510,camera,2345503,data/1_2024/shard-000477.tar,256x256,vertical,1.1875,0.406,0.5619,6.5,0,0,0.639084,0.639055,-0.000029,-0.000354,-0.000199,0.017862,0.250,0.637010,0.638752,0.001742,0.000481,0.000089,0.012293,0.750,0.636223,0.638643,0.002420,0.000987,-0.000556,0.015172,0.750
511,camera,5147503,data/1_2024/shard-000477.tar,256x256,vertical,1.1875,1.469,0.2762,-23.5,0,0,0.500625,0.499983,-0.000642,0.001107,0.000092,0.030467,0.250,0.501678,0.502482,0.000805,0.001283,-0.000101,0.026146,1.000,0.499945,0.499765,-0.000180,0.001457,-0.000068,0.028493,0.250
512,camera,5952503,data/1_2024/shard-000477.tar,256x256,horizontal,1.2469,1.625,0.6831,26.0,0,0,0.449759,0.448794,-0.000965,0.004384,-0.001966,0.083506,0.250,0.443007,0.449712,0.006704,0.004206,0.001141,0.057800,0.500,0.444780,0.451393,0.006613,0.005018,0.001004,0.058191,0.500
513,camera,5186503,data/1_2024/shard-000477.tar,256x256,vertical,1.2247,3.500,0.0625,-56.0,0,0,0.593388,0.588136,-0.005251,-0.000812,-0.003952,0.097155,0.000,0.588460,0.588699,0.000239,0.002365,0.005029,0.045171,0.500,0.588957,0.588785,-0.000172,0.002246,0.003148,0.045304,0.500
514,camera,6740503,data/1_2024/shard-000477.tar,256x256,vertical,1.1891,0.125,0.4811,-2.0,0,0,0.501105,0.504575,0.003470,-0.000438,-0.000875,0.005979,0.000,0.500806,0.507078,0.006271,-0.000284,-0.000698,0.005758,0.250,0.498890,0.504759,0.005869,-0.000237,-0.000275,0.005653,0.000
515,camera,4765503,data/1_2024/shard-000477.tar,256x256,vertical,1.1875,2.469,0.8762,39.5,0,0,0.688669,0.692054,0.003385,0.006197,0.003298,0.079983,0.250,0.683804,0.689600,0.005796,0.009317,0.003047,0.090484,0.250,0.685109,0.689967,0.004858,0.007942,0.003493,0.095029,0.500
516,camera,4828503,data/1_2024/shard-000477.tar,256x256,vertical,1.1040,1.375,0.1071,-22.0,0,0,0.536612,0.533660,-0.002952,0.001268,0.001277,0.044187,0.500,0.528154,0.532789,0.004635,0.003178,0.002202,0.038958,1.000,0.529754,0.534167,0.004413,0.001431,-0.000106,0.037588,1.000
517,camera,2391503,data/1_2024/shard-000477.tar,256x256,vertical,1.1110,1.312,0.1500,-21.0,0,0,0.776640,0.775674,-0.000966,0.002315,0.000915,0.067605,0.750,0.771798,0.775090,0.003292,0.002758,-0.000039,0.054119,0.500,0.772393,0.775074,0.002682,0.002208,-0.000186,0.055743,0.500
518,camera,2458503,data/1_2024/shard-000477.tar,256x256,vertical,1.1875,1.094,0.3333,-17.5,0,0,0.569337,0.567690,-0.001648,-0.000190,-0.000234,0.030937,0.250,0.569274,0.568829,-0.000445,-0.000447,0.000382,0.030792,0.250,0.570383,0.569950,-0.000433,-0.000496,0.000242,0.031909,0.250
519,camera,8142503,data/1_2024/shard-000477.tar,256x256,horizontal,1.3332,0.219,0.4824,-3.5,0,0,0.826651,0.828206,0.001556,-0.000453,0.000679,0.009439,0.250,0.826087,0.828750,0.002663,-0.000141,0.002576,0.010155,0.250,0.827605,0.831140,0.003535,-0.000103,0.005184,0.008563,0.250
520,camera,3193503,data/1_2024/shard-000477.tar,256x256,horizontal,1.3273,2.906,0.7385,46.5,0,0,0.689554,0.681775,-0.007780,0.001143,-0.005986,0.094839,0.000,0.677221,0.680553,0.003332,0.001290,0.003436,0.044645,0.750,0.678716,0.682270,0.003554,0.001443,0.002943,0.046973,0.750
521,camera,8312503,data/1_2024/shard-000477.tar,256x256,vertical,1.1908,1.531,0.7290,24.5,0,0,0.596857,0.599718,0.002861,0.002331,0.010727,0.048486,0.750,0.594179,0.596523,0.002344,0.005051,0.005655,0.072200,0.500,0.594243,0.596991,0.002748,0.005777,0.004645,0.072051,0.500
522,camera,1140503,data/1_2024/shard-000477.tar,256x256,horizontal,1.3332,3.094,0.2513,-49.5,0,0,0.482281,0.464227,-0.018054,0.000499,-0.011458,0.114854,0.000,0.463449,0.461925,-0.001525,0.001081,-0.000664,0.046326,0.000,0.461773,0.461513,-0.000259,0.002008,0.000887,0.044443,0.500
523,camera,4553503,data/1_2024/shard-000477.tar,256x256,horizontal,1.1875,1.656,0.2476,-26.5,0,0,0.705730,0.703993,-0.001736,-0.002003,-0.001270,0.042823,0.000,0.705722,0.705929,0.000207,-0.000105,0.000350,0.026535,0.000,0.702608,0.703188,0.000580,-0.000326,0.002002,0.025963,0.000
524,camera,1796503,data/1_2024/shard-000477.tar,256x256,vertical,1.1726,0.688,0.3854,-11.0,0,0,0.444656,0.445381,0.000725,-0.002594,0.000880,0.041415,0.500,0.442819,0.446472,0.003653,-0.000172,0.000780,0.029654,0.250,0.441354,0.445437,0.004083,0.000745,0.000808,0.026549,0.750
525,camera,7569503,data/1_2024/shard-000477.tar,256x256,vertical,1.3332,0.156,0.4874,-2.5,0,0,0.384036,0.381871,-0.002165,-0.000386,-0.003314,0.009434,0.000,0.372275,0.377590,0.005316,0.000171,0.002909,0.007791,0.500,0.372966,0.374939,0.001974,0.000039,0.000289,0.007392,0.250
526,camera,8084503,data/1_2024/shard-000477.tar,256x256,vertical,1.2151,2.812,0.8689,45.0,0,0,0.502329,0.499278,-0.003051,0.005013,0.000869,0.099608,0.250,0.495852,0.498775,0.002923,0.005546,0.004980,0.072842,0.750,0.495361,0.497733,0.002372,0.005090,0.005211,0.076502,0.500
527,camera,2229503,data/1_2024/shard-000477.tar,256x256,vertical,1.2087,0.250,0.4661,-4.0,0,0,0.434249,0.433424,-0.000824,-0.000675,0.000241,0.015508,0.000,0.434915,0.434812,-0.000104,0.000130,0.001273,0.007442,0.250,0.433781,0.432649,-0.001132,0.000141,0.001349,0.007220,0.000
528,camera,896503,data/1_2024/shard-000477.tar,256x256,horizontal,1.1093,0.219,0.4407,-3.5,0,0,0.368621,0.367677,-0.000944,0.000889,0.000873,0.012754,0.250,0.370667,0.368050,-0.002617,0.000635,-0.000667,0.009860,0.250,0.369578,0.367094,-0.002483,0.000332,-0.001373,0.009110,0.000
529,camera,7788503,data/1_2024/shard-000477.tar,256x256,vertical,1.1180,0.938,0.2656,-15.0,0,0,0.229891,0.230162,0.000271,0.000029,0.003574,0.033290,0.250,0.227564,0.229752,0.002188,0.000810,0.001051,0.023885,0.250,0.225532,0.227287,0.001755,0.000537,0.000907,0.020903,0.250
530,camera,3963503,data/1_2024/shard-000477.tar,256x256,vertical,1.2717,2.000,0.2975,-32.0,0,0,0.672493,0.670807,-0.001686,0.000178,-0.000560,0.046381,0.250,0.671732,0.671433,-0.000299,0.000953,-0.000376,0.038818,0.250,0.674352,0.673177,-0.001175,0.000497,-0.000417,0.040100,0.250
531,camera,7982503,data/1_2024/shard-000477.tar,256x256,horizontal,1.2327,0.594,0.4286,-9.5,0,0,0.510566,0.512158,0.001591,0.001877,-0.001043,0.023357,0.750,0.512349,0.513133,0.000784,0.001328,0.000478,0.021350,0.250,0.511607,0.511638,0.000031,0.000896,0.000613,0.022032,0.500
532,camera,8289503,data/1_2024/shard-000477.tar,256x256,vertical,1.1875,0.844,0.6286,13.5,0,0,0.423641,0.424495,0.000854,-0.000481,0.000136,0.035061,0.500,0.420843,0.425624,0.004781,-0.000347,0.002477,0.023103,0.500,0.418915,0.424142,0.005226,-0.000407,0.002623,0.023669,0.750
533,camera,7206503,data/1_2024/shard-000477.tar,256x256,vertical,1.2854,2.469,0.7365,39.5,0,0,0.673376,0.669032,-0.004344,0.000189,-0.004117,0.068823,0.000,0.657765,0.663889,0.006124,0.003364,0.004632,0.061883,0.750,0.654072,0.663849,0.009777,0.007244,0.008502,0.081155,0.750
534,camera,6231503,data/1_2024/shard-000477.tar,256x256,vertical,1.1891,2.812,0.0755,-45.0,0,0,0.584254,0.580547,-0.003706,-0.001166,0.001213,0.069190,0.000,0.582008,0.584093,0.002085,0.001895,0.003200,0.045323,1.000,0.582203,0.584095,0.001892,0.001638,0.002763,0.043427,1.000
535,camera,7550503,data/1_2024/shard-000477.tar,256x256,horizontal,1.1558,1.125,0.7093,18.0,0,0,0.704761,0.705071,0.000310,-0.000856,0.004592,0.045788,0.000,0.706188,0.706609,0.000421,-0.000618,-0.000459,0.041095,0.000,0.705731,0.705476,-0.000255,-0.000202,-0.000774,0.043370,0.250
536,camera,7915503,data/1_2024/shard-000477.tar,256x256,vertical,1.2975,0.906,0.5829,14.5,0,0,0.589641,0.590638,0.000997,0.000418,0.001586,0.030557,0.250,0.586391,0.594446,0.008055,0.001137,0.011597,0.034642,0.250,0.584389,0.594147,0.009758,0.001350,0.009512,0.037130,0.250
537,camera,5091503,data/1_2024/shard-000477.tar,256x256,vertical,1.3184,0.281,0.5238,4.5,0,0,0.275094,0.273475,-0.001619,0.000242,-0.001638,0.008938,0.250,0.273327,0.273077,-0.000250,0.000022,-0.001238,0.009199,0.750,0.273425,0.273142,-0.000283,0.000110,-0.001976,0.008419,0.500
538,camera,5854503,data/1_2024/shard-000477.tar,256x256,vertical,1.1875,2.469,0.1238,-39.5,0,0,0.590275,0.590075,-0.000200,0.003491,-0.001544,0.066552,0.250,0.589293,0.589588,0.000295,0.008293,-0.000490,0.050182,0.500,0.590527,0.590398,-0.000129,0.008334,-0.000863,0.055408,0.250
539,camera,660503,data/1_2024/shard-000477.tar,256x256,horizontal,1.1891,0.062,0.4906,-1.0,0,0,0.824932,0.825244,0.000312,0.000131,0.000069,0.004896,0.750,0.827971,0.827953,-0.000017,0.000050,0.001046,0.004121,0.250,0.827026,0.825851,-0.001175,0.000093,0.001397,0.004505,0.250
540,camera,170503,data/1_2024/shard-000477.tar,256x256,horizontal,1.1541,1.406,0.2353,-22.5,0,0,0.650411,0.653662,0.003250,0.003235,0.002233,0.066235,0.500,0.649991,0.654705,0.004714,0.002807,0.003768,0.061145,1.000,0.649762,0.654176,0.004414,0.002915,0.003749,0.060219,0.750
541,camera,2030503,data/1_2024/shard-000477.tar,256x256,horizontal,1.1908,0.656,0.4019,-10.5,0,0,0.771430,0.773868,0.002438,0.002530,0.001249,0.030880,0.750,0.768303,0.769788,0.001485,0.001714,0.000993,0.027227,0.750,0.769442,0.771439,0.001997,0.003770,0.002926,0.035653,0.750
542,camera,7064503,data/1_2024/shard-000477.tar,256x256,vertical,1.1826,0.812,0.6275,13.0,0,0,0.433933,0.434792,0.000859,-0.000567,0.003922,0.023438,0.250,0.429776,0.433112,0.003336,0.000806,0.003197,0.020099,1.000,0.428638,0.431131,0.002494,0.000791,0.002521,0.018027,1.000
543,camera,2829503,data/1_2024/shard-000477.tar,256x256,vertical,1.1319,1.562,0.8472,25.0,0,0,0.578215,0.579115,0.000900,0.002757,0.001141,0.056532,0.500,0.575433,0.577530,0.002097,0.003704,0.001600,0.055284,0.500,0.574137,0.575615,0.001477,0.001785,0.001090,0.055861,0.750
544,camera,1715503,data/1_2024/shard-000477.tar,256x256,vertical,1.2167,1.344,0.3252,-21.5,0,0,0.750607,0.749881,-0.000726,0.002817,0.000589,0.056106,0.500,0.746103,0.748180,0.002076,0.004744,-0.000033,0.049767,0.500,0.747144,0.748885,0.001741,0.003318,-0.000267,0.051788,0.750
545,camera,5466503,data/1_2024/shard-000477.tar,256x256,vertical,1.1875,0.844,0.6286,13.5,0,0,0.392055,0.391863,-0.000192,0.000599,-0.000202,0.034848,0.250,0.390474,0.392545,0.002071,0.000478,0.000815,0.021945,0.250,0.391263,0.392482,0.001219,0.000444,0.000303,0.020558,0.500
546,camera,2901503,data/1_2024/shard-000477.tar,256x256,vertical,1.1388,1.812,0.8816,29.0,0,0,0.528356,0.526224,-0.002132,-0.001280,0.013955,0.049790,0.000,0.529948,0.527796,-0.002153,-0.002264,0.002421,0.047105,0.250,0.527651,0.525529,-0.002122,-0.001999,0.002266,0.045422,0.500
547,camera,7086503,data/1_2024/shard-000477.tar,256x256,vertical,1.3110,1.375,0.3804,-22.0,0,0,0.544919,0.542762,-0.002157,0.001615,-0.000665,0.030727,0.250,0.544841,0.545783,0.000943,0.000095,0.000835,0.026485,0.250,0.543349,0.544077,0.000728,-0.000848,-0.000120,0.026767,0.000
548,camera,6166503,data/1_2024/shard-000477.tar,256x256,vertical,1.2247,2.750,0.1562,-44.0,0,0,0.655795,0.652475,-0.003320,0.000525,-0.003340,0.061914,0.000,0.650296,0.651625,0.001328,0.003248,0.001835,0.037285,0.500,0.648575,0.650421,0.001846,0.003136,0.002088,0.034477,0.500
549,camera,7297503,data/1_2024/shard-000477.tar,256x256,vertical,1.1541,1.156,0.2824,-18.5,0,0,0.732904,0.735803,0.002899,-0.002691,-0.001968,0.063206,0.000,0.726778,0.738883,0.012105,-0.000216,-0.000289,0.046530,0.250,0.727439,0.733266,0.005827,0.000636,0.000500,0.044905,0.500
550,camera,5770503,data/1_2024/shard-000477.tar,256x256,horizontal,1.1319,0.938,0.2917,-15.0,0,0,0.479645,0.484306,0.004661,0.003523,0.007099,0.044735,0.500,0.475032,0.478673,0.003641,0.001951,0.011905,0.042750,0.500,0.475079,0.476815,0.001735,0.000658,0.011233,0.045936,0.250
551,camera,4170503,data/1_2024/shard-000477.tar,256x256,vertical,1.1924,2.938,0.0648,-47.0,0,0,0.430228,0.425969,-0.004259,-0.000344,0.002534,0.079793,0.000,0.424844,0.424287,-0.000556,0.000323,0.001747,0.040474,0.250,0.425721,0.424484,-0.001237,-0.001539,0.000578,0.043502,0.250
552,camera,590503,data/1_2024/shard-000477.tar,256x256,vertical,1.1908,0.656,0.4019,-10.5,0,0,0.523080,0.523086,0.000006,-0.000603,0.004088,0.023569,0.250,0.522026,0.523909,0.001883,-0.000506,0.001981,0.015348,0.250,0.519593,0.521792,0.002199,-0.000405,0.001657,0.015123,0.250
553,camera,4310503,data/1_2024/shard-000477.tar,256x256,horizontal,1.1859,3.062,0.9712,49.0,0,0,0.727936,0.726006,-0.001930,-0.001459,-0.002035,0.088117,0.000,0.725183,0.726064,0.000881,-0.000812,0.000809,0.052522,0.000,0.724580,0.725898,0.001319,-0.000558,0.000585,0.052345,0.250
554,camera,1130503,data/1_2024/shard-000477.tar,256x256,vertical,1.1180,1.438,0.8594,23.0,0,0,0.702779,0.702450,-0.000329,-0.000050,0.014793,0.053819,0.250,0.702004,0.705085,0.003082,0.002447,0.000424,0.045454,0.500,0.700928,0.702824,0.001896,0.001228,0.000630,0.047105,0.250
555,camera,2503,data/1_2024/shard-000477.tar,256x256,horizontal,1.1507,1.281,0.7470,20.5,0,0,0.743251,0.744398,0.001147,0.005791,0.012262,0.069925,0.500,0.740059,0.742097,0.002039,0.005292,0.004809,0.059111,0.750,0.738693,0.742971,0.004278,0.007179,0.006017,0.062519,1.000
556,camera,4412503,data/1_2024/shard-000477.tar,256x256,vertical,1.1439,1.781,0.8608,28.5,0,0,0.479533,0.483053,0.003519,0.000428,0.000548,0.069708,0.250,0.472249,0.481728,0.009480,0.005729,0.005826,0.071077,1.000,0.471836,0.482710,0.010874,0.006293,0.006392,0.070524,1.000
557,camera,4186503,data/1_2024/shard-000477.tar,256x256,vertical,1.1891,2.000,0.1981,-32.0,0,0,0.883147,0.884248,0.001101,-0.003783,0.000187,0.076411,0.000,0.879410,0.886106,0.006695,0.000753,0.000264,0.056589,0.750,0.874896,0.882541,0.007645,0.002505,0.000096,0.076754,0.500
558,camera,83503,data/1_2024/shard-000477.tar,256x256,vertical,1.1743,2.844,0.9691,45.5,0,0,0.800403,0.800919,0.000516,0.003509,0.000292,0.079274,0.500,0.798678,0.801229,0.002552,0.002295,0.000260,0.070099,0.250,0.798231,0.801157,0.002926,0.002998,0.000307,0.064877,0.500
559,camera,4401503,data/1_2024/shard-000477.tar,256x256,vertical,1.1973,1.844,0.2342,-29.5,0,0,0.819261,0.817037,-0.002224,-0.001702,-0.000298,0.063543,0.000,0.812336,0.814256,0.001920,0.000596,-0.000276,0.043651,0.500,0.812631,0.814492,0.001861,0.000784,-0.000337,0.048732,0.500
560,camera,2344503,data/1_2024/shard-000477.tar,256x256,vertical,1.3506,3.219,0.7441,51.5,0,0,0.520674,0.512035,-0.008639,-0.003322,-0.006900,0.114564,0.000,0.512718,0.513915,0.001197,-0.001970,0.000115,0.055757,0.250,0.510961,0.512867,0.001906,-0.001623,0.001094,0.050361,0.250
561,camera,3059503,data/1_2024/shard-000477.tar,256x256,vertical,1.4031,1.250,0.4194,-20.0,0,0,0.338248,0.331669,-0.006578,0.000997,-0.001111,0.029000,0.000,0.330196,0.330965,0.000769,0.000700,0.000066,0.033076,0.500,0.328532,0.330708,0.002176,0.000656,0.002134,0.032908,0.500
562,camera,8072503,data/1_2024/shard-000477.tar,256x256,vertical,1.1743,1.344,0.2784,-21.5,0,0,0.459332,0.458831,-0.000501,0.002169,0.001108,0.047567,0.250,0.460153,0.461176,0.001023,0.001207,-0.000070,0.042662,0.500,0.461275,0.461812,0.000537,0.001760,0.000226,0.043001,0.750
563,camera,3153503,data/1_2024/shard-000477.tar,256x256,vertical,1.2960,1.250,0.6149,20.0,0,0,0.776420,0.783774,0.007354,0.001293,0.010565,0.030886,0.250,0.771819,0.782471,0.010652,0.001743,0.008734,0.034871,0.500,0.772616,0.784646,0.012030,0.001356,0.008222,0.033330,0.500
564,camera,2769503,data/1_2024/shard-000477.tar,256x256,vertical,1.1842,0.344,0.5534,5.5,0,0,0.413442,0.414395,0.000952,0.000456,0.005413,0.013786,0.250,0.412186,0.412809,0.000623,-0.000148,0.001355,0.011513,0.250,0.411929,0.413391,0.001462,-0.000127,0.001477,0.012485,0.000
565,camera,3034503,data/1_2024/shard-000477.tar,256x256,vertical,1.1908,0.656,0.5981,10.5,0,0,0.548741,0.548580,-0.000161,0.000389,0.000459,0.018357,0.250,0.547857,0.549083,0.001226,-0.000191,0.000634,0.020092,0.250,0.548580,0.548900,0.000320,0.000010,0.000644,0.019171,0.250
566,camera,5201503,data/1_2024/shard-000477.tar,256x256,vertical,1.1541,0.344,0.4353,-5.5,0,0,0.496404,0.493821,-0.002583,-0.001900,-0.001395,0.023211,0.000,0.491282,0.493298,0.002015,0.000577,0.001120,0.015712,0.750,0.488906,0.490064,0.001158,0.000602,0.001228,0.014040,0.750
567,camera,5274503,data/1_2024/shard-000477.tar,256x256,vertical,1.1609,0.594,0.6067,9.5,0,0,0.503239,0.503432,0.000193,0.000399,0.000328,0.019736,0.250,0.502983,0.504131,0.001148,0.001180,-0.000511,0.013282,0.500,0.502556,0.502669,0.000113,0.000874,-0.000724,0.014368,0.250
568,camera,8284503,data/1_2024/shard-000477.tar,256x256,vertical,1.1093,0.781,0.7119,12.5,0,0,0.392178,0.391636,-0.000543,-0.000341,0.000427,0.026946,0.500,0.392489,0.393321,0.000832,-0.000580,-0.000298,0.024270,0.250,0.393868,0.394235,0.000367,-0.000915,-0.000509,0.027943,0.500
569,camera,3807503,data/1_2024/shard-000477.tar,256x256,vertical,1.1826,2.125,0.1667,-34.0,0,0,0.622951,0.623948,0.000997,0.003152,-0.000983,0.077425,0.750,0.619836,0.620494,0.000658,0.002686,-0.000656,0.050116,0.500,0.619831,0.621018,0.001188,0.002804,-0.000099,0.051846,0.750
570,camera,164503,data/1_2024/shard-000477.tar,256x256,horizontal,1.1609,2.094,0.8764,33.5,0,0,0.695705,0.699538,0.003833,0.007890,0.006856,0.068953,0.250,0.692860,0.698451,0.005592,0.007648,0.007232,0.056589,0.750,0.693137,0.697631,0.004494,0.008306,0.005822,0.055133,0.500
571,camera,1521503,data/1_2024/shard-000477.tar,256x256,vertical,1.1891,2.125,0.1792,-34.0,0,0,0.325405,0.326686,0.001280,0.002656,0.000953,0.073776,0.500,0.321762,0.325238,0.003476,0.001945,0.000603,0.056241,0.500,0.321666,0.324892,0.003226,0.002968,0.001148,0.062695,0.500
572,camera,2538503,data/1_2024/shard-000477.tar,256x256,vertical,1.1541,0.656,0.6235,10.5,0,0,0.532179,0.533563,0.001384,0.001678,0.000513,0.021386,0.500,0.532090,0.532983,0.000893,0.000372,0.000247,0.019663,0.250,0.532176,0.534009,0.001833,0.000156,0.001008,0.019735,0.500
573,camera,3648503,data/1_2024/shard-000477.tar,256x256,horizontal,1.1891,0.125,0.5189,2.0,0,0,0.526986,0.528060,0.001074,0.000112,-0.000628,0.006485,0.500,0.524575,0.525814,0.001239,-0.000029,0.000607,0.005892,0.000,0.526333,0.527782,0.001450,0.000136,0.000465,0.006496,0.500
574,camera,3914503,data/1_2024/shard-000477.tar,256x256,vertical,1.2578,0.906,0.4027,-14.5,0,0,0.559601,0.562174,0.002573,0.003558,-0.003262,0.034853,0.500,0.553889,0.560864,0.006975,0.005244,-0.003542,0.047216,0.250,0.554553,0.562699,0.008146,0.005960,-0.002754,0.051574,0.250
575,camera,1632503,data/1_2024/shard-000477.tar,256x256,horizontal,1.1004,1.125,0.1667,-18.0,0,0,0.616681,0.617544,0.000863,0.006257,0.003290,0.059864,0.500,0.616916,0.618494,0.001579,0.005255,0.004219,0.049357,0.500,0.616489,0.618632,0.002143,0.005062,0.006059,0.049470,0.500
576,camera,6161503,data/1_2024/shard-000477.tar,256x256,vertical,1.1405,1.094,0.2727,-17.5,0,0,0.508156,0.509488,0.001332,-0.000268,0.000170,0.029110,0.500,0.509728,0.511265,0.001537,-0.000532,0.000720,0.027151,0.500,0.505232,0.506868,0.001636,0.000184,0.001121,0.024510,0.750
577,camera,4874503,data/1_2024/shard-000477.tar,256x256,horizontal,1.3332,3.531,0.2161,-56.5,0,0,0.790801,0.787045,-0.003756,0.005048,0.000457,0.120024,0.500,0.781591,0.787338,0.005747,0.004976,0.003312,0.062379,0.500,0.783838,0.787118,0.003281,0.003663,0.001350,0.057677,0.500
578,camera,4297503,data/1_2024/shard-000477.tar,256x256,vertical,1.1075,1.000,0.7759,16.0,0,0,0.298309,0.299989,0.001680,0.002155,0.001049,0.039338,0.750,0.296360,0.297947,0.001586,0.002185,0.000853,0.038179,1.000,0.296619,0.298176,0.001557,0.002303,0.000845,0.037054,1.000
579,camera,6135503,data/1_2024/shard-000477.tar,256x256,vertical,1.1891,0.375,0.5566,6.0,0,0,0.449654,0.449332,-0.000321,0.000649,0.027016,0.011690,0.250,0.447824,0.449892,0.002068,0.000954,0.004672,0.014000,0.500,0.447718,0.449162,0.001444,0.000756,0.004453,0.013453,0.500
580,camera,4226503,data/1_2024/shard-000477.tar,256x256,vertical,1.2390,2.781,0.8248,44.5,0,0,0.412045,0.406616,-0.005429,0.000226,-0.000110,0.068597,0.000,0.407368,0.407662,0.000294,0.000960,0.000023,0.040490,0.750,0.405728,0.405907,0.000179,0.002032,-0.000156,0.041953,0.500
581,camera,6570503,data/1_2024/shard-000477.tar,256x256,vertical,1.1891,1.688,0.2453,-27.0,0,0,0.576207,0.571798,-0.004409,0.001338,-0.000166,0.049771,0.250,0.565632,0.567184,0.001552,0.001580,0.001324,0.037716,0.500,0.567176,0.569069,0.001893,0.001220,0.001002,0.036203,0.750
582,camera,3952503,data/1_2024/shard-000477.tar,256x256,horizontal,1.1875,3.094,0.0286,-49.5,0,0,0.208963,0.206325,-0.002639,0.000342,-0.002379,0.079671,0.250,0.203432,0.206186,0.002754,0.001392,0.001120,0.047697,0.750,0.203818,0.205742,0.001923,0.001031,0.001163,0.049177,0.500
583,camera,6037503,data/1_2024/shard-000477.tar,256x256,horizontal,1.2167,0.469,0.4390,-7.5,0,0,0.817233,0.816692,-0.000541,0.000592,0.017199,0.027339,0.250,0.814242,0.814082,-0.000160,0.000401,0.005161,0.028191,0.250,0.816183,0.815866,-0.000317,-0.000436,0.003200,0.024373,0.000
584,camera,3657503,data/1_2024/shard-000477.tar,256x256,horizontal,1.1908,1.594,0.2617,-25.5,0,0,0.536207,0.539296,0.003089,0.001835,0.014064,0.036431,0.750,0.536250,0.541636,0.005386,0.001502,0.002217,0.033664,0.500,0.533234,0.538142,0.004909,0.001074,0.001928,0.031978,0.500
585,camera,431503,data/1_2024/shard-000477.tar,256x256,vertical,1.1842,0.594,0.5922,9.5,0,0,0.576427,0.577838,0.001411,-0.000431,-0.000021,0.029116,0.500,0.572589,0.577161,0.004572,-0.000587,0.000015,0.022367,0.750,0.572240,0.577093,0.004853,-0.000410,-0.000067,0.020883,0.500
586,camera,6930503,data/1_2024/shard-000477.tar,256x256,vertical,1.2055,2.062,0.7845,33.0,0,0,0.494796,0.492457,-0.002339,0.004011,0.000102,0.063175,0.250,0.493478,0.493338,-0.000140,0.003038,0.001012,0.048381,0.000,0.493845,0.494130,0.000285,0.003177,0.001845,0.047618,0.500
587,camera,5196503,data/1_2024/shard-000477.tar,256x256,vertical,1.1040,1.000,0.7857,16.0,0,0,0.716136,0.716985,0.000849,-0.000786,-0.001511,0.033551,0.250,0.713930,0.715204,0.001274,-0.000227,-0.000328,0.024821,0.000,0.715501,0.716364,0.000863,0.000407,0.000438,0.024112,0.250
588,camera,6999503,data/1_2024/shard-000477.tar,256x256,vertical,1.1908,1.531,0.2710,-24.5,0,0,0.420143,0.421377,0.001234,0.001547,0.001568,0.036841,0.250,0.420957,0.422218,0.001260,0.002318,0.002322,0.037550,0.500,0.419187,0.420329,0.001143,0.002651,0.002681,0.038785,0.750
589,camera,2529503,data/1_2024/shard-000477.tar,256x256,vertical,1.1541,0.844,0.3412,-13.5,0,0,0.501885,0.502364,0.000479,0.000180,0.002609,0.017267,0.500,0.504947,0.504955,0.000008,0.000302,0.000311,0.014319,0.250,0.502848,0.503109,0.000261,0.000208,0.000076,0.013869,0.750
590,camera,6625503,data/1_2024/shard-000477.tar,256x256,vertical,1.2469,4.438,1.0000,71.0,0,0,0.747288,0.744330,-0.002958,0.010346,-0.001547,0.150432,0.250,0.739752,0.745823,0.006072,0.007922,0.004444,0.103579,1.000,0.738246,0.744912,0.006666,0.007566,0.004014,0.097193,1.000
591,camera,5512503,data/1_2024/shard-000477.tar,256x256,vertical,1.1792,2.562,0.0900,-41.0,0,0,0.628025,0.627633,-0.000391,0.003358,0.001339,0.075885,0.250,0.625791,0.627234,0.001443,0.000483,-0.000922,0.067195,0.250,0.624726,0.626322,0.001596,0.004110,0.001018,0.069559,0.500
592,camera,7067503,data/1_2024/shard-000477.tar,256x256,vertical,1.1405,1.781,0.1299,-28.5,0,0,0.557039,0.557689,0.000650,-0.001871,0.000066,0.061121,0.250,0.555555,0.558114,0.002559,-0.000391,-0.000656,0.047203,0.250,0.556192,0.558233,0.002041,-0.000996,-0.001347,0.046975,0.250
593,camera,4915503,data/1_2024/shard-000477.tar,256x256,vertical,1.4909,2.656,0.3642,-42.5,0,0,0.323467,0.308244,-0.015223,-0.003387,0.010269,0.071821,0.000,0.305164,0.306619,0.001455,-0.002083,0.002230,0.034128,0.250,0.303617,0.305977,0.002360,-0.001454,0.005132,0.029087,0.000
594,camera,4627503,data/1_2024/shard-000477.tar,256x256,vertical,1.1891,0.062,0.5094,1.0,0,0,0.619228,0.619930,0.000702,0.000028,-0.000608,0.006148,0.250,0.618585,0.618285,-0.000300,-0.000377,-0.000785,0.011369,0.250,0.616827,0.617772,0.000946,0.000045,-0.000308,0.005086,0.250
595,camera,8007503,data/1_2024/shard-000477.tar,256x256,vertical,1.1233,2.094,0.0000,-33.5,0,0,0.565710,0.564740,-0.000970,0.002673,0.005445,0.060488,0.000,0.558784,0.559545,0.000761,0.004556,0.002981,0.056366,0.500,0.564053,0.565402,0.001349,0.002913,0.001710,0.052377,0.250
596,camera,3844503,data/1_2024/shard-000477.tar,256x256,vertical,1.1875,1.031,0.6571,16.5,0,0,0.536405,0.534495,-0.001910,0.001172,0.001825,0.024986,0.000,0.531388,0.530520,-0.000867,0.000395,0.000585,0.030794,0.000,0.533136,0.532955,-0.000182,0.000887,0.001251,0.031788,0.500
597,camera,5367503,data/1_2024/shard-000477.tar,256x256,vertical,1.1842,2.594,0.9029,41.5,0,0,0.604039,0.600548,-0.003491,-0.000991,-0.004546,0.051320,0.000,0.603798,0.602091,-0.001707,-0.001988,-0.005481,0.044142,0.250,0.603261,0.601253,-0.002008,-0.002565,-0.006323,0.044398,0.500
598,camera,5599503,data/1_2024/shard-000477.tar,256x256,horizontal,1.2200,0.094,0.5120,1.5,0,0,0.526823,0.527856,0.001033,-0.000092,0.002731,0.004653,0.250,0.526882,0.529055,0.002174,-0.000133,-0.000053,0.004575,0.250,0.526103,0.527084,0.000981,-0.000165,-0.000688,0.004622,0.000
599,camera,1883503,data/1_2024/shard-000477.tar,256x256,vertical,1.1908,2.719,0.0935,-43.5,0,0,0.625795,0.621648,-0.004147,-0.002636,0.001859,0.082717,0.000,0.621017,0.620732,-0.000285,0.000107,0.008526,0.047487,0.250,0.622364,0.621874,-0.000490,-0.000079,0.008527,0.046454,0.000
600,camera,95503,data/1_2024/shard-000477.tar,256x256,vertical,1.1250,0.188,0.5441,3.0,0,0,0.501132,0.501503,0.000371,0.000312,0.003103,0.009846,0.750,0.505861,0.507300,0.001439,0.000766,-0.001053,0.008917,0.250,0.498529,0.500800,0.002271,0.000343,-0.001023,0.007592,0.500
601,camera,4884503,data/1_2024/shard-000477.tar,256x256,vertical,1.1891,0.438,0.5660,7.0,0,0,0.457227,0.458840,0.001613,0.002990,0.004752,0.025180,0.250,0.452684,0.456681,0.003997,0.000227,0.001069,0.010048,0.250,0.456485,0.459808,0.003323,0.000186,0.001017,0.009410,0.750
602,camera,4346503,data/1_2024/shard-000477.tar,256x256,vertical,1.1826,0.562,0.5882,9.0,0,0,0.700439,0.705336,0.004897,0.002562,-0.000183,0.031495,0.750,0.697466,0.704321,0.006855,0.001215,-0.000118,0.018143,0.750,0.697433,0.704624,0.007192,0.001423,-0.000008,0.018692,0.750
603,camera,6861503,data/1_2024/shard-000477.tar,256x256,vertical,1.1145,1.188,0.1935,-19.0,0,0,0.614478,0.615323,0.000845,-0.002783,-0.004858,0.062701,0.250,0.611831,0.614268,0.002437,-0.004255,-0.006843,0.059896,0.250,0.614405,0.616004,0.001599,-0.004989,-0.007822,0.066384,0.250
604,camera,94503,data/1_2024/shard-000477.tar,256x256,horizontal,1.2655,0.938,0.5974,15.0,0,0,0.473208,0.471277,-0.001930,0.000050,-0.002422,0.021327,0.000,0.473141,0.471808,-0.001333,-0.000117,-0.001400,0.018773,0.250,0.472831,0.471786,-0.001045,-0.000172,-0.000772,0.018478,0.000
605,camera,4936503,data/1_2024/shard-000477.tar,256x256,vertical,1.1891,0.750,0.3868,-12.0,0,0,0.485077,0.484451,-0.000626,0.000628,0.004713,0.018951,0.000,0.483644,0.484883,0.001240,0.000725,0.001397,0.017337,0.250,0.482301,0.483057,0.000756,0.000773,0.001994,0.017614,0.250
606,camera,2245503,data/1_2024/shard-000477.tar,256x256,vertical,1.1891,3.188,0.0189,-51.0,0,0,0.486993,0.492550,0.005557,0.005555,0.005319,0.090435,0.250,0.484163,0.494039,0.009876,0.005049,0.010091,0.056594,0.500,0.483690,0.491134,0.007444,0.005027,0.008583,0.055266,0.750
607,camera,6991503,data/1_2024/shard-000477.tar,256x256,vertical,1.1809,2.094,0.8317,33.5,0,0,0.489641,0.494185,0.004544,0.005459,0.025688,0.078136,0.500,0.486032,0.491943,0.005911,0.004507,0.012735,0.055383,0.750,0.483113,0.492140,0.009027,0.007855,0.011241,0.067140,0.500
608,camera,3015503,data/1_2024/shard-000477.tar,256x256,horizontal,1.1676,1.156,0.6989,18.5,0,0,0.439058,0.443529,0.004471,0.003164,0.012737,0.039743,0.750,0.439888,0.443671,0.003783,0.001538,0.005252,0.046797,0.500,0.441301,0.445851,0.004550,0.002417,0.005036,0.051287,0.750
609,camera,1449503,data/1_2024/shard-000477.tar,256x256,vertical,1.1891,0.438,0.4340,-7.0,0,0,0.547101,0.549100,0.001999,0.002638,0.001330,0.019545,0.250,0.546427,0.549376,0.002949,0.001604,0.002011,0.014684,0.500,0.549176,0.550323,0.001147,0.001366,0.002206,0.013188,0.500
610,camera,5172503,data/1_2024/shard-000477.tar,256x256,vertical,1.2247,1.188,0.6484,19.0,0,0,0.508827,0.510624,0.001797,0.004215,0.003650,0.039155,0.250,0.509971,0.514307,0.004336,0.003883,0.005141,0.040223,0.500,0.506280,0.509874,0.003594,0.003112,0.005287,0.048289,0.250
611,camera,6304503,data/1_2024/shard-000477.tar,256x256,horizontal,1.1250,2.125,1.0000,34.0,0,0,0.435820,0.438089,0.002269,0.003995,0.015097,0.061709,0.750,0.433231,0.435549,0.002319,0.003591,0.002537,0.048390,1.000,0.433657,0.436045,0.002388,0.003517,0.003336,0.051783,0.500
612,camera,6003503,data/1_2024/shard-000477.tar,256x256,vertical,1.1891,1.812,0.2264,-29.0,0,0,0.730258,0.730829,0.000570,0.001859,0.001413,0.044779,0.750,0.731549,0.732799,0.001249,0.001166,0.000994,0.035399,0.500,0.729517,0.730550,0.001033,0.001123,0.000677,0.036796,0.500
613,camera,4429503,data/1_2024/shard-000477.tar,256x256,vertical,1.1075,0.125,0.4655,-2.0,0,0,0.389824,0.390779,0.000954,0.000080,0.007810,0.010863,0.250,0.385490,0.389757,0.004267,-0.000124,0.002828,0.009690,0.000,0.386070,0.390711,0.004641,-0.000151,0.002645,0.009281,0.000
614,camera,3207503,data/1_2024/shard-000477.tar,256x256,vertical,1.1908,0.031,0.4953,-0.5,0,0,0.588582,0.588083,-0.000499,-0.000129,-0.000060,0.004102,0.000,0.588164,0.591163,0.003000,-0.000560,-0.000675,0.007078,0.500,0.583550,0.589327,0.005777,-0.000062,0.001604,0.004083,0.250
615,camera,6652503,data/1_2024/shard-000477.tar,256x256,vertical,1.1709,0.094,0.4842,-1.5,0,0,0.330646,0.332072,0.001426,-0.000293,0.019056,0.009265,0.250,0.327434,0.331998,0.004564,0.000277,0.007436,0.005326,0.250,0.327563,0.332005,0.004442,0.000228,0.006352,0.005174,0.500
616,camera,3003503,data/1_2024/shard-000477.tar,256x256,vertical,1.1957,3.250,0.9727,52.0,0,0,0.356494,0.355996,-0.000498,0.006911,-0.000060,0.094058,0.250,0.356184,0.357462,0.001278,0.005122,0.001280,0.060198,0.500,0.354748,0.355802,0.001054,0.005202,0.000570,0.053769,0.250
617,camera,2826503,data/1_2024/shard-000477.tar,256x256,vertical,1.2437,4.375,0.0000,-70.0,0,0,0.331971,0.316379,-0.015592,-0.008518,-0.014456,0.134199,0.000,0.311457,0.314781,0.003324,0.004687,-0.000290,0.064681,0.250,0.307785,0.313330,0.005544,0.003654,-0.000267,0.060680,0.500
618,camera,2209503,data/1_2024/shard-000477.tar,256x256,horizontal,1.2247,1.875,0.7344,30.0,0,0,0.511720,0.508094,-0.003626,0.000392,-0.001563,0.058719,0.000,0.509592,0.508364,-0.001228,0.000241,0.000300,0.033897,0.500,0.508349,0.507872,-0.000477,0.001099,0.001369,0.031507,0.500
619,camera,2660503,data/1_2024/shard-000477.tar,256x256,horizontal,1.1973,1.969,0.7838,31.5,0,0,0.357936,0.352954,-0.004982,-0.003808,-0.003574,0.073028,0.000,0.351407,0.358482,0.007075,-0.001832,0.000474,0.050024,0.000,0.350037,0.355506,0.005469,-0.000505,0.000180,0.044439,0.250
620,camera,99503,data/1_2024/shard-000477.tar,256x256,vertical,1.1759,0.500,0.4184,-8.0,0,0,0.383668,0.382987,-0.000681,-0.000019,0.001589,0.012093,0.500,0.383300,0.382827,-0.000473,-0.000085,0.000411,0.009916,0.250,0.383307,0.382621,-0.000687,-0.000157,0.000641,0.008770,0.000
621,camera,1027503,data/1_2024/shard-000477.tar,256x256,vertical,1.1891,1.688,0.7547,27.0,0,0,0.619988,0.619294,-0.000694,0.001457,0.000342,0.052416,0.250,0.620165,0.620064,-0.000100,0.002531,0.001722,0.044210,0.750,0.619146,0.618423,-0.000723,0.001710,0.001487,0.046265,0.250
622,camera,6746503,data/1_2024/shard-000477.tar,256x256,vertical,1.2975,5.344,0.9886,85.5,0,0,0.440603,0.423725,-0.016878,0.007949,-0.013223,0.163868,0.000,0.423498,0.423920,0.000422,0.009305,0.002732,0.093082,0.750,0.421976,0.423200,0.001225,0.009700,0.003387,0.087699,0.500
623,camera,4010503,data/1_2024/shard-000477.tar,256x256,vertical,1.1609,2.469,0.9438,39.5,0,0,0.389354,0.400793,0.011439,0.014055,0.002251,0.096051,0.750,0.369007,0.391560,0.022553,0.023201,-0.002508,0.139705,1.000,0.369725,0.391498,0.021773,0.023189,-0.001106,0.139373,1.000
624,camera,7759503,data/1_2024/shard-000477.tar,256x256,vertical,1.1180,1.938,0.0156,-31.0,0,0,0.360690,0.362982,0.002292,0.002240,-0.000118,0.044395,0.250,0.360382,0.363511,0.003129,0.002927,-0.000009,0.042134,0.250,0.359118,0.361045,0.001928,0.002965,-0.000077,0.042576,0.250
625,camera,7441503,data/1_2024/shard-000477.tar,256x256,vertical,1.1609,1.844,0.8315,29.5,0,0,0.501992,0.501605,-0.000387,0.001113,0.000565,0.035933,0.250,0.503545,0.503054,-0.000491,-0.000262,0.000234,0.025265,0.000,0.501405,0.500924,-0.000481,0.000127,0.001071,0.023370,0.250
626,camera,4958503,data/1_2024/shard-000477.tar,256x256,horizontal,1.2945,1.156,0.3931,-18.5,0,0,0.416686,0.414372,-0.002315,-0.001999,0.013947,0.028483,0.000,0.416034,0.419111,0.003077,-0.001884,-0.001776,0.027210,0.000,0.411049,0.411881,0.000833,-0.002387,-0.001268,0.026391,0.000
627,camera,3474503,data/1_2024/shard-000477.tar,256x256,vertical,1.1626,0.188,0.5333,3.0,0,0,0.481190,0.479738,-0.001452,-0.000159,-0.001095,0.006901,0.250,0.476629,0.476697,0.000069,0.000336,-0.000710,0.005952,0.500,0.474926,0.475004,0.000079,0.000211,-0.000611,0.005465,0.750
628,camera,4147503,data/1_2024/shard-000477.tar,256x256,horizontal,1.3332,3.531,0.7839,56.5,0,0,0.841970,0.830408,-0.011563,0.006011,0.037915,0.118326,0.000,0.831711,0.830530,-0.001180,0.001036,0.005821,0.049038,0.250,0.832285,0.831834,-0.000451,-0.000760,0.004820,0.047638,0.000
629,camera,4668503,data/1_2024/shard-000477.tar,256x256,horizontal,1.1405,0.281,0.5584,4.5,0,0,0.668045,0.669146,0.001101,0.001193,0.003651,0.025721,0.250,0.669826,0.671371,0.001545,0.000700,0.004279,0.017078,0.250,0.671600,0.673809,0.002209,0.000173,0.004069,0.016138,0.250
630,camera,2439503,data/1_2024/shard-000477.tar,256x256,vertical,1.1250,2.062,0.9853,33.0,0,0,0.606469,0.603246,-0.003223,0.001576,0.000837,0.067421,0.000,0.603458,0.601373,-0.002085,0.002306,0.001348,0.058469,0.000,0.603543,0.602084,-0.001459,0.000747,0.000615,0.053257,0.000
631,camera,4741503,data/1_2024/shard-000477.tar,256x256,vertical,1.1040,0.125,0.5357,2.0,0,0,0.303264,0.304076,0.000812,0.000177,0.003054,0.007944,0.750,0.301772,0.302061,0.000289,-0.000136,0.001255,0.005950,0.250,0.302148,0.302245,0.000097,-0.000056,0.001382,0.007339,0.500
632,camera,5977503,data/1_2024/shard-000477.tar,256x256,vertical,1.1826,2.688,0.0784,-43.0,0,0,0.541948,0.543294,0.001345,0.003943,0.015064,0.103324,0.750,0.534641,0.541309,0.006669,0.004528,0.007375,0.073573,1.000,0.536833,0.543721,0.006888,0.004673,0.008139,0.076028,1.000
633,camera,1468503,data/1_2024/shard-000477.tar,256x256,horizontal,1.1541,1.344,0.7529,21.5,0,0,0.560605,0.560743,0.000138,-0.001550,-0.000679,0.037374,0.000,0.563735,0.564669,0.000934,-0.001341,0.000844,0.028073,0.000,0.559957,0.561341,0.001384,-0.000883,0.000740,0.028840,0.000
634,camera,7597503,data/1_2024/shard-000477.tar,256x256,vertical,1.1859,0.438,0.4327,-7.0,0,0,0.576616,0.572850,-0.003765,0.000095,0.006553,0.017306,0.250,0.578765,0.578049,-0.000716,-0.000197,0.001205,0.013938,0.250,0.572167,0.571938,-0.000229,-0.000280,0.001768,0.012859,0.000
635,camera,1835503,data/1_2024/shard-000477.tar,256x256,vertical,1.1957,3.062,0.0545,-49.0,0,0,0.393353,0.391076,-0.002277,0.001190,0.000294,0.099288,0.250,0.391255,0.393396,0.002142,0.003365,0.002669,0.075302,0.500,0.389500,0.392060,0.002560,0.005763,0.002912,0.086964,0.750
636,camera,1272503,data/1_2024/shard-000477.tar,256x256,vertical,1.1826,2.875,0.9510,46.0,0,0,0.462815,0.466135,0.003320,0.009205,0.021017,0.097041,0.250,0.459659,0.467243,0.007584,0.011058,0.009972,0.068990,0.750,0.460961,0.467803,0.006842,0.008346,0.005600,0.074742,0.500
637,camera,6086503,data/1_2024/shard-000477.tar,256x256,vertical,1.1826,1.000,0.3431,-16.0,0,0,0.712139,0.708388,-0.003751,-0.003601,-0.001069,0.053322,0.000,0.708310,0.708022,-0.000288,0.002800,0.004068,0.061697,0.500,0.710458,0.709271,-0.001187,0.006406,0.004523,0.065830,0.250
638,camera,6057503,data/1_2024/shard-000477.tar,256x256,vertical,1.1693,2.500,0.0745,-40.0,0,0,0.367699,0.365803,-0.001896,-0.000877,0.000516,0.045183,0.250,0.366421,0.366130,-0.000291,-0.000009,0.000277,0.023821,0.500,0.366921,0.366966,0.000046,0.000295,0.000608,0.023301,0.500
639,camera,2875503,data/1_2024/shard-000477.tar,256x256,vertical,1.1128,0.656,0.3279,-10.5,0,0,0.586721,0.589047,0.002325,-0.003004,0.000014,0.054041,0.750,0.581928,0.585854,0.003925,-0.000414,0.002956,0.051788,0.500,0.582361,0.586764,0.004404,-0.001204,0.002484,0.053142,0.750
640,camera,8123503,data/1_2024/shard-000477.tar,256x256,vertical,1.2247,0.938,0.3828,-15.0,0,0,0.667105,0.670062,0.002957,0.001539,0.009120,0.053739,0.500,0.661887,0.670064,0.008177,0.002939,0.008015,0.040674,0.250,0.662563,0.672773,0.010210,0.002464,0.008576,0.035281,0.750
641,camera,1759503,data/1_2024/shard-000477.tar,256x256,horizontal,1.2167,0.281,0.5366,4.5,0,0,0.867981,0.867873,-0.000108,0.000764,0.000347,0.012407,0.500,0.867330,0.867099,-0.000230,0.000619,-0.000228,0.011147,0.250,0.866201,0.866094,-0.000107,0.000039,-0.000797,0.010720,0.500
642,camera,1192503,data/1_2024/shard-000477.tar,256x256,horizontal,1.1541,0.719,0.6353,11.5,0,0,0.275950,0.274366,-0.001584,-0.000857,0.005074,0.016656,0.000,0.275870,0.274968,-0.000902,-0.000091,0.000673,0.014167,0.000,0.274623,0.274017,-0.000606,0.000022,0.001021,0.014994,0.000
643,camera,6645503,data/1_2024/shard-000477.tar,256x256,vertical,1.4017,3.031,0.6964,48.5,0,0,0.789871,0.782532,-0.007339,0.008896,0.000136,0.112324,0.250,0.771477,0.781456,0.009979,0.005432,0.002348,0.072688,0.750,0.768665,0.781017,0.012352,0.004647,0.004245,0.061953,0.750
644,camera,3024503,data/1_2024/shard-000477.tar,256x256,horizontal,1.1473,0.969,0.3086,-15.5,0,0,0.748779,0.752674,0.003895,0.000689,0.000522,0.032229,0.750,0.749649,0.754001,0.004352,0.000374,-0.000237,0.024888,0.500,0.748359,0.752850,0.004492,0.000623,0.000121,0.024942,1.000
645,camera,5779503,data/1_2024/shard-000477.tar,256x256,horizontal,1.1439,0.156,0.4684,-2.5,0,0,0.553030,0.562845,0.009816,-0.000616,-0.000714,0.019860,0.250,0.550332,0.560465,0.010133,0.000184,0.004225,0.008998,0.500,0.550077,0.561067,0.010990,-0.000073,0.004741,0.008408,0.250
646,camera,7750503,data/1_2024/shard-000477.tar,256x256,vertical,1.1891,2.250,0.1604,-36.0,0,0,0.506152,0.506386,0.000234,0.000109,0.001844,0.082232,0.000,0.500875,0.504566,0.003691,0.001004,0.003244,0.059569,0.250,0.501215,0.505313,0.004098,0.000745,0.002526,0.064450,0.500
647,camera,6934503,data/1_2024/shard-000477.tar,256x256,vertical,1.2702,2.531,0.2420,-40.5,0,0,0.670273,0.665515,-0.004759,0.000392,-0.001377,0.064194,0.000,0.668101,0.668440,0.000339,0.001672,0.001069,0.055954,0.500,0.668134,0.666466,-0.001667,-0.000556,-0.001117,0.051321,0.000
648,camera,1726503,data/1_2024/shard-000477.tar,256x256,vertical,1.1826,2.875,0.0490,-46.0,0,0,0.569008,0.563971,-0.005037,0.000312,-0.003418,0.082069,0.250,0.565031,0.564371,-0.000660,0.000814,-0.000677,0.053146,0.250,0.566597,0.566492,-0.000105,0.001969,-0.000324,0.060566,0.250
649,camera,5825503,data/1_2024/shard-000477.tar,256x256,vertical,1.1541,1.656,0.1882,-26.5,0,0,0.642183,0.643975,0.001792,0.003746,0.002067,0.043259,0.250,0.640705,0.643112,0.002407,0.003425,0.001733,0.035145,0.750,0.639253,0.639649,0.000396,0.001084,0.001063,0.025394,0.500
650,camera,6461503,data/1_2024/shard-000477.tar,256x256,vertical,1.2578,2.281,0.2550,-36.5,0,0,0.365400,0.362279,-0.003121,0.001074,-0.000401,0.059773,0.000,0.361978,0.360951,-0.001028,0.001405,0.000821,0.039979,0.250,0.362534,0.361462,-0.001073,0.002468,0.001845,0.044445,0.000
651,camera,5636503,data/1_2024/shard-000477.tar,256x256,vertical,1.1558,2.000,0.1279,-32.0,0,0,0.262469,0.261274,-0.001194,-0.000453,0.000632,0.051086,0.000,0.261546,0.261806,0.000260,-0.000722,-0.000011,0.035795,0.250,0.262614,0.262882,0.000267,-0.000235,-0.000008,0.036194,0.250
652,camera,7933503,data/1_2024/shard-000477.tar,256x256,vertical,1.2167,3.844,1.0000,61.5,0,0,0.275485,0.267678,-0.007807,0.003079,-0.001930,0.112826,0.000,0.267359,0.266591,-0.000768,-0.000390,0.003447,0.055838,0.250,0.267954,0.267974,0.000020,-0.000276,0.003044,0.057822,0.250
653,camera,4499503,data/1_2024/shard-000477.tar,256x256,vertical,1.1145,1.875,0.0161,-30.0,0,0,0.617103,0.617574,0.000471,0.000965,0.002281,0.042457,0.500,0.611178,0.612926,0.001747,0.000588,0.000582,0.036197,0.500,0.613694,0.615431,0.001737,0.000275,0.000878,0.038148,0.750
654,camera,5214503,data/1_2024/shard-000477.tar,256x256,vertical,1.1908,0.594,0.4112,-9.5,0,0,0.704942,0.707903,0.002961,0.001621,0.003503,0.021092,0.250,0.699755,0.705839,0.006084,0.001021,0.003577,0.021035,0.250,0.699979,0.701290,0.001311,0.000449,0.001480,0.017547,0.250
655,camera,1400503,data/1_2024/shard-000477.tar,256x256,vertical,1.1826,1.562,0.7451,25.0,0,0,0.647890,0.652391,0.004501,0.004620,0.003820,0.092609,0.500,0.647137,0.655961,0.008824,0.006940,0.010915,0.069226,0.500,0.644655,0.651095,0.006440,0.004428,0.009920,0.064960,0.500
656,camera,4893503,data/1_2024/shard-000477.tar,256x256,vertical,1.1891,0.125,0.5189,2.0,0,0,0.544209,0.543553,-0.000656,0.000307,-0.000218,0.006539,0.000,0.545325,0.544417,-0.000908,0.000314,-0.001059,0.006437,0.500,0.545277,0.543099,-0.002178,0.000371,-0.002116,0.006188,0.000
657,camera,1872503,data/1_2024/shard-000477.tar,256x256,horizontal,1.3302,4.906,0.1015,-78.5,0,0,0.524238,0.490732,-0.033506,-0.015153,-0.034798,0.170396,0.000,0.487088,0.488288,0.001200,0.001426,0.000097,0.047405,0.500,0.486904,0.488150,0.001246,0.000872,0.000674,0.044829,0.500
658,camera,4337503,data/1_2024/shard-000477.tar,256x256,vertical,1.1891,2.375,0.8585,38.0,0,0,0.677734,0.673382,-0.004352,-0.004934,0.001174,0.089615,0.000,0.674375,0.676028,0.001653,-0.002825,0.004361,0.066923,0.000,0.671586,0.674562,0.002976,-0.000917,0.008037,0.066049,0.250
659,camera,1142503,data/1_2024/shard-000477.tar,256x256,vertical,1.1180,1.312,0.8281,21.0,0,0,0.622377,0.627406,0.005029,0.011851,0.005306,0.114177,0.750,0.620329,0.628419,0.008090,0.015054,0.007402,0.096538,1.000,0.612104,0.624663,0.012559,0.020417,0.009554,0.118138,1.000
660,camera,4126503,data/1_2024/shard-000477.tar,256x256,horizontal,1.3332,2.594,0.2915,-41.5,0,0,0.406710,0.400575,-0.006134,-0.001397,0.011964,0.079749,0.000,0.395039,0.396946,0.001907,-0.000088,0.001026,0.032679,0.250,0.395805,0.398058,0.002253,-0.000766,-0.000503,0.037465,0.250
661,camera,3151503,data/1_2024/shard-000477.tar,256x256,vertical,1.1875,0.281,0.4571,-4.5,0,0,0.374654,0.375231,0.000577,0.000163,0.000220,0.007998,0.500,0.373605,0.374950,0.001345,0.000547,0.000582,0.008155,0.750,0.374938,0.376569,0.001631,0.000661,0.000663,0.008497,0.750
662,camera,1749503,data/1_2024/shard-000477.tar,256x256,vertical,1.1093,1.719,0.0339,-27.5,0,0,0.577662,0.576824,-0.000838,0.001162,0.002624,0.041440,0.250,0.576880,0.577385,0.000505,0.000457,0.000690,0.035299,0.500,0.577592,0.577500,-0.000092,0.000411,0.000397,0.033174,0.500
663,camera,5033503,data/1_2024/shard-000477.tar,256x256,vertical,1.1022,0.656,0.6909,10.5,0,0,0.585199,0.592160,0.006961,0.001458,0.004340,0.024450,1.000,0.584093,0.589992,0.005899,-0.001864,0.000067,0.026597,0.750,0.580056,0.585759,0.005703,-0.000612,0.001695,0.021879,0.750
664,camera,6787503,data/1_2024/shard-000477.tar,256x256,vertical,1.1826,2.062,0.8235,33.0,0,0,0.389871,0.390034,0.000163,0.001830,-0.000156,0.067522,0.250,0.390278,0.390354,0.000076,0.000215,0.000030,0.048252,0.250,0.390522,0.391042,0.000519,0.002021,0.000020,0.058691,0.750
665,camera,7921503,data/1_2024/shard-000477.tar,256x256,horizontal,1.1693,2.188,0.1277,-35.0,0,0,0.721187,0.720098,-0.001089,0.000727,0.020085,0.050242,0.250,0.716435,0.718691,0.002256,0.002245,0.007170,0.040378,0.500,0.716356,0.718447,0.002091,0.001654,0.005498,0.041741,0.500
666,camera,4518503,data/1_2024/shard-000477.tar,256x256,vertical,1.1743,2.406,0.1031,-38.5,0,0,0.617310,0.617197,-0.000113,0.001779,-0.000486,0.057542,0.500,0.616894,0.617403,0.000509,0.000944,0.000222,0.035879,0.750,0.614383,0.614726,0.000343,0.000881,0.000283,0.034736,0.750
667,camera,2890503,data/1_2024/shard-000477.tar,256x256,vertical,1.3288,4.562,0.1276,-73.0,0,0,0.812277,0.797130,-0.015147,-0.004585,-0.016060,0.137758,0.000,0.795502,0.796031,0.000529,0.003306,0.000510,0.085797,0.500,0.797391,0.797831,0.000441,0.002677,0.000668,0.082293,0.500
668,camera,2194503,data/1_2024/shard-000477.tar,256x256,vertical,1.1891,0.062,0.4906,-1.0,0,0,0.570417,0.570142,-0.000275,-0.000103,-0.000084,0.004936,0.250,0.578200,0.572645,-0.005554,-0.000588,-0.000494,0.008902,0.000,0.574023,0.569671,-0.004352,-0.000182,-0.000007,0.008504,0.250
669,camera,231503,data/1_2024/shard-000477.tar,256x256,vertical,1.1891,1.812,0.7736,29.0,0,0,0.683219,0.684324,0.001105,0.000801,0.001387,0.058874,0.500,0.682827,0.686162,0.003335,0.001289,0.001289,0.039178,0.500,0.680664,0.684108,0.003444,0.001302,0.001590,0.046088,0.500
670,camera,7470503,data/1_2024/shard-000477.tar,256x256,horizontal,1.1973,1.594,0.7297,25.5,0,0,0.472421,0.474697,0.002276,0.003992,0.002097,0.053907,0.500,0.468094,0.474259,0.006164,0.005064,0.003398,0.042973,0.750,0.470448,0.479181,0.008733,0.004471,0.002186,0.045140,0.750
671,camera,4953503,data/1_2024/shard-000477.tar,256x256,vertical,1.3035,4.656,0.9162,74.5,0,0,0.589051,0.581831,-0.007220,0.010394,-0.008152,0.153074,0.250,0.574437,0.577983,0.003546,0.008120,0.002552,0.091356,0.250,0.572832,0.577220,0.004388,0.007521,0.002053,0.087770,0.250
672,camera,6187503,data/1_2024/shard-000477.tar,256x256,vertical,1.3332,1.719,0.3618,-27.5,0,0,0.593467,0.586377,-0.007090,0.000555,0.005460,0.035215,0.000,0.583549,0.583185,-0.000364,0.001431,0.000072,0.027017,0.250,0.584241,0.584415,0.000174,0.001056,-0.000028,0.026336,0.250
673,camera,5781503,data/1_2024/shard-000477.tar,256x256,vertical,1.1859,0.312,0.5481,5.0,0,0,0.760062,0.759979,-0.000083,-0.000093,-0.000030,0.014527,0.250,0.759436,0.761066,0.001629,-0.000296,0.000015,0.012980,0.000,0.758034,0.759734,0.001700,-0.000460,-0.000008,0.012462,0.000
674,camera,4015503,data/1_2024/shard-000477.tar,256x256,vertical,1.1891,0.250,0.4623,-4.0,0,0,0.534804,0.538399,0.003595,-0.000653,0.000896,0.018459,0.000,0.531928,0.538503,0.006575,-0.000160,0.001885,0.011201,0.250,0.531601,0.538492,0.006891,-0.000194,0.002088,0.011934,0.250
675,camera,7224503,data/1_2024/shard-000477.tar,256x256,vertical,1.1541,1.969,0.8706,31.5,0,0,0.441703,0.440477,-0.001225,-0.001034,-0.001372,0.053646,0.000,0.441505,0.443810,0.002305,-0.000529,-0.000482,0.034839,0.250,0.439834,0.441223,0.001389,-0.000586,-0.000207,0.033797,0.000
676,camera,4586503,data/1_2024/shard-000477.tar,256x256,vertical,1.1422,1.625,0.8333,26.0,0,0,0.694839,0.696267,0.001428,0.002297,0.002057,0.059602,0.250,0.696978,0.698350,0.001373,0.003212,0.002967,0.070702,0.500,0.694573,0.697379,0.002806,0.003962,0.003823,0.066982,0.500
677,camera,4521503,data/1_2024/shard-000477.tar,256x256,vertical,1.1507,1.594,0.8072,25.5,0,0,0.808047,0.806529,-0.001518,-0.003088,0.001352,0.054526,0.000,0.805964,0.804771,-0.001192,-0.001490,0.000002,0.045940,0.500,0.804568,0.803723,-0.000844,-0.002270,-0.000114,0.041690,0.500
678,camera,1680503,data/1_2024/shard-000477.tar,256x256,vertical,1.1180,0.688,0.3281,-11.0,0,0,0.434318,0.435293,0.000975,0.001342,0.003423,0.025864,0.500,0.434880,0.435111,0.000231,-0.000477,0.003326,0.023743,0.500,0.436901,0.436514,-0.000387,0.000305,0.002337,0.021973,0.250
679,camera,6669503,data/1_2024/shard-000477.tar,256x256,vertical,1.3736,1.156,0.5815,18.5,0,0,0.298391,0.294539,-0.003852,0.000841,-0.004025,0.022567,0.250,0.291706,0.293684,0.001978,0.001014,0.000022,0.022014,0.250,0.292486,0.294467,0.001980,0.001120,0.000796,0.020574,0.500
680,camera,2381503,data/1_2024/shard-000477.tar,256x256,vertical,1.1875,3.219,0.0095,-51.5,0,0,0.464722,0.460996,-0.003727,-0.005665,-0.003088,0.089779,0.000,0.456626,0.458443,0.001817,0.000234,-0.000342,0.046187,0.250,0.455629,0.455792,0.000163,0.000241,-0.001327,0.045341,0.250
681,camera,2925503,data/1_2024/shard-000477.tar,256x256,vertical,1.1405,0.656,0.3636,-10.5,0,0,0.420345,0.420567,0.000222,0.001655,0.003492,0.020295,0.500,0.419584,0.422389,0.002804,0.002868,0.002042,0.026900,0.750,0.417919,0.418332,0.000413,0.001685,0.003766,0.020402,0.500
682,camera,6867503,data/1_2024/shard-000477.tar,256x256,horizontal,1.1875,3.156,0.0190,-50.5,0,0,0.411339,0.405922,-0.005417,0.000857,-0.005190,0.106518,0.250,0.402953,0.404306,0.001353,0.004316,0.001367,0.047170,0.250,0.401095,0.400989,-0.000106,0.002301,0.001231,0.044003,0.250
683,camera,7617503,data/1_2024/shard-000477.tar,256x256,horizontal,1.1743,2.656,0.9381,42.5,0,0,0.498651,0.501942,0.003291,0.005430,0.002935,0.093973,0.250,0.502783,0.505136,0.002354,0.005280,0.001867,0.085074,0.750,0.501185,0.503921,0.002736,0.003832,0.000903,0.083747,0.250
684,camera,3861503,data/1_2024/shard-000477.tar,256x256,vertical,1.1875,2.969,0.9524,47.5,0,0,0.376297,0.373873,-0.002423,0.002202,-0.002200,0.086239,0.250,0.369078,0.371379,0.002301,0.004530,0.002279,0.064105,0.750,0.366587,0.370842,0.004254,0.003652,0.002680,0.060257,0.750
685,camera,1454503,data/1_2024/shard-000477.tar,256x256,vertical,1.1575,1.656,0.1954,-26.5,0,0,0.746161,0.746386,0.000225,0.002769,0.005191,0.050076,0.750,0.746324,0.745888,-0.000436,0.004911,0.003724,0.052538,0.500,0.749170,0.749788,0.000618,0.004574,0.004463,0.055946,0.750
686,camera,3925503,data/1_2024/shard-000477.tar,256x256,vertical,1.2839,4.312,0.9157,69.0,0,0,0.487488,0.482770,-0.004717,0.019517,0.001156,0.174691,0.250,0.462583,0.478600,0.016016,0.028316,0.006439,0.147473,1.000,0.462932,0.476048,0.013116,0.024032,0.003500,0.135595,1.000
687,camera,7221503,data/1_2024/shard-000477.tar,256x256,vertical,1.2167,1.719,0.7236,27.5,0,0,0.575360,0.577781,0.002421,0.002334,0.002694,0.073292,0.250,0.569799,0.575081,0.005282,0.000353,0.001504,0.064200,0.750,0.570822,0.576772,0.005950,-0.000034,0.001125,0.065523,0.500
688,camera,4093503,data/1_2024/shard-000477.tar,256x256,vertical,1.1957,1.500,0.7182,24.0,0,0,0.704917,0.720924,0.016006,0.022345,0.012727,0.108655,0.750,0.701908,0.716428,0.014520,0.013085,0.012536,0.077367,0.750,0.701796,0.715273,0.013477,0.012228,0.012598,0.081110,0.750
689,camera,6566503,data/1_2024/shard-000477.tar,256x256,vertical,1.1875,3.156,0.0190,-50.5,0,0,0.512557,0.508118,-0.004439,0.001461,-0.003661,0.074777,0.000,0.506655,0.508128,0.001473,0.002172,0.001471,0.044021,0.500,0.505419,0.508095,0.002676,0.003346,0.002456,0.048588,0.750
690,camera,8033503,data/1_2024/shard-000477.tar,256x256,vertical,1.2655,2.375,0.2532,-38.0,0,0,0.662859,0.662851,-0.000008,0.003407,0.000857,0.108615,0.250,0.653733,0.664316,0.010582,0.012647,0.013080,0.093245,0.500,0.653385,0.665944,0.012559,0.019440,0.019607,0.108300,0.750
691,camera,5556503,data/1_2024/shard-000477.tar,256x256,vertical,1.2406,2.000,0.7319,32.0,0,0,0.419150,0.420289,0.001139,0.001530,-0.000296,0.045049,0.250,0.416831,0.419134,0.002303,0.000718,0.000323,0.028359,0.250,0.415700,0.418458,0.002759,0.001073,0.000474,0.030524,0.500
692,camera,3770503,data/1_2024/shard-000477.tar,256x256,vertical,1.1842,0.469,0.5728,7.5,0,0,0.533204,0.533672,0.000468,0.000112,0.002794,0.016557,0.500,0.529811,0.531818,0.002007,0.000077,0.001568,0.014328,0.500,0.529866,0.532175,0.002309,0.000434,0.002081,0.013786,0.750
693,camera,6443503,data/1_2024/shard-000477.tar,256x256,vertical,1.1875,1.844,0.7810,29.5,0,0,0.667412,0.673191,0.005779,0.008092,0.011441,0.070873,0.250,0.666064,0.668033,0.001969,0.003196,0.005415,0.062241,0.750,0.664574,0.667593,0.003019,0.006099,0.007992,0.069475,0.500
694,camera,3090503,data/1_2024/shard-000477.tar,256x256,vertical,1.1541,0.406,0.4235,-6.5,0,0,0.747062,0.748578,0.001516,-0.001519,0.002932,0.032288,0.000,0.749038,0.749590,0.000552,-0.000601,0.001347,0.021059,0.000,0.749223,0.749494,0.000271,-0.000261,0.001715,0.020618,0.500
695,camera,3161503,data/1_2024/shard-000477.tar,256x256,horizontal,1.1541,2.344,0.9412,37.5,0,0,0.664087,0.665598,0.001511,0.005176,0.001256,0.082278,0.500,0.661073,0.669660,0.008587,0.009384,0.013602,0.073228,1.000,0.661631,0.670091,0.008460,0.008327,0.014192,0.072666,1.000
696,camera,5171503,data/1_2024/shard-000477.tar,256x256,vertical,1.1693,2.500,0.9255,40.0,0,0,0.563909,0.562020,-0.001889,-0.000245,0.004216,0.054255,0.250,0.562341,0.561876,-0.000465,-0.000561,-0.000569,0.049026,0.250,0.560561,0.559745,-0.000816,-0.001502,-0.001711,0.048951,0.500
697,camera,5378503,data/1_2024/shard-000477.tar,256x256,vertical,1.4252,2.938,0.3220,-47.0,0,0,0.643100,0.630436,-0.012664,-0.000409,-0.012780,0.078205,0.000,0.628199,0.632376,0.004176,0.002478,0.003060,0.041637,0.250,0.624833,0.629472,0.004638,0.003471,0.003367,0.045048,0.500
698,camera,4981503,data/1_2024/shard-000477.tar,256x256,horizontal,1.2469,0.500,0.4437,-8.0,0,0,0.419507,0.418971,-0.000536,0.000516,-0.000524,0.024390,0.250,0.415702,0.415858,0.000157,0.000267,-0.000266,0.020134,0.500,0.417752,0.418250,0.000497,0.000978,0.000131,0.020767,0.250
699,camera,3100503,data/1_2024/shard-000477.tar,256x256,vertical,1.1792,1.500,0.7400,24.0,0,0,0.569343,0.573159,0.003816,0.006069,0.008927,0.063222,0.500,0.564969,0.572101,0.007132,0.002852,0.005556,0.036470,0.500,0.563531,0.571432,0.007901,0.001745,0.003749,0.038663,0.750
700,camera,547503,data/1_2024/shard-000477.tar,256x256,horizontal,1.1875,3.219,0.9905,51.5,0,0,0.598245,0.595929,-0.002316,0.009745,0.006559,0.107483,0.000,0.593152,0.593572,0.000420,0.005179,0.002947,0.065976,0.500,0.595148,0.597072,0.001924,0.006482,0.003438,0.063783,0.500
701,camera,4667503,data/1_2024/shard-000477.tar,256x256,vertical,1.4777,3.781,0.3003,-60.5,0,0,0.342313,0.317198,-0.025116,-0.000487,-0.013901,0.132107,0.000,0.313416,0.315513,0.002098,0.005065,0.000767,0.064493,0.250,0.310813,0.316602,0.005790,0.010324,0.002614,0.086658,0.500
702,camera,4554503,data/1_2024/shard-000477.tar,256x256,vertical,1.3214,4.906,0.0890,-78.5,0,0,0.695459,0.679843,-0.015616,-0.005539,-0.012782,0.140381,0.250,0.677068,0.678436,0.001368,0.003485,0.002876,0.062027,0.250,0.676292,0.677895,0.001604,0.004356,0.003181,0.063573,0.250
703,camera,7879503,data/1_2024/shard-000477.tar,256x256,vertical,1.1875,2.469,0.1238,-39.5,0,0,0.498920,0.500971,0.002051,0.003917,0.002706,0.079964,0.250,0.500742,0.502615,0.001873,0.000649,0.000843,0.053684,0.250,0.498238,0.501685,0.003448,0.002212,0.002296,0.056262,0.250
704,camera,8016503,data/1_2024/shard-000477.tar,256x256,vertical,1.2854,3.719,0.8563,59.5,0,0,0.650281,0.646859,-0.003422,0.007996,0.000186,0.119407,0.250,0.631926,0.642016,0.010090,0.003106,0.002543,0.063070,0.500,0.631192,0.637306,0.006113,0.003547,0.002557,0.058029,0.250
705,camera,5904503,data/1_2024/shard-000477.tar,256x256,vertical,1.1908,2.719,0.0935,-43.5,0,0,0.519403,0.515896,-0.003507,-0.002658,-0.003883,0.059076,0.000,0.518237,0.517694,-0.000542,-0.002077,-0.002169,0.038161,0.000,0.514299,0.514439,0.000140,-0.000992,-0.001000,0.037793,0.250
706,camera,5565503,data/1_2024/shard-000477.tar,256x256,vertical,1.1891,2.875,0.0660,-46.0,0,0,0.357234,0.349769,-0.007464,-0.003157,-0.003236,0.083928,0.250,0.353156,0.351553,-0.001603,0.002135,0.002083,0.043584,0.500,0.353207,0.347491,-0.005716,-0.002224,-0.002369,0.050815,0.500
707,camera,2923503,data/1_2024/shard-000477.tar,256x256,vertical,1.1891,0.875,0.3679,-14.0,0,0,0.575205,0.574440,-0.000765,0.000905,-0.001728,0.023362,0.500,0.573172,0.573908,0.000737,0.000106,0.000180,0.019812,0.250,0.571985,0.573469,0.001484,0.000989,-0.000028,0.020127,0.500
708,camera,3550503,data/1_2024/shard-000477.tar,256x256,vertical,1.1875,1.656,0.2476,-26.5,0,0,0.740515,0.741720,0.001205,0.003341,0.005499,0.054095,0.250,0.739374,0.741488,0.002114,0.003072,0.001025,0.048527,0.250,0.739683,0.741022,0.001340,0.003204,0.001899,0.048359,0.500
709,camera,4756503,data/1_2024/shard-000477.tar,256x256,horizontal,1.1709,1.281,0.7158,20.5,0,0,0.708309,0.706940,-0.001369,0.000943,0.001614,0.043875,0.000,0.704388,0.704643,0.000255,0.001550,0.002551,0.037032,0.500,0.706371,0.706302,-0.000069,0.001450,0.001792,0.034388,0.750
710,camera,4881503,data/1_2024/shard-000477.tar,256x256,horizontal,1.4307,7.438,0.0560,-119.0,0,0,0.794854,0.762405,-0.032449,0.005442,-0.038697,0.171552,0.250,0.752186,0.765489,0.013304,0.006903,-0.004375,0.114102,0.250,0.751837,0.763871,0.012034,0.008270,-0.004407,0.118188,0.500
711,camera,6851503,data/1_2024/shard-000477.tar,256x256,vertical,1.2406,3.750,0.0652,-60.0,0,0,0.527796,0.518391,-0.009405,-0.003048,-0.009964,0.102596,0.000,0.514266,0.516587,0.002321,0.001804,0.001867,0.048317,1.000,0.515312,0.517246,0.001934,0.002132,0.001827,0.049567,0.750
712,camera,2500503,data/1_2024/shard-000477.tar,256x256,vertical,1.2624,2.125,0.2763,-34.0,0,0,0.636664,0.631487,-0.005177,-0.003075,-0.004581,0.062421,0.000,0.635331,0.634237,-0.001094,-0.000943,-0.001044,0.038117,0.000,0.635377,0.633949,-0.001427,-0.000583,-0.001159,0.040572,0.250
713,camera,3145503,data/1_2024/shard-000477.tar,256x256,vertical,1.1891,0.500,0.5755,8.0,0,0,0.561507,0.560229,-0.001278,-0.001379,-0.002310,0.014748,0.000,0.562545,0.560455,-0.002090,-0.001229,-0.001830,0.016244,0.000,0.563260,0.562075,-0.001185,-0.001014,-0.001676,0.013505,0.250
714,camera,4665503,data/1_2024/shard-000477.tar,256x256,vertical,1.1875,2.469,0.8762,39.5,0,0,0.607031,0.609186,0.002156,0.011048,0.007566,0.102348,0.500,0.604846,0.611185,0.006339,0.011034,0.006644,0.095226,0.500,0.606692,0.611147,0.004455,0.006195,0.003516,0.088327,0.750
715,camera,993503,data/1_2024/shard-000477.tar,256x256,vertical,1.2327,2.844,0.1579,-45.5,0,0,0.347301,0.346474,-0.000827,0.001400,-0.000497,0.075059,0.250,0.347288,0.346534,-0.000754,0.000064,-0.000265,0.033720,0.000,0.345903,0.344962,-0.000941,0.000334,0.000140,0.037622,0.250
716,camera,2348503,data/1_2024/shard-000477.tar,256x256,horizontal,1.2975,1.031,0.5943,16.5,0,0,0.788628,0.785900,-0.002728,0.000788,0.020626,0.029604,0.000,0.780819,0.782286,0.001467,0.001223,0.002913,0.024881,0.500,0.782710,0.782906,0.000196,0.000704,0.002098,0.024250,0.250
717,camera,4517503,data/1_2024/shard-000477.tar,256x256,horizontal,1.3288,4.125,0.8367,66.0,0,0,0.691109,0.668908,-0.022201,-0.002101,0.010001,0.121887,0.000,0.672006,0.670430,-0.001576,-0.000435,0.001958,0.052349,0.000,0.669082,0.668365,-0.000718,-0.000166,0.002126,0.056403,0.000
718,camera,2740503,data/1_2024/shard-000477.tar,256x256,horizontal,1.2247,1.875,0.7344,30.0,0,0,0.676056,0.674083,-0.001973,-0.000503,0.002259,0.050831,0.250,0.673696,0.674255,0.000559,-0.000944,0.001274,0.037708,0.000,0.670349,0.672952,0.002603,-0.001051,0.003458,0.037938,0.000
719,camera,5142503,data/1_2024/shard-000477.tar,256x256,vertical,1.1908,1.844,0.7757,29.5,0,0,0.725608,0.728341,0.002733,0.003155,0.020731,0.107200,0.500,0.724513,0.731039,0.006526,-0.000250,0.003645,0.076932,0.250,0.726203,0.728596,0.002393,-0.004108,-0.000822,0.097005,0.250
720,camera,2493503,data/1_2024/shard-000477.tar,256x256,horizontal,1.1110,0.688,0.6833,11.0,0,0,0.523796,0.527268,0.003472,0.001876,0.001942,0.044377,1.000,0.523865,0.528235,0.004370,0.001005,0.006808,0.032627,0.750,0.523556,0.528425,0.004870,0.001352,0.007738,0.033827,1.000
721,camera,4135503,data/1_2024/shard-000477.tar,256x256,vertical,1.1541,2.406,0.9529,38.5,0,0,0.450521,0.452855,0.002335,0.009086,0.000636,0.099335,0.500,0.448525,0.451263,0.002739,0.007610,0.000656,0.074515,1.000,0.450762,0.452731,0.001968,0.005404,0.000810,0.061309,1.000
722,camera,7834503,data/1_2024/shard-000477.tar,256x256,vertical,1.1859,2.562,0.8942,41.0,0,0,0.636264,0.633633,-0.002631,0.000530,-0.000468,0.051923,0.000,0.634428,0.634060,-0.000368,0.001714,-0.000073,0.034542,0.250,0.634167,0.633781,-0.000387,0.000934,-0.000106,0.033669,0.500
723,camera,6199503,data/1_2024/shard-000477.tar,256x256,vertical,1.1709,2.156,0.1368,-34.5,0,0,0.633754,0.631421,-0.002333,0.002798,0.001546,0.052716,0.000,0.629979,0.629873,-0.000106,0.002418,0.001581,0.036231,0.500,0.629761,0.630372,0.000611,0.003604,0.002712,0.041305,0.250
724,camera,7092503,data/1_2024/shard-000477.tar,256x256,vertical,1.1875,1.406,0.2857,-22.5,0,0,0.435267,0.436361,0.001094,-0.000122,-0.000745,0.038547,0.250,0.433693,0.436054,0.002361,0.000698,-0.000202,0.032874,0.750,0.433436,0.435029,0.001592,-0.000248,-0.000244,0.030035,0.250
725,camera,7361503,data/1_2024/shard-000477.tar,256x256,vertical,1.2103,0.594,0.5798,9.5,0,0,0.424185,0.424602,0.000416,0.000501,0.004172,0.015677,0.250,0.423664,0.425784,0.002120,0.000272,0.004945,0.013645,0.750,0.425909,0.426824,0.000915,0.000128,0.004473,0.013766,0.750
726,camera,6686503,data/1_2024/shard-000477.tar,256x256,vertical,1.1891,2.125,0.1792,-34.0,0,0,0.713973,0.712837,-0.001135,0.002680,0.000045,0.067007,0.250,0.704933,0.708389,0.003457,0.003465,0.000121,0.050156,0.250,0.704057,0.709655,0.005598,0.004806,0.000702,0.050658,0.500
727,camera,4134503,data/1_2024/shard-000477.tar,256x256,horizontal,1.1541,2.094,0.8941,33.5,0,0,0.763090,0.761837,-0.001252,0.002499,0.008072,0.072151,0.250,0.764425,0.763770,-0.000656,0.001737,0.007017,0.058084,0.500,0.766093,0.763429,-0.002664,0.000035,0.003901,0.063310,0.500
728,camera,5023503,data/1_2024/shard-000477.tar,256x256,vertical,1.1957,1.750,0.7545,28.0,0,0,0.462688,0.460426,-0.002262,-0.000999,-0.000659,0.030345,0.250,0.461150,0.460390,-0.000760,-0.001014,-0.000255,0.026653,0.250,0.460052,0.458705,-0.001347,-0.001022,-0.000286,0.026986,0.250
729,camera,2086503,data/1_2024/shard-000477.tar,256x256,vertical,1.1891,3.000,0.0472,-48.0,0,0,0.378150,0.375015,-0.003135,-0.000541,-0.005863,0.091434,0.250,0.373636,0.375076,0.001440,0.004119,-0.000770,0.063808,0.750,0.373630,0.375539,0.001909,0.006478,-0.000865,0.070454,0.750
730,camera,7763503,data/1_2024/shard-000477.tar,256x256,horizontal,1.1891,0.188,0.4717,-3.0,0,0,0.179726,0.179135,-0.000591,0.000133,-0.000446,0.008605,0.250,0.179578,0.179817,0.000239,0.000196,-0.000119,0.006494,0.250,0.179769,0.180094,0.000325,0.000153,0.000043,0.008884,0.250
731,camera,8246503,data/1_2024/shard-000477.tar,256x256,horizontal,1.1110,1.125,0.8000,18.0,0,0,0.852851,0.854382,0.001531,0.000474,0.005492,0.044979,0.750,0.853525,0.854982,0.001457,-0.000464,-0.000854,0.040416,0.500,0.853197,0.854829,0.001632,0.000677,0.000435,0.043994,0.500
732,camera,3845503,data/1_2024/shard-000477.tar,256x256,vertical,1.1924,0.125,0.5185,2.0,0,0,0.645371,0.648751,0.003380,0.000201,0.000141,0.009048,0.250,0.644547,0.648640,0.004093,-0.002149,-0.003416,0.019142,0.000,0.641654,0.648370,0.006716,0.000096,0.000149,0.006167,0.250
733,camera,1734503,data/1_2024/shard-000477.tar,256x256,vertical,1.1180,1.562,0.8906,25.0,0,0,0.732785,0.734545,0.001760,0.001389,0.001735,0.045079,0.750,0.730922,0.732741,0.001820,0.002697,0.003426,0.056230,0.750,0.730501,0.732368,0.001867,0.003258,0.003791,0.055648,0.750
734,camera,7044503,data/1_2024/shard-000477.tar,256x256,vertical,1.3722,1.625,0.3850,-26.0,0,0,0.819658,0.810418,-0.009241,-0.004276,-0.007812,0.084446,0.000,0.809101,0.812541,0.003440,-0.001841,0.003802,0.052855,0.000,0.807103,0.811671,0.004568,-0.000223,0.004836,0.041980,0.250
735,camera,2174503,data/1_2024/shard-000477.tar,256x256,horizontal,1.1908,2.156,0.1776,-34.5,0,0,0.794761,0.792802,-0.001958,-0.000636,-0.001572,0.054868,0.000,0.793180,0.793036,-0.000144,-0.000376,-0.000859,0.040365,0.250,0.792081,0.791723,-0.000358,-0.000463,-0.000064,0.040398,0.250
736,camera,6802503,data/1_2024/shard-000477.tar,256x256,vertical,1.1842,1.656,0.7573,26.5,0,0,0.605422,0.603900,-0.001522,0.000501,-0.000702,0.040848,0.000,0.603541,0.603209,-0.000332,0.001109,-0.000104,0.029117,0.000,0.603716,0.605521,0.001805,0.000377,-0.000634,0.029967,0.250
737,camera,5622503,data/1_2024/shard-000477.tar,256x256,vertical,1.2327,2.969,0.8571,47.5,0,0,0.288229,0.283408,-0.004821,-0.000120,-0.004575,0.098325,0.000,0.281106,0.282727,0.001621,0.000646,0.000999,0.049927,0.750,0.281541,0.282879,0.001337,-0.000953,-0.000460,0.042294,0.500
738,camera,6068503,data/1_2024/shard-000477.tar,256x256,vertical,1.2295,3.781,0.9618,60.5,0,0,0.573285,0.574970,0.001685,0.009185,-0.003794,0.127096,0.250,0.563934,0.571350,0.007416,0.019032,-0.000698,0.126078,1.000,0.565516,0.570616,0.005100,0.007407,-0.000216,0.088035,1.000
739,camera,5131503,data/1_2024/shard-000477.tar,256x256,vertical,1.1541,1.531,0.7882,24.5,0,0,0.373051,0.371660,-0.001391,-0.000596,0.000471,0.042886,0.000,0.371128,0.370447,-0.000681,-0.000174,0.000155,0.030008,0.250,0.371686,0.371038,-0.000648,-0.000875,-0.000100,0.036236,0.250
740,camera,5577503,data/1_2024/shard-000477.tar,256x256,vertical,1.1891,2.875,0.9340,46.0,0,0,0.464387,0.462090,-0.002297,0.000835,-0.001338,0.065431,0.000,0.462196,0.462514,0.000318,-0.001206,-0.001548,0.048828,0.250,0.461727,0.462359,0.000632,-0.001470,-0.001654,0.046193,0.500
741,camera,1901503,data/1_2024/shard-000477.tar,256x256,vertical,1.3035,5.219,0.9665,83.5,0,0,0.427878,0.409057,-0.018821,0.005672,-0.016282,0.143937,0.000,0.408078,0.413263,0.005185,0.003199,0.001299,0.088045,0.500,0.406834,0.412672,0.005838,0.001851,0.000934,0.076785,0.500
742,camera,1770503,data/1_2024/shard-000477.tar,256x256,vertical,1.1592,0.688,0.3750,-11.0,0,0,0.544404,0.543871,-0.000533,-0.001056,0.002206,0.022641,0.250,0.547905,0.545989,-0.001916,-0.001343,-0.000913,0.022167,0.250,0.547503,0.546713,-0.000790,-0.000839,-0.000441,0.020159,0.250
743,camera,7467503,data/1_2024/shard-000477.tar,256x256,vertical,1.1826,2.562,0.9020,41.0,0,0,0.733373,0.731636,-0.001737,0.000804,-0.000730,0.088657,0.250,0.730550,0.730244,-0.000306,0.002139,0.001031,0.068138,0.750,0.730828,0.731624,0.000796,0.003172,0.002558,0.071541,1.000
744,camera,3084503,data/1_2024/shard-000477.tar,256x256,vertical,1.1676,1.594,0.7742,25.5,0,0,0.362166,0.360946,-0.001220,0.001634,0.000139,0.074754,0.250,0.360679,0.361474,0.000795,0.004640,0.003533,0.057614,0.500,0.358740,0.359300,0.000560,0.004557,0.003397,0.058202,0.500
745,camera,589503,data/1_2024/shard-000477.tar,256x256,vertical,1.1180,0.938,0.7344,15.0,0,0,0.720284,0.721160,0.000876,0.000859,0.000943,0.022479,0.500,0.723126,0.723560,0.000435,0.000296,0.000372,0.021394,0.250,0.724585,0.725779,0.001194,0.000312,0.000037,0.021686,0.750
746,camera,4697503,data/1_2024/shard-000477.tar,256x256,vertical,1.1826,1.000,0.6569,16.0,0,0,0.625363,0.626849,0.001486,0.002564,-0.000137,0.044181,0.250,0.626423,0.629273,0.002850,0.002264,-0.001544,0.036549,0.500,0.622458,0.624749,0.002291,0.001956,-0.000533,0.040093,0.750
747,camera,8280503,data/1_2024/shard-000477.tar,256x256,horizontal,1.1891,0.438,0.4340,-7.0,0,0,0.777294,0.776212,-0.001082,0.000693,0.004142,0.018790,0.000,0.779351,0.780176,0.000825,-0.000166,0.000468,0.016140,0.500,0.779409,0.778670,-0.000739,0.000152,-0.000231,0.017561,0.750
748,camera,4855503,data/1_2024/shard-000477.tar,256x256,vertical,1.1693,1.250,0.7128,20.0,0,0,0.687753,0.686654,-0.001099,0.000895,0.052444,0.029877,0.000,0.684676,0.685117,0.000441,0.000839,0.010775,0.027138,0.750,0.685779,0.685823,0.000043,0.000989,0.009131,0.029224,0.500
749,camera,2471503,data/1_2024/shard-000477.tar,256x256,horizontal,1.1302,2.156,0.0141,-34.5,0,0,0.447649,0.451345,0.003695,0.004657,0.006263,0.060953,0.500,0.444911,0.450649,0.005738,0.005884,0.006056,0.064285,0.250,0.445220,0.450506,0.005286,0.005423,0.004417,0.066262,0.500
750,camera,518503,data/1_2024/shard-000477.tar,256x256,vertical,1.3905,5.719,0.8828,91.5,0,0,0.320366,0.296476,-0.023890,0.022701,-0.013867,0.223403,0.000,0.293993,0.296476,0.002484,0.004756,0.003767,0.075062,0.250,0.292847,0.293877,0.001029,0.004404,0.002105,0.063494,0.250
751,camera,1360503,data/1_2024/shard-000477.tar,256x256,vertical,1.1875,2.531,0.1143,-40.5,0,0,0.666586,0.660418,-0.006168,-0.004068,-0.004805,0.068766,0.000,0.665956,0.665604,-0.000352,-0.000587,-0.000391,0.042941,0.000,0.662791,0.662697,-0.000094,0.000197,-0.000702,0.045761,0.000
752,camera,1105503,data/1_2024/shard-000477.tar,256x256,vertical,1.4604,3.438,0.3103,-55.0,0,0,0.574442,0.532908,-0.041534,-0.004308,-0.041438,0.120333,0.000,0.538213,0.531601,-0.006613,0.000275,-0.005782,0.083426,0.000,0.539230,0.533699,-0.005531,0.001553,-0.005274,0.080247,0.000
753,camera,7889503,data/1_2024/shard-000477.tar,256x256,vertical,1.1726,0.375,0.5625,6.0,0,0,0.736701,0.734895,-0.001806,-0.000834,0.008944,0.016038,0.000,0.733137,0.733154,0.000017,-0.001394,-0.001250,0.016748,0.250,0.732324,0.733132,0.000807,-0.000511,-0.001020,0.014458,0.000
754,camera,6388503,data/1_2024/shard-000477.tar,256x256,vertical,1.2247,3.375,0.9219,54.0,0,0,0.420072,0.413736,-0.006336,0.001055,0.005129,0.105359,0.250,0.408580,0.410813,0.002234,-0.000309,-0.000005,0.047920,0.500,0.409160,0.410448,0.001288,0.000640,0.000841,0.044640,0.500
755,camera,7855503,data/1_2024/shard-000477.tar,256x256,horizontal,1.2609,1.906,0.2980,-30.5,0,0,0.600982,0.600091,-0.000891,-0.001467,-0.001249,0.052721,0.000,0.595222,0.597657,0.002435,-0.003043,0.000915,0.056133,0.000,0.594355,0.596055,0.001699,-0.005175,0.000459,0.059176,0.000
756,camera,4141503,data/1_2024/shard-000477.tar,256x256,vertical,1.1163,0.094,0.5238,1.5,0,0,0.908862,0.908114,-0.000748,0.000029,0.000542,0.007706,0.000,0.908382,0.907914,-0.000468,-0.001090,-0.001367,0.023648,0.000,0.908411,0.908468,0.000057,-0.001122,-0.001199,0.023769,0.250
757,camera,7041503,data/1_2024/shard-000477.tar,256x256,horizontal,1.1388,2.188,0.0395,-35.0,0,0,0.395518,0.399730,0.004212,0.006402,0.005202,0.070087,0.750,0.396174,0.398759,0.002585,0.004318,0.003622,0.055521,0.500,0.396664,0.399773,0.003109,0.004539,0.003662,0.055078,0.500
758,camera,454503,data/1_2024/shard-000477.tar,256x256,vertical,1.1693,0.750,0.6277,12.0,0,0,0.564469,0.564245,-0.000224,0.000549,0.001467,0.020749,0.000,0.565558,0.564609,-0.000948,-0.001080,0.001121,0.020777,0.000,0.564252,0.563170,-0.001082,-0.001120,0.001510,0.019824,0.250
759,camera,5167503,data/1_2024/shard-000477.tar,256x256,vertical,1.2640,1.656,0.3268,-26.5,0,0,0.226399,0.225224,-0.001175,0.002114,-0.001537,0.042639,0.250,0.219128,0.222745,0.003618,0.003582,-0.000132,0.030145,0.500,0.218927,0.221768,0.002840,0.003830,-0.000180,0.030963,0.750
760,camera,3674503,data/1_2024/shard-000477.tar,256x256,vertical,1.1145,1.812,0.0323,-29.0,0,0,0.400932,0.401137,0.000205,0.001419,0.000453,0.041753,0.500,0.401168,0.401597,0.000429,0.001285,0.000608,0.034287,0.500,0.402534,0.402880,0.000346,0.000604,0.000189,0.031896,0.500
761,camera,702503,data/1_2024/shard-000477.tar,256x256,vertical,1.1924,0.938,0.3611,-15.0,0,0,0.352922,0.348576,-0.004346,0.000338,0.001609,0.018222,0.250,0.347578,0.347171,-0.000407,-0.000116,0.000095,0.014363,0.250,0.345776,0.345804,0.000028,0.000267,0.000576,0.013275,0.250
762,camera,3559503,data/1_2024/shard-000477.tar,256x256,vertical,1.1524,2.312,0.9405,37.0,0,0,0.723042,0.721981,-0.001061,0.000734,0.011215,0.057155,0.250,0.721548,0.719111,-0.002437,-0.002258,-0.000883,0.047113,0.000,0.722258,0.719426,-0.002832,-0.002988,-0.001926,0.048664,0.000
763,camera,1115503,data/1_2024/shard-000477.tar,256x256,vertical,1.1859,2.875,0.0577,-46.0,0,0,0.456242,0.451141,-0.005101,0.001504,-0.001426,0.078898,0.000,0.451500,0.451830,0.000331,0.004677,0.005008,0.060200,0.250,0.449714,0.449097,-0.000617,0.005244,0.005965,0.064887,0.250
764,camera,6506503,data/1_2024/shard-000477.tar,256x256,vertical,1.1809,0.094,0.5149,1.5,0,0,0.657464,0.654504,-0.002959,0.000270,0.011123,0.005651,0.250,0.654474,0.655670,0.001196,-0.000448,0.000791,0.012477,0.000,0.653041,0.654459,0.001419,0.000166,0.000776,0.005512,0.750
765,camera,169503,data/1_2024/shard-000477.tar,256x256,vertical,1.1891,2.875,0.0660,-46.0,0,0,0.637930,0.639937,0.002007,0.005933,0.004676,0.083489,0.750,0.632204,0.639020,0.006816,0.008364,0.007473,0.060841,1.000,0.628979,0.635459,0.006479,0.008070,0.007651,0.059383,1.000
766,camera,7278503,data/1_2024/shard-000477.tar,256x256,horizontal,1.3849,5.719,0.8894,91.5,0,0,0.769899,0.751461,-0.018438,0.005377,-0.021984,0.170339,0.250,0.740311,0.750907,0.010596,0.006237,0.003798,0.072088,0.750,0.727957,0.748055,0.020098,0.016342,0.013929,0.098850,0.750
767,camera,1018503,data/1_2024/shard-000477.tar,256x256,vertical,1.1826,0.438,0.4314,-7.0,0,0,0.612023,0.611680,-0.000343,0.000259,0.003062,0.023634,0.250,0.606909,0.610298,0.003389,-0.000384,0.001945,0.013644,0.250,0.604761,0.607755,0.002994,-0.000009,0.001687,0.012960,0.250
768,camera,4349503,data/1_2024/shard-000477.tar,256x256,vertical,1.1891,3.062,0.0377,-49.0,0,0,0.527776,0.524950,-0.002826,0.001845,-0.002170,0.079683,0.250,0.522148,0.523290,0.001142,0.002147,0.001599,0.047945,0.500,0.521101,0.524718,0.003616,0.002708,0.001885,0.050156,0.750
769,camera,2377503,data/1_2024/shard-000477.tar,256x256,vertical,1.1908,1.969,0.7944,31.5,0,0,0.564971,0.565389,0.000417,-0.000350,-0.001869,0.058314,0.000,0.562086,0.566153,0.004067,-0.000455,-0.000807,0.036540,0.250,0.561207,0.565831,0.004624,0.000782,0.000248,0.039844,0.500
770,camera,7655503,data/1_2024/shard-000477.tar,256x256,vertical,1.1891,3.312,1.0000,53.0,0,0,0.440528,0.433002,-0.007526,0.005164,-0.004598,0.102006,0.000,0.436090,0.435041,-0.001049,0.000218,-0.001268,0.064923,0.250,0.434048,0.432718,-0.001330,-0.000882,-0.000638,0.058076,0.250
771,camera,1427503,data/1_2024/shard-000477.tar,256x256,horizontal,1.1422,0.812,0.6667,13.0,0,0,0.428320,0.429803,0.001483,0.000004,0.005502,0.027906,0.500,0.423927,0.425620,0.001694,0.000184,0.002878,0.022660,0.500,0.425548,0.427709,0.002161,0.000389,0.001903,0.025671,0.750
772,camera,6069503,data/1_2024/shard-000477.tar,256x256,horizontal,1.1541,1.406,0.2353,-22.5,0,0,0.732329,0.734845,0.002516,0.006187,0.002769,0.077171,0.750,0.731819,0.734515,0.002696,0.005132,0.004707,0.060832,0.500,0.732188,0.732817,0.000629,0.004109,0.002282,0.062467,0.500
773,camera,3638503,data/1_2024/shard-000477.tar,256x256,vertical,1.1541,1.969,0.8706,31.5,0,0,0.466155,0.463639,-0.002515,-0.002078,-0.000952,0.042157,0.000,0.464046,0.464920,0.000875,0.001142,0.000662,0.026840,1.000,0.462515,0.463021,0.000506,0.000746,0.000933,0.026732,0.750
774,camera,5132503,data/1_2024/shard-000477.tar,256x256,horizontal,1.1609,0.469,0.5843,7.5,0,0,0.585771,0.590089,0.004317,0.001725,0.001786,0.026383,0.250,0.585660,0.590438,0.004778,0.000377,0.002011,0.020646,0.250,0.582580,0.589633,0.007054,-0.000262,0.001837,0.020749,0.250
775,camera,3897503,data/1_2024/shard-000477.tar,256x256,vertical,1.1250,1.125,0.7647,18.0,0,0,0.283675,0.283692,0.000017,0.000212,0.004716,0.020011,0.500,0.283099,0.283618,0.000519,0.000280,0.001133,0.020488,0.500,0.284239,0.284732,0.000493,0.000313,0.001079,0.021307,0.500
776,camera,5823503,data/1_2024/shard-000477.tar,256x256,vertical,1.1859,1.375,0.2885,-22.0,0,0,0.584821,0.586470,0.001649,0.001849,0.018141,0.039235,0.500,0.582724,0.586645,0.003921,0.001646,0.002735,0.033728,0.500,0.580733,0.584506,0.003773,0.001614,0.002712,0.033033,0.750
777,camera,6957503,data/1_2024/shard-000477.tar,256x256,vertical,1.1250,0.125,0.5294,2.0,0,0,0.375673,0.375795,0.000123,0.000012,0.021142,0.005496,0.250,0.373603,0.374259,0.000656,0.000076,0.002919,0.005122,0.500,0.372531,0.373141,0.000610,-0.000001,0.002823,0.005009,0.250
778,camera,6813503,data/1_2024/shard-000477.tar,256x256,vertical,1.1891,0.875,0.3679,-14.0,0,0,0.279977,0.280139,0.000162,-0.000299,0.000635,0.030097,0.000,0.281659,0.281742,0.000083,-0.000035,0.000661,0.026520,0.250,0.279492,0.280357,0.000865,0.000312,0.000459,0.024934,0.500
779,camera,3671503,data/1_2024/shard-000477.tar,256x256,vertical,1.1908,2.594,0.1121,-41.5,0,0,0.761632,0.761874,0.000242,0.001088,-0.000469,0.105297,0.250,0.759810,0.763541,0.003731,0.002569,0.000016,0.060961,0.750,0.758633,0.762375,0.003742,0.002729,-0.000112,0.070345,0.750
780,camera,6451503,data/1_2024/shard-000477.tar,256x256,vertical,1.1924,1.125,0.3333,-18.0,0,0,0.520567,0.523118,0.002551,0.004505,0.008216,0.046413,0.500,0.526907,0.533507,0.006600,0.007772,0.011321,0.050241,0.750,0.522902,0.525801,0.002900,0.003502,0.008037,0.032690,0.750
781,camera,1131503,data/1_2024/shard-000477.tar,256x256,vertical,1.1908,0.781,0.6168,12.5,0,0,0.611543,0.615085,0.003542,0.001101,-0.000737,0.023898,0.500,0.609847,0.614401,0.004554,0.002559,-0.000436,0.023693,0.750,0.604504,0.609078,0.004575,0.001908,-0.000697,0.022641,0.500
782,camera,4948503,data/1_2024/shard-000477.tar,256x256,horizontal,1.2839,3.312,0.8193,53.0,0,0,0.692764,0.685608,-0.007156,0.004832,-0.006694,0.108863,0.250,0.687681,0.688972,0.001291,0.002280,0.001940,0.052908,0.500,0.685054,0.687011,0.001957,0.002609,0.002291,0.051505,1.000
783,camera,84503,data/1_2024/shard-000477.tar,256x256,vertical,1.1726,2.938,0.0104,-47.0,0,0,0.714278,0.712700,-0.001577,-0.001645,-0.001651,0.075648,0.000,0.711810,0.712743,0.000933,0.000456,0.000527,0.048582,0.500,0.709658,0.711078,0.001420,0.001273,0.001398,0.047390,0.250
784,camera,6483503,data/1_2024/shard-000477.tar,256x256,vertical,1.4142,6.000,0.1250,-96.0,0,0,0.473020,0.432847,-0.040173,-0.015937,-0.043558,0.174356,0.000,0.434834,0.434730,-0.000104,-0.003331,-0.002560,0.094198,0.250,0.434849,0.436485,0.001636,-0.002943,-0.001693,0.095111,0.250
785,camera,283503,data/1_2024/shard-000477.tar,256x256,vertical,1.2343,0.188,0.5224,3.0,0,0,0.703428,0.703818,0.000390,0.000188,0.000554,0.008571,0.500,0.702468,0.706933,0.004465,0.000175,0.001168,0.008483,0.750,0.699220,0.703213,0.003992,0.000240,0.001735,0.007941,0.750
786,camera,3244503,data/1_2024/shard-000477.tar,256x256,vertical,1.1891,1.188,0.6792,19.0,0,0,0.500179,0.497559,-0.002621,0.000170,0.003473,0.027030,0.000,0.498175,0.496692,-0.001483,0.000186,0.000718,0.023923,0.000,0.498317,0.496769,-0.001547,0.000269,0.000735,0.023751,0.000
787,camera,1627503,data/1_2024/shard-000477.tar,256x256,vertical,1.1891,0.750,0.3868,-12.0,0,0,0.510934,0.510044,-0.000890,0.000829,0.000899,0.023784,0.250,0.514632,0.512903,-0.001729,-0.000316,-0.000557,0.025873,0.250,0.511316,0.511632,0.000316,-0.000405,-0.000458,0.027225,0.000
788,camera,3884503,data/1_2024/shard-000477.tar,256x256,vertical,1.2311,0.875,0.6061,14.0,0,0,0.479608,0.480624,0.001016,-0.000294,0.001575,0.014152,0.000,0.479380,0.480685,0.001305,-0.000419,-0.000273,0.012854,0.000,0.477367,0.478786,0.001419,-0.000026,0.000354,0.013150,0.250
789,camera,1682503,data/1_2024/shard-000477.tar,256x256,vertical,1.1875,1.094,0.3333,-17.5,0,0,0.462881,0.461739,-0.001142,-0.001328,0.000019,0.036953,0.250,0.459276,0.462376,0.003100,-0.000486,0.000722,0.028747,0.750,0.457975,0.461248,0.003273,-0.000303,0.000451,0.025621,0.750
790,camera,2304503,data/1_2024/shard-000477.tar,256x256,vertical,1.2655,1.375,0.3571,-22.0,0,0,0.687614,0.687596,-0.000018,-0.001115,0.002236,0.088543,0.000,0.681047,0.686320,0.005273,-0.000339,0.003873,0.084582,0.500,0.680679,0.687751,0.007073,0.002914,0.005086,0.098172,0.500
791,camera,4888503,data/1_2024/shard-000477.tar,256x256,vertical,1.1891,0.500,0.4245,-8.0,0,0,0.502634,0.501791,-0.000843,-0.000468,0.004891,0.014747,0.000,0.501519,0.502861,0.001342,-0.000165,0.001915,0.013956,0.250,0.501278,0.502851,0.001573,-0.000095,0.001865,0.013963,0.250
792,camera,821503,data/1_2024/shard-000477.tar,256x256,vertical,1.1040,1.375,0.8929,22.0,0,0,0.479983,0.485505,0.005522,0.005275,0.001931,0.072594,0.750,0.477748,0.484614,0.006865,0.004724,0.001332,0.055985,0.500,0.479361,0.484974,0.005613,0.003083,0.000687,0.051015,0.750
793,camera,5510503,data/1_2024/shard-000477.tar,256x256,vertical,1.1875,0.844,0.3714,-13.5,0,0,0.668399,0.666926,-0.001473,-0.000096,0.002011,0.016567,0.000,0.666530,0.665838,-0.000692,-0.000119,0.002354,0.015148,0.000,0.666632,0.666767,0.000136,0.000212,0.002225,0.014461,0.250
794,camera,2918503,data/1_2024/shard-000477.tar,256x256,vertical,1.3140,5.562,0.9785,89.0,0,0,0.672848,0.663319,-0.009530,0.006687,-0.011721,0.156368,0.250,0.660464,0.662445,0.001981,-0.000052,-0.005920,0.092473,0.250,0.665336,0.662736,-0.002600,-0.005089,-0.010715,0.098857,0.000
795,camera,1865503,data/1_2024/shard-000477.tar,256x256,horizontal,1.2247,3.188,0.8984,51.0,0,0,0.541921,0.535760,-0.006161,0.000896,-0.004872,0.078525,0.000,0.537887,0.536366,-0.001521,-0.000654,-0.001075,0.037258,0.000,0.537672,0.536809,-0.000863,-0.000328,-0.000675,0.035485,0.000
796,camera,3269503,data/1_2024/shard-000477.tar,256x256,vertical,1.1891,0.938,0.6415,15.0,0,0,0.560128,0.558375,-0.001754,0.000235,0.000962,0.030697,0.500,0.554991,0.559471,0.004480,0.001282,0.003019,0.025024,0.750,0.554768,0.558310,0.003542,0.001900,0.003182,0.027055,1.000
797,camera,1938503,data/1_2024/shard-000477.tar,256x256,horizontal,1.2343,2.375,0.7836,38.0,0,0,0.751857,0.752504,0.000648,0.004207,0.000365,0.061324,0.500,0.749571,0.752229,0.002659,0.001940,0.001590,0.040267,0.500,0.750397,0.753508,0.003111,0.002697,0.001833,0.043128,0.500
798,camera,5388503,data/1_2024/shard-000477.tar,256x256,vertical,1.3140,2.875,0.2527,-46.0,0,0,0.303155,0.295320,-0.007835,-0.002249,0.010074,0.089078,0.000,0.295780,0.296183,0.000403,0.001972,0.002206,0.036952,0.500,0.296393,0.296944,0.000551,0.001565,0.002273,0.040395,0.250
799,camera,8186503,data/1_2024/shard-000477.tar,256x256,vertical,1.1541,0.719,0.3647,-11.5,0,0,0.587480,0.589372,0.001893,-0.000850,-0.000635,0.032671,0.250,0.585633,0.590630,0.004998,0.000347,-0.000610,0.025871,0.500,0.582159,0.586094,0.003935,0.000164,-0.000446,0.025600,0.500
800,camera,2989503,data/1_2024/shard-000477.tar,256x256,vertical,1.1792,0.188,0.5300,3.0,0,0,0.696526,0.696399,-0.000127,-0.000475,0.002390,0.010015,0.000,0.692237,0.694032,0.001795,-0.000363,-0.001098,0.008877,0.250,0.691941,0.694246,0.002305,-0.000304,-0.000803,0.008560,0.250
801,camera,1723503,data/1_2024/shard-000477.tar,256x256,vertical,1.1541,1.031,0.3059,-16.5,0,0,0.381005,0.379562,-0.001443,-0.000749,0.004122,0.024920,0.250,0.380460,0.379572,-0.000888,-0.000385,0.000059,0.020608,0.250,0.381616,0.380286,-0.001330,-0.000428,0.000277,0.021507,0.250
802,camera,4968503,data/1_2024/shard-000477.tar,256x256,vertical,1.1891,0.188,0.4717,-3.0,0,0,0.430474,0.431164,0.000689,0.000027,-0.000094,0.006831,0.250,0.431890,0.431725,-0.000165,0.000033,-0.000157,0.006316,0.250,0.429841,0.430097,0.000256,0.000030,0.000116,0.005989,0.250
803,camera,5158503,data/1_2024/shard-000477.tar,256x256,horizontal,1.2593,1.875,0.7000,30.0,0,0,0.554359,0.555222,0.000864,0.001477,0.018594,0.062900,0.250,0.549446,0.554651,0.005206,0.000277,0.000075,0.044577,0.500,0.548967,0.553505,0.004538,0.000842,0.000795,0.046800,0.250
804,camera,3403503,data/1_2024/shard-000477.tar,256x256,vertical,1.1957,2.688,0.1091,-43.0,0,0,0.514018,0.512354,-0.001664,0.003868,0.006138,0.076357,0.250,0.507436,0.509185,0.001750,0.006263,0.008329,0.064759,0.500,0.509153,0.511600,0.002447,0.008451,0.011801,0.069544,0.750
805,camera,3654503,data/1_2024/shard-000477.tar,256x256,vertical,1.1924,3.375,0.0000,-54.0,0,0,0.643278,0.637740,-0.005538,-0.001553,-0.002257,0.078101,0.000,0.639517,0.639955,0.000438,0.000990,0.000829,0.051009,0.500,0.639642,0.640225,0.000582,0.000741,0.000919,0.049313,0.250
806,camera,7389503,data/1_2024/shard-000477.tar,256x256,horizontal,1.3332,1.719,0.3618,-27.5,0,0,0.766972,0.768301,0.001329,0.001286,0.019724,0.044192,0.250,0.764268,0.767220,0.002952,0.001085,0.006039,0.029897,0.250,0.762129,0.764912,0.002783,-0.000147,0.008384,0.026039,0.000
807,camera,2063503,data/1_2024/shard-000477.tar,256x256,vertical,1.1908,0.219,0.4673,-3.5,0,0,0.838114,0.842688,0.004574,0.000303,0.001057,0.015905,0.250,0.837438,0.843710,0.006272,0.000242,0.000897,0.009151,0.500,0.835853,0.839692,0.003839,0.000052,0.000032,0.008643,0.500
808,camera,262503,data/1_2024/shard-000477.tar,256x256,horizontal,1.1575,1.719,0.8161,27.5,0,0,0.645282,0.644417,-0.000865,0.001514,-0.000695,0.073797,0.000,0.642642,0.642782,0.000140,0.001097,0.000511,0.061857,0.250,0.644099,0.644968,0.000869,0.002236,0.000913,0.064532,0.250
809,camera,1767503,data/1_2024/shard-000477.tar,256x256,horizontal,1.1267,0.531,0.6232,8.5,0,0,0.482735,0.483391,0.000656,0.001700,0.000362,0.031770,0.750,0.475868,0.479352,0.003484,0.001625,-0.001467,0.025661,1.000,0.474196,0.480067,0.005871,0.003231,-0.001300,0.028084,0.500
810,camera,5751503,data/1_2024/shard-000477.tar,256x256,vertical,1.3184,0.406,0.4656,-6.5,0,0,0.638461,0.639025,0.000563,-0.000221,-0.000114,0.011868,0.250,0.638918,0.639146,0.000227,-0.000468,0.000931,0.012920,0.500,0.639313,0.638904,-0.000409,-0.000874,0.000271,0.014223,0.250
811,camera,7884503,data/1_2024/shard-000477.tar,256x256,horizontal,1.2390,0.781,0.5912,12.5,0,0,0.683120,0.681827,-0.001293,-0.000456,-0.001228,0.022957,0.000,0.681738,0.681304,-0.000434,-0.000225,-0.001022,0.018591,0.000,0.680123,0.679791,-0.000332,-0.000372,-0.001285,0.018597,0.000
812,camera,1979503,data/1_2024/shard-000477.tar,256x256,vertical,1.1891,2.250,0.1604,-36.0,0,0,0.482104,0.486106,0.004001,0.001478,-0.000455,0.055409,0.500,0.484102,0.487906,0.003804,0.001409,0.000626,0.040521,0.750,0.483695,0.485984,0.002289,-0.000327,0.000485,0.042646,0.500
813,camera,2161503,data/1_2024/shard-000477.tar,256x256,vertical,1.2038,3.281,0.9565,52.5,0,0,0.455284,0.448528,-0.006757,0.001261,-0.002492,0.087829,0.000,0.443003,0.449604,0.006601,0.008492,0.004686,0.082101,0.500,0.441604,0.448851,0.007247,0.007053,0.003946,0.089210,0.500
814,camera,5291503,data/1_2024/shard-000477.tar,256x256,horizontal,1.3332,4.344,0.8492,69.5,0,0,0.647313,0.631569,-0.015744,0.000329,-0.014957,0.127260,0.000,0.627452,0.630651,0.003199,0.002817,0.003467,0.049148,0.500,0.628543,0.631330,0.002786,0.001860,0.003506,0.048638,0.250
815,camera,460503,data/1_2024/shard-000477.tar,256x256,horizontal,1.1541,2.656,1.0000,42.5,0,0,0.781339,0.778609,-0.002730,-0.001094,-0.000858,0.069344,0.000,0.779029,0.778258,-0.000771,-0.000609,0.002003,0.053517,0.000,0.777815,0.777256,-0.000559,-0.000779,0.002075,0.053205,0.000
816,camera,5663503,data/1_2024/shard-000477.tar,256x256,vertical,1.1891,1.250,0.3113,-20.0,0,0,0.811715,0.811901,0.000186,0.000386,0.002630,0.047477,0.250,0.812193,0.814059,0.001866,-0.000124,0.001409,0.039839,0.000,0.809740,0.810600,0.000861,0.000757,0.000638,0.051003,0.500
817,camera,7209503,data/1_2024/shard-000477.tar,256x256,vertical,1.1541,1.719,0.8235,27.5,0,0,0.565188,0.563168,-0.002020,-0.000737,-0.000306,0.035416,0.000,0.563397,0.562973,-0.000424,0.000409,0.000535,0.029088,0.500,0.563423,0.563143,-0.000280,0.000804,0.001022,0.030805,0.250
818,camera,4633503,data/1_2024/shard-000477.tar,256x256,vertical,1.2295,0.906,0.3893,-14.5,0,0,0.348280,0.345916,-0.002364,0.000184,-0.001288,0.025936,0.250,0.342829,0.343687,0.000859,0.000079,0.000033,0.019612,0.250,0.343161,0.344134,0.000974,0.000043,0.000033,0.019443,0.000
819,camera,1124503,data/1_2024/shard-000477.tar,256x256,vertical,1.3125,1.219,0.3946,-19.5,0,0,0.485021,0.481731,-0.003290,0.002782,-0.000696,0.029109,0.250,0.480950,0.482438,0.001488,0.001379,-0.000979,0.028158,0.250,0.478818,0.480781,0.001963,0.001559,-0.000386,0.026840,0.250
820,camera,1895503,data/1_2024/shard-000477.tar,256x256,vertical,1.1826,1.625,0.7549,26.0,0,0,0.497628,0.503556,0.005928,0.004545,0.001283,0.049966,0.250,0.497497,0.503004,0.005507,0.003057,0.001841,0.042021,0.250,0.498323,0.503435,0.005112,0.003201,0.002393,0.045360,0.500
821,camera,4545503,data/1_2024/shard-000477.tar,256x256,vertical,1.4003,1.438,0.5935,23.0,0,0,0.526380,0.519144,-0.007236,0.000567,-0.006694,0.024883,0.000,0.520718,0.521942,0.001225,0.000356,-0.000764,0.027640,0.250,0.517192,0.517654,0.000462,0.000359,-0.000429,0.025719,0.500
822,camera,3686503,data/1_2024/shard-000477.tar,256x256,vertical,1.1891,0.688,0.3962,-11.0,0,0,0.575469,0.576695,0.001226,0.001457,0.001414,0.026296,0.250,0.576052,0.577594,0.001542,0.001464,-0.001345,0.021823,0.250,0.571597,0.572661,0.001064,0.000924,-0.000528,0.021278,0.250
823,camera,838503,data/1_2024/shard-000477.tar,256x256,vertical,1.1891,2.625,0.8962,42.0,0,0,0.835950,0.837333,0.001383,0.004920,-0.000117,0.094004,0.250,0.837745,0.835986,-0.001759,0.001698,0.000080,0.065579,0.250,0.840672,0.838511,-0.002161,-0.001894,-0.001142,0.071705,0.250
824,camera,8215503,data/1_2024/shard-000477.tar,256x256,vertical,1.2702,3.906,0.8981,62.5,0,0,0.359743,0.355650,-0.004093,0.013153,-0.004299,0.131390,0.250,0.350976,0.356097,0.005122,0.005231,0.003079,0.060773,0.750,0.349407,0.353545,0.004138,0.003819,0.002318,0.060605,0.750
825,camera,2937503,data/1_2024/shard-000477.tar,256x256,vertical,1.1875,0.906,0.3619,-14.5,0,0,0.616512,0.617312,0.000800,0.000049,0.000119,0.038981,0.250,0.617215,0.616918,-0.000297,0.000761,0.001060,0.032124,0.250,0.615640,0.616890,0.001250,0.001460,0.001399,0.036808,0.500
826,camera,1089503,data/1_2024/shard-000477.tar,256x256,vertical,1.1957,3.000,0.0636,-48.0,0,0,0.331314,0.322243,-0.009070,-0.005310,-0.010142,0.075588,0.000,0.322735,0.322505,-0.000230,0.001491,-0.001126,0.040374,0.250,0.322946,0.322675,-0.000271,0.001946,-0.000792,0.040288,0.250
827,camera,3214503,data/1_2024/shard-000477.tar,256x256,horizontal,1.1040,1.688,0.0179,-27.0,0,0,0.622320,0.625078,0.002758,0.007312,0.007019,0.089708,0.500,0.621828,0.624499,0.002671,0.008223,0.004830,0.085249,0.500,0.623587,0.627116,0.003529,0.006612,0.003118,0.081104,0.500
828,camera,5162503,data/1_2024/shard-000477.tar,256x256,vertical,1.1233,0.094,0.4776,-1.5,0,0,0.647051,0.647019,-0.000033,0.000097,0.000196,0.006910,0.250,0.645339,0.646799,0.001461,0.000257,0.000751,0.006336,0.500,0.645760,0.648168,0.002407,0.000233,0.000764,0.006410,0.500
829,camera,1155503,data/1_2024/shard-000477.tar,256x256,vertical,1.2216,1.562,0.3016,-25.0,0,0,0.337919,0.336943,-0.000975,0.001930,0.002818,0.044232,0.250,0.336572,0.336305,-0.000267,0.001736,0.002203,0.029799,0.250,0.337277,0.336964,-0.000313,0.001818,0.002158,0.028188,0.500
830,camera,4362503,data/1_2024/shard-000477.tar,256x256,vertical,1.1957,0.750,0.3909,-12.0,0,0,0.386130,0.387311,0.001181,0.001085,0.001850,0.022012,1.000,0.385725,0.385958,0.000234,0.000531,0.000862,0.016268,0.750,0.385786,0.386080,0.000294,0.000823,0.001013,0.016424,1.000
831,camera,5064503,data/1_2024/shard-000477.tar,256x256,horizontal,1.1541,0.406,0.5765,6.5,0,0,0.645830,0.646663,0.000833,0.001013,0.002774,0.025054,0.250,0.647955,0.649002,0.001047,0.000656,-0.001476,0.020945,0.500,0.641393,0.640769,-0.000624,0.000148,0.000151,0.019302,0.250
832,camera,6633503,data/1_2024/shard-000477.tar,256x256,vertical,1.2247,3.625,0.0469,-58.0,0,0,0.674742,0.673356,-0.001386,0.002793,-0.002351,0.094326,0.250,0.666474,0.671137,0.004663,0.003787,0.001052,0.050322,0.250,0.666860,0.671746,0.004886,0.000982,0.000855,0.053991,0.750
833,camera,6981503,data/1_2024/shard-000477.tar,256x256,vertical,1.1941,2.156,0.1835,-34.5,0,0,0.697872,0.699661,0.001788,-0.001641,-0.001066,0.060372,0.000,0.695591,0.697692,0.002100,0.000764,0.000277,0.038648,0.250,0.697169,0.698953,0.001784,0.000881,-0.000074,0.038455,0.750
834,camera,6701503,data/1_2024/shard-000477.tar,256x256,vertical,1.1110,1.250,0.8333,20.0,0,0,0.816733,0.816856,0.000123,0.000812,0.001236,0.046827,0.500,0.815706,0.816158,0.000452,0.000962,0.000475,0.047054,0.500,0.817159,0.817722,0.000563,0.001842,0.001375,0.046709,0.750
835,camera,2995503,data/1_2024/shard-000477.tar,256x256,vertical,1.1891,1.250,0.3113,-20.0,0,0,0.585223,0.585794,0.000571,-0.000900,-0.001221,0.035298,0.000,0.578236,0.582526,0.004290,0.000318,0.000177,0.031661,0.250,0.580923,0.583792,0.002869,0.000192,0.000455,0.033190,0.500
836,camera,3670503,data/1_2024/shard-000477.tar,256x256,vertical,1.1676,1.031,0.6774,16.5,0,0,0.683786,0.695286,0.011500,0.017324,0.019734,0.112224,0.500,0.683665,0.694760,0.011094,0.006096,0.007957,0.051865,1.000,0.684847,0.700997,0.016150,0.004819,0.007724,0.057033,0.750
837,camera,3138503,data/1_2024/shard-000477.tar,256x256,vertical,1.1776,0.344,0.5556,5.5,0,0,0.508509,0.508908,0.000399,0.000594,0.003021,0.014448,0.250,0.509173,0.509100,-0.000073,0.000418,-0.000629,0.011231,0.250,0.509519,0.509887,0.000368,0.000277,-0.000475,0.010376,0.500
838,camera,6895503,data/1_2024/shard-000477.tar,256x256,horizontal,1.1875,2.469,0.8762,39.5,0,0,0.801289,0.799858,-0.001431,0.001480,-0.000335,0.062037,0.250,0.795243,0.800041,0.004798,0.005185,0.004558,0.045193,0.500,0.793428,0.798621,0.005193,0.006218,0.006593,0.049533,0.750
839,camera,8135503,data/1_2024/shard-000477.tar,256x256,vertical,1.2406,3.312,0.8841,53.0,0,0,0.645678,0.641103,-0.004575,0.003080,-0.003796,0.086932,0.000,0.641012,0.641621,0.000609,0.002518,-0.000262,0.049250,0.750,0.638903,0.638346,-0.000557,0.001174,-0.000905,0.050519,0.500
840,camera,7059503,data/1_2024/shard-000477.tar,256x256,vertical,1.1558,1.062,0.3023,-17.0,0,0,0.576297,0.577872,0.001575,0.000237,0.002909,0.041545,0.500,0.575436,0.576760,0.001324,0.000729,0.003304,0.032134,0.500,0.572190,0.574493,0.002303,0.000590,0.004078,0.028296,0.750
841,camera,6621503,data/1_2024/shard-000477.tar,256x256,horizontal,1.1319,1.500,0.8333,24.0,0,0,0.700359,0.711273,0.010913,0.012528,0.022022,0.122522,0.750,0.699417,0.711294,0.011877,0.010943,0.004780,0.100811,0.500,0.695539,0.707734,0.012195,0.012777,0.006709,0.107228,0.500
842,camera,5783503,data/1_2024/shard-000477.tar,256x256,vertical,1.1891,1.062,0.6604,17.0,0,0,0.318842,0.319425,0.000583,-0.000416,-0.001779,0.028653,0.000,0.319637,0.319905,0.000268,-0.002432,-0.003576,0.032997,0.500,0.316742,0.318101,0.001359,-0.001142,-0.002872,0.030037,0.500
843,camera,6936503,data/1_2024/shard-000477.tar,256x256,horizontal,1.2247,2.625,0.8281,42.0,0,0,0.389760,0.385664,-0.004096,0.002102,-0.003052,0.070141,0.000,0.385728,0.386759,0.001031,0.002199,0.000372,0.050210,0.250,0.387258,0.387455,0.000197,0.002082,-0.000428,0.051808,0.250
844,camera,5477503,data/1_2024/shard-000477.tar,256x256,vertical,1.1891,3.062,0.9623,49.0,0,0,0.540964,0.550418,0.009454,0.018346,0.006161,0.121143,0.250,0.533666,0.551593,0.017928,0.023850,0.008594,0.123605,1.000,0.533370,0.549526,0.016156,0.022551,0.007204,0.114894,0.250
845,camera,7833503,data/1_2024/shard-000477.tar,256x256,vertical,1.1891,1.312,0.6981,21.0,0,0,0.398587,0.401358,0.002771,0.001874,0.000892,0.033003,0.500,0.395291,0.400384,0.005093,0.003157,0.000615,0.034376,0.750,0.396798,0.400059,0.003261,0.003153,0.000831,0.033344,0.750
846,camera,3338503,data/1_2024/shard-000477.tar,256x256,vertical,1.1891,3.125,0.9717,50.0,0,0,0.615479,0.623926,0.008447,0.019649,0.008636,0.144574,0.250,0.610403,0.623046,0.012642,0.021453,0.010541,0.125957,0.750,0.611600,0.622380,0.010780,0.017093,0.006741,0.115236,0.750
847,camera,7340503,data/1_2024/shard-000477.tar,256x256,vertical,1.2960,0.625,0.5575,10.0,0,0,0.595894,0.598972,0.003078,0.002138,0.001669,0.027715,0.250,0.590807,0.599851,0.009044,0.002238,0.004594,0.026896,0.250,0.590738,0.597207,0.006469,0.001859,0.002516,0.027648,0.250
848,camera,3001503,data/1_2024/shard-000477.tar,256x256,vertical,1.1891,2.750,0.9151,44.0,0,0,0.444499,0.440254,-0.004246,0.005439,0.010504,0.089285,0.000,0.437175,0.439996,0.002821,0.007145,0.002532,0.065379,0.500,0.437249,0.439583,0.002335,0.006282,0.002695,0.062867,0.500
849,camera,6585503,data/1_2024/shard-000477.tar,256x256,vertical,1.1490,1.625,0.8171,26.0,0,0,0.329153,0.338659,0.009506,0.007253,0.001472,0.086009,0.750,0.323706,0.336561,0.012855,0.010017,0.001315,0.076609,0.750,0.323942,0.336791,0.012849,0.010189,0.001358,0.077875,0.750
850,camera,7171503,data/1_2024/shard-000477.tar,256x256,vertical,1.1875,0.656,0.6000,10.5,0,0,0.360082,0.361328,0.001247,0.000196,0.000603,0.012707,0.250,0.360975,0.362759,0.001785,0.000177,0.000177,0.012918,0.500,0.361785,0.363419,0.001634,-0.000370,-0.000055,0.015741,0.000
851,camera,448503,data/1_2024/shard-000477.tar,256x256,vertical,1.1057,1.594,0.0526,-25.5,0,0,0.628059,0.631090,0.003030,0.006214,0.000700,0.078317,0.750,0.630324,0.632591,0.002267,0.005478,0.001326,0.067471,0.750,0.633115,0.635371,0.002256,0.006855,0.001242,0.068359,0.750
852,camera,696503,data/1_2024/shard-000477.tar,256x256,vertical,1.1875,0.531,0.4190,-8.5,0,0,0.629053,0.631681,0.002628,0.000358,0.000970,0.023703,0.500,0.623650,0.630186,0.006535,0.000028,0.001799,0.014316,0.500,0.619452,0.626646,0.007193,0.000561,0.001775,0.014590,0.500
853,camera,1408503,data/1_2024/shard-000477.tar,256x256,vertical,1.1891,2.750,0.0849,-44.0,0,0,0.582635,0.575167,-0.007468,-0.004695,-0.004787,0.080693,0.000,0.575547,0.574725,-0.000822,-0.002140,-0.000386,0.049783,0.000,0.574302,0.573645,-0.000657,-0.001247,-0.000021,0.046010,0.500
854,camera,2044503,data/1_2024/shard-000477.tar,256x256,vertical,1.1891,2.188,0.1698,-35.0,0,0,0.520665,0.521470,0.000805,0.003638,0.007181,0.052129,0.500,0.521394,0.522850,0.001456,0.002485,0.004332,0.029692,0.500,0.519236,0.520887,0.001651,0.003621,0.005677,0.033941,0.750
855,camera,5251503,data/1_2024/shard-000477.tar,256x256,vertical,1.4266,3.531,0.7132,56.5,0,0,0.530099,0.520402,-0.009697,0.013087,-0.002108,0.115548,0.250,0.507922,0.516795,0.008873,0.014649,0.011090,0.107435,0.750,0.512086,0.517192,0.005106,0.011924,0.010289,0.082514,1.000
856,camera,6545503,data/1_2024/shard-000477.tar,256x256,vertical,1.1626,0.875,0.3444,-14.0,0,0,0.688327,0.688590,0.000263,0.000542,0.001290,0.023176,0.500,0.684391,0.686243,0.001852,0.000100,0.000946,0.020110,0.500,0.685474,0.687073,0.001599,0.000325,0.001014,0.019171,0.500
857,camera,3050503,data/1_2024/shard-000477.tar,256x256,vertical,1.1891,0.438,0.5660,7.0,0,0,0.523996,0.527756,0.003760,-0.000620,0.002416,0.019727,0.000,0.523431,0.527095,0.003664,0.000264,0.001155,0.014537,0.500,0.521279,0.527049,0.005770,0.000249,0.001103,0.013961,0.500
858,camera,7338503,data/1_2024/shard-000477.tar,256x256,vertical,1.3155,0.469,0.5401,7.5,0,0,0.636983,0.639570,0.002587,0.001795,0.001142,0.020814,0.500,0.635645,0.642026,0.006381,0.001710,0.004691,0.021128,0.500,0.630891,0.638771,0.007879,0.001308,0.005596,0.021909,0.500
859,camera,8288503,data/1_2024/shard-000477.tar,256x256,horizontal,1.3035,3.906,0.8492,62.5,0,0,0.812815,0.800865,-0.011950,0.001820,-0.008286,0.137295,0.000,0.801470,0.800686,-0.000784,0.003366,0.001881,0.068901,0.500,0.800350,0.800488,0.000138,0.002322,0.001003,0.066633,0.500
860,camera,2671503,data/1_2024/shard-000477.tar,256x256,vertical,1.1957,0.438,0.4364,-7.0,0,0,0.531765,0.532643,0.000879,-0.000228,0.001569,0.016818,0.000,0.531623,0.534262,0.002638,0.000166,0.000499,0.013762,0.250,0.531105,0.532730,0.001625,-0.000023,0.000487,0.012552,0.000
861,camera,5191503,data/1_2024/shard-000477.tar,256x256,vertical,1.1875,2.281,0.8476,36.5,0,0,0.714747,0.716694,0.001947,0.002054,0.000261,0.088342,0.500,0.714547,0.717324,0.002777,0.002778,0.001703,0.077181,1.000,0.712966,0.715978,0.003012,0.001470,0.001077,0.052526,0.750
862,camera,108503,data/1_2024/shard-000477.tar,256x256,vertical,1.1676,0.906,0.6559,14.5,0,0,0.466282,0.465500,-0.000782,0.000410,-0.000222,0.020295,0.250,0.464983,0.465845,0.000862,0.001903,0.001576,0.022273,0.750,0.466246,0.467785,0.001538,0.002671,0.003070,0.023752,0.750
863,camera,2766503,data/1_2024/shard-000477.tar,256x256,vertical,1.1891,2.750,0.9151,44.0,0,0,0.364097,0.368251,0.004154,0.020980,0.001748,0.125783,0.500,0.366102,0.366892,0.000790,0.005608,-0.001243,0.066974,0.500,0.362270,0.363615,0.001345,0.003398,-0.000574,0.057400,0.500
864,camera,3900503,data/1_2024/shard-000477.tar,256x256,vertical,1.1891,2.375,0.8585,38.0,0,0,0.531639,0.532581,0.000942,0.003572,-0.000149,0.081633,0.250,0.524636,0.532308,0.007673,0.006877,-0.000980,0.072088,0.250,0.522548,0.533007,0.010458,0.008112,-0.000555,0.068494,0.500
865,camera,1738503,data/1_2024/shard-000477.tar,256x256,vertical,1.1093,1.094,0.2034,-17.5,0,0,0.424243,0.424140,-0.000103,0.000024,0.000384,0.029213,0.250,0.426576,0.426601,0.000025,-0.000112,0.000093,0.021447,0.500,0.423864,0.423950,0.000086,0.000261,0.000325,0.021012,0.500
866,camera,2618503,data/1_2024/shard-000477.tar,256x256,horizontal,1.1891,1.188,0.3208,-19.0,0,0,0.508339,0.509386,0.001047,-0.001060,0.001458,0.037586,0.250,0.506366,0.508939,0.002573,0.000668,0.002630,0.030204,0.500,0.505512,0.507656,0.002144,0.000779,0.002661,0.032400,0.500
867,camera,5471503,data/1_2024/shard-000477.tar,256x256,vertical,1.3821,5.219,0.1416,-83.5,0,0,0.613026,0.593334,-0.019692,-0.003732,-0.020462,0.161080,0.000,0.585712,0.591550,0.005838,0.032547,-0.000246,0.169267,0.750,0.582773,0.591878,0.009105,0.034024,0.000558,0.166571,0.750
868,camera,3698503,data/1_2024/shard-000477.tar,256x256,vertical,1.1145,1.688,0.9355,27.0,0,0,0.580808,0.582113,0.001305,0.004118,0.002485,0.068112,0.250,0.580682,0.584231,0.003549,0.004171,0.000874,0.054858,0.750,0.579973,0.583645,0.003672,0.003669,0.000927,0.056431,0.250
869,camera,3139503,data/1_2024/shard-000477.tar,256x256,vertical,1.1250,0.625,0.6471,10.0,0,0,0.834958,0.831714,-0.003245,0.000605,0.001285,0.023815,0.250,0.833446,0.833453,0.000007,0.000828,0.000132,0.021765,0.500,0.832963,0.832408,-0.000555,0.000629,0.000214,0.021212,0.250
870,camera,1324503,data/1_2024/shard-000477.tar,256x256,vertical,1.1924,2.000,0.7963,32.0,0,0,0.583438,0.582116,-0.001322,-0.000243,0.016456,0.047089,0.000,0.581198,0.579819,-0.001379,0.000402,0.004420,0.038235,0.250,0.581924,0.580800,-0.001124,0.002000,0.002594,0.037127,0.250
871,camera,7490503,data/1_2024/shard-000477.tar,256x256,horizontal,1.2809,2.062,0.7012,33.0,0,0,0.239194,0.237200,-0.001993,0.003798,-0.002230,0.068331,0.250,0.235997,0.237452,0.001456,0.005645,0.000508,0.061246,0.250,0.234227,0.234986,0.000759,0.006536,0.000542,0.067003,0.500
872,camera,2501503,data/1_2024/shard-000477.tar,256x256,vertical,1.5000,0.375,0.4813,-6.0,0,0,0.369609,0.352683,-0.016926,0.000526,-0.014928,0.011838,0.000,0.356698,0.352989,-0.003709,0.000237,-0.003343,0.019233,0.250,0.355145,0.352463,-0.002682,0.000089,-0.002605,0.016782,0.250
873,camera,1393503,data/1_2024/shard-000477.tar,256x256,horizontal,1.3332,1.656,0.6332,26.5,0,0,0.436538,0.432842,-0.003695,-0.001560,-0.003625,0.038982,0.000,0.433195,0.433694,0.000499,-0.001312,-0.000691,0.030616,0.250,0.430646,0.431808,0.001162,-0.000967,0.000310,0.029268,0.250
874,camera,715503,data/1_2024/shard-000477.tar,256x256,horizontal,1.1541,0.531,0.4000,-8.5,0,0,0.656322,0.654973,-0.001349,0.000279,0.010905,0.025586,0.250,0.652687,0.653012,0.000325,0.000219,0.003467,0.021938,0.250,0.654779,0.654037,-0.000742,0.000433,0.005302,0.026666,0.500
875,camera,7789503,data/1_2024/shard-000477.tar,256x256,vertical,1.3140,1.688,0.6452,27.0,0,0,0.644210,0.637722,-0.006488,-0.001158,-0.006706,0.049587,0.000,0.638372,0.634955,-0.003417,-0.002881,-0.004593,0.048617,0.000,0.636845,0.633194,-0.003651,-0.001801,-0.003607,0.046128,0.000
876,camera,6361503,data/1_2024/shard-000477.tar,256x256,vertical,1.1908,0.594,0.5888,9.5,0,0,0.453980,0.450794,-0.003185,-0.001926,-0.002137,0.019362,0.250,0.450790,0.450693,-0.000097,-0.001174,-0.001409,0.025850,0.250,0.453401,0.452286,-0.001115,-0.001804,-0.001963,0.028921,0.250
877,camera,1732503,data/1_2024/shard-000477.tar,256x256,horizontal,1.3332,0.969,0.5779,15.5,0,0,0.645165,0.644590,-0.000575,0.000961,0.001127,0.039600,0.250,0.642469,0.646396,0.003927,0.000606,0.009547,0.028446,0.500,0.636647,0.641305,0.004658,-0.000467,0.010079,0.025336,0.500
878,camera,4116503,data/1_2024/shard-000477.tar,256x256,vertical,1.1891,1.875,0.7830,30.0,0,0,0.867836,0.866662,-0.001174,-0.002262,-0.002260,0.039623,0.000,0.863496,0.865090,0.001594,0.000548,0.000895,0.033724,0.500,0.863425,0.864775,0.001351,0.000824,0.001199,0.037108,0.500
879,camera,6946503,data/1_2024/shard-000477.tar,256x256,vertical,1.2915,4.781,0.9474,76.5,0,0,0.552151,0.541269,-0.010881,0.016913,-0.004424,0.153633,0.000,0.539660,0.542290,0.002630,0.010617,0.005534,0.085482,0.250,0.540293,0.543083,0.002791,0.008648,0.005745,0.075348,0.500
880,camera,5355503,data/1_2024/shard-000477.tar,256x256,vertical,1.1405,0.094,0.5195,1.5,0,0,0.400876,0.400454,-0.000422,-0.000217,0.005952,0.005334,0.250,0.405010,0.402114,-0.002897,-0.000059,0.000913,0.005739,0.000,0.406652,0.404506,-0.002146,-0.000330,0.000839,0.008209,0.000
881,camera,4109503,data/1_2024/shard-000477.tar,256x256,vertical,1.2390,2.844,0.1679,-45.5,0,0,0.701554,0.697585,-0.003969,-0.004642,-0.006565,0.101746,0.000,0.692505,0.698596,0.006091,-0.000519,-0.001123,0.055949,0.250,0.690288,0.696903,0.006615,0.000516,-0.001491,0.057788,0.500
882,camera,5318503,data/1_2024/shard-000477.tar,256x256,horizontal,1.1110,0.125,0.4667,-2.0,0,0,0.586596,0.587082,0.000486,0.000136,0.000117,0.006931,0.750,0.588483,0.588525,0.000042,-0.000187,-0.000377,0.006613,0.000,0.589329,0.589768,0.000439,0.000069,-0.000097,0.007362,0.500
883,camera,6262503,data/1_2024/shard-000477.tar,256x256,vertical,1.2247,1.688,0.2891,-27.0,0,0,0.626546,0.627950,0.001404,0.002746,0.013176,0.062293,0.500,0.625678,0.629778,0.004099,0.001550,0.005708,0.054505,0.250,0.620662,0.624548,0.003886,0.001581,0.005145,0.054022,0.500
884,camera,1060503,data/1_2024/shard-000477.tar,256x256,horizontal,1.1891,1.250,0.6887,20.0,0,0,0.533922,0.534855,0.000933,0.002400,0.001147,0.034607,0.500,0.534115,0.535402,0.001287,0.002324,0.001526,0.028569,0.500,0.533673,0.534841,0.001168,0.001807,0.001194,0.026917,0.750
885,camera,7956503,data/1_2024/shard-000477.tar,256x256,horizontal,1.2655,3.625,0.1234,-58.0,0,0,0.567433,0.558710,-0.008722,0.003917,-0.009714,0.118257,0.250,0.556194,0.560831,0.004637,0.005197,0.001095,0.064336,0.250,0.553408,0.559032,0.005624,0.006145,0.000805,0.063737,0.750
886,camera,7495503,data/1_2024/shard-000477.tar,256x256,vertical,1.2103,3.094,0.0840,-49.5,0,0,0.855262,0.854934,-0.000327,0.002957,-0.001970,0.104048,0.250,0.852288,0.854586,0.002297,0.003419,0.000432,0.062583,1.000,0.853688,0.854159,0.000471,0.003046,0.001024,0.069434,0.500
887,camera,6023503,data/1_2024/shard-000477.tar,256x256,vertical,1.1891,3.062,0.0377,-49.0,0,0,0.705811,0.703319,-0.002492,0.000704,-0.001014,0.069149,0.000,0.699591,0.699966,0.000375,0.002209,0.000755,0.052246,0.250,0.699782,0.700120,0.000338,0.002787,0.001176,0.048976,0.500
888,camera,218503,data/1_2024/shard-000477.tar,256x256,horizontal,1.3317,4.188,0.8384,67.0,0,0,0.445758,0.425984,-0.019774,0.000638,-0.016225,0.133114,0.000,0.424928,0.426855,0.001928,0.000921,0.003861,0.039780,0.500,0.423408,0.425432,0.002023,0.000949,0.002641,0.038661,0.500
889,camera,6503,data/1_2024/shard-000477.tar,256x256,vertical,1.2437,2.562,0.2071,-41.0,0,0,0.665177,0.663901,-0.001276,-0.000579,-0.002367,0.059178,0.000,0.663864,0.664733,0.000869,0.000464,-0.000743,0.035570,0.250,0.662110,0.663390,0.001279,0.000903,-0.000363,0.035101,0.500
890,camera,8065503,data/1_2024/shard-000477.tar,256x256,vertical,1.2183,0.062,0.5081,1.0,0,0,0.430626,0.431098,0.000473,0.000009,0.001581,0.004177,0.250,0.427880,0.428020,0.000140,-0.000045,0.000173,0.005191,0.000,0.430550,0.428655,-0.001895,-0.000034,-0.000153,0.004053,0.000
891,camera,6996503,data/1_2024/shard-000477.tar,256x256,horizontal,1.2071,0.906,0.3761,-14.5,0,0,0.815053,0.817420,0.002367,0.001195,0.005631,0.023825,0.750,0.814269,0.816941,0.002672,0.000943,0.003445,0.020156,0.750,0.814052,0.816861,0.002810,0.001294,0.003614,0.022359,0.750
892,camera,5370503,data/1_2024/shard-000477.tar,256x256,vertical,1.2437,4.062,0.9643,65.0,0,0,0.480986,0.481347,0.000361,0.016032,0.012011,0.168347,0.500,0.465427,0.479955,0.014528,0.016275,0.013209,0.126009,0.750,0.466203,0.479286,0.013083,0.014054,0.010247,0.137523,0.750
893,camera,6049503,data/1_2024/shard-000477.tar,256x256,vertical,1.3229,3.438,0.7865,55.0,0,0,0.770264,0.772795,0.002532,0.004429,-0.001620,0.126327,0.250,0.756843,0.774110,0.017266,0.005588,0.006596,0.086681,1.000,0.759667,0.775002,0.015335,0.004453,0.007202,0.078567,1.000
894,camera,7475503,data/1_2024/shard-000477.tar,256x256,horizontal,1.3807,6.500,0.9483,104.0,0,0,0.510994,0.479973,-0.031021,0.006316,-0.028132,0.184511,0.000,0.472817,0.480428,0.007611,0.001629,0.004107,0.088606,0.500,0.467618,0.482639,0.015021,0.004519,0.011825,0.084663,0.500
895,camera,2836503,data/1_2024/shard-000477.tar,256x256,vertical,1.1626,0.188,0.5333,3.0,0,0,0.706177,0.703233,-0.002945,-0.000207,0.002584,0.009396,0.000,0.707446,0.707272,-0.000173,-0.000603,0.001976,0.009450,0.000,0.703913,0.703700,-0.000213,-0.000471,0.001309,0.008641,0.250
896,camera,5571503,data/1_2024/shard-000477.tar,256x256,vertical,1.2311,2.875,0.8485,46.0,0,0,0.395843,0.393551,-0.002292,0.001694,0.008916,0.089648,0.250,0.389551,0.390701,0.001151,0.000230,0.000461,0.057279,0.250,0.386990,0.388931,0.001941,0.001086,-0.000010,0.060655,0.500
897,camera,425503,data/1_2024/shard-000477.tar,256x256,vertical,1.1676,0.781,0.6344,12.5,0,0,0.633205,0.633337,0.000132,-0.000232,0.000219,0.015562,0.250,0.632694,0.633965,0.001271,-0.000039,0.000013,0.015197,0.250,0.632560,0.633996,0.001436,0.000244,0.000259,0.015638,0.750
898,camera,5742503,data/1_2024/shard-000477.tar,256x256,vertical,1.1759,1.500,0.7449,24.0,0,0,0.654521,0.653941,-0.000580,0.002926,0.002502,0.036170,0.000,0.651989,0.653441,0.001453,0.001870,0.001761,0.032852,1.000,0.652102,0.652669,0.000566,0.000519,0.000827,0.030684,0.500
899,camera,7575503,data/1_2024/shard-000477.tar,256x256,vertical,1.1709,2.531,0.9263,40.5,0,0,0.477927,0.477938,0.000011,0.001552,0.008876,0.070246,0.500,0.475373,0.478194,0.002821,0.001084,0.002089,0.046134,0.500,0.474902,0.477197,0.002295,0.000919,0.001316,0.045103,0.500
900,camera,3357503,data/1_2024/shard-000477.tar,256x256,vertical,1.1875,1.344,0.2952,-21.5,0,0,0.454508,0.453340,-0.001167,-0.000059,0.009366,0.034490,0.250,0.450099,0.451073,0.000974,0.000001,0.005388,0.026284,0.500,0.452388,0.452949,0.000561,0.000472,0.005891,0.024515,0.250
901,camera,1533503,data/1_2024/shard-000477.tar,256x256,vertical,1.1908,1.906,0.7850,30.5,0,0,0.338108,0.340224,0.002116,0.001428,0.000751,0.039787,0.250,0.340187,0.341532,0.001346,0.000148,0.000150,0.032790,0.250,0.340145,0.341112,0.000966,-0.000725,-0.000429,0.033587,0.000
902,camera,2646503,data/1_2024/shard-000477.tar,256x256,vertical,1.3535,5.281,0.8967,84.5,0,0,0.333439,0.316518,-0.016920,0.003056,-0.017220,0.150030,0.000,0.318248,0.317391,-0.000857,0.002661,-0.000109,0.064387,0.500,0.318323,0.317466,-0.000857,0.002769,0.000376,0.061493,0.500
903,camera,6400503,data/1_2024/shard-000477.tar,256x256,vertical,1.1145,1.125,0.7903,18.0,0,0,0.684567,0.685969,0.001402,0.006316,0.000652,0.061907,0.750,0.685001,0.685033,0.000032,0.006384,0.001211,0.056119,0.750,0.685958,0.687392,0.001435,0.007082,0.001428,0.058177,0.250
904,camera,5815503,data/1_2024/shard-000477.tar,256x256,vertical,1.1541,0.469,0.4118,-7.5,0,0,0.600566,0.606231,0.005665,0.003124,0.005657,0.037141,0.500,0.592347,0.601744,0.009397,0.000461,0.015113,0.014709,1.000,0.593378,0.604734,0.011356,0.000868,0.015032,0.016777,1.000
905,camera,8269503,data/1_2024/shard-000477.tar,256x256,vertical,1.3080,0.375,0.5330,6.0,0,0,0.475847,0.470264,-0.005583,-0.000844,-0.003827,0.013764,0.000,0.470468,0.468882,-0.001586,0.000082,-0.000959,0.011544,0.250,0.469575,0.468028,-0.001547,0.000222,-0.001251,0.010565,0.250
906,camera,6776503,data/1_2024/shard-000477.tar,256x256,vertical,1.1891,1.500,0.7264,24.0,0,0,0.511774,0.507301,-0.004473,-0.002547,0.003967,0.056827,0.000,0.506611,0.505997,-0.000614,0.001100,0.008176,0.039815,0.000,0.508774,0.506371,-0.002403,-0.000453,0.005894,0.040779,0.000
907,camera,5238503,data/1_2024/shard-000477.tar,256x256,horizontal,1.1541,0.844,0.6588,13.5,0,0,0.690629,0.691018,0.000388,0.001582,0.001568,0.033433,0.500,0.686323,0.687729,0.001406,0.002516,0.002787,0.035568,0.500,0.689311,0.690389,0.001078,0.002924,0.002323,0.038088,0.500
908,camera,3682503,data/1_2024/shard-000477.tar,256x256,vertical,1.2516,4.531,1.0000,72.5,0,0,0.830607,0.828216,-0.002391,0.013628,0.000006,0.153755,0.250,0.822012,0.829230,0.007218,0.012393,0.008577,0.101799,0.750,0.818339,0.827484,0.009145,0.011714,0.010438,0.095295,0.500
909,camera,7327503,data/1_2024/shard-000477.tar,256x256,horizontal,1.1354,1.000,0.2838,-16.0,0,0,0.382447,0.386956,0.004509,0.004427,0.006708,0.057149,0.500,0.377553,0.385346,0.007793,0.003725,0.013212,0.047282,0.500,0.378124,0.385243,0.007119,0.002778,0.012044,0.044140,0.750
910,camera,5416503,data/1_2024/shard-000477.tar,256x256,vertical,1.3835,5.000,0.1581,-80.0,0,0,0.566482,0.541598,-0.024884,-0.003073,-0.023435,0.132405,0.000,0.540225,0.539454,-0.000771,0.001825,-0.001293,0.051552,0.250,0.538641,0.537559,-0.001082,-0.000006,-0.001548,0.047819,0.000
911,camera,305503,data/1_2024/shard-000477.tar,256x256,vertical,1.3807,6.438,0.9440,103.0,0,0,0.266602,0.242255,-0.024347,0.007005,-0.019225,0.174591,0.000,0.244762,0.243000,-0.001762,0.005719,-0.000795,0.073231,0.000,0.243114,0.242770,-0.000344,0.005359,-0.000197,0.065192,0.500
912,camera,406503,data/1_2024/shard-000477.tar,256x256,vertical,1.1145,1.312,0.8387,21.0,0,0,0.413382,0.413455,0.000074,0.002059,0.003807,0.040149,0.250,0.411597,0.412128,0.000531,-0.000327,0.000157,0.028345,0.000,0.412311,0.412631,0.000320,0.000331,0.001149,0.028007,0.250
913,camera,5453503,data/1_2024/shard-000477.tar,256x256,vertical,1.1941,1.219,0.3211,-19.5,0,0,0.711913,0.710106,-0.001808,-0.002088,-0.001983,0.042956,0.000,0.711166,0.712557,0.001391,-0.001318,-0.001427,0.041522,0.000,0.711453,0.710068,-0.001385,-0.001684,-0.001439,0.037278,0.250
914,camera,4082503,data/1_2024/shard-000477.tar,256x256,horizontal,1.3332,1.531,0.6231,24.5,0,0,0.711083,0.701324,-0.009758,-0.001005,0.013907,0.054589,0.000,0.706405,0.699436,-0.006970,-0.001466,0.001880,0.044422,0.000,0.708896,0.704303,-0.004593,-0.001771,0.000085,0.045914,0.000
915,camera,4650503,data/1_2024/shard-000477.tar,256x256,vertical,1.1250,0.875,0.7059,14.0,0,0,0.475851,0.478124,0.002274,0.002384,0.001829,0.046827,0.750,0.476386,0.479879,0.003492,0.002580,0.000955,0.055468,0.750,0.475142,0.478444,0.003302,0.002138,0.000865,0.053803,0.750
916,camera,4023503,data/1_2024/shard-000477.tar,256x256,vertical,1.1891,2.188,0.8302,35.0,0,0,0.720762,0.716950,-0.003812,-0.002096,-0.003028,0.066870,0.000,0.718877,0.717367,-0.001510,-0.002536,0.000663,0.044211,0.000,0.719245,0.717856,-0.001389,-0.002355,0.001259,0.047028,0.000
917,camera,7769503,data/1_2024/shard-000477.tar,256x256,vertical,1.2915,0.469,0.5439,7.5,0,0,0.787283,0.787614,0.000331,0.002173,-0.002827,0.024369,0.500,0.780592,0.787427,0.006835,0.003293,-0.004911,0.025937,0.750,0.776922,0.789059,0.012137,0.004875,0.000869,0.043533,0.750
918,camera,1478503,data/1_2024/shard-000477.tar,256x256,vertical,1.2087,0.750,0.6017,12.0,0,0,0.579666,0.578846,-0.000820,-0.001619,-0.001935,0.035896,0.250,0.578837,0.581651,0.002814,-0.000032,0.000366,0.026642,0.250,0.577476,0.580662,0.003186,0.001388,0.001855,0.023883,0.750
919,camera,5343503,data/1_2024/shard-000477.tar,256x256,horizontal,1.3332,4.969,0.8995,79.5,0,0,0.622469,0.607097,-0.015372,0.006533,-0.003611,0.146002,0.000,0.605371,0.607797,0.002426,0.002908,0.005376,0.064722,0.500,0.603700,0.605298,0.001598,0.002871,0.004603,0.057996,0.250
920,camera,3436503,data/1_2024/shard-000477.tar,256x256,vertical,1.1957,1.812,0.7636,29.0,0,0,0.556790,0.560345,0.003555,0.004137,0.000228,0.050310,0.250,0.559832,0.562990,0.003158,0.001715,0.000046,0.038815,0.250,0.559330,0.562383,0.003053,0.001398,0.000145,0.035641,0.250
921,camera,6558503,data/1_2024/shard-000477.tar,256x256,vertical,1.1842,2.094,0.1748,-33.5,0,0,0.605714,0.603764,-0.001950,0.001674,-0.000807,0.067734,0.250,0.604609,0.603282,-0.001327,0.000392,-0.000374,0.045233,0.500,0.603901,0.602458,-0.001444,0.001340,0.000021,0.049302,0.500
922,camera,4400503,data/1_2024/shard-000477.tar,256x256,vertical,1.2055,2.312,0.1810,-37.0,0,0,0.438224,0.439035,0.000811,0.003857,-0.000489,0.063831,0.500,0.435581,0.440066,0.004484,0.006937,0.001175,0.061332,0.750,0.436736,0.440358,0.003621,0.007008,0.000720,0.070333,0.750
923,camera,1772503,data/1_2024/shard-000477.tar,256x256,vertical,1.1541,2.094,0.1059,-33.5,0,0,0.506327,0.502870,-0.003457,-0.000361,-0.001902,0.049573,0.000,0.506121,0.504104,-0.002017,0.000081,-0.001018,0.039062,0.000,0.508133,0.505452,-0.002682,-0.001202,-0.001305,0.039316,0.250
924,camera,8255503,data/1_2024/shard-000477.tar,256x256,vertical,1.1908,0.406,0.4393,-6.5,0,0,0.541602,0.540660,-0.000943,-0.000220,0.000167,0.017573,0.250,0.538329,0.539135,0.000806,-0.000208,0.001154,0.011942,0.250,0.539256,0.541014,0.001758,-0.000341,0.002461,0.013003,0.000
925,camera,5361503,data/1_2024/shard-000477.tar,256x256,horizontal,1.1826,0.500,0.5784,8.0,0,0,0.517833,0.521315,0.003482,0.004636,0.002471,0.056811,0.500,0.519964,0.523977,0.004013,0.004956,0.003468,0.046642,0.500,0.519186,0.523049,0.003863,0.005481,0.004077,0.049562,0.500
926,camera,7189503,data/1_2024/shard-000477.tar,256x256,horizontal,1.2640,2.969,0.1895,-47.5,0,0,0.707501,0.713215,0.005714,0.011768,0.006941,0.130880,0.250,0.701941,0.711687,0.009746,0.009069,0.003354,0.089680,1.000,0.704464,0.712747,0.008283,0.008392,0.001848,0.097255,1.000
927,camera,1168503,data/1_2024/shard-000477.tar,256x256,horizontal,1.1541,2.656,1.0000,42.5,0,0,0.501555,0.500842,-0.000713,0.001527,0.000276,0.075338,0.250,0.499908,0.500697,0.000789,0.001515,0.001066,0.055296,0.750,0.499754,0.500838,0.001084,0.001494,0.001168,0.051721,0.500
928,camera,7688503,data/1_2024/shard-000477.tar,256x256,vertical,1.1891,2.688,0.0943,-43.0,0,0,0.307683,0.306701,-0.000982,0.004367,-0.001097,0.080522,0.250,0.304591,0.306722,0.002131,0.003450,0.000263,0.046051,0.500,0.306117,0.307266,0.001149,0.003791,0.000294,0.048933,0.750
929,camera,989503,data/1_2024/shard-000477.tar,256x256,vertical,1.1941,0.969,0.6422,15.5,0,0,0.648479,0.651413,0.002934,0.001444,0.005261,0.033340,0.500,0.647484,0.654190,0.006706,0.001023,0.004773,0.025703,0.750,0.646356,0.650144,0.003788,0.001261,0.002789,0.025843,0.750
930,camera,2444503,data/1_2024/shard-000477.tar,256x256,vertical,1.1558,0.500,0.4070,-8.0,0,0,0.763692,0.763263,-0.000429,0.000557,0.003728,0.014237,0.500,0.764886,0.765844,0.000958,0.000416,0.000509,0.013683,0.750,0.761988,0.762567,0.000579,0.000219,0.001221,0.014006,0.750
931,camera,2080503,data/1_2024/shard-000477.tar,256x256,vertical,1.3593,3.094,0.7281,49.5,0,0,0.426354,0.416544,-0.009810,0.002252,-0.008624,0.091108,0.000,0.421384,0.420522,-0.000861,0.000759,-0.000514,0.043844,0.250,0.419797,0.417339,-0.002459,-0.000274,-0.001713,0.040937,0.250
932,camera,6992503,data/1_2024/shard-000477.tar,256x256,vertical,1.2279,2.062,0.7538,33.0,0,0,0.535022,0.534408,-0.000614,0.002622,0.001441,0.050053,0.250,0.534062,0.535177,0.001114,0.000693,0.001542,0.034055,0.500,0.534555,0.536735,0.002180,0.001544,0.001258,0.035245,0.500
933,camera,7873503,data/1_2024/shard-000477.tar,256x256,vertical,1.1875,1.781,0.7714,28.5,0,0,0.430360,0.430712,0.000352,0.000830,-0.000527,0.061345,0.500,0.427175,0.429970,0.002794,0.003262,0.000065,0.062995,1.000,0.427545,0.431322,0.003777,0.003445,0.000298,0.060836,0.500
934,camera,1675503,data/1_2024/shard-000477.tar,256x256,vertical,1.3849,5.094,0.1532,-81.5,0,0,0.825286,0.810182,-0.015104,0.000076,-0.015448,0.138770,0.000,0.805181,0.810710,0.005529,0.003100,0.002550,0.070997,0.500,0.804323,0.809766,0.005443,0.002351,0.001044,0.055350,0.500
935,camera,6549503,data/1_2024/shard-000477.tar,256x256,vertical,1.2885,1.781,0.3314,-28.5,0,0,0.589782,0.588054,-0.001729,-0.000242,0.000693,0.039551,0.000,0.585860,0.585899,0.000039,-0.000519,-0.001174,0.031937,0.000,0.586974,0.586748,-0.000227,-0.000666,-0.001640,0.033038,0.250
936,camera,6433503,data/1_2024/shard-000477.tar,256x256,vertical,1.1456,2.375,0.9750,38.0,0,0,0.553944,0.554737,0.000793,0.003890,-0.001264,0.073081,0.500,0.549066,0.552605,0.003539,0.004363,0.003217,0.060418,1.000,0.551151,0.553766,0.002615,0.003200,0.001544,0.059333,1.000
937,camera,6438503,data/1_2024/shard-000477.tar,256x256,vertical,1.2343,1.625,0.6940,26.0,0,0,0.348703,0.346750,-0.001953,-0.000353,-0.000911,0.041702,0.000,0.345228,0.342900,-0.002328,0.000003,-0.000509,0.032010,0.250,0.344548,0.343560,-0.000987,0.000403,-0.000025,0.028294,0.500
938,camera,5399503,data/1_2024/shard-000477.tar,256x256,vertical,1.1891,1.875,0.7830,30.0,0,0,0.790308,0.808455,0.018147,0.020204,-0.000074,0.153875,0.500,0.788367,0.800375,0.012008,0.002716,-0.000046,0.086733,0.750,0.789469,0.801310,0.011841,0.001746,-0.000212,0.082691,1.000
939,camera,3977503,data/1_2024/shard-000477.tar,256x256,vertical,1.1891,1.312,0.3019,-21.0,0,0,0.656531,0.659861,0.003330,0.001796,0.001359,0.036230,0.750,0.656349,0.659926,0.003577,0.001023,0.000714,0.034294,0.750,0.654636,0.658248,0.003612,0.001867,0.001220,0.034384,1.000
940,camera,6816503,data/1_2024/shard-000477.tar,256x256,vertical,1.2247,1.500,0.3125,-24.0,0,0,0.598694,0.597672,-0.001022,-0.003459,0.011963,0.041173,0.000,0.595842,0.599204,0.003362,-0.000307,0.009337,0.031245,0.250,0.594232,0.598629,0.004396,0.000868,0.011770,0.041338,0.250
941,camera,5693503,data/1_2024/shard-000477.tar,256x256,vertical,1.1809,0.469,0.4257,-7.5,0,0,0.538981,0.540393,0.001412,0.000289,0.000595,0.015098,0.500,0.539015,0.540807,0.001793,0.000343,0.000693,0.021482,0.250,0.537733,0.539230,0.001497,0.000972,0.001508,0.020371,1.000
942,camera,7256503,data/1_2024/shard-000477.tar,256x256,vertical,1.2343,1.812,0.2836,-29.0,0,0,0.523482,0.518209,-0.005272,0.000947,-0.000292,0.054959,0.000,0.524163,0.521196,-0.002967,0.001381,-0.001183,0.031670,0.000,0.522916,0.519597,-0.003319,0.001760,-0.001249,0.027097,0.000
943,camera,3382503,data/1_2024/shard-000477.tar,256x256,vertical,1.1891,1.625,0.2547,-26.0,0,0,0.557652,0.559904,0.002252,0.002867,0.001765,0.038561,0.250,0.554733,0.561442,0.006709,0.004083,0.002895,0.040778,0.750,0.552729,0.558792,0.006063,0.003979,0.002761,0.040094,0.750
944,camera,8226503,data/1_2024/shard-000477.tar,256x256,vertical,1.4142,2.000,0.6250,32.0,0,0,0.356211,0.345128,-0.011083,0.004963,-0.009720,0.057442,0.000,0.342603,0.345481,0.002878,0.005520,-0.002475,0.055221,0.500,0.342113,0.345504,0.003391,0.003054,-0.002238,0.048921,0.500
945,camera,7989503,data/1_2024/shard-000477.tar,256x256,vertical,1.1826,1.500,0.7353,24.0,0,0,0.762299,0.770885,0.008587,0.009617,0.001745,0.091447,0.250,0.759990,0.763158,0.003168,0.001495,-0.000350,0.051355,0.750,0.759640,0.765455,0.005814,0.003979,0.001545,0.052213,0.500
946,camera,3022503,data/1_2024/shard-000477.tar,256x256,vertical,1.1826,0.750,0.6176,12.0,0,0,0.421321,0.424392,0.003072,0.002104,-0.000410,0.034706,0.500,0.414234,0.424940,0.010706,0.008181,-0.000088,0.053393,0.750,0.413960,0.425322,0.011361,0.007458,0.000671,0.056023,0.750
947,camera,244503,data/1_2024/shard-000477.tar,256x256,horizontal,1.1541,0.094,0.5176,1.5,0,0,0.541874,0.543131,0.001257,-0.000059,0.001846,0.005777,0.500,0.542662,0.543074,0.000412,-0.000063,0.000759,0.005425,0.250,0.545035,0.544780,-0.000255,-0.000122,0.000048,0.005739,0.000
948,camera,6876503,data/1_2024/shard-000477.tar,256x256,vertical,1.2390,0.969,0.3869,-15.5,0,0,0.392549,0.390844,-0.001705,-0.000134,0.000044,0.020293,0.000,0.391742,0.391874,0.000132,-0.000455,0.000848,0.018385,0.000,0.392137,0.392415,0.000277,-0.000291,0.001232,0.019075,0.250
949,camera,3824503,data/1_2024/shard-000477.tar,256x256,horizontal,1.2655,4.250,0.0584,-68.0,0,0,0.180536,0.174717,-0.005819,-0.000549,-0.004500,0.117994,0.000,0.176461,0.175670,-0.000791,0.002745,0.001977,0.047421,0.000,0.174981,0.173955,-0.001025,0.001536,0.001124,0.046495,0.000
950,camera,1700503,data/1_2024/shard-000477.tar,256x256,vertical,1.1891,0.688,0.6038,11.0,0,0,0.492912,0.492898,-0.000014,-0.000460,0.000114,0.022183,0.250,0.490913,0.492439,0.001526,0.000055,0.002159,0.020124,0.750,0.489998,0.491968,0.001970,-0.000265,0.002185,0.021476,0.750
951,camera,5199503,data/1_2024/shard-000477.tar,256x256,vertical,1.2151,1.750,0.7295,28.0,0,0,0.561073,0.558112,-0.002961,-0.000046,-0.000431,0.040258,0.000,0.555574,0.558541,0.002967,0.004707,-0.000026,0.059304,0.500,0.553761,0.554730,0.000968,0.003573,-0.000121,0.055584,0.250
952,camera,6618503,data/1_2024/shard-000477.tar,256x256,horizontal,1.2702,0.906,0.4076,-14.5,0,0,0.506099,0.501577,-0.004522,-0.000811,0.001260,0.038327,0.000,0.502717,0.500930,-0.001787,0.000280,-0.000396,0.031733,0.000,0.502452,0.501217,-0.001235,0.000264,-0.000325,0.032341,0.250
953,camera,3070503,data/1_2024/shard-000477.tar,256x256,horizontal,1.2279,3.250,0.1000,-52.0,0,0,0.568778,0.559739,-0.009039,0.000344,-0.001349,0.136640,0.000,0.555515,0.558735,0.003220,0.003702,0.003301,0.071600,0.750,0.553808,0.556662,0.002854,0.003650,0.003147,0.076973,0.750
954,camera,7121503,data/1_2024/shard-000477.tar,256x256,horizontal,1.1792,0.062,0.5100,1.0,0,0,0.694936,0.693223,-0.001713,0.000024,0.000084,0.004997,0.250,0.693847,0.692419,-0.001429,-0.000057,-0.000218,0.004523,0.250,0.693486,0.690980,-0.002506,-0.000111,-0.000083,0.004912,0.000
955,camera,1800503,data/1_2024/shard-000477.tar,256x256,horizontal,1.1776,1.094,0.6768,17.5,0,0,0.728201,0.730356,0.002155,0.000675,0.000112,0.038424,0.500,0.728318,0.729123,0.000805,0.000439,0.000570,0.026534,0.750,0.729201,0.730128,0.000927,0.000475,0.000462,0.031282,0.750
956,camera,3409503,data/1_2024/shard-000477.tar,256x256,vertical,1.1875,2.719,0.9143,43.5,0,0,0.778434,0.778299,-0.000135,0.003458,0.000044,0.096123,0.250,0.777981,0.777535,-0.000446,-0.000583,-0.000009,0.071918,0.250,0.779585,0.779057,-0.000527,-0.002343,0.000048,0.075465,0.250
957,camera,7466503,data/1_2024/shard-000477.tar,256x256,vertical,1.3065,3.406,0.8011,54.5,0,0,0.722901,0.713601,-0.009299,0.004949,-0.007581,0.116315,0.000,0.715817,0.714909,-0.000908,0.000068,-0.000535,0.067152,0.250,0.715495,0.711452,-0.004042,-0.001614,-0.003120,0.083002,0.250
958,camera,6778503,data/1_2024/shard-000477.tar,256x256,vertical,1.1490,0.625,0.6220,10.0,0,0,0.505808,0.498745,-0.007064,-0.006884,-0.003490,0.043235,0.000,0.506807,0.500073,-0.006733,-0.003309,-0.006755,0.026057,0.250,0.502308,0.496950,-0.005357,-0.004031,-0.005257,0.031720,0.250
959,camera,4105503,data/1_2024/shard-000477.tar,256x256,vertical,1.3477,5.094,0.8900,81.5,0,0,0.461710,0.450294,-0.011417,0.013071,0.015659,0.178284,0.250,0.439626,0.446239,0.006613,0.000752,0.000704,0.081445,0.750,0.440326,0.445993,0.005667,0.003140,0.003338,0.092959,0.500
960,camera,5394503,data/1_2024/shard-000477.tar,256x256,vertical,1.2655,1.750,0.6818,28.0,0,0,0.766603,0.763130,-0.003474,0.001249,-0.002249,0.046530,0.250,0.762942,0.765098,0.002156,0.000688,0.001267,0.049137,0.750,0.760514,0.762988,0.002473,0.001700,0.001733,0.043539,0.750
961,camera,4985503,data/1_2024/shard-000477.tar,256x256,vertical,1.1693,1.812,0.1915,-29.0,0,0,0.578832,0.580808,0.001976,-0.001057,-0.001936,0.072251,0.250,0.576944,0.580522,0.003578,0.001165,0.001030,0.051608,0.500,0.575848,0.579469,0.003621,0.001316,0.001104,0.051129,0.750
962,camera,4456503,data/1_2024/shard-000477.tar,256x256,vertical,1.1875,1.281,0.6952,20.5,0,0,0.581544,0.584120,0.002577,0.004085,0.001532,0.047822,0.500,0.580614,0.583982,0.003368,0.001188,-0.000194,0.047433,0.750,0.579599,0.583418,0.003819,0.001660,-0.000020,0.051122,1.000
963,camera,4904503,data/1_2024/shard-000477.tar,256x256,horizontal,1.3332,0.281,0.5226,4.5,0,0,0.694010,0.691473,-0.002538,-0.000420,0.016439,0.011498,0.000,0.689039,0.691896,0.002858,-0.000173,0.005373,0.011098,0.000,0.687266,0.687921,0.000655,-0.000176,0.005128,0.010962,0.000
964,camera,679503,data/1_2024/shard-000477.tar,256x256,horizontal,1.2655,4.062,0.9221,65.0,0,0,0.452142,0.433777,-0.018364,-0.002407,-0.006781,0.143150,0.000,0.438971,0.433370,-0.005601,-0.003045,-0.003655,0.062695,0.000,0.437699,0.431939,-0.005759,-0.002065,-0.001984,0.063636,0.000
965,camera,6312503,data/1_2024/shard-000477.tar,256x256,vertical,1.1388,0.438,0.4079,-7.0,0,0,0.696201,0.695579,-0.000622,0.000423,0.004468,0.016559,0.000,0.693304,0.693797,0.000492,0.000295,0.001320,0.014852,0.250,0.694333,0.694257,-0.000075,0.000809,0.002560,0.017325,0.250
966,camera,7071503,data/1_2024/shard-000477.tar,256x256,vertical,1.1891,0.438,0.4340,-7.0,0,0,0.601142,0.605576,0.004434,-0.000314,-0.000182,0.027015,0.250,0.598939,0.604686,0.005746,0.000236,0.000578,0.018953,0.750,0.597364,0.600339,0.002976,-0.000153,0.000075,0.017996,0.750
967,camera,3067503,data/1_2024/shard-000477.tar,256x256,horizontal,1.1180,0.625,0.6562,10.0,0,0,0.762241,0.761600,-0.000641,0.000126,0.000689,0.021528,0.250,0.765044,0.765105,0.000061,0.000035,0.000128,0.018943,0.500,0.762814,0.762545,-0.000268,0.000190,0.000351,0.018422,0.500
968,camera,6889503,data/1_2024/shard-000477.tar,256x256,vertical,1.1891,1.938,0.7925,31.0,0,0,0.480367,0.488307,0.007941,0.005511,0.005443,0.057184,0.500,0.475795,0.484711,0.008917,0.002552,0.004958,0.035765,0.500,0.473470,0.483905,0.010435,0.004122,0.015628,0.038741,0.500
969,camera,1016503,data/1_2024/shard-000477.tar,256x256,horizontal,1.2655,2.875,0.2013,-46.0,0,0,0.885674,0.880330,-0.005344,-0.001759,-0.004122,0.095810,0.250,0.877901,0.879718,0.001816,0.001811,-0.000710,0.054997,0.500,0.879835,0.879697,-0.000138,0.000157,-0.000569,0.073793,0.250
970,camera,5266503,data/1_2024/shard-000477.tar,256x256,vertical,1.1891,2.062,0.8113,33.0,0,0,0.647042,0.647849,0.000807,-0.000542,-0.000219,0.068360,0.500,0.643623,0.646293,0.002670,-0.000570,0.000794,0.050652,0.500,0.643298,0.646995,0.003697,0.000886,0.002034,0.054641,0.750
971,camera,7273503,data/1_2024/shard-000477.tar,256x256,vertical,1.1908,3.031,0.9533,48.5,0,0,0.471651,0.468118,-0.003534,0.004219,0.006208,0.093845,0.000,0.468661,0.470107,0.001446,0.002740,0.010290,0.055878,0.750,0.465127,0.466116,0.000989,0.002980,0.011285,0.053386,0.750
972,camera,8091503,data/1_2024/shard-000477.tar,256x256,vertical,1.1507,0.781,0.6506,12.5,0,0,0.557300,0.558669,0.001369,0.000139,0.009291,0.026961,0.500,0.558433,0.561593,0.003160,0.000328,0.002035,0.026192,0.500,0.554882,0.556446,0.001565,0.000229,0.002545,0.025458,0.500
973,camera,7123503,data/1_2024/shard-000477.tar,256x256,vertical,1.3317,4.438,0.1414,-71.0,0,0,0.322941,0.310393,-0.012548,0.003574,-0.012313,0.149424,0.000,0.308942,0.311788,0.002846,0.005479,0.003346,0.081066,0.500,0.305739,0.309158,0.003420,0.005837,0.004000,0.075230,0.250
974,camera,2207503,data/1_2024/shard-000477.tar,256x256,vertical,1.1456,1.812,0.8625,29.0,0,0,0.496446,0.494366,-0.002079,0.000172,0.000204,0.061934,0.250,0.495572,0.495817,0.000246,-0.002233,-0.002280,0.039705,0.500,0.493819,0.494127,0.000308,-0.001786,-0.001710,0.039847,0.250
975,camera,8307503,data/1_2024/shard-000477.tar,256x256,horizontal,1.2671,1.594,0.6645,25.5,0,0,0.708791,0.709657,0.000866,0.000532,0.000366,0.055698,0.250,0.705450,0.708440,0.002989,0.002623,0.002973,0.038188,0.750,0.704420,0.708254,0.003834,0.002499,0.004252,0.038527,0.750
976,camera,6664503,data/1_2024/shard-000477.tar,256x256,vertical,1.1891,2.625,0.8962,42.0,0,0,0.363718,0.364727,0.001009,0.006809,0.012384,0.092332,0.250,0.361617,0.366596,0.004979,0.006886,0.002024,0.072136,0.500,0.362033,0.366506,0.004474,0.007271,0.001633,0.072123,0.500
977,camera,2457503,data/1_2024/shard-000477.tar,256x256,vertical,1.1957,2.625,0.1182,-42.0,0,0,0.367175,0.361208,-0.005967,-0.005402,-0.006107,0.069848,0.000,0.361784,0.358266,-0.003518,-0.005144,-0.004991,0.046790,0.250,0.358598,0.356369,-0.002228,-0.004453,-0.004485,0.041141,0.000
978,camera,6441503,data/1_2024/shard-000477.tar,256x256,horizontal,1.1163,1.844,0.9683,29.5,0,0,0.525984,0.527590,0.001606,0.004616,0.025765,0.070741,0.500,0.525878,0.528434,0.002556,0.005279,0.005618,0.062450,0.750,0.525822,0.528161,0.002339,0.005035,0.004500,0.061288,0.250
979,camera,4396503,data/1_2024/shard-000477.tar,256x256,vertical,1.1809,2.594,0.9109,41.5,0,0,0.547523,0.562827,0.015304,0.020012,0.005683,0.127971,0.250,0.546496,0.566101,0.019605,0.019330,0.003289,0.113861,0.250,0.546255,0.557345,0.011091,0.012200,0.000829,0.101603,0.250
980,camera,1038503,data/1_2024/shard-000477.tar,256x256,vertical,1.1022,0.781,0.7273,12.5,0,0,0.425390,0.426539,0.001148,0.002290,0.007651,0.052426,0.750,0.426007,0.427783,0.001776,0.001400,0.009035,0.036469,0.750,0.424971,0.428120,0.003149,0.001251,0.009325,0.037745,0.500
981,camera,3949503,data/1_2024/shard-000477.tar,256x256,vertical,1.1776,2.281,0.8687,36.5,0,0,0.569893,0.564201,-0.005692,0.000611,-0.001064,0.057942,0.000,0.563495,0.562038,-0.001457,-0.001630,0.002276,0.046485,0.500,0.565974,0.563486,-0.002488,-0.002203,0.000739,0.041107,0.500
982,camera,401503,data/1_2024/shard-000477.tar,256x256,vertical,1.1891,0.375,0.5566,6.0,0,0,0.411051,0.410764,-0.000287,0.000812,0.013646,0.017734,0.250,0.409385,0.410746,0.001361,0.000427,0.005017,0.016740,0.750,0.407871,0.408386,0.000515,0.000206,0.004571,0.017350,0.500
983,camera,3917503,data/1_2024/shard-000477.tar,256x256,vertical,1.1541,2.094,0.1059,-33.5,0,0,0.315659,0.316243,0.000584,0.001436,0.002048,0.051035,0.250,0.314909,0.315882,0.000973,0.001403,0.003630,0.025786,1.000,0.312943,0.313988,0.001045,0.001588,0.003239,0.026302,1.000
984,camera,2236503,data/1_2024/shard-000477.tar,256x256,vertical,1.1473,0.656,0.6296,10.5,0,0,0.562883,0.564091,0.001208,-0.000158,0.003965,0.019654,0.000,0.562128,0.563810,0.001682,0.000166,0.004324,0.016408,0.250,0.562442,0.564496,0.002054,-0.000535,0.004372,0.016154,0.000
985,camera,13503,data/1_2024/shard-000477.tar,256x256,vertical,1.1941,2.094,0.8073,33.5,0,0,0.588319,0.587240,-0.001079,-0.001272,0.008102,0.055668,0.000,0.582015,0.589743,0.007727,0.002387,0.004989,0.040905,0.250,0.580862,0.588220,0.007357,0.002809,0.005089,0.042425,0.250
986,camera,4288503,data/1_2024/shard-000477.tar,256x256,vertical,1.1541,2.219,0.0824,-35.5,0,0,0.399552,0.397475,-0.002077,0.002221,0.000888,0.057893,0.250,0.394784,0.396028,0.001244,0.003145,0.001051,0.038045,0.250,0.397530,0.397322,-0.000208,0.002395,0.000767,0.040180,0.250
987,camera,2099503,data/1_2024/shard-000477.tar,256x256,vertical,1.1726,2.500,0.9167,40.0,0,0,0.693263,0.690706,-0.002557,0.002212,0.002655,0.060919,0.250,0.687012,0.686641,-0.000371,0.000223,0.000413,0.053915,0.500,0.688152,0.689411,0.001260,0.001078,0.000292,0.055436,0.250
988,camera,4949503,data/1_2024/shard-000477.tar,256x256,vertical,1.2484,2.281,0.2448,-36.5,0,0,0.576249,0.573157,-0.003092,-0.002701,-0.003794,0.063076,0.000,0.573264,0.573632,0.000368,-0.001127,-0.000964,0.042072,0.000,0.572945,0.573597,0.000652,-0.001629,-0.001336,0.046631,0.000
989,camera,1777503,data/1_2024/shard-000477.tar,256x256,vertical,1.1040,0.562,0.6607,9.0,0,0,0.324274,0.323736,-0.000538,-0.000098,0.002585,0.018038,0.000,0.324201,0.323779,-0.000422,0.000243,-0.000323,0.018423,0.500,0.324388,0.323740,-0.000648,0.000032,0.000359,0.020814,0.250
990,camera,2745503,data/1_2024/shard-000477.tar,256x256,vertical,1.1250,1.125,0.2353,-18.0,0,0,0.332146,0.331425,-0.000721,-0.000901,0.003368,0.025044,0.250,0.331358,0.331580,0.000221,-0.000590,0.000021,0.020679,0.500,0.332684,0.333062,0.000378,-0.000572,0.000102,0.019890,0.250
991,camera,3619503,data/1_2024/shard-000477.tar,256x256,horizontal,1.2990,5.250,0.9773,84.0,0,0,0.596332,0.574626,-0.021706,0.006970,-0.012891,0.157538,0.000,0.574506,0.575081,0.000576,0.008195,0.000792,0.087437,0.500,0.571792,0.574090,0.002297,0.008578,0.001999,0.085265,0.500
992,camera,7930503,data/1_2024/shard-000477.tar,256x256,vertical,1.2854,0.531,0.5509,8.5,0,0,0.459410,0.456781,-0.002629,0.000345,-0.003346,0.015201,0.000,0.457754,0.458982,0.001228,0.000760,-0.000122,0.013928,0.250,0.458361,0.458996,0.000634,0.000422,0.000169,0.012528,0.250
993,camera,4403503,data/1_2024/shard-000477.tar,256x256,vertical,1.1642,0.156,0.4725,-2.5,0,0,0.404277,0.406380,0.002103,0.000515,0.020110,0.009222,0.500,0.403238,0.404759,0.001521,0.000387,0.008623,0.008523,0.250,0.400212,0.403242,0.003030,0.000301,0.019156,0.007104,0.500
994,camera,2811503,data/1_2024/shard-000477.tar,256x256,vertical,1.1826,2.375,0.8725,38.0,0,0,0.454956,0.457816,0.002860,0.004512,-0.000010,0.058219,0.500,0.458040,0.457379,-0.000661,0.000808,-0.000374,0.059433,0.750,0.455711,0.455892,0.000181,0.001413,-0.000351,0.059285,0.500
995,camera,5421503,data/1_2024/shard-000477.tar,256x256,vertical,1.1875,1.031,0.6571,16.5,0,0,0.340067,0.339335,-0.000732,-0.000196,0.002746,0.026026,0.000,0.339246,0.339448,0.000201,0.000285,0.000582,0.026970,0.500,0.338878,0.338962,0.000084,0.000697,0.000581,0.032036,0.000
996,camera,6973503,data/1_2024/shard-000477.tar,256x256,horizontal,1.1558,2.375,0.0581,-38.0,0,0,0.632102,0.627934,-0.004168,-0.003503,-0.002551,0.063598,0.000,0.628943,0.627488,-0.001455,-0.002129,-0.001239,0.048667,0.000,0.628595,0.626522,-0.002072,-0.002759,-0.001565,0.053880,0.000
997,camera,2138503,data/1_2024/shard-000477.tar,256x256,vertical,1.1859,2.125,0.8269,34.0,0,0,0.694716,0.696680,0.001963,0.003571,0.008604,0.072800,0.250,0.687197,0.696504,0.009307,0.006281,0.011410,0.073792,0.500,0.686452,0.697085,0.010632,0.006227,0.012906,0.072892,0.500
998,camera,1274503,data/1_2024/shard-000477.tar,256x256,horizontal,1.1875,2.844,0.0667,-45.5,0,0,0.565759,0.565257,-0.000502,0.006750,0.001734,0.106143,0.500,0.561617,0.566461,0.004844,0.006511,0.004222,0.086696,1.000,0.562494,0.565173,0.002679,0.006099,0.002547,0.084594,0.750
999,camera,927503,data/1_2024/shard-000477.tar,256x256,vertical,1.1541,1.656,0.8118,26.5,0,0,0.315871,0.315715,-0.000156,0.004757,0.005263,0.072218,0.250,0.315795,0.315886,0.000091,0.008036,0.009009,0.070984,0.500,0.315281,0.315967,0.000685,0.010036,0.010991,0.075059,0.750
1000,camera,256503,data/1_2024/shard-000477.tar,256x256,horizontal,1.3550,3.688,0.2243,-59.0,0,0,0.656656,0.644473,-0.012183,0.002091,-0.009474,0.137668,0.000,0.646780,0.646377,-0.000402,0.000878,0.001474,0.056490,0.500,0.643252,0.642716,-0.000536,0.003115,0.002211,0.065773,0.250
1001,camera,1768503,data/1_2024/shard-000477.tar,256x256,vertical,1.1875,1.906,0.2095,-30.5,0,0,0.529769,0.528271,-0.001499,0.000712,0.000948,0.055287,0.000,0.527058,0.529753,0.002696,0.001057,0.001572,0.036116,0.750,0.526440,0.528318,0.001878,0.000532,0.001277,0.041444,0.750
1002,camera,581503,data/1_2024/shard-000477.tar,256x256,vertical,1.1541,2.156,0.0941,-34.5,0,0,0.549665,0.548775,-0.000890,0.002505,0.011513,0.042800,0.250,0.545581,0.545126,-0.000455,-0.000321,0.000609,0.031829,0.000,0.545347,0.545770,0.000423,0.000795,0.001056,0.031425,0.250
1003,camera,1540503,data/1_2024/shard-000477.tar,256x256,horizontal,1.2071,2.406,0.1709,-38.5,0,0,0.700612,0.698732,-0.001880,0.008038,0.001483,0.097379,0.250,0.694499,0.695785,0.001287,0.007856,0.002757,0.092373,0.250,0.691005,0.696768,0.005763,0.009333,0.005520,0.087227,0.750
1004,camera,903503,data/1_2024/shard-000477.tar,256x256,vertical,1.1891,2.750,0.9151,44.0,0,0,0.662200,0.662602,0.000402,0.012955,0.012578,0.104975,0.500,0.660230,0.662624,0.002394,0.011376,0.011009,0.083629,1.000,0.658845,0.662570,0.003725,0.013400,0.013586,0.089772,1.000
1005,camera,2755503,data/1_2024/shard-000477.tar,256x256,vertical,1.4128,5.594,0.8510,89.5,0,0,0.290603,0.258318,-0.032285,0.004216,-0.035825,0.143300,0.000,0.257054,0.260476,0.003422,-0.000672,-0.001115,0.055598,0.500,0.253114,0.257645,0.004531,-0.001087,0.000469,0.043572,0.250
1006,camera,7749503,data/1_2024/shard-000477.tar,256x256,horizontal,1.1541,1.594,0.8000,25.5,0,0,0.574636,0.573409,-0.001227,-0.000921,-0.001655,0.037667,0.000,0.573554,0.573291,-0.000262,-0.000574,-0.001335,0.026247,0.000,0.574084,0.573717,-0.000366,0.000244,-0.001174,0.025246,0.000
1007,camera,3741503,data/1_2024/shard-000477.tar,256x256,horizontal,1.2717,4.812,0.0127,-77.0,0,0,0.600763,0.581425,-0.019338,0.003341,-0.017247,0.162883,0.000,0.580401,0.580040,-0.000361,0.004878,0.002973,0.075070,0.250,0.579587,0.580458,0.000872,0.005619,0.002978,0.076276,0.750
1008,camera,3246503,data/1_2024/shard-000477.tar,256x256,vertical,1.1507,0.219,0.4578,-3.5,0,0,0.418525,0.418120,-0.000405,0.000334,0.015880,0.009148,0.250,0.417971,0.417958,-0.000013,0.000294,0.005459,0.010181,0.250,0.418261,0.418576,0.000315,0.000667,0.005251,0.009873,0.750
1009,camera,1637503,data/1_2024/shard-000477.tar,256x256,vertical,1.1891,1.938,0.2075,-31.0,0,0,0.764626,0.764172,-0.000453,-0.000572,0.002735,0.050417,0.250,0.762875,0.763589,0.000714,0.000556,0.003660,0.039800,0.250,0.762858,0.763638,0.000781,0.000571,0.002648,0.039543,0.500
1010,camera,3533503,data/1_2024/shard-000477.tar,256x256,vertical,1.1842,2.969,0.0388,-47.5,0,0,0.326186,0.323958,-0.002228,-0.001204,-0.003733,0.072280,0.000,0.323195,0.324865,0.001670,0.000623,-0.000480,0.033736,0.750,0.321237,0.322684,0.001447,0.000605,-0.000228,0.034605,0.500
1011,camera,7991503,data/1_2024/shard-000477.tar,256x256,vertical,1.3919,4.750,0.8167,76.0,0,0,0.703658,0.686013,-0.017645,0.007822,-0.016672,0.158564,0.000,0.674973,0.684102,0.009129,0.008516,0.007549,0.113669,0.500,0.672806,0.684345,0.011539,0.007755,0.009197,0.100686,0.500
1012,camera,7862503,data/1_2024/shard-000477.tar,256x256,horizontal,1.1875,1.094,0.6667,17.5,0,0,0.586062,0.587022,0.000961,0.000914,0.001099,0.027616,0.750,0.583810,0.585196,0.001387,0.000534,0.000662,0.024558,0.750,0.583428,0.585168,0.001740,0.000273,0.000110,0.024700,0.500
1013,camera,4670503,data/1_2024/shard-000477.tar,256x256,horizontal,1.1659,1.812,0.8152,29.0,0,0,0.720818,0.723947,0.003129,0.006328,0.004798,0.070945,0.250,0.720410,0.723380,0.002970,0.004201,0.004751,0.054792,0.500,0.719457,0.723198,0.003741,0.005129,0.006111,0.066089,0.500
1014,camera,7719503,data/1_2024/shard-000477.tar,256x256,vertical,1.1891,2.125,0.8208,34.0,0,0,0.504957,0.505785,0.000828,0.003970,0.005836,0.074116,0.250,0.504096,0.509070,0.004974,0.004353,0.006941,0.063709,0.250,0.502030,0.506689,0.004659,0.002913,0.006157,0.064786,0.250
1015,camera,1666503,data/1_2024/shard-000477.tar,256x256,vertical,1.1875,3.281,0.0000,-52.5,0,0,0.249221,0.245139,-0.004082,0.000010,0.013638,0.087677,0.000,0.245216,0.248206,0.002990,0.000962,-0.000277,0.048935,0.250,0.244094,0.246522,0.002429,0.001647,-0.000371,0.050235,0.750
1016,camera,8201503,data/1_2024/shard-000477.tar,256x256,vertical,1.1040,0.625,0.6786,10.0,0,0,0.645944,0.644323,-0.001622,0.001370,0.000540,0.020622,0.000,0.643192,0.643511,0.000320,0.000809,0.000938,0.015483,0.250,0.643542,0.644666,0.001124,0.001234,0.002647,0.015955,0.750
1017,camera,6480503,data/1_2024/shard-000477.tar,256x256,vertical,1.1473,1.344,0.7654,21.5,0,0,0.339057,0.341993,0.002936,0.006124,0.005308,0.042912,1.000,0.337636,0.340719,0.003083,0.001299,0.001762,0.029435,0.750,0.337272,0.339235,0.001963,0.001120,0.001464,0.031036,0.750
1018,camera,4731503,data/1_2024/shard-000477.tar,256x256,vertical,1.1924,1.438,0.7130,23.0,0,0,0.468734,0.465964,-0.002770,-0.000594,0.000004,0.041166,0.000,0.468291,0.469166,0.000875,0.001071,0.001042,0.043334,0.750,0.466266,0.466844,0.000578,0.001065,-0.000015,0.040553,0.250
1019,camera,6376503,data/1_2024/shard-000477.tar,256x256,vertical,1.1891,1.938,0.7925,31.0,0,0,0.573381,0.575195,0.001814,0.005255,0.000385,0.086571,0.500,0.570103,0.575253,0.005150,0.010372,0.006095,0.079429,0.500,0.568763,0.572935,0.004172,0.007777,0.004508,0.071480,0.500
1020,camera,5410503,data/1_2024/shard-000477.tar,256x256,vertical,1.1759,0.938,0.6531,15.0,0,0,0.399046,0.398665,-0.000381,0.000369,0.016743,0.028027,0.500,0.400363,0.399709,-0.000654,0.000263,-0.000044,0.016153,0.500,0.401456,0.400807,-0.000649,-0.000130,-0.000033,0.016494,0.500
1021,camera,7792503,data/1_2024/shard-000477.tar,256x256,vertical,1.1541,1.906,0.8588,30.5,0,0,0.636662,0.638937,0.002275,0.001730,0.002248,0.061132,0.250,0.631733,0.639143,0.007410,0.005572,0.004204,0.056392,0.750,0.633833,0.638851,0.005019,0.004016,0.002523,0.055334,0.750
1022,camera,2280503,data/1_2024/shard-000477.tar,256x256,vertical,1.1891,1.625,0.2547,-26.0,0,0,0.659910,0.660822,0.000912,0.002383,0.004437,0.054073,0.250,0.659922,0.662201,0.002279,0.001476,0.001342,0.033973,0.500,0.659189,0.661245,0.002056,0.002047,0.001321,0.032722,0.750
1023,camera,5135503,data/1_2024/shard-000477.tar,256x256,vertical,1.1826,1.188,0.3137,-19.0,0,0,0.501427,0.503487,0.002061,0.001674,0.000052,0.048594,0.500,0.501520,0.502561,0.001041,0.000402,-0.000101,0.041141,0.250,0.500408,0.500878,0.000470,-0.000377,-0.000327,0.039941,0.500
1024,camera,3033503,data/1_2024/shard-000477.tar,256x256,vertical,1.3273,0.781,0.5641,12.5,0,0,0.819687,0.814255,-0.005432,0.000399,0.001953,0.021583,0.000,0.813652,0.813772,0.000120,-0.000035,-0.000052,0.022688,0.250,0.813146,0.813182,0.000036,-0.000622,-0.000024,0.021836,0.000
1025,camera,3313503,data/1_2024/shard-000477.tar,256x256,vertical,1.1875,1.969,0.8000,31.5,0,0,0.587287,0.589195,0.001909,0.000300,0.003995,0.066162,0.250,0.583648,0.588009,0.004362,0.002037,0.006288,0.045089,0.500,0.584445,0.589627,0.005182,0.002690,0.007004,0.049255,1.000
1026,camera,1157503,data/1_2024/shard-000477.tar,256x256,vertical,1.1541,1.719,0.1765,-27.5,0,0,0.595488,0.593537,-0.001952,0.000287,-0.000373,0.048532,0.000,0.592628,0.592697,0.000069,0.000747,-0.000159,0.033120,0.500,0.591837,0.592150,0.000313,0.000872,-0.000302,0.032442,0.500
1027,camera,2699503,data/1_2024/shard-000477.tar,256x256,vertical,1.1908,2.219,0.1682,-35.5,0,0,0.737565,0.738114,0.000549,0.002034,0.016663,0.079399,0.500,0.734288,0.738295,0.004007,0.002249,0.008381,0.059952,0.750,0.734523,0.737873,0.003350,0.001664,0.007160,0.054758,0.750
1028,camera,7842503,data/1_2024/shard-000477.tar,256x256,horizontal,1.3005,5.094,0.9605,81.5,0,0,0.434941,0.427334,-0.007607,0.001781,-0.006392,0.201299,0.000,0.421636,0.419870,-0.001766,-0.002217,-0.001873,0.117757,0.250,0.421353,0.428929,0.007577,-0.000599,0.003227,0.114065,0.250
1029,camera,6029503,data/1_2024/shard-000477.tar,256x256,vertical,1.3095,0.031,0.5027,0.5,0,0,0.594176,0.588449,-0.005727,0.000150,-0.003645,0.004583,0.000,0.588983,0.588695,-0.000288,0.000189,-0.003663,0.004975,0.500,0.594004,0.588554,-0.005450,0.000054,-0.007720,0.004563,0.000
1030,camera,2534503,data/1_2024/shard-000477.tar,256x256,vertical,1.1924,2.875,0.9259,46.0,0,0,0.516674,0.522279,0.005605,0.005610,0.011651,0.078144,0.500,0.515133,0.520227,0.005094,0.002103,0.004414,0.050484,0.750,0.516382,0.520618,0.004237,0.001415,0.003385,0.055124,0.750
1031,camera,1897503,data/1_2024/shard-000477.tar,256x256,vertical,1.1826,2.750,0.9314,44.0,0,0,0.732975,0.732277,-0.000697,0.003470,0.000776,0.084268,0.250,0.729870,0.733807,0.003937,0.006259,0.005719,0.060916,0.500,0.730361,0.733731,0.003370,0.006027,0.005638,0.064187,0.500
1032,camera,4045503,data/1_2024/shard-000477.tar,256x256,vertical,1.1891,0.500,0.4245,-8.0,0,0,0.597585,0.603573,0.005988,0.001071,0.000178,0.017390,0.500,0.595796,0.602535,0.006739,0.001185,0.000546,0.016488,0.500,0.594237,0.599694,0.005458,0.000994,0.000441,0.015407,0.500
1033,camera,5925503,data/1_2024/shard-000477.tar,256x256,vertical,1.1908,2.594,0.1121,-41.5,0,0,0.537753,0.535429,-0.002324,-0.000067,-0.000557,0.073750,0.000,0.532219,0.536483,0.004264,0.003159,-0.000241,0.045208,0.500,0.530958,0.535230,0.004273,0.003691,-0.000133,0.043319,0.500
1034,camera,2598503,data/1_2024/shard-000477.tar,256x256,horizontal,1.2295,3.469,0.0763,-55.5,0,0,0.322047,0.308672,-0.013375,0.000534,0.002300,0.103310,0.000,0.308156,0.308190,0.000034,0.001949,0.011020,0.034997,0.500,0.307331,0.307739,0.000408,0.001730,0.010597,0.033184,0.500
1035,camera,6869503,data/1_2024/shard-000477.tar,256x256,vertical,1.1908,3.094,0.9626,49.5,0,0,0.765943,0.769810,0.003867,0.006468,0.000083,0.102985,0.750,0.764487,0.769920,0.005433,0.006840,0.000199,0.082993,0.750,0.762443,0.768311,0.005868,0.006084,0.000483,0.078918,0.750
1036,camera,5194503,data/1_2024/shard-000477.tar,256x256,vertical,1.2945,0.656,0.5607,10.5,0,0,0.502127,0.509064,0.006937,0.000442,0.010424,0.027536,0.500,0.499643,0.502207,0.002564,-0.000823,0.015642,0.022860,0.250,0.501639,0.503358,0.001720,-0.001695,0.016265,0.038375,0.250
1037,camera,8023503,data/1_2024/shard-000477.tar,256x256,vertical,1.1891,0.562,0.4151,-9.0,0,0,0.395847,0.394263,-0.001584,0.000771,-0.001311,0.013656,0.250,0.398122,0.397154,-0.000968,0.001433,-0.001781,0.011874,0.000,0.397638,0.396224,-0.001414,0.001707,-0.002395,0.014009,0.250
1038,camera,5053503,data/1_2024/shard-000477.tar,256x256,vertical,1.1891,0.312,0.4528,-5.0,0,0,0.917789,0.918765,0.000976,0.000126,-0.000408,0.011792,0.250,0.918250,0.919380,0.001130,-0.000083,0.000023,0.010897,0.250,0.917937,0.919360,0.001422,0.000002,0.000093,0.009392,0.500
1039,camera,829503,data/1_2024/shard-000477.tar,256x256,horizontal,1.1709,2.156,0.1368,-34.5,0,0,0.558121,0.561171,0.003050,0.003337,0.007595,0.060643,0.750,0.559589,0.561077,0.001487,0.001266,0.003166,0.046836,0.500,0.561681,0.564581,0.002900,0.002104,0.005011,0.053051,0.500
1040,camera,5668503,data/1_2024/shard-000477.tar,256x256,vertical,1.1093,1.531,0.0847,-24.5,0,0,0.313627,0.315295,0.001668,0.003480,0.003131,0.039273,1.000,0.315094,0.317895,0.002801,0.003957,0.003789,0.032953,1.000,0.312600,0.314887,0.002287,0.002932,0.002468,0.030884,1.000
1041,camera,6177503,data/1_2024/shard-000477.tar,256x256,vertical,1.1891,0.938,0.6415,15.0,0,0,0.455813,0.457783,0.001970,0.001856,0.020820,0.027483,0.250,0.455082,0.458593,0.003511,-0.000338,0.001679,0.020056,0.000,0.454900,0.457391,0.002491,0.000075,0.002413,0.020409,0.500
1042,camera,5530503,data/1_2024/shard-000477.tar,256x256,vertical,1.1891,1.438,0.7170,23.0,0,0,0.668130,0.676411,0.008281,0.005107,0.000337,0.072158,0.500,0.670859,0.679255,0.008397,0.003536,0.000199,0.054385,1.000,0.670478,0.676228,0.005750,0.002446,-0.000219,0.051083,0.500
1043,camera,3809503,data/1_2024/shard-000477.tar,256x256,vertical,1.2247,2.688,0.8359,43.0,0,0,0.522666,0.528211,0.005545,0.020445,0.002887,0.115866,0.750,0.518576,0.525099,0.006523,0.009392,0.003038,0.059448,0.750,0.518143,0.525448,0.007305,0.009381,0.004208,0.057788,0.750
1044,camera,7621503,data/1_2024/shard-000477.tar,256x256,vertical,1.2247,2.062,0.7578,33.0,0,0,0.685805,0.685723,-0.000082,-0.000376,-0.001260,0.058543,0.250,0.683580,0.682908,-0.000671,-0.000003,-0.001111,0.078668,0.250,0.683783,0.683909,0.000127,0.000044,-0.000785,0.076090,0.500
1045,camera,1188503,data/1_2024/shard-000477.tar,256x256,horizontal,1.2006,2.406,0.1593,-38.5,0,0,0.866455,0.865251,-0.001204,0.001732,0.000302,0.065611,0.250,0.864663,0.864997,0.000334,0.001101,0.001038,0.061146,0.500,0.864893,0.865233,0.000340,0.000437,0.001840,0.061296,0.250
1046,camera,4208503,data/1_2024/shard-000477.tar,256x256,vertical,1.1826,2.125,0.1667,-34.0,0,0,0.345367,0.345048,-0.000320,-0.000121,-0.001142,0.051883,0.000,0.341287,0.345890,0.004603,-0.000142,0.000291,0.032327,0.500,0.340160,0.343224,0.003064,0.000096,0.000183,0.031514,0.500
1047,camera,1503503,data/1_2024/shard-000477.tar,256x256,vertical,1.1439,0.844,0.6709,13.5,0,0,0.555883,0.556969,0.001087,0.000402,0.008604,0.027534,0.250,0.558567,0.559383,0.000816,0.000723,0.000954,0.031425,0.250,0.559961,0.559949,-0.000012,0.000816,0.001613,0.030109,0.250
1048,camera,8247503,data/1_2024/shard-000477.tar,256x256,vertical,1.2071,1.719,0.7350,27.5,0,0,0.884710,0.886311,0.001601,0.002734,0.001867,0.057658,0.750,0.883728,0.887463,0.003735,0.003167,0.003363,0.044231,1.000,0.883323,0.886910,0.003587,0.002635,0.002880,0.045743,1.000
1049,camera,835503,data/1_2024/shard-000477.tar,256x256,vertical,1.1693,0.438,0.5745,7.0,0,0,0.424779,0.426519,0.001740,0.000806,0.000852,0.017595,0.500,0.425188,0.426705,0.001517,0.000165,0.000130,0.012891,0.750,0.424013,0.424508,0.000494,-0.000077,-0.000211,0.012707,0.500
1050,camera,5887503,data/1_2024/shard-000477.tar,256x256,horizontal,1.2655,2.625,0.2273,-42.0,0,0,0.656442,0.650584,-0.005859,-0.005346,0.000206,0.092787,0.000,0.650275,0.655081,0.004806,-0.000954,0.008407,0.060719,0.000,0.641126,0.651466,0.010340,0.006617,0.016428,0.065243,0.250
1051,camera,2920503,data/1_2024/shard-000477.tar,256x256,vertical,1.1456,0.500,0.6000,8.0,0,0,0.456704,0.458424,0.001720,0.001441,0.001167,0.019531,0.500,0.456868,0.457993,0.001125,0.001392,-0.002004,0.020728,0.750,0.456435,0.457423,0.000988,0.001291,-0.003509,0.021022,0.750
1052,camera,8352503,data/1_2024/shard-000477.tar,256x256,vertical,1.2038,2.531,0.1478,-40.5,0,0,0.631486,0.633176,0.001690,-0.000421,-0.001012,0.072779,0.250,0.632701,0.636291,0.003590,0.001830,-0.000056,0.053998,0.500,0.627430,0.632074,0.004644,0.001594,0.000079,0.051334,0.500
1053,camera,5193503,data/1_2024/shard-000477.tar,256x256,horizontal,1.3302,4.969,0.0964,-79.5,0,0,0.807282,0.800221,-0.007060,0.011229,-0.010038,0.147222,0.250,0.793120,0.799832,0.006712,0.007933,0.004435,0.068875,0.500,0.791048,0.796987,0.005939,0.007594,0.004223,0.066241,0.500
1054,camera,2524503,data/1_2024/shard-000477.tar,256x256,vertical,1.2915,0.844,0.5789,13.5,0,0,0.374108,0.378957,0.004848,0.001183,0.001698,0.024492,0.250,0.368383,0.372977,0.004594,0.000955,0.002084,0.015825,0.500,0.366494,0.375146,0.008652,0.001699,0.004859,0.018508,0.250
1055,camera,5362503,data/1_2024/shard-000477.tar,256x256,vertical,1.1302,1.406,0.1831,-22.5,0,0,0.730723,0.728897,-0.001826,0.002735,0.001165,0.052756,0.250,0.725233,0.728245,0.003012,0.005838,0.002583,0.047771,0.250,0.726480,0.729521,0.003041,0.005405,0.002547,0.046241,0.500
1056,camera,377503,data/1_2024/shard-000477.tar,256x256,horizontal,1.1128,1.094,0.7869,17.5,0,0,0.347092,0.347399,0.000307,0.001338,0.005131,0.038702,0.500,0.343077,0.344491,0.001415,0.000605,0.001077,0.029958,0.500,0.344493,0.346386,0.001893,0.001076,0.001276,0.030311,0.750
1057,camera,3941503,data/1_2024/shard-000477.tar,256x256,horizontal,1.2990,3.250,0.7955,52.0,0,0,0.477649,0.468684,-0.008965,0.001149,-0.003130,0.102113,0.000,0.467178,0.468187,0.001009,0.001084,0.001239,0.044468,0.500,0.465939,0.471427,0.005488,0.004247,0.005559,0.048202,0.750
1058,camera,8290503,data/1_2024/shard-000477.tar,256x256,horizontal,1.1609,0.344,0.4382,-5.5,0,0,0.831147,0.831139,-0.000009,-0.000497,0.006394,0.011204,0.000,0.830905,0.833503,0.002598,-0.000317,0.002321,0.010659,0.000,0.831828,0.833603,0.001774,-0.000309,0.001961,0.009954,0.000
1059,camera,6303503,data/1_2024/shard-000477.tar,256x256,horizontal,1.1826,0.188,0.5294,3.0,0,0,0.607115,0.607134,0.000020,0.000089,0.000834,0.007404,0.000,0.610173,0.610054,-0.000120,-0.000052,0.001893,0.007760,0.250,0.607076,0.605581,-0.001494,-0.000239,0.000809,0.008077,0.250
1060,camera,2592503,data/1_2024/shard-000477.tar,256x256,vertical,1.1891,2.875,0.9340,46.0,0,0,0.471143,0.475282,0.004139,0.005037,0.003479,0.076229,0.750,0.469421,0.476661,0.007240,0.007097,0.006509,0.065380,1.000,0.468438,0.476640,0.008202,0.008426,0.008055,0.071943,0.750
1061,camera,2401503,data/1_2024/shard-000477.tar,256x256,vertical,1.1891,0.125,0.5189,2.0,0,0,0.610290,0.610503,0.000214,-0.000344,0.002560,0.006129,0.000,0.606875,0.607514,0.000639,-0.000096,0.001340,0.006006,0.250,0.605970,0.605874,-0.000096,-0.000027,0.001337,0.005541,0.000
1062,camera,6599503,data/1_2024/shard-000477.tar,256x256,vertical,1.1891,0.562,0.5849,9.0,0,0,0.606859,0.611261,0.004402,0.002095,0.000462,0.035745,0.500,0.606023,0.613532,0.007509,0.000204,0.000050,0.020245,0.500,0.601468,0.607706,0.006238,0.000403,-0.000025,0.018227,0.500
1063,camera,1462503,data/1_2024/shard-000477.tar,256x256,vertical,1.1405,0.094,0.5195,1.5,0,0,0.546182,0.545316,-0.000866,0.000179,0.000639,0.004792,0.000,0.543082,0.542123,-0.000959,-0.000156,0.000418,0.005469,0.000,0.546983,0.545701,-0.001282,0.000063,0.000854,0.004385,0.000
1064,camera,3659503,data/1_2024/shard-000477.tar,256x256,vertical,1.1776,1.531,0.7475,24.5,0,0,0.641074,0.638029,-0.003045,0.000370,0.000155,0.035843,0.250,0.639562,0.637083,-0.002478,-0.000092,-0.000546,0.035335,0.250,0.638816,0.637097,-0.001720,-0.000396,-0.000212,0.033252,0.250
1065,camera,4996503,data/1_2024/shard-000477.tar,256x256,horizontal,1.1541,1.219,0.2706,-19.5,0,0,0.533061,0.532781,-0.000280,-0.000240,0.001582,0.034565,0.250,0.531749,0.531746,-0.000003,-0.000236,-0.001029,0.028705,0.250,0.533405,0.532954,-0.000451,-0.000516,-0.001048,0.027991,0.250
1066,camera,657503,data/1_2024/shard-000477.tar,256x256,horizontal,1.2624,2.688,0.2171,-43.0,0,0,0.525463,0.520763,-0.004700,-0.002302,-0.002294,0.074761,0.000,0.519872,0.522321,0.002449,0.000889,0.004125,0.038293,0.500,0.522510,0.523659,0.001149,-0.000313,0.005359,0.042464,0.250
1067,camera,2092503,data/1_2024/shard-000477.tar,256x256,vertical,1.1891,1.688,0.2453,-27.0,0,0,0.719203,0.718320,-0.000883,0.002819,0.000757,0.037945,0.250,0.719545,0.719703,0.000158,0.002033,0.000824,0.031235,0.250,0.718813,0.719352,0.000539,0.002984,0.001629,0.031228,0.500
1068,camera,7886503,data/1_2024/shard-000477.tar,256x256,vertical,1.1891,0.250,0.4623,-4.0,0,0,0.585981,0.586015,0.000034,0.000115,0.016323,0.010072,0.250,0.583048,0.584354,0.001306,0.000433,0.005401,0.010404,0.750,0.582365,0.583616,0.001251,0.000210,0.005676,0.009947,0.500
1069,camera,1284503,data/1_2024/shard-000477.tar,256x256,horizontal,1.1541,0.594,0.6118,9.5,0,0,0.589092,0.590793,0.001701,-0.000450,0.003251,0.032277,0.250,0.588234,0.591584,0.003350,-0.000457,0.001398,0.016737,0.250,0.589308,0.591597,0.002289,0.000080,0.002047,0.016933,0.500
1070,camera,6234503,data/1_2024/shard-000477.tar,256x256,horizontal,1.1875,2.031,0.1905,-32.5,0,0,0.802446,0.811063,0.008616,0.007504,0.014329,0.101920,0.250,0.803297,0.811415,0.008118,0.006098,0.009821,0.094180,0.500,0.802688,0.810656,0.007969,0.007014,0.010094,0.099839,0.500
1071,camera,7649503,data/1_2024/shard-000477.tar,256x256,vertical,1.1004,1.312,0.1111,-21.0,0,0,0.473704,0.473055,-0.000650,0.002919,0.010661,0.075380,0.250,0.476525,0.476057,-0.000467,0.002535,0.002723,0.057865,0.500,0.473496,0.473205,-0.000291,0.003373,0.004375,0.058361,0.250
1072,camera,2666503,data/1_2024/shard-000477.tar,256x256,vertical,1.2103,1.031,0.3613,-16.5,0,0,0.444824,0.443530,-0.001293,-0.000203,0.004497,0.024426,0.500,0.445852,0.445945,0.000092,0.000814,0.002134,0.020324,0.250,0.446033,0.445993,-0.000040,0.001107,0.002561,0.019985,0.500
1073,camera,3688503,data/1_2024/shard-000477.tar,256x256,vertical,1.1891,0.812,0.6226,13.0,0,0,0.456221,0.456264,0.000043,0.000899,0.011637,0.022448,0.250,0.459894,0.458297,-0.001597,-0.000286,0.002555,0.022916,0.250,0.460335,0.456800,-0.003535,-0.002039,0.002885,0.024273,0.000
1074,camera,3665503,data/1_2024/shard-000477.tar,256x256,vertical,1.1875,1.344,0.7048,21.5,0,0,0.612236,0.610094,-0.002142,-0.000154,0.003491,0.037244,0.000,0.611187,0.609950,-0.001236,-0.001029,0.000928,0.039348,0.250,0.606976,0.605981,-0.000995,0.000562,0.004935,0.041922,0.000
1075,camera,1040503,data/1_2024/shard-000477.tar,256x256,vertical,1.1524,2.500,0.9762,40.0,0,0,0.690611,0.691123,0.000512,0.000958,0.003806,0.054303,0.250,0.689390,0.692501,0.003111,0.001880,0.004211,0.043609,0.750,0.689582,0.691492,0.001910,0.000594,0.002947,0.037736,0.750
1076,camera,6290503,data/1_2024/shard-000477.tar,256x256,vertical,1.1541,1.719,0.1765,-27.5,0,0,0.691475,0.692637,0.001163,0.002406,0.000265,0.049471,1.000,0.690844,0.692590,0.001746,0.002302,0.000631,0.050582,0.250,0.691174,0.692924,0.001751,0.003059,0.000663,0.050118,0.750
1077,camera,5787503,data/1_2024/shard-000477.tar,256x256,vertical,1.1891,2.125,0.1792,-34.0,0,0,0.415722,0.414644,-0.001077,0.002247,0.001015,0.062729,0.250,0.417325,0.416604,-0.000721,0.001134,0.000658,0.040106,0.250,0.418710,0.416035,-0.002675,0.001871,0.000527,0.040887,0.250
1078,camera,3797503,data/1_2024/shard-000477.tar,256x256,vertical,1.1541,0.781,0.3529,-12.5,0,0,0.667286,0.668159,0.000873,0.000040,-0.000342,0.028481,0.750,0.664585,0.666187,0.001601,0.000487,-0.000458,0.021812,0.750,0.662543,0.664257,0.001713,0.000673,0.000048,0.020381,0.750
1079,camera,6660503,data/1_2024/shard-000477.tar,256x256,vertical,1.2247,0.188,0.5234,3.0,0,0,0.489049,0.488971,-0.000078,0.000067,-0.000024,0.006900,0.500,0.487158,0.490576,0.003419,0.000161,0.000123,0.006487,0.500,0.483632,0.487543,0.003912,0.000346,0.000820,0.006529,0.750
1080,camera,6624503,data/1_2024/shard-000477.tar,256x256,vertical,1.2748,4.312,0.0688,-69.0,0,0,0.730103,0.715671,-0.014432,-0.005055,-0.010544,0.143647,0.000,0.718692,0.718324,-0.000368,-0.001926,-0.000810,0.067469,0.250,0.719312,0.718459,-0.000853,-0.002362,-0.000792,0.070395,0.500
1081,camera,868503,data/1_2024/shard-000477.tar,256x256,vertical,1.1792,2.125,0.1600,-34.0,0,0,0.612768,0.610950,-0.001818,0.000871,0.020825,0.049520,0.250,0.609565,0.610316,0.000751,0.001315,0.006519,0.033126,0.250,0.611809,0.612878,0.001068,0.001277,0.005349,0.035596,0.500
1082,camera,1903503,data/1_2024/shard-000477.tar,256x256,vertical,1.1826,2.188,0.1569,-35.0,0,0,0.540315,0.539761,-0.000554,0.005048,0.006484,0.085884,0.500,0.541436,0.540094,-0.001342,-0.000029,0.000025,0.053780,0.500,0.541562,0.540270,-0.001292,0.000820,0.002271,0.059051,0.500
1083,camera,7642503,data/1_2024/shard-000477.tar,256x256,vertical,1.1626,2.375,0.9222,38.0,0,0,0.405798,0.405273,-0.000524,0.004249,0.002822,0.061314,0.500,0.403862,0.404951,0.001088,0.002763,0.002072,0.042556,0.500,0.404095,0.406098,0.002003,0.003793,0.002505,0.045564,0.750
1084,camera,2623503,data/1_2024/shard-000477.tar,256x256,horizontal,1.1215,0.188,0.5455,3.0,0,0,0.502346,0.502235,-0.000111,-0.000214,0.000301,0.008549,0.000,0.502824,0.503462,0.000638,-0.000005,0.000060,0.007262,0.750,0.502062,0.502907,0.000845,-0.000175,-0.000087,0.007399,0.250
1085,camera,1776503,data/1_2024/shard-000477.tar,256x256,vertical,1.1659,0.062,0.4891,-1.0,0,0,0.637747,0.636572,-0.001175,-0.000127,0.026056,0.004658,0.000,0.633904,0.635567,0.001663,-0.000226,0.006264,0.005661,0.000,0.633381,0.634617,0.001236,-0.000041,0.005675,0.004439,0.000
1086,camera,1221503,data/1_2024/shard-000477.tar,256x256,horizontal,1.2119,1.000,0.3667,-16.0,0,0,0.620275,0.621167,0.000893,0.001186,0.004696,0.037190,0.250,0.621104,0.622604,0.001499,0.000297,0.003090,0.030225,0.500,0.620692,0.621557,0.000865,0.000627,0.002925,0.032646,0.500
1087,camera,6372503,data/1_2024/shard-000477.tar,256x256,vertical,1.1575,2.031,0.1264,-32.5,0,0,0.668356,0.666963,-0.001393,0.001142,0.006941,0.081451,0.250,0.664895,0.665575,0.000680,0.004402,0.001880,0.076549,0.250,0.665405,0.667374,0.001968,0.005257,0.001603,0.076344,0.250
1088,camera,7062503,data/1_2024/shard-000477.tar,256x256,vertical,1.1541,1.094,0.2941,-17.5,0,0,0.638893,0.641291,0.002398,-0.000482,0.007966,0.043694,0.250,0.635543,0.642223,0.006679,0.000781,0.002741,0.045980,0.750,0.639138,0.642806,0.003668,-0.001229,0.002827,0.047112,0.500
1089,camera,3565503,data/1_2024/shard-000477.tar,256x256,vertical,1.1541,1.969,0.1294,-31.5,0,0,0.351035,0.351881,0.000846,0.001103,0.000639,0.051357,0.250,0.351632,0.352715,0.001083,0.001120,-0.000264,0.032001,0.500,0.350225,0.350723,0.000498,0.001455,-0.000577,0.030952,0.500
1090,camera,96503,data/1_2024/shard-000477.tar,256x256,horizontal,1.1541,1.844,0.8471,29.5,0,0,0.266152,0.264511,-0.001641,0.000612,0.018798,0.028510,0.250,0.267093,0.266645,-0.000448,-0.000218,0.006778,0.023348,0.500,0.270630,0.269654,-0.000976,-0.001363,0.004177,0.025267,0.000
1091,camera,2970503,data/1_2024/shard-000477.tar,256x256,vertical,1.1875,2.031,0.8095,32.5,0,0,0.507317,0.511883,0.004566,0.006311,0.000361,0.058639,0.750,0.502551,0.508303,0.005752,0.002881,-0.000260,0.044830,0.500,0.506494,0.509244,0.002750,0.000734,-0.000380,0.051375,0.500
1092,camera,2039503,data/1_2024/shard-000477.tar,256x256,vertical,1.1826,3.188,0.0000,-51.0,0,0,0.441231,0.435600,-0.005631,-0.000666,0.012853,0.073878,0.000,0.435114,0.434077,-0.001037,0.003108,0.004576,0.042224,0.000,0.437578,0.437536,-0.000042,0.005295,0.006422,0.046121,0.000
1093,camera,5628503,data/1_2024/shard-000477.tar,256x256,vertical,1.1285,1.938,0.0571,-31.0,0,0,0.452529,0.451531,-0.000997,0.000278,0.000615,0.044327,0.000,0.452728,0.452816,0.000088,0.000368,0.000521,0.035874,0.000,0.453013,0.453250,0.000237,0.001100,0.000571,0.035843,0.500
1094,camera,3876503,data/1_2024/shard-000477.tar,256x256,vertical,1.2087,2.125,0.7881,34.0,0,0,0.332711,0.344956,0.012246,0.009953,0.013576,0.111841,0.250,0.328879,0.349530,0.020652,0.010061,0.013394,0.088003,0.750,0.324948,0.342654,0.017707,0.011311,0.013192,0.102288,0.250
1095,camera,2408503,data/1_2024/shard-000477.tar,256x256,horizontal,1.3332,3.281,0.2362,-52.5,0,0,0.595968,0.587615,-0.008353,-0.002869,-0.008715,0.092605,0.000,0.583503,0.585674,0.002171,0.000711,-0.000264,0.031107,0.250,0.582435,0.584308,0.001873,0.000230,-0.000451,0.031244,0.500
1096,camera,7974503,data/1_2024/shard-000477.tar,256x256,vertical,1.1541,0.219,0.5412,3.5,0,0,0.233662,0.233069,-0.000593,-0.000285,0.001528,0.012253,0.000,0.231208,0.232209,0.001001,0.000103,0.000909,0.010342,0.500,0.231339,0.232184,0.000845,0.000067,0.001263,0.010577,0.500
1097,camera,4318503,data/1_2024/shard-000477.tar,256x256,horizontal,1.1891,1.812,0.2264,-29.0,0,0,0.248871,0.247643,-0.001228,-0.000337,-0.001647,0.028334,0.250,0.247424,0.246819,-0.000604,-0.000270,-0.000212,0.018925,0.250,0.247226,0.247278,0.000053,-0.000148,0.000448,0.019259,0.250
1098,camera,3922503,data/1_2024/shard-000477.tar,256x256,vertical,1.1973,3.406,0.0090,-54.5,0,0,0.283036,0.276403,-0.006633,-0.001627,-0.005872,0.096761,0.000,0.277954,0.276800,-0.001154,-0.000309,-0.001111,0.046823,0.250,0.276710,0.275173,-0.001537,0.000430,-0.000580,0.041962,0.000
1099,camera,3041503,data/1_2024/shard-000477.tar,256x256,vertical,1.1891,3.062,0.9623,49.0,0,0,0.578513,0.575101,-0.003412,0.003721,-0.000966,0.081307,0.250,0.576279,0.576099,-0.000180,0.003508,-0.000073,0.057785,0.500,0.575199,0.575156,-0.000043,0.002803,-0.000044,0.060745,0.250
1100,camera,4097503,data/1_2024/shard-000477.tar,256x256,vertical,1.1891,2.250,0.1604,-36.0,0,0,0.316927,0.319011,0.002084,0.004729,0.017254,0.071962,0.250,0.315559,0.319355,0.003796,0.006941,0.002278,0.066043,0.250,0.316159,0.320271,0.004112,0.012200,0.002628,0.086122,0.750
1101,camera,3668503,data/1_2024/shard-000477.tar,256x256,vertical,1.1285,0.938,0.7143,15.0,0,0,0.396957,0.397996,0.001039,0.001048,0.001302,0.032498,0.250,0.397393,0.398256,0.000863,0.002066,-0.000317,0.030974,0.250,0.397407,0.397761,0.000353,0.001689,0.000207,0.032078,0.250
1102,camera,7177503,data/1_2024/shard-000477.tar,256x256,horizontal,1.1541,1.656,0.8118,26.5,0,0,0.664740,0.664131,-0.000609,0.003189,0.003044,0.057915,0.250,0.661562,0.660882,-0.000680,0.004294,0.001275,0.056421,0.250,0.660271,0.660396,0.000124,0.004685,0.000946,0.056486,0.500
1103,camera,6873503,data/1_2024/shard-000477.tar,256x256,vertical,1.1908,3.156,0.0280,-50.5,0,0,0.381040,0.374699,-0.006341,0.000246,-0.004087,0.092646,0.000,0.377842,0.377573,-0.000269,0.000619,-0.000249,0.060233,0.250,0.379027,0.376618,-0.002409,-0.001399,-0.001033,0.057125,0.250
1104,camera,8102503,data/1_2024/shard-000477.tar,256x256,vertical,1.1626,0.625,0.6111,10.0,0,0,0.346350,0.343458,-0.002891,-0.001671,-0.000940,0.025159,0.250,0.346486,0.346522,0.000036,-0.000240,0.001258,0.015991,0.000,0.343607,0.343744,0.000137,-0.000079,0.000281,0.015259,0.250
1105,camera,2728503,data/1_2024/shard-000477.tar,256x256,vertical,1.1726,1.250,0.7083,20.0,0,0,0.919895,0.918198,-0.001696,-0.001321,0.000744,0.032593,0.250,0.917725,0.917990,0.000264,-0.001211,0.000171,0.028172,0.500,0.917794,0.917839,0.000045,-0.000882,0.000118,0.027667,0.500
1106,camera,2650503,data/1_2024/shard-000477.tar,256x256,vertical,1.1875,0.844,0.6286,13.5,0,0,0.956853,0.958611,0.001758,0.003244,0.009451,0.048705,0.250,0.953990,0.958249,0.004259,0.007222,0.002702,0.059457,0.500,0.955589,0.957846,0.002258,0.005331,0.003609,0.047130,0.250
1107,camera,2698503,data/1_2024/shard-000477.tar,256x256,vertical,1.4987,7.031,0.8527,112.5,0,0,0.311529,0.263500,-0.048029,0.006704,-0.046269,0.178429,0.000,0.263801,0.261573,-0.002228,0.000884,-0.002128,0.063298,0.250,0.261295,0.261128,-0.000167,0.000249,0.000790,0.055570,0.250
1108,camera,5827503,data/1_2024/shard-000477.tar,256x256,vertical,1.2247,2.188,0.2266,-35.0,0,0,0.553521,0.552931,-0.000590,0.002471,-0.002168,0.053456,0.250,0.554422,0.554679,0.000257,0.002603,-0.000998,0.031749,0.250,0.552548,0.552205,-0.000344,0.001931,-0.001426,0.032636,0.250
1109,camera,6917503,data/1_2024/shard-000477.tar,256x256,horizontal,1.1957,1.125,0.6636,18.0,0,0,0.520579,0.517831,-0.002747,-0.002459,0.001446,0.038289,0.000,0.517759,0.517385,-0.000375,-0.001090,0.000689,0.032518,0.000,0.514395,0.513892,-0.000502,-0.001379,0.000703,0.029929,0.000
1110,camera,2879503,data/1_2024/shard-000477.tar,256x256,vertical,1.1891,3.000,0.0472,-48.0,0,0,0.583726,0.579985,-0.003741,-0.000839,-0.002089,0.076244,0.250,0.580612,0.580627,0.000016,0.001195,0.000241,0.045275,0.500,0.579874,0.581228,0.001353,0.001560,0.000977,0.044881,0.750
1111,camera,1362503,data/1_2024/shard-000477.tar,256x256,vertical,1.1693,0.125,0.4787,-2.0,0,0,0.559925,0.559396,-0.000529,0.000095,-0.001281,0.008997,0.000,0.555925,0.556897,0.000971,0.000294,-0.000185,0.007942,0.500,0.558404,0.559630,0.001226,-0.000049,0.000926,0.007530,0.250
1112,camera,6629503,data/1_2024/shard-000477.tar,256x256,vertical,1.1875,1.969,0.8000,31.5,0,0,0.499440,0.499383,-0.000057,0.002475,-0.001667,0.062126,0.500,0.499337,0.499381,0.000044,0.000864,-0.000514,0.073539,0.500,0.500046,0.501318,0.001272,0.002405,-0.000890,0.068977,0.750
1113,camera,2944503,data/1_2024/shard-000477.tar,256x256,vertical,1.2071,1.469,0.7009,23.5,0,0,0.565016,0.567610,0.002594,0.001313,0.003340,0.041252,0.500,0.559536,0.566369,0.006833,0.001840,0.001179,0.025813,0.750,0.561684,0.569430,0.007746,0.001650,0.001293,0.027105,0.750
1114,camera,482503,data/1_2024/shard-000477.tar,256x256,horizontal,1.2006,3.031,0.9292,48.5,0,0,0.936849,0.934765,-0.002084,0.003118,0.000271,0.090079,0.000,0.933421,0.935384,0.001964,0.003512,0.005774,0.066751,0.250,0.934002,0.935173,0.001171,0.003404,0.005151,0.066157,0.500
1115,camera,3895503,data/1_2024/shard-000477.tar,256x256,vertical,1.2839,2.312,0.7229,37.0,0,0,0.623649,0.614569,-0.009080,-0.002084,0.012404,0.079609,0.000,0.617008,0.616049,-0.000959,-0.000124,0.001810,0.042236,0.250,0.617794,0.617142,-0.000652,-0.000277,0.001817,0.050004,0.250
1116,camera,324503,data/1_2024/shard-000477.tar,256x256,vertical,1.1180,0.250,0.4375,-4.0,0,0,0.479230,0.480226,0.000996,-0.000183,0.000094,0.012176,0.250,0.480073,0.481634,0.001561,-0.000126,0.001581,0.009659,0.000,0.477645,0.478667,0.001023,-0.000323,0.000201,0.009192,0.000
1117,camera,2210503,data/1_2024/shard-000477.tar,256x256,vertical,1.2006,1.094,0.3451,-17.5,0,0,0.738083,0.739457,0.001374,0.001774,0.001857,0.031023,0.250,0.742590,0.744089,0.001499,0.002398,0.002383,0.036756,0.250,0.739912,0.739888,-0.000025,0.000801,0.000770,0.028616,0.250
1118,camera,6755503,data/1_2024/shard-000477.tar,256x256,horizontal,1.1891,1.375,0.7075,22.0,0,0,0.463706,0.465970,0.002264,-0.000634,0.000325,0.051272,0.250,0.461797,0.464583,0.002785,-0.001312,0.000831,0.039208,0.250,0.463594,0.467102,0.003508,-0.000913,0.001505,0.041139,0.250
1119,camera,3715503,data/1_2024/shard-000477.tar,256x256,vertical,1.1891,0.625,0.4057,-10.0,0,0,0.219586,0.218722,-0.000864,-0.000526,-0.000092,0.015911,0.250,0.217542,0.218991,0.001450,-0.000029,0.000475,0.012750,0.250,0.216061,0.217502,0.001441,-0.000037,0.000489,0.013197,0.250
1120,camera,6280503,data/1_2024/shard-000477.tar,256x256,vertical,1.1891,3.250,0.0094,-52.0,0,0,0.276487,0.274178,-0.002309,-0.000329,-0.002520,0.077130,0.250,0.274712,0.275744,0.001032,0.000777,0.000703,0.032063,0.750,0.274750,0.275564,0.000814,0.000115,0.000410,0.032639,0.000
1121,camera,7367503,data/1_2024/shard-000477.tar,256x256,vertical,1.1891,3.062,0.9623,49.0,0,0,0.512545,0.517967,0.005422,0.006367,0.005188,0.089923,0.250,0.503454,0.518273,0.014819,0.013498,0.014447,0.095138,0.250,0.505452,0.519233,0.013780,0.013562,0.013697,0.096820,0.250
1122,camera,4119503,data/1_2024/shard-000477.tar,256x256,vertical,1.1891,2.688,0.0943,-43.0,0,0,0.609115,0.604523,-0.004592,0.001377,0.024958,0.067760,0.000,0.607472,0.605908,-0.001563,0.003179,0.008818,0.051039,0.250,0.606418,0.604004,-0.002414,0.001588,0.006466,0.049415,0.000
1123,camera,6689503,data/1_2024/shard-000477.tar,256x256,horizontal,1.1405,1.844,0.1169,-29.5,0,0,0.442138,0.442294,0.000156,0.001154,0.004710,0.061571,0.500,0.440105,0.442124,0.002019,0.003050,0.005528,0.041463,0.500,0.438512,0.439930,0.001418,0.003094,0.007455,0.043968,0.250
1124,camera,3711503,data/1_2024/shard-000477.tar,256x256,vertical,1.1891,0.250,0.4623,-4.0,0,0,0.534114,0.534857,0.000743,-0.000240,0.001772,0.012033,0.000,0.535165,0.537795,0.002630,0.000513,0.006872,0.011077,0.500,0.532857,0.535194,0.002337,0.001083,0.009182,0.013450,0.250
1125,camera,3787503,data/1_2024/shard-000477.tar,256x256,horizontal,1.2406,3.250,0.1232,-52.0,0,0,0.857832,0.850850,-0.006981,-0.003301,-0.006038,0.104050,0.000,0.852509,0.851629,-0.000880,0.000114,-0.000816,0.061317,0.000,0.850525,0.851328,0.000803,0.001651,0.000535,0.066435,0.250
1126,camera,5729503,data/1_2024/shard-000477.tar,256x256,vertical,1.2593,2.812,0.2000,-45.0,0,0,0.526527,0.525283,-0.001244,0.002661,-0.001761,0.095213,0.000,0.525033,0.527369,0.002336,0.008499,0.004836,0.064372,0.500,0.520023,0.524385,0.004362,0.008931,0.005148,0.066548,0.750
1127,camera,7080503,data/1_2024/shard-000477.tar,256x256,horizontal,1.3229,2.312,0.6927,37.0,0,0,0.949688,0.943683,-0.006005,0.000529,-0.001657,0.053113,0.250,0.943840,0.944564,0.000724,0.001428,0.001302,0.036156,0.500,0.941928,0.942377,0.000449,0.000921,0.000348,0.033635,0.250
1128,camera,1630503,data/1_2024/shard-000477.tar,256x256,horizontal,1.2183,0.125,0.4839,-2.0,0,0,0.547655,0.543209,-0.004446,-0.000493,-0.001257,0.007968,0.000,0.545040,0.545509,0.000470,-0.000286,-0.001522,0.006952,0.000,0.546426,0.547361,0.000935,-0.000264,-0.001318,0.007453,0.000
1129,camera,5832503,data/1_2024/shard-000477.tar,256x256,vertical,1.1285,1.188,0.2286,-19.0,0,0,0.588591,0.594069,0.005478,0.005608,0.007389,0.056414,0.750,0.587406,0.595131,0.007726,0.007644,0.002192,0.057790,0.750,0.587987,0.594857,0.006871,0.006220,0.001750,0.056889,1.000
1130,camera,5151503,data/1_2024/shard-000477.tar,256x256,horizontal,1.1891,1.062,0.6604,17.0,0,0,0.569492,0.576075,0.006583,0.004796,0.005240,0.050741,0.250,0.563996,0.569502,0.005506,0.002202,0.002920,0.037580,0.750,0.566877,0.572409,0.005532,0.003235,0.001644,0.041889,0.500
1131,camera,2858503,data/1_2024/shard-000477.tar,256x256,horizontal,1.3332,1.156,0.4070,-18.5,0,0,0.857416,0.850263,-0.007153,0.000697,-0.006299,0.020177,0.000,0.853688,0.851262,-0.002427,0.000521,-0.001062,0.018263,0.000,0.854921,0.853034,-0.001887,0.000330,-0.000491,0.016923,0.000
1132,camera,8096503,data/1_2024/shard-000477.tar,256x256,vertical,1.3891,5.062,0.8403,81.0,0,0,0.370469,0.353261,-0.017208,0.009987,-0.014657,0.160648,0.000,0.351523,0.351649,0.000126,0.003031,0.000833,0.060201,0.500,0.351371,0.353540,0.002169,0.004445,0.002696,0.058460,0.500
1133,camera,7005503,data/1_2024/shard-000477.tar,256x256,vertical,1.1541,1.406,0.7647,22.5,0,0,0.612878,0.615434,0.002556,0.002147,0.001924,0.054232,0.500,0.608941,0.614263,0.005321,0.003296,0.000990,0.047530,0.500,0.607264,0.612034,0.004769,0.002477,0.001691,0.043928,1.000
1134,camera,4340503,data/1_2024/shard-000477.tar,256x256,vertical,1.1809,0.469,0.5743,7.5,0,0,0.621774,0.620859,-0.000915,0.002068,-0.001261,0.027205,0.250,0.618258,0.619359,0.001100,0.000729,-0.000328,0.015113,0.500,0.617775,0.619082,0.001307,0.000704,-0.000507,0.013836,0.750
1135,camera,6484503,data/1_2024/shard-000477.tar,256x256,vertical,1.1875,2.094,0.1810,-33.5,0,0,0.374704,0.372832,-0.001872,0.006418,0.004286,0.086085,0.250,0.370366,0.371401,0.001035,0.003099,0.002361,0.048721,0.750,0.370562,0.371284,0.000722,0.003866,0.002694,0.049937,0.500
1136,camera,5687503,data/1_2024/shard-000477.tar,256x256,vertical,1.2247,0.250,0.5312,4.0,0,0,0.690872,0.689954,-0.000918,0.000438,-0.000794,0.013557,0.500,0.687425,0.691513,0.004088,-0.000329,0.002123,0.013427,0.250,0.685135,0.686575,0.001440,-0.001186,-0.001869,0.013423,0.250
1137,camera,3899503,data/1_2024/shard-000477.tar,256x256,horizontal,1.2055,1.312,0.3190,-21.0,0,0,0.563594,0.565683,0.002090,0.005750,0.002766,0.061460,0.250,0.563447,0.566150,0.002703,0.003174,0.004312,0.046862,0.250,0.562017,0.566566,0.004549,0.003676,0.005890,0.049428,0.500
1138,camera,6968503,data/1_2024/shard-000477.tar,256x256,vertical,1.1908,3.281,0.0093,-52.5,0,0,0.641972,0.638382,-0.003590,-0.000147,0.013901,0.076115,0.000,0.640279,0.639302,-0.000977,0.001871,0.000011,0.051781,0.500,0.637084,0.636951,-0.000132,0.003263,-0.000059,0.055248,0.500
1139,camera,8235503,data/1_2024/shard-000477.tar,256x256,vertical,1.1075,0.375,0.6034,6.0,0,0,0.659411,0.660697,0.001287,0.001448,0.000497,0.032069,0.750,0.661392,0.663471,0.002079,0.002507,0.002465,0.027018,1.000,0.660878,0.661736,0.000858,0.002542,0.002522,0.025522,0.250
1140,camera,6238503,data/1_2024/shard-000477.tar,256x256,vertical,1.1541,0.219,0.4588,-3.5,0,0,0.383649,0.388055,0.004406,-0.000678,-0.007444,0.012353,0.250,0.386010,0.388908,0.002898,0.000333,-0.004821,0.008772,0.750,0.382247,0.385495,0.003248,0.000043,-0.003673,0.008062,0.750
1141,camera,7751503,data/1_2024/shard-000477.tar,256x256,horizontal,1.2295,2.594,0.1832,-41.5,0,0,0.631433,0.633195,0.001762,0.002236,0.003773,0.066691,0.250,0.631353,0.632918,0.001565,0.002302,0.001601,0.042200,0.500,0.630695,0.631529,0.000834,0.001837,0.000822,0.041087,0.250
1142,camera,1102503,data/1_2024/shard-000477.tar,256x256,vertical,1.2119,1.500,0.3000,-24.0,0,0,0.405184,0.404244,-0.000941,-0.001942,0.000890,0.057680,0.000,0.399429,0.402600,0.003171,-0.000035,0.002823,0.041068,0.250,0.398064,0.401160,0.003096,-0.000433,0.002531,0.041820,0.000
1143,camera,2105503,data/1_2024/shard-000477.tar,256x256,vertical,1.1891,1.375,0.2925,-22.0,0,0,0.528022,0.531186,0.003164,0.001079,0.000749,0.061268,0.500,0.525967,0.533129,0.007163,0.000584,0.001741,0.036898,0.500,0.524006,0.531468,0.007462,0.000347,0.005523,0.039555,0.500
1144,camera,5754503,data/1_2024/shard-000477.tar,256x256,vertical,1.2640,2.656,0.7778,42.5,0,0,0.622477,0.620063,-0.002414,0.003184,-0.000051,0.071875,0.250,0.614958,0.617750,0.002793,0.001118,0.000826,0.046617,0.500,0.615034,0.618362,0.003327,0.001584,0.001346,0.047324,0.250
1145,camera,5959503,data/1_2024/shard-000477.tar,256x256,vertical,1.2247,2.875,0.1406,-46.0,0,0,0.744242,0.740986,-0.003256,-0.001570,-0.002698,0.073585,0.000,0.738938,0.738561,-0.000376,0.000856,0.000166,0.047326,0.750,0.738730,0.737866,-0.000864,-0.000618,-0.001017,0.046172,0.250
1146,camera,6569503,data/1_2024/shard-000477.tar,256x256,vertical,1.1891,2.062,0.8113,33.0,0,0,0.440406,0.439403,-0.001003,0.004891,0.006716,0.053449,0.250,0.441421,0.440431,-0.000989,0.004579,0.002770,0.047163,0.500,0.441487,0.439417,-0.002070,0.004092,0.002161,0.046570,0.250
1147,camera,4232503,data/1_2024/shard-000477.tar,256x256,vertical,1.2343,0.250,0.4701,-4.0,0,0,0.794987,0.793152,-0.001835,0.000148,-0.000069,0.013814,0.000,0.791894,0.790922,-0.000972,0.000155,0.000872,0.011771,0.000,0.790715,0.790424,-0.000291,0.000138,0.001450,0.011121,0.000
1148,camera,8133503,data/1_2024/shard-000477.tar,256x256,vertical,1.1891,1.938,0.2075,-31.0,0,0,0.480002,0.479290,-0.000712,0.000062,-0.000547,0.084310,0.000,0.475062,0.478409,0.003347,0.000387,0.000254,0.048796,0.000,0.477895,0.479871,0.001976,-0.000757,-0.000871,0.046721,0.000
1149,camera,8171503,data/1_2024/shard-000477.tar,256x256,vertical,1.1908,3.031,0.0467,-48.5,0,0,0.779673,0.776855,-0.002818,0.000233,-0.002114,0.073930,0.250,0.778356,0.776345,-0.002012,0.000416,-0.001207,0.052748,0.000,0.779336,0.778010,-0.001326,0.000700,-0.001071,0.056256,0.000
1150,camera,5462503,data/1_2024/shard-000477.tar,256x256,vertical,1.3214,3.719,0.1885,-59.5,0,0,0.435524,0.428862,-0.006662,-0.005715,-0.008760,0.117789,0.000,0.426580,0.429097,0.002518,0.002916,0.000396,0.067642,0.500,0.426614,0.430494,0.003880,0.009595,0.000871,0.093134,0.750
1151,camera,1859503,data/1_2024/shard-000477.tar,256x256,vertical,1.1826,1.562,0.2549,-25.0,0,0,0.765380,0.767394,0.002014,0.004581,0.000111,0.068941,0.500,0.760936,0.770280,0.009344,0.008371,-0.000170,0.066160,0.500,0.765581,0.771323,0.005742,0.004816,-0.000029,0.056391,0.500
1152,camera,4408503,data/1_2024/shard-000477.tar,256x256,vertical,1.2103,3.281,0.9412,52.5,0,0,0.442304,0.438683,-0.003621,0.001015,-0.002432,0.091762,0.000,0.438492,0.437321,-0.001171,-0.002370,-0.000627,0.053027,0.000,0.437146,0.437745,0.000599,0.000284,-0.000156,0.061145,0.250
1153,camera,3485503,data/1_2024/shard-000477.tar,256x256,vertical,1.2406,0.375,0.5435,6.0,0,0,0.472636,0.472858,0.000223,0.000130,-0.000043,0.010795,0.500,0.470175,0.473712,0.003537,0.000384,0.002440,0.011126,0.750,0.468048,0.471173,0.003125,0.000284,0.002551,0.010635,0.750
1154,camera,7312503,data/1_2024/shard-000477.tar,256x256,vertical,1.1285,1.562,0.1429,-25.0,0,0,0.756865,0.760149,0.003284,0.006038,0.000787,0.087043,0.750,0.757394,0.760874,0.003480,0.005694,0.002554,0.060077,1.000,0.753390,0.757280,0.003889,0.007047,0.001366,0.069156,0.750
1155,camera,5877503,data/1_2024/shard-000477.tar,256x256,vertical,1.2686,2.375,0.2564,-38.0,0,0,0.450413,0.448247,-0.002166,-0.000416,-0.002915,0.055146,0.000,0.447571,0.448934,0.001362,-0.000365,-0.000117,0.033781,0.500,0.446912,0.447164,0.000252,-0.001088,-0.000695,0.033883,0.500
1156,camera,3541503,data/1_2024/shard-000477.tar,256x256,vertical,1.1859,2.375,0.1346,-38.0,0,0,0.494665,0.494289,-0.000376,0.005067,0.015680,0.064803,0.250,0.493032,0.494785,0.001753,0.003164,0.004482,0.038922,0.750,0.492556,0.493429,0.000873,0.001445,0.002031,0.035429,0.750
1157,camera,2478503,data/1_2024/shard-000477.tar,256x256,vertical,1.1875,0.906,0.6381,14.5,0,0,0.619461,0.621679,0.002217,0.000821,0.001152,0.040694,0.250,0.615290,0.618583,0.003293,0.000544,0.001458,0.028848,0.750,0.614654,0.617710,0.003056,0.001053,0.002197,0.031666,0.250
1158,camera,3091503,data/1_2024/shard-000477.tar,256x256,vertical,1.1792,0.625,0.4000,-10.0,0,0,0.324964,0.326449,0.001485,-0.001300,0.046009,0.028371,0.250,0.323393,0.327769,0.004376,-0.000246,0.010306,0.022455,0.500,0.322533,0.326822,0.004289,-0.000244,0.013057,0.022362,0.500
1159,camera,1552503,data/1_2024/shard-000477.tar,256x256,horizontal,1.1541,0.844,0.3412,-13.5,0,0,0.482354,0.482262,-0.000092,0.001151,0.000922,0.035261,0.250,0.480544,0.484158,0.003614,0.001974,0.008601,0.028061,0.750,0.480501,0.483503,0.003001,0.002182,0.009411,0.029982,0.500
1160,camera,6684503,data/1_2024/shard-000477.tar,256x256,vertical,1.1891,1.500,0.2736,-24.0,0,0,0.483887,0.482932,-0.000955,-0.001697,0.012608,0.034786,0.000,0.481336,0.483257,0.001921,-0.003681,0.007104,0.029653,0.250,0.477854,0.480984,0.003130,-0.002690,0.007688,0.031262,0.250
1161,camera,6880503,data/1_2024/shard-000477.tar,256x256,horizontal,1.1891,1.375,0.7075,22.0,0,0,0.838346,0.839440,0.001094,0.002052,0.005189,0.038825,0.500,0.836802,0.838142,0.001340,0.000905,0.000524,0.030108,0.500,0.837933,0.839866,0.001932,0.000464,-0.000274,0.029080,0.500
1162,camera,7663503,data/1_2024/shard-000477.tar,256x256,vertical,1.1709,1.969,0.8316,31.5,0,0,0.628730,0.629213,0.000483,-0.000888,0.002453,0.081378,0.250,0.622671,0.631538,0.008867,0.006553,0.010711,0.060313,1.000,0.617700,0.628586,0.010886,0.005386,0.012751,0.057888,1.000
1163,camera,3605503,data/1_2024/shard-000477.tar,256x256,vertical,1.1004,0.500,0.3519,-8.0,0,0,0.402749,0.402232,-0.000517,-0.002419,0.006608,0.028453,0.000,0.401428,0.403295,0.001867,-0.000420,0.000913,0.016660,0.250,0.399298,0.401452,0.002153,-0.000612,0.000486,0.017180,0.000
1164,camera,4538503,data/1_2024/shard-000477.tar,256x256,horizontal,1.1057,1.531,0.9298,24.5,0,0,0.619283,0.622624,0.003341,0.002515,0.004399,0.066344,0.500,0.619739,0.624471,0.004732,0.004062,0.008852,0.060554,0.500,0.617725,0.623013,0.005288,0.003627,0.008982,0.061917,0.500
1165,camera,7401503,data/1_2024/shard-000477.tar,256x256,vertical,1.4073,2.219,0.6414,35.5,0,0,0.598461,0.593993,-0.004468,0.003652,-0.014348,0.073990,0.250,0.582666,0.597597,0.014931,-0.002823,0.001390,0.045495,0.000,0.577915,0.592867,0.014952,-0.003965,0.001404,0.041196,0.000
1166,camera,1326503,data/1_2024/shard-000477.tar,256x256,vertical,1.1110,1.500,0.9000,24.0,0,0,0.770402,0.770012,-0.000390,-0.002299,0.013849,0.049946,0.000,0.769840,0.769582,-0.000257,-0.001943,0.001100,0.043355,0.250,0.769203,0.767877,-0.001327,-0.002335,0.000314,0.044991,0.250
1167,camera,6940503,data/1_2024/shard-000477.tar,256x256,vertical,1.1891,1.938,0.7925,31.0,0,0,0.714888,0.720631,0.005743,0.006413,0.008265,0.076116,0.500,0.714373,0.718267,0.003895,0.004616,0.005311,0.058289,0.500,0.719330,0.720563,0.001234,0.004206,0.005083,0.060246,0.750
1168,camera,656503,data/1_2024/shard-000477.tar,256x256,vertical,1.2103,1.281,0.6723,20.5,0,0,0.862670,0.866542,0.003872,0.003215,0.003988,0.062207,0.750,0.863513,0.867554,0.004040,0.002640,0.003402,0.045100,1.000,0.863513,0.867178,0.003666,0.002589,0.003379,0.045882,0.750
1169,camera,551503,data/1_2024/shard-000477.tar,256x256,vertical,1.3346,5.438,0.0650,-87.0,0,0,0.774613,0.755596,-0.019016,0.004185,0.012292,0.160267,0.000,0.749776,0.753771,0.003995,0.008372,0.012168,0.085200,0.250,0.749670,0.754133,0.004463,0.007362,0.011148,0.074149,0.500
1170,camera,455503,data/1_2024/shard-000477.tar,256x256,horizontal,1.1541,0.406,0.5765,6.5,0,0,0.464908,0.463981,-0.000928,0.000155,-0.000402,0.016036,0.500,0.462549,0.461263,-0.001286,0.000573,-0.000312,0.012072,0.500,0.464301,0.463150,-0.001151,-0.000204,-0.000965,0.011718,0.500
1171,camera,6440503,data/1_2024/shard-000477.tar,256x256,vertical,1.1541,1.219,0.7294,19.5,0,0,0.379557,0.379221,-0.000336,0.000248,0.010161,0.023803,0.000,0.378186,0.377899,-0.000287,0.000543,0.002445,0.020704,0.250,0.379113,0.378933,-0.000180,0.000555,0.002443,0.021147,0.000
1172,camera,7795503,data/1_2024/shard-000477.tar,256x256,vertical,1.1908,2.406,0.8598,38.5,0,0,0.584928,0.583824,-0.001104,0.003262,0.002426,0.059108,0.250,0.582819,0.583462,0.000643,0.000959,0.001174,0.034732,0.750,0.583959,0.584753,0.000794,0.001292,0.001273,0.036684,0.750
1173,camera,7262503,data/1_2024/shard-000477.tar,256x256,vertical,1.1302,1.156,0.2394,-18.5,0,0,0.608873,0.603254,-0.005619,-0.003007,-0.002109,0.082385,0.500,0.609671,0.605083,-0.004588,-0.002110,-0.001707,0.060423,0.000,0.611396,0.608100,-0.003296,-0.000852,0.000149,0.055314,0.500
1174,camera,2581503,data/1_2024/shard-000477.tar,256x256,vertical,1.1826,2.438,0.1176,-39.0,0,0,0.499904,0.499953,0.000049,0.001789,0.002857,0.066618,0.500,0.500504,0.500781,0.000277,0.000899,0.001499,0.052136,0.250,0.498807,0.499359,0.000552,0.001679,0.002684,0.054136,0.500
1175,camera,4876503,data/1_2024/shard-000477.tar,256x256,vertical,1.2247,3.250,0.9062,52.0,0,0,0.669925,0.670533,0.000608,0.005436,0.003763,0.091746,0.500,0.669718,0.671364,0.001646,0.002679,0.002637,0.059146,0.750,0.668984,0.671079,0.002095,0.002968,0.003006,0.058780,0.500
1176,camera,1278503,data/1_2024/shard-000477.tar,256x256,vertical,1.2167,2.469,0.8211,39.5,0,0,0.390896,0.388400,-0.002496,0.000730,-0.002009,0.049621,0.000,0.388216,0.388253,0.000036,-0.001029,-0.000122,0.024639,0.250,0.387292,0.387783,0.000491,-0.000514,0.000124,0.024257,0.500
1177,camera,3453503,data/1_2024/shard-000477.tar,256x256,vertical,1.1659,2.188,0.8804,35.0,0,0,0.779032,0.783416,0.004383,0.007619,0.007422,0.097081,0.250,0.778224,0.784564,0.006340,0.004004,0.003666,0.073475,0.250,0.775540,0.784598,0.009058,0.006194,0.005559,0.080146,0.500
1178,camera,6978503,data/1_2024/shard-000477.tar,256x256,vertical,1.2763,0.906,0.5901,14.5,0,0,0.357848,0.355147,-0.002701,0.000358,-0.001527,0.016619,0.250,0.356125,0.356001,-0.000124,0.000181,-0.000277,0.017055,0.500,0.354778,0.354758,-0.000020,0.000097,-0.000252,0.017702,0.250
1179,camera,359503,data/1_2024/shard-000477.tar,256x256,horizontal,1.1541,2.469,0.9647,39.5,0,0,0.520967,0.526794,0.005827,0.008710,0.008838,0.077694,0.250,0.518433,0.523492,0.005059,0.004348,0.002342,0.051866,0.750,0.518415,0.526108,0.007693,0.008487,0.002665,0.063894,1.000
1180,camera,2312503,data/1_2024/shard-000477.tar,256x256,vertical,1.1891,2.938,0.0566,-47.0,0,0,0.454894,0.451147,-0.003747,-0.000761,0.009063,0.068601,0.000,0.448132,0.450141,0.002009,0.001514,0.000478,0.035989,0.500,0.447528,0.449692,0.002164,0.001734,0.000262,0.036080,0.500
1181,camera,1216503,data/1_2024/shard-000477.tar,256x256,vertical,1.1875,3.094,0.9714,49.5,0,0,0.467012,0.467087,0.000075,0.004298,0.006345,0.109471,0.250,0.460954,0.462129,0.001175,0.001022,0.006552,0.076051,0.500,0.462881,0.462537,-0.000344,-0.001742,0.004545,0.088469,0.750
1182,camera,7364503,data/1_2024/shard-000477.tar,256x256,vertical,1.1891,2.500,0.1226,-40.0,0,0,0.428376,0.426772,-0.001604,-0.001341,-0.001646,0.060098,0.000,0.425757,0.426725,0.000968,0.000939,-0.000985,0.050909,0.250,0.427273,0.428312,0.001039,0.001116,-0.000318,0.047653,0.500
1183,camera,2119503,data/1_2024/shard-000477.tar,256x256,vertical,1.1891,0.438,0.5660,7.0,0,0,0.513426,0.512665,-0.000762,-0.000386,0.000290,0.017192,0.000,0.514645,0.514379,-0.000266,-0.000148,-0.003720,0.013179,0.250,0.510561,0.510605,0.000044,-0.000506,-0.005009,0.012927,0.000
1184,camera,7799503,data/1_2024/shard-000477.tar,256x256,horizontal,1.1859,1.438,0.7212,23.0,0,0,0.734035,0.732007,-0.002028,0.000963,0.003666,0.066527,0.250,0.730667,0.730658,-0.000009,0.000556,0.000949,0.051554,0.500,0.731894,0.732103,0.000209,0.001436,0.000120,0.052313,0.750
1185,camera,5403503,data/1_2024/shard-000477.tar,256x256,vertical,1.1726,1.938,0.1771,-31.0,0,0,0.816768,0.813927,-0.002840,-0.001292,-0.002237,0.043771,0.000,0.816238,0.814699,-0.001539,-0.002025,-0.001158,0.034322,0.250,0.814932,0.813676,-0.001256,-0.001229,-0.000470,0.031955,0.250
1186,camera,3404503,data/1_2024/shard-000477.tar,256x256,vertical,1.1891,1.125,0.3302,-18.0,0,0,0.449694,0.449545,-0.000149,0.001930,0.034178,0.028721,0.250,0.450923,0.451525,0.000602,0.000626,0.002424,0.019090,0.500,0.450635,0.451645,0.001010,0.000931,0.001503,0.020763,0.500
1187,camera,3695503,data/1_2024/shard-000477.tar,256x256,vertical,1.1891,0.188,0.4717,-3.0,0,0,0.654436,0.653989,-0.000447,0.000045,0.005115,0.008898,0.500,0.655425,0.657763,0.002338,-0.000029,0.000280,0.010419,0.250,0.651864,0.654358,0.002494,-0.000073,-0.000378,0.008060,0.250
1188,camera,4579503,data/1_2024/shard-000477.tar,256x256,vertical,1.3095,1.281,0.3880,-20.5,0,0,0.904131,0.904449,0.000319,0.003187,-0.000766,0.061482,0.500,0.899669,0.903771,0.004103,0.003331,0.001706,0.045291,0.750,0.900659,0.902891,0.002232,0.003064,-0.000228,0.039411,0.500
1189,camera,3612503,data/1_2024/shard-000477.tar,256x256,vertical,1.1875,0.406,0.4381,-6.5,0,0,0.520870,0.521313,0.000443,-0.001052,0.004895,0.027244,0.250,0.514850,0.518673,0.003823,0.000153,0.006657,0.015279,0.750,0.514982,0.520754,0.005772,-0.000263,0.008574,0.016365,0.250
1190,camera,3625503,data/1_2024/shard-000477.tar,256x256,vertical,1.1507,0.719,0.3614,-11.5,0,0,0.841608,0.841843,0.000236,0.001197,0.000544,0.034465,0.250,0.841785,0.841840,0.000054,-0.000257,0.000576,0.028380,0.250,0.842307,0.842234,-0.000074,-0.000847,0.000578,0.028363,0.000
1191,camera,2864503,data/1_2024/shard-000477.tar,256x256,vertical,1.2593,3.312,0.1467,-53.0,0,0,0.385187,0.376742,-0.008445,-0.002413,0.019213,0.106820,0.000,0.376799,0.378236,0.001437,0.000975,0.015436,0.045284,0.750,0.378113,0.378425,0.000312,0.001273,0.013977,0.045592,0.250
1192,camera,5780503,data/1_2024/shard-000477.tar,256x256,horizontal,1.2038,2.656,0.1304,-42.5,0,0,0.683724,0.679370,-0.004354,0.003748,0.006667,0.073930,0.250,0.682879,0.682947,0.000069,0.004982,0.006699,0.059082,0.500,0.683933,0.684725,0.000792,0.007556,0.007946,0.071738,0.750
1193,camera,364503,data/1_2024/shard-000477.tar,256x256,horizontal,1.1957,0.938,0.3636,-15.0,0,0,0.540550,0.545054,0.004504,-0.002127,0.005464,0.072762,0.250,0.532869,0.544909,0.012040,-0.000622,0.013104,0.041143,0.500,0.532853,0.544402,0.011549,-0.000017,0.012227,0.041072,0.250
1194,camera,7828503,data/1_2024/shard-000477.tar,256x256,vertical,1.1826,2.312,0.1373,-37.0,0,0,0.349493,0.344790,-0.004703,-0.002221,-0.000508,0.056300,0.000,0.343967,0.344512,0.000545,0.002133,-0.000050,0.041433,0.250,0.347443,0.345413,-0.002030,-0.001173,0.000129,0.039739,0.000
1195,camera,4026503,data/1_2024/shard-000477.tar,256x256,vertical,1.1875,0.969,0.3524,-15.5,0,0,0.607064,0.608044,0.000980,0.001352,0.004332,0.044815,0.500,0.603097,0.609583,0.006485,-0.000416,0.000506,0.024177,0.250,0.602591,0.609295,0.006703,-0.000425,-0.000038,0.025562,0.500
1196,camera,4659503,data/1_2024/shard-000477.tar,256x256,vertical,1.2200,3.781,0.9840,60.5,0,0,0.400266,0.395820,-0.004446,0.005925,-0.003041,0.109039,0.000,0.394531,0.395071,0.000540,0.000350,0.000247,0.041338,0.750,0.395678,0.396474,0.000796,0.000569,-0.000167,0.038642,0.750
1197,camera,5360503,data/1_2024/shard-000477.tar,256x256,vertical,1.3346,0.062,0.5050,1.0,0,0,0.391224,0.381397,-0.009827,-0.000099,-0.007230,0.004137,0.000,0.380523,0.379733,-0.000790,-0.000052,0.000581,0.004340,0.000,0.376782,0.376335,-0.000447,-0.000013,0.001616,0.004367,0.000
1198,camera,7551503,data/1_2024/shard-000477.tar,256x256,vertical,1.1285,1.938,0.0571,-31.0,0,0,0.414584,0.416381,0.001797,0.004562,-0.000053,0.087088,0.500,0.416944,0.419628,0.002684,0.004091,-0.000007,0.080814,0.750,0.413775,0.416770,0.002995,0.006125,0.000007,0.085338,1.000
1199,camera,1019503,data/1_2024/shard-000477.tar,256x256,vertical,1.1891,2.375,0.1415,-38.0,0,0,0.784477,0.785116,0.000640,0.001796,0.000194,0.063435,0.250,0.784670,0.785919,0.001249,0.001127,-0.000409,0.047692,0.250,0.783678,0.785281,0.001603,0.000578,-0.000400,0.053232,0.250
1200,camera,5942503,data/1_2024/shard-000477.tar,256x256,vertical,1.2609,2.344,0.7483,37.5,0,0,0.533822,0.534802,0.000980,0.003146,-0.003689,0.067718,0.250,0.524568,0.531836,0.007268,0.000606,-0.000613,0.043709,0.250,0.525218,0.531180,0.005963,0.000308,-0.000988,0.045662,0.250
1201,camera,6252503,data/1_2024/shard-000477.tar,256x256,vertical,1.1875,2.969,0.9524,47.5,0,0,0.701375,0.699693,-0.001682,0.004873,-0.002122,0.103768,0.250,0.697768,0.697733,-0.000034,0.000681,0.000234,0.061573,0.500,0.699448,0.699230,-0.000218,0.000141,-0.000652,0.055127,0.500
1202,camera,7106503,data/1_2024/shard-000477.tar,256x256,vertical,1.3650,6.406,0.9638,102.5,0,0,0.481354,0.465428,-0.015925,0.017896,-0.017471,0.199601,0.250,0.448011,0.462414,0.014404,0.021791,0.002107,0.124207,0.250,0.449319,0.457056,0.007737,0.023490,0.001799,0.130978,0.250
1203,camera,7540503,data/1_2024/shard-000477.tar,256x256,vertical,1.1473,2.469,0.0123,-39.5,0,0,0.509706,0.512546,0.002840,0.004882,0.008513,0.072552,0.250,0.505863,0.510883,0.005020,0.005177,0.000725,0.053389,0.500,0.505887,0.510907,0.005019,0.007408,0.001837,0.057727,0.750
1204,camera,3786503,data/1_2024/shard-000477.tar,256x256,vertical,1.1908,0.906,0.3645,-14.5,0,0,0.511096,0.509843,-0.001253,0.000098,0.000055,0.036150,0.250,0.510047,0.509978,-0.000069,0.001195,0.000325,0.022678,0.250,0.508258,0.511784,0.003526,0.001791,0.000330,0.025429,0.500
1205,camera,4347503,data/1_2024/shard-000477.tar,256x256,horizontal,1.1826,1.938,0.8039,31.0,0,0,0.687419,0.685320,-0.002098,0.001258,0.010317,0.058863,0.000,0.684981,0.685019,0.000038,0.000298,0.002102,0.047416,0.500,0.682370,0.682808,0.000438,0.001638,0.002601,0.046544,0.750
1206,camera,4402503,data/1_2024/shard-000477.tar,256x256,vertical,1.2732,1.781,0.6792,28.5,0,0,0.537518,0.533395,-0.004123,-0.000747,-0.002471,0.036419,0.000,0.535499,0.535836,0.000337,-0.000769,0.001014,0.030539,0.000,0.533786,0.534429,0.000643,-0.000234,0.002104,0.025107,0.500
1207,camera,4609503,data/1_2024/shard-000477.tar,256x256,horizontal,1.2087,2.375,0.1780,-38.0,0,0,0.608555,0.609037,0.000482,0.000471,0.001050,0.073902,0.250,0.608408,0.609730,0.001321,-0.001331,0.002516,0.053963,0.250,0.604424,0.606710,0.002286,-0.000567,0.003229,0.051031,0.250
1208,camera,1519503,data/1_2024/shard-000477.tar,256x256,vertical,1.1541,1.969,0.1294,-31.5,0,0,0.468522,0.470263,0.001741,0.002917,0.001303,0.050939,0.750,0.467368,0.468925,0.001557,0.002918,-0.000157,0.038106,1.000,0.468174,0.471137,0.002963,0.007032,0.001109,0.054842,1.000
1209,camera,1118503,data/1_2024/shard-000477.tar,256x256,vertical,1.1957,3.062,0.9455,49.0,0,0,0.694897,0.691377,-0.003520,0.000154,-0.000154,0.075741,0.000,0.694882,0.693994,-0.000888,-0.002413,-0.000074,0.043249,0.500,0.692320,0.690291,-0.002030,-0.002084,0.000112,0.042782,0.250
1210,camera,5227503,data/1_2024/shard-000477.tar,256x256,horizontal,1.3332,5.344,0.9296,85.5,0,0,0.473836,0.452444,-0.021392,0.000582,-0.019945,0.175919,0.000,0.454068,0.451456,-0.002612,-0.001509,-0.001616,0.078599,0.250,0.453414,0.451659,-0.001755,-0.002170,-0.001114,0.088298,0.500
1211,camera,1641503,data/1_2024/shard-000477.tar,256x256,vertical,1.1659,1.500,0.2391,-24.0,0,0,0.654939,0.651768,-0.003171,-0.000821,0.000395,0.033409,0.250,0.654484,0.652672,-0.001812,-0.000522,0.000141,0.027193,0.500,0.652425,0.650796,-0.001628,-0.000031,0.000304,0.025891,0.500
1212,camera,7446503,data/1_2024/shard-000477.tar,256x256,vertical,1.1891,2.250,0.8396,36.0,0,0,0.810041,0.820003,0.009962,0.017558,0.039322,0.164505,0.250,0.798763,0.815756,0.016992,0.020894,0.025774,0.160815,1.000,0.796314,0.817940,0.021626,0.024469,0.028574,0.170473,0.750
1213,camera,3309503,data/1_2024/shard-000477.tar,256x256,vertical,1.1541,2.656,0.0000,-42.5,0,0,0.660532,0.659858,-0.000674,0.002962,0.002842,0.060883,0.250,0.661209,0.661385,0.000176,0.001332,0.001103,0.049748,0.500,0.662215,0.662017,-0.000198,0.001902,0.001783,0.049432,0.250
1214,camera,3801503,data/1_2024/shard-000477.tar,256x256,horizontal,1.2702,3.594,0.1338,-57.5,0,0,0.770445,0.753973,-0.016472,-0.003571,-0.010578,0.120928,0.000,0.753501,0.755736,0.002235,0.002647,0.001755,0.042636,0.500,0.752066,0.754044,0.001979,0.002195,0.001256,0.042276,0.750
1215,camera,3287503,data/1_2024/shard-000477.tar,256x256,horizontal,1.1693,0.688,0.3830,-11.0,0,0,0.507721,0.509642,0.001922,0.000500,0.016817,0.037015,0.250,0.496429,0.505410,0.008981,0.001781,0.002229,0.036763,0.250,0.497833,0.507319,0.009486,0.001938,0.003087,0.034650,0.250
1216,camera,7200503,data/1_2024/shard-000477.tar,256x256,horizontal,1.1075,0.625,0.6724,10.0,0,0,0.869098,0.869894,0.000796,0.000574,0.006376,0.043003,0.500,0.869020,0.869454,0.000434,0.000587,0.001520,0.037203,0.250,0.867846,0.868648,0.000802,0.001094,0.002337,0.037577,0.500
1217,camera,680503,data/1_2024/shard-000477.tar,256x256,vertical,1.1891,1.750,0.7642,28.0,0,0,0.522677,0.523407,0.000730,0.001664,0.000363,0.044070,0.750,0.521156,0.523147,0.001990,0.000641,-0.000258,0.036363,0.750,0.523011,0.525257,0.002246,0.001170,-0.000194,0.035532,0.750
1218,camera,6274503,data/1_2024/shard-000477.tar,256x256,vertical,1.1776,2.344,0.8788,37.5,0,0,0.331132,0.332010,0.000879,0.005526,0.015074,0.083756,0.250,0.326861,0.330048,0.003186,0.005054,0.003694,0.070832,0.500,0.326382,0.329169,0.002788,0.005292,0.003219,0.063178,0.500
1219,camera,1051503,data/1_2024/shard-000477.tar,256x256,horizontal,1.1541,1.656,0.1882,-26.5,0,0,0.572309,0.573479,0.001169,0.004704,0.004963,0.048222,0.500,0.568787,0.570095,0.001308,0.003731,0.003641,0.042145,0.500,0.570265,0.571316,0.001051,0.005082,0.005384,0.048925,0.500
1220,camera,7427503,data/1_2024/shard-000477.tar,256x256,horizontal,1.2183,2.562,0.1694,-41.0,0,0,0.789372,0.785239,-0.004133,0.002601,0.014003,0.109510,0.000,0.787280,0.788848,0.001568,0.000517,0.008784,0.082703,0.500,0.781329,0.787406,0.006078,0.005881,0.010872,0.090593,0.750
1221,camera,397503,data/1_2024/shard-000477.tar,256x256,horizontal,1.2135,0.969,0.6281,15.5,0,0,0.683876,0.679583,-0.004293,-0.000834,0.002128,0.052664,0.000,0.685289,0.684925,-0.000363,-0.001638,0.002132,0.038189,0.000,0.678927,0.679575,0.000649,-0.000843,0.002035,0.033617,0.000
1222,camera,559503,data/1_2024/shard-000477.tar,256x256,vertical,1.1891,3.125,0.9717,50.0,0,0,0.693875,0.691467,-0.002408,0.007013,0.003318,0.092067,0.000,0.691551,0.692287,0.000736,0.006304,0.005215,0.064377,0.500,0.694579,0.694077,-0.000501,0.004153,0.003258,0.057578,0.250
1223,camera,3123503,data/1_2024/shard-000477.tar,256x256,vertical,1.1354,1.250,0.7703,20.0,0,0,0.524630,0.524520,-0.000111,-0.000319,0.024873,0.033670,0.500,0.524979,0.525122,0.000143,-0.000693,0.003438,0.032795,0.250,0.525497,0.524675,-0.000822,-0.001857,0.005877,0.032904,0.500
1224,camera,2012503,data/1_2024/shard-000477.tar,256x256,vertical,1.1642,2.094,0.1319,-33.5,0,0,0.370148,0.367548,-0.002600,0.000801,-0.000112,0.046531,0.000,0.366762,0.367258,0.000497,0.001544,0.000159,0.032691,0.250,0.367227,0.367927,0.000700,0.001917,0.000133,0.033073,0.250
1225,camera,3676503,data/1_2024/shard-000477.tar,256x256,vertical,1.1759,0.312,0.4490,-5.0,0,0,0.567498,0.564137,-0.003361,-0.001048,0.003330,0.022231,0.000,0.567419,0.565345,-0.002074,-0.000783,-0.000707,0.011607,0.000,0.566526,0.564277,-0.002249,-0.000314,-0.000988,0.011035,0.000
1226,camera,3464503,data/1_2024/shard-000477.tar,256x256,vertical,1.2216,1.312,0.6667,21.0,0,0,0.525580,0.525193,-0.000386,0.001761,0.001106,0.042095,0.250,0.522057,0.525931,0.003875,0.001702,0.000507,0.028436,0.500,0.520029,0.525507,0.005478,0.002073,0.000380,0.031437,0.750
1227,camera,6038503,data/1_2024/shard-000477.tar,256x256,vertical,1.3332,6.094,0.0101,-97.5,0,0,0.719821,0.713436,-0.006385,0.002805,-0.013800,0.175617,0.250,0.699128,0.709747,0.010619,0.013171,0.003180,0.110598,0.250,0.699706,0.713521,0.013815,0.018259,0.004807,0.120414,0.500
1228,camera,3080503,data/1_2024/shard-000477.tar,256x256,vertical,1.1891,3.125,0.9717,50.0,0,0,0.770874,0.769375,-0.001499,0.004196,0.000939,0.093187,0.500,0.767028,0.767948,0.000921,0.002959,0.002988,0.062558,1.000,0.767863,0.768535,0.000672,0.001871,0.001899,0.060728,0.500
1229,camera,934503,data/1_2024/shard-000477.tar,256x256,horizontal,1.3346,1.625,0.3700,-26.0,0,0,0.453772,0.449153,-0.004620,0.000847,-0.003094,0.036151,0.000,0.447792,0.451229,0.003437,0.001623,0.002362,0.032288,0.500,0.446883,0.449154,0.002271,0.001439,0.001685,0.031801,0.500
1230,camera,4466503,data/1_2024/shard-000477.tar,256x256,vertical,1.1908,0.656,0.5981,10.5,0,0,0.712508,0.710086,-0.002422,-0.000211,-0.000023,0.020361,0.250,0.708607,0.710860,0.002253,-0.000607,-0.001944,0.027627,0.250,0.709141,0.711587,0.002446,-0.000197,-0.001304,0.024440,0.750
1231,camera,4074503,data/1_2024/shard-000477.tar,256x256,vertical,1.2406,1.625,0.6884,26.0,0,0,0.547627,0.547448,-0.000179,0.000965,-0.000997,0.043442,0.250,0.545721,0.548031,0.002310,0.001426,0.000182,0.033094,0.750,0.542759,0.546079,0.003320,0.001743,0.000384,0.039511,0.750
1232,camera,4387503,data/1_2024/shard-000477.tar,256x256,horizontal,1.1908,1.969,0.2056,-31.5,0,0,0.864517,0.865163,0.000646,0.002595,0.001685,0.074789,0.500,0.861878,0.864790,0.002912,0.002100,0.003592,0.055407,0.500,0.859972,0.863923,0.003952,0.003355,0.005048,0.056722,0.750
1233,camera,553503,data/1_2024/shard-000477.tar,256x256,vertical,1.1875,0.219,0.5333,3.5,0,0,0.659275,0.657479,-0.001796,-0.000273,0.003681,0.010572,0.000,0.655141,0.652395,-0.002747,-0.000447,0.002411,0.011621,0.000,0.658499,0.657757,-0.000742,-0.000439,0.003084,0.010685,0.250
1234,camera,5574503,data/1_2024/shard-000477.tar,256x256,vertical,1.2006,0.531,0.5752,8.5,0,0,0.665675,0.667254,0.001579,0.000235,0.028668,0.020251,0.250,0.667044,0.669474,0.002430,0.000348,0.021167,0.018613,0.250,0.665776,0.667704,0.001928,-0.000137,0.021672,0.018848,0.250
1235,camera,3995503,data/1_2024/shard-000477.tar,256x256,vertical,1.1908,1.844,0.2243,-29.5,0,0,0.383796,0.383173,-0.000623,-0.001913,-0.001009,0.057657,0.000,0.379628,0.381209,0.001581,0.000872,0.001821,0.034878,0.750,0.381551,0.382916,0.001364,0.002103,0.002872,0.036295,0.750
1236,camera,6550503,data/1_2024/shard-000477.tar,256x256,vertical,1.2609,4.219,0.0530,-67.5,0,0,0.779444,0.767914,-0.011531,-0.003919,-0.011354,0.125122,0.000,0.767236,0.767664,0.000428,0.001622,0.000188,0.057230,0.250,0.766906,0.767287,0.000381,0.002273,0.000274,0.048247,0.250
1237,camera,274503,data/1_2024/shard-000477.tar,256x256,vertical,1.1541,1.031,0.6941,16.5,0,0,0.579579,0.579227,-0.000352,-0.001033,0.009207,0.051683,0.500,0.578951,0.580138,0.001187,-0.001150,0.000160,0.035070,0.500,0.577614,0.577595,-0.000019,-0.001859,0.001071,0.038998,0.250
1238,camera,3556503,data/1_2024/shard-000477.tar,256x256,vertical,1.3080,1.938,0.6703,31.0,0,0,0.425029,0.422387,-0.002642,0.003384,-0.002277,0.050487,0.250,0.420222,0.420078,-0.000144,0.001647,-0.000064,0.030061,0.500,0.421342,0.422154,0.000812,0.001123,0.000246,0.027263,0.750
1239,camera,4592503,data/1_2024/shard-000477.tar,256x256,vertical,1.1908,1.906,0.2150,-30.5,0,0,0.494918,0.495216,0.000298,0.001214,0.001957,0.047042,0.750,0.492219,0.493163,0.000944,0.000933,0.000958,0.030387,0.500,0.490961,0.492522,0.001562,0.001605,0.001736,0.031426,0.750
1240,camera,1780503,data/1_2024/shard-000477.tar,256x256,horizontal,1.1826,2.125,0.8333,34.0,0,0,0.763396,0.763589,0.000193,-0.000609,0.015969,0.061295,0.250,0.763371,0.763550,0.000180,-0.000840,0.002599,0.043299,0.250,0.762383,0.763014,0.000630,-0.000964,0.002360,0.045663,0.000
1241,camera,6897503,data/1_2024/shard-000477.tar,256x256,vertical,1.1891,2.250,0.8396,36.0,0,0,0.473838,0.473004,-0.000834,0.000143,-0.000733,0.046960,0.250,0.473705,0.472618,-0.001087,-0.000814,-0.000762,0.035308,0.500,0.474279,0.473084,-0.001195,-0.001150,-0.001102,0.037304,0.000
1242,camera,2862503,data/1_2024/shard-000477.tar,256x256,vertical,1.1875,0.469,0.4286,-7.5,0,0,0.553279,0.552302,-0.000977,0.000014,0.044116,0.013653,0.250,0.553975,0.552991,-0.000983,-0.000774,0.005887,0.013415,0.000,0.554710,0.553988,-0.000722,-0.000400,0.005218,0.013390,0.000
1243,camera,1317503,data/1_2024/shard-000477.tar,256x256,vertical,1.1285,1.688,0.1143,-27.0,0,0,0.606714,0.606170,-0.000544,0.000588,-0.000761,0.044569,0.000,0.604240,0.604929,0.000689,0.000539,-0.000146,0.029371,0.500,0.606470,0.606420,-0.000050,-0.000632,-0.000508,0.032650,0.000
1244,camera,8357503,data/1_2024/shard-000477.tar,256x256,vertical,1.1826,2.312,0.1373,-37.0,0,0,0.664613,0.667991,0.003377,0.004094,0.003791,0.070157,0.250,0.663011,0.666691,0.003680,0.003651,0.001714,0.048268,0.250,0.662959,0.665361,0.002402,0.002839,0.000284,0.046602,0.250
1245,camera,5173503,data/1_2024/shard-000477.tar,256x256,vertical,1.1659,0.250,0.4565,-4.0,0,0,0.773183,0.773657,0.000474,-0.000744,-0.000369,0.012851,0.000,0.772541,0.773960,0.001419,-0.000245,-0.001730,0.015171,0.000,0.771085,0.772577,0.001493,-0.000369,-0.001494,0.012719,0.250
1246,camera,689503,data/1_2024/shard-000477.tar,256x256,vertical,1.1891,1.438,0.7170,23.0,0,0,0.669132,0.667875,-0.001257,0.002667,0.002107,0.052938,0.250,0.662484,0.664989,0.002505,0.001317,0.000739,0.044359,0.500,0.662311,0.663002,0.000692,-0.000748,-0.001485,0.045844,0.250
1247,camera,234503,data/1_2024/shard-000477.tar,256x256,horizontal,1.1659,2.625,0.9565,42.0,0,0,0.659537,0.662353,0.002817,0.002675,0.002805,0.066848,0.250,0.659194,0.663034,0.003840,0.002286,0.003704,0.049662,0.500,0.658245,0.662805,0.004561,0.003247,0.004455,0.051677,0.500
1248,camera,6172503,data/1_2024/shard-000477.tar,256x256,vertical,1.2531,2.875,0.1849,-46.0,0,0,0.562608,0.558021,-0.004587,-0.000938,-0.003888,0.081015,0.000,0.557178,0.557246,0.000068,0.001108,0.001316,0.041332,0.250,0.555847,0.557878,0.002032,0.002609,0.002958,0.045511,0.250
1249,camera,947503,data/1_2024/shard-000477.tar,256x256,vertical,1.1908,0.594,0.5888,9.5,0,0,0.664293,0.660525,-0.003768,-0.000468,0.004257,0.034337,0.000,0.660109,0.661646,0.001537,0.001485,0.005191,0.023728,0.250,0.659691,0.661652,0.001961,0.002084,0.006938,0.024271,0.500
1250,camera,4630503,data/1_2024/shard-000477.tar,256x256,horizontal,1.1908,1.094,0.3364,-17.5,0,0,0.624815,0.627793,0.002978,0.002125,0.002868,0.031375,0.250,0.627848,0.629562,0.001714,0.001328,-0.000554,0.031031,0.250,0.625470,0.626206,0.000736,0.001658,-0.000676,0.027579,0.250
1251,camera,7393503,data/1_2024/shard-000477.tar,256x256,horizontal,1.3550,5.625,0.0794,-90.0,0,0,0.616891,0.588545,-0.028345,0.000399,-0.023955,0.169948,0.000,0.591796,0.588699,-0.003097,0.001256,-0.000918,0.097014,0.250,0.592095,0.588723,-0.003372,0.000218,-0.001495,0.087569,0.250
1252,camera,5123503,data/1_2024/shard-000477.tar,256x256,vertical,1.1891,2.062,0.8113,33.0,0,0,0.638059,0.638322,0.000263,0.011250,0.001024,0.112090,0.500,0.636198,0.639281,0.003083,0.001766,-0.000624,0.071261,0.750,0.634190,0.636661,0.002471,0.001695,0.001104,0.060498,0.750
1253,camera,6273503,data/1_2024/shard-000477.tar,256x256,vertical,1.1743,0.906,0.3505,-14.5,0,0,0.784998,0.784566,-0.000431,-0.000498,-0.000501,0.030203,0.000,0.779666,0.782411,0.002745,0.000027,-0.000286,0.025757,0.250,0.779197,0.781541,0.002344,-0.000304,-0.000247,0.022826,0.000
1254,camera,8066503,data/1_2024/shard-000477.tar,256x256,horizontal,1.2390,3.344,0.8905,53.5,0,0,0.692599,0.682548,-0.010051,0.005031,-0.009486,0.132833,0.000,0.686446,0.684004,-0.002442,0.003334,-0.002196,0.091612,0.250,0.687283,0.683385,-0.003898,0.000359,-0.003650,0.095975,0.000
1255,camera,1914503,data/1_2024/shard-000477.tar,256x256,vertical,1.3807,0.500,0.5345,8.0,0,0,0.439628,0.425206,-0.014422,-0.003005,-0.012785,0.033497,0.000,0.418373,0.422861,0.004488,-0.001401,0.000175,0.030834,0.000,0.413657,0.419908,0.006251,0.000871,0.002051,0.025317,0.250
1256,camera,273503,data/1_2024/shard-000477.tar,256x256,vertical,1.1908,1.656,0.7477,26.5,0,0,0.553016,0.559319,0.006303,0.006137,0.040645,0.058463,0.250,0.554307,0.558865,0.004558,0.003943,0.007757,0.042503,0.250,0.550939,0.558708,0.007769,0.005493,0.007263,0.051486,0.500
1257,camera,950503,data/1_2024/shard-000477.tar,256x256,vertical,1.1659,0.688,0.6196,11.0,0,0,0.628242,0.630541,0.002299,0.000348,0.000307,0.039872,0.500,0.617117,0.627823,0.010707,0.001633,0.000780,0.025042,1.000,0.623160,0.632538,0.009377,0.002836,0.001434,0.025185,0.750
1258,camera,6627503,data/1_2024/shard-000477.tar,256x256,vertical,1.2453,1.344,0.6525,21.5,0,0,0.730650,0.729628,-0.001021,0.002709,0.001372,0.062918,0.250,0.729376,0.731317,0.001942,0.001199,0.001105,0.037271,0.500,0.728754,0.730171,0.001417,0.001050,0.000961,0.035918,0.500
1259,camera,5409503,data/1_2024/shard-000477.tar,256x256,vertical,1.3302,5.781,0.0305,-92.5,0,0,0.441577,0.420934,-0.020643,-0.003780,-0.018757,0.140174,0.000,0.420882,0.421648,0.000766,0.003226,0.001301,0.053148,0.500,0.420369,0.420644,0.000275,0.002739,0.000583,0.050215,0.500
1260,camera,2798503,data/1_2024/shard-000477.tar,256x256,vertical,1.2167,1.906,0.2520,-30.5,0,0,0.537984,0.541626,0.003642,0.003699,0.001713,0.057728,0.500,0.539659,0.541017,0.001358,0.000764,0.000460,0.033835,0.500,0.538725,0.539380,0.000654,0.000536,0.000246,0.033985,0.250
1261,camera,4033503,data/1_2024/shard-000477.tar,256x256,vertical,1.2167,3.656,0.9756,58.5,0,0,0.615223,0.608916,-0.006307,-0.000188,-0.005693,0.106238,0.000,0.608765,0.607922,-0.000843,-0.001234,-0.000470,0.077429,0.500,0.606921,0.606889,-0.000032,-0.000454,-0.000558,0.080929,0.500
1262,camera,7004503,data/1_2024/shard-000477.tar,256x256,vertical,1.1875,1.094,0.3333,-17.5,0,0,0.398002,0.397983,-0.000019,-0.000618,-0.000666,0.026261,0.000,0.395333,0.396897,0.001564,-0.000313,0.000172,0.020233,0.250,0.394907,0.396156,0.001249,-0.000217,-0.000158,0.020327,0.250
1263,camera,331503,data/1_2024/shard-000477.tar,256x256,vertical,1.1826,2.875,0.9510,46.0,0,0,0.434512,0.439731,0.005219,0.015783,0.038590,0.102593,0.250,0.417783,0.435816,0.018033,0.020482,0.024790,0.123025,0.500,0.416957,0.435620,0.018662,0.021646,0.026121,0.129631,0.750
1264,camera,4761503,data/1_2024/shard-000477.tar,256x256,horizontal,1.3463,6.312,0.0144,-101.0,0,0,0.441638,0.424384,-0.017254,0.000797,-0.019276,0.155623,0.250,0.418598,0.424237,0.005640,0.006113,0.000613,0.073637,0.500,0.417369,0.420944,0.003575,0.007558,-0.002516,0.076930,0.500
1265,camera,3849503,data/1_2024/shard-000477.tar,256x256,horizontal,1.1891,3.250,0.0094,-52.0,0,0,0.547160,0.560229,0.013069,0.018779,0.018647,0.157556,0.250,0.543542,0.555587,0.012044,0.023257,0.011770,0.126905,0.750,0.543643,0.557385,0.013742,0.020491,0.010123,0.125673,0.500
1266,camera,4453503,data/1_2024/shard-000477.tar,256x256,vertical,1.2686,0.250,0.4744,-4.0,0,0,0.524839,0.521553,-0.003286,-0.000217,-0.000757,0.008606,0.000,0.519110,0.518851,-0.000259,0.000597,-0.000992,0.009201,0.250,0.518944,0.516903,-0.002041,0.000519,-0.002206,0.009326,0.250
1267,camera,5662503,data/1_2024/shard-000477.tar,256x256,vertical,1.2327,1.031,0.3759,-16.5,0,0,0.495982,0.494852,-0.001131,-0.000534,-0.000618,0.019279,0.000,0.497243,0.497333,0.000089,-0.000925,-0.000962,0.015923,0.000,0.497570,0.498677,0.001107,-0.000490,-0.000471,0.017539,0.000
1268,camera,3608503,data/1_2024/shard-000477.tar,256x256,vertical,1.1759,1.812,0.2041,-29.0,0,0,0.433323,0.434647,0.001325,0.003507,-0.000290,0.069169,0.500,0.429365,0.438139,0.008774,0.006158,0.000883,0.051007,0.500,0.428659,0.435641,0.006982,0.005067,0.000718,0.048525,0.500
1269,camera,5175503,data/1_2024/shard-000477.tar,256x256,vertical,1.1891,0.250,0.4623,-4.0,0,0,0.323574,0.320646,-0.002928,0.000139,-0.001663,0.008765,0.250,0.321368,0.319309,-0.002059,0.000080,-0.001600,0.009255,0.250,0.315958,0.314638,-0.001319,0.000111,-0.000864,0.008646,0.250
1270,camera,4196503,data/1_2024/shard-000477.tar,256x256,horizontal,1.2778,4.875,0.0185,-78.0,0,0,0.640303,0.625788,-0.014515,0.000939,-0.012676,0.168482,0.250,0.618188,0.626258,0.008070,0.008720,0.007096,0.082994,0.250,0.617601,0.626689,0.009088,0.010470,0.009416,0.086793,0.500
1271,camera,3416503,data/1_2024/shard-000477.tar,256x256,vertical,1.1609,1.656,0.2022,-26.5,0,0,0.558811,0.558589,-0.000222,0.000822,0.002258,0.035705,0.250,0.558246,0.558628,0.000383,0.001038,0.000679,0.031266,0.250,0.557750,0.558265,0.000515,0.001232,0.001362,0.029053,0.750
1272,camera,4533503,data/1_2024/shard-000477.tar,256x256,vertical,1.1875,1.531,0.2667,-24.5,0,0,0.557602,0.556906,-0.000696,0.000734,0.000067,0.038058,0.000,0.555854,0.557551,0.001697,0.001877,0.000548,0.034818,0.250,0.556917,0.558895,0.001978,0.001621,0.000411,0.034853,0.250
1273,camera,121503,data/1_2024/shard-000477.tar,256x256,vertical,1.1908,0.156,0.5234,2.5,0,0,0.612297,0.612368,0.000071,-0.000069,0.001999,0.008105,0.000,0.610643,0.611445,0.000802,-0.000029,0.000411,0.006146,0.250,0.610065,0.609815,-0.000250,-0.000007,0.000435,0.005627,0.000
1274,camera,8049503,data/1_2024/shard-000477.tar,256x256,vertical,1.1541,2.281,0.0706,-36.5,0,0,0.348243,0.346578,-0.001664,-0.000498,0.002153,0.047491,0.000,0.348453,0.347555,-0.000897,-0.000314,0.000080,0.029936,0.250,0.347879,0.347918,0.000039,0.000381,0.001629,0.028852,0.500
1275,camera,182503,data/1_2024/shard-000477.tar,256x256,vertical,1.1541,2.406,0.0471,-38.5,0,0,0.466550,0.467980,0.001430,0.002484,0.002506,0.049625,0.250,0.466923,0.467972,0.001048,0.000699,0.000691,0.037244,0.250,0.465408,0.466699,0.001292,0.001795,0.001285,0.039611,0.250
1276,camera,4049503,data/1_2024/shard-000477.tar,256x256,horizontal,1.1541,1.094,0.7059,17.5,0,0,0.364550,0.364492,-0.000057,-0.000829,0.000582,0.023789,0.000,0.365623,0.364961,-0.000662,-0.001186,0.000181,0.020278,0.000,0.366164,0.365142,-0.001022,-0.001578,0.000018,0.019919,0.000
1277,camera,7311503,data/1_2024/shard-000477.tar,256x256,vertical,1.3184,3.156,0.2328,-50.5,0,0,0.776403,0.770639,-0.005764,0.003784,0.033444,0.100898,0.250,0.769488,0.771732,0.002244,0.003581,0.006886,0.066220,1.000,0.768633,0.770838,0.002205,0.005997,0.007706,0.059780,1.000
1278,camera,1550503,data/1_2024/shard-000477.tar,256x256,vertical,1.1891,0.188,0.4717,-3.0,0,0,0.665351,0.661463,-0.003888,-0.000202,0.003926,0.008632,0.000,0.662058,0.660222,-0.001836,-0.000651,0.001494,0.009749,0.000,0.661118,0.660244,-0.000873,0.000077,0.001973,0.007548,0.500
1279,camera,4720503,data/1_2024/shard-000477.tar,256x256,horizontal,1.1891,0.562,0.4151,-9.0,0,0,0.523370,0.522687,-0.000683,0.000472,-0.000652,0.040308,0.000,0.522408,0.523121,0.000713,-0.000031,-0.000398,0.035300,0.250,0.521991,0.523587,0.001597,0.001076,0.000413,0.033886,0.750
1280,camera,3256503,data/1_2024/shard-000477.tar,256x256,vertical,1.2945,3.406,0.1850,-54.5,0,0,0.771961,0.764424,-0.007536,-0.000905,-0.001822,0.085574,0.000,0.762754,0.764717,0.001963,0.003030,0.002882,0.038346,0.750,0.760593,0.762128,0.001535,0.003084,0.002982,0.037572,0.750
1281,camera,2499503,data/1_2024/shard-000477.tar,256x256,vertical,1.1891,0.562,0.5849,9.0,0,0,0.454523,0.455351,0.000828,0.000418,-0.000049,0.012788,0.250,0.452898,0.453145,0.000247,0.000656,-0.000115,0.013437,0.250,0.455107,0.455281,0.000175,0.000860,-0.000198,0.014982,0.250
1282,camera,6469503,data/1_2024/shard-000477.tar,256x256,horizontal,1.1592,0.625,0.6136,10.0,0,0,0.782744,0.782349,-0.000394,0.002189,0.000980,0.040291,0.500,0.782220,0.781590,-0.000630,0.000821,0.000958,0.032194,0.250,0.784344,0.782639,-0.001705,0.000647,0.000687,0.036585,0.250
1283,camera,992503,data/1_2024/shard-000477.tar,256x256,horizontal,1.3332,4.656,0.8744,74.5,0,0,0.693805,0.666965,-0.026840,-0.006864,-0.022933,0.145161,0.000,0.669940,0.665188,-0.004752,-0.002191,-0.003896,0.048632,0.000,0.668323,0.664390,-0.003933,-0.001563,-0.002743,0.052030,0.000
1284,camera,1262503,data/1_2024/shard-000477.tar,256x256,vertical,1.1842,3.156,0.0097,-50.5,0,0,0.459771,0.454694,-0.005077,-0.002200,-0.003950,0.083011,0.000,0.458295,0.455554,-0.002741,-0.001998,-0.002300,0.046033,0.000,0.457247,0.455526,-0.001721,-0.001326,-0.001473,0.046904,0.000
1285,camera,6061503,data/1_2024/shard-000477.tar,256x256,vertical,1.3390,5.094,0.9015,81.5,0,0,0.654101,0.630531,-0.023570,0.003381,-0.023135,0.161920,0.000,0.634386,0.630427,-0.003958,-0.002020,-0.006720,0.075186,0.000,0.635496,0.630880,-0.004616,-0.003438,-0.006585,0.070355,0.000
1286,camera,2821503,data/1_2024/shard-000477.tar,256x256,vertical,1.1842,2.656,0.9126,42.5,0,0,0.795302,0.791245,-0.004057,-0.004511,-0.001479,0.089308,0.000,0.787587,0.792386,0.004799,0.001485,0.000364,0.053349,0.500,0.785679,0.791923,0.006244,0.002703,0.001065,0.052798,0.500
1287,camera,5555503,data/1_2024/shard-000477.tar,256x256,vertical,1.2516,2.719,0.2000,-43.5,0,0,0.577080,0.573011,-0.004069,-0.000742,-0.004251,0.057440,0.000,0.570852,0.572651,0.001799,0.001581,0.000976,0.031396,0.500,0.570290,0.572056,0.001766,0.000881,0.000787,0.029799,1.000
1288,camera,7708503,data/1_2024/shard-000477.tar,256x256,vertical,1.1875,2.719,0.0857,-43.5,0,0,0.374008,0.371807,-0.002201,0.000439,0.020513,0.070490,0.250,0.372005,0.372826,0.000821,0.000862,0.003539,0.034942,0.500,0.371272,0.371537,0.000265,0.000128,0.003546,0.037462,0.500
1289,camera,6113503,data/1_2024/shard-000477.tar,256x256,vertical,1.4909,7.281,0.1278,-116.5,0,0,0.704581,0.644856,-0.059724,-0.008416,-0.058881,0.156723,0.000,0.650511,0.645339,-0.005171,-0.003169,-0.005861,0.078187,0.000,0.647920,0.644793,-0.003127,-0.004650,-0.004038,0.075276,0.000
1290,camera,6080503,data/1_2024/shard-000477.tar,256x256,vertical,1.1891,0.375,0.5566,6.0,0,0,0.626848,0.624351,-0.002497,-0.000576,-0.004531,0.014751,0.250,0.622099,0.622014,-0.000085,0.000280,-0.001770,0.013709,0.500,0.624886,0.624732,-0.000154,-0.000229,-0.002562,0.012602,0.250
1291,camera,2557503,data/1_2024/shard-000477.tar,256x256,vertical,1.1891,2.125,0.8208,34.0,0,0,0.560706,0.561284,0.000578,0.002011,0.000880,0.051376,0.500,0.558507,0.561476,0.002969,0.004119,0.001609,0.045242,0.500,0.556097,0.558190,0.002093,0.005341,0.001842,0.046340,0.750
1292,camera,2235503,data/1_2024/shard-000477.tar,256x256,vertical,1.3535,0.844,0.4366,-13.5,0,0,0.464820,0.460120,-0.004699,-0.000098,0.009907,0.037260,0.000,0.458738,0.460150,0.001412,0.000753,0.001996,0.027385,0.500,0.455843,0.457839,0.001996,0.000361,0.002548,0.027555,0.500
1293,camera,5185503,data/1_2024/shard-000477.tar,256x256,horizontal,1.2702,4.719,0.0191,-75.5,0,0,0.705195,0.691305,-0.013891,0.008541,-0.012559,0.171670,0.000,0.696238,0.693084,-0.003153,0.004997,-0.001168,0.095278,0.000,0.696204,0.693412,-0.002792,0.003669,-0.001225,0.086745,0.000
1294,camera,1983503,data/1_2024/shard-000477.tar,256x256,vertical,1.1826,2.250,0.1471,-36.0,0,0,0.593511,0.588262,-0.005249,-0.001134,-0.001557,0.056020,0.000,0.592183,0.590455,-0.001728,0.000060,-0.000112,0.035763,0.000,0.589293,0.588523,-0.000770,-0.000803,-0.000122,0.037708,0.250
1295,camera,3005503,data/1_2024/shard-000477.tar,256x256,vertical,1.1891,2.562,0.1132,-41.0,0,0,0.350168,0.355506,0.005338,0.007952,0.004090,0.093083,0.250,0.343741,0.352694,0.008954,0.008728,0.004817,0.078324,1.000,0.341582,0.350821,0.009239,0.011729,0.008639,0.080818,0.750
1296,camera,5224503,data/1_2024/shard-000477.tar,256x256,vertical,1.2437,1.812,0.2929,-29.0,0,0,0.730647,0.730757,0.000111,0.000151,-0.000022,0.048747,0.250,0.732237,0.732596,0.000359,0.000459,0.000659,0.045194,0.250,0.732427,0.734840,0.002413,0.001755,0.001189,0.048064,0.250
1297,camera,4409503,data/1_2024/shard-000477.tar,256x256,horizontal,1.1809,0.406,0.4356,-6.5,0,0,0.543360,0.539552,-0.003808,0.001526,-0.000834,0.023411,0.000,0.533297,0.535265,0.001968,0.003861,0.003226,0.028664,0.250,0.530901,0.535078,0.004178,0.002643,0.006228,0.022220,0.250
1298,camera,2522503,data/1_2024/shard-000477.tar,256x256,horizontal,1.1592,1.625,0.7955,26.0,0,0,0.918474,0.918844,0.000370,0.004255,0.000348,0.054272,0.750,0.916804,0.917696,0.000891,0.003489,0.001741,0.052308,0.750,0.916797,0.917887,0.001090,0.004662,0.002447,0.053794,0.750
1299,camera,8088503,data/1_2024/shard-000477.tar,256x256,horizontal,1.1354,2.062,0.0541,-33.0,0,0,0.502236,0.500945,-0.001291,-0.000425,0.004594,0.055367,0.250,0.501240,0.501267,0.000027,0.000110,0.003366,0.050618,0.500,0.501305,0.501433,0.000128,-0.000422,0.001612,0.051495,0.250
1300,camera,423503,data/1_2024/shard-000477.tar,256x256,horizontal,1.2247,0.438,0.5547,7.0,0,0,0.822230,0.819668,-0.002562,0.000546,0.000132,0.018402,0.000,0.819243,0.818658,-0.000586,0.000532,0.000246,0.014704,0.250,0.820297,0.819787,-0.000510,0.000516,0.000428,0.016717,0.250
1301,camera,4975503,data/1_2024/shard-000477.tar,256x256,vertical,1.1875,0.594,0.4095,-9.5,0,0,0.392082,0.392898,0.000816,0.000613,-0.000846,0.017548,0.500,0.393170,0.392653,-0.000516,-0.001665,-0.001721,0.028167,0.250,0.394214,0.394027,-0.000187,-0.000610,-0.000755,0.019732,0.500
1302,camera,2819503,data/1_2024/shard-000477.tar,256x256,vertical,1.1180,1.062,0.2344,-17.0,0,0,0.304746,0.301731,-0.003014,-0.003153,0.000230,0.041592,0.250,0.305607,0.303629,-0.001978,-0.002698,0.000083,0.033832,0.250,0.307804,0.305722,-0.002082,-0.003283,0.000115,0.036048,0.250
1303,camera,7776503,data/1_2024/shard-000477.tar,256x256,vertical,1.1726,0.375,0.5625,6.0,0,0,0.580073,0.580112,0.000039,0.000579,-0.000134,0.017908,0.500,0.584497,0.582598,-0.001898,0.000052,0.000995,0.014697,0.250,0.584917,0.584068,-0.000848,-0.000155,0.001588,0.014536,0.250
1304,camera,5055503,data/1_2024/shard-000477.tar,256x256,vertical,1.3346,2.438,0.3050,-39.0,0,0,0.654778,0.650362,-0.004416,-0.000620,-0.002520,0.076405,0.000,0.651298,0.652739,0.001440,0.002496,0.002538,0.044526,0.250,0.649580,0.649552,-0.000028,0.002600,0.000802,0.045069,0.500
1305,camera,2774503,data/1_2024/shard-000477.tar,256x256,vertical,1.1891,0.812,0.6226,13.0,0,0,0.504123,0.503068,-0.001055,-0.002216,0.013325,0.031571,0.000,0.500835,0.502613,0.001778,-0.000455,0.002113,0.023823,0.000,0.499091,0.499757,0.000666,-0.000307,0.002356,0.022567,0.250
1306,camera,1344503,data/1_2024/shard-000477.tar,256x256,horizontal,1.2778,4.500,0.0556,-72.0,0,0,0.499599,0.490765,-0.008834,0.003974,-0.009410,0.157131,0.250,0.485824,0.489043,0.003219,0.004381,0.001950,0.079661,0.250,0.487261,0.490730,0.003469,0.005093,0.003270,0.080529,0.500
1307,camera,1617503,data/1_2024/shard-000477.tar,256x256,vertical,1.2854,1.844,0.3234,-29.5,0,0,0.485015,0.476657,-0.008358,-0.005466,0.006629,0.062123,0.000,0.481245,0.475786,-0.005459,-0.000445,0.000991,0.037185,0.000,0.481027,0.475418,-0.005608,0.000792,0.001709,0.037605,0.250
1308,camera,8059503,data/1_2024/shard-000477.tar,256x256,horizontal,1.1541,0.969,0.3176,-15.5,0,0,0.601968,0.599699,-0.002269,-0.000904,-0.001418,0.034774,0.000,0.602126,0.603762,0.001636,0.001002,0.002173,0.032574,0.250,0.598975,0.599185,0.000210,-0.000276,0.001393,0.031063,0.250
1309,camera,5999503,data/1_2024/shard-000477.tar,256x256,vertical,1.3863,6.188,0.9195,99.0,0,0,0.133840,0.148388,0.014548,0.002826,0.007675,0.173132,0.250,0.116441,0.138521,0.022080,0.009758,0.010050,0.083361,0.500,0.115374,0.129155,0.013781,0.010027,0.008940,0.087835,0.250
1310,camera,6831503,data/1_2024/shard-000477.tar,256x256,vertical,1.2247,2.188,0.7734,35.0,0,0,0.645597,0.649066,0.003468,0.004517,0.002836,0.088373,0.500,0.643317,0.651881,0.008564,0.000297,0.004684,0.069712,0.500,0.642429,0.645242,0.002813,-0.000438,-0.000409,0.057495,0.250
1311,camera,7357503,data/1_2024/shard-000477.tar,256x256,vertical,1.1490,1.375,0.2317,-22.0,0,0,0.640063,0.640092,0.000029,-0.000105,0.000948,0.050462,0.250,0.641360,0.641701,0.000341,-0.001234,-0.001306,0.041808,0.250,0.640045,0.641249,0.001203,-0.000094,0.000052,0.038866,0.250
1312,camera,5305503,data/1_2024/shard-000477.tar,256x256,horizontal,1.1626,1.062,0.6889,17.0,0,0,0.479121,0.479014,-0.000108,-0.001955,-0.002619,0.066778,0.500,0.476838,0.479388,0.002549,-0.002415,-0.000738,0.054424,0.750,0.481855,0.480512,-0.001343,-0.004993,0.000668,0.054776,0.500
1313,camera,2437503,data/1_2024/shard-000477.tar,256x256,vertical,1.2022,1.375,0.3070,-22.0,0,0,0.551058,0.550162,-0.000896,0.000550,0.003428,0.029836,0.250,0.550631,0.550942,0.000311,0.000247,0.000895,0.025670,0.250,0.549123,0.549976,0.000853,0.000458,0.001098,0.027138,0.250
1314,camera,734503,data/1_2024/shard-000477.tar,256x256,vertical,1.1022,0.594,0.6727,9.5,0,0,0.309859,0.310879,0.001020,-0.000168,-0.000142,0.036467,0.250,0.306658,0.309670,0.003012,0.000261,0.000207,0.029736,0.250,0.306651,0.310112,0.003461,0.000460,-0.000382,0.030183,0.250
1315,camera,3601503,data/1_2024/shard-000477.tar,256x256,vertical,1.1908,2.781,0.9159,44.5,0,0,0.580927,0.581482,0.000556,0.003516,0.000366,0.092120,0.250,0.580055,0.581154,0.001100,0.000569,-0.000985,0.068184,0.250,0.580038,0.580914,0.000875,0.001000,-0.001332,0.073265,0.500
1316,camera,4266503,data/1_2024/shard-000477.tar,256x256,vertical,1.1541,1.719,0.8235,27.5,0,0,0.612506,0.612977,0.000471,-0.005195,-0.005157,0.073904,0.250,0.608618,0.613091,0.004472,0.000672,0.000837,0.050577,0.250,0.604497,0.609385,0.004888,0.000374,0.000517,0.049842,0.500
1317,camera,34503,data/1_2024/shard-000477.tar,256x256,horizontal,1.1541,2.469,0.0353,-39.5,0,0,0.537313,0.534330,-0.002983,0.000455,0.000596,0.061773,0.500,0.538693,0.536091,-0.002603,-0.000862,-0.002491,0.044149,0.500,0.538739,0.536763,-0.001976,-0.001131,-0.001795,0.048040,0.500
1318,camera,7917503,data/1_2024/shard-000477.tar,256x256,horizontal,1.1371,2.344,0.0000,-37.5,0,0,0.335662,0.337255,0.001593,0.007910,0.005495,0.084498,0.500,0.336479,0.339805,0.003326,0.010898,0.004354,0.084593,0.750,0.336023,0.337671,0.001648,0.005949,0.001982,0.067392,0.750
1319,camera,4123503,data/1_2024/shard-000477.tar,256x256,vertical,1.1891,1.375,0.7075,22.0,0,0,0.421878,0.421820,-0.000058,0.001411,0.022714,0.042365,0.250,0.423507,0.423803,0.000296,0.001238,0.004489,0.035041,0.500,0.425952,0.425360,-0.000592,0.000976,0.004062,0.033958,0.500
1320,camera,864503,data/1_2024/shard-000477.tar,256x256,horizontal,1.1541,0.219,0.4588,-3.5,0,0,0.443805,0.444745,0.000940,0.000742,0.003880,0.011497,0.250,0.443795,0.445386,0.001591,0.000305,-0.001482,0.008631,0.750,0.442985,0.444111,0.001126,0.001824,-0.001662,0.014434,0.500
1321,camera,7890503,data/1_2024/shard-000477.tar,256x256,vertical,1.1941,3.031,0.0550,-48.5,0,0,0.280881,0.278144,-0.002737,-0.000102,-0.001256,0.076703,0.000,0.277316,0.278593,0.001277,0.002692,0.002239,0.041869,0.750,0.276343,0.278084,0.001741,0.002339,0.002028,0.043471,0.500
1322,camera,6309503,data/1_2024/shard-000477.tar,256x256,vertical,1.2406,0.000,0.5000,0.0,1,0,0.586925,0.586790,-0.000135,,0.016479,,0.250,0.586172,0.586489,0.000317,,0.002316,,0.250,0.586736,0.587237,0.000501,,0.002956,,0.500
1323,camera,7220503,data/1_2024/shard-000477.tar,256x256,horizontal,1.3376,3.438,0.2277,-55.0,0,0,0.847783,0.839139,-0.008644,-0.001375,-0.010156,0.093384,0.000,0.836461,0.838311,0.001850,-0.000204,0.000225,0.034121,0.250,0.836564,0.838586,0.002023,0.000171,0.000134,0.031619,0.500
1324,camera,5714503,data/1_2024/shard-000477.tar,256x256,vertical,1.1957,0.188,0.4727,-3.0,0,0,0.122565,0.124735,0.002170,-0.000329,0.000971,0.010763,0.250,0.122219,0.125001,0.002782,-0.000284,0.002781,0.009825,0.000,0.121958,0.124992,0.003034,0.000076,0.003070,0.007566,0.500
1325,camera,2308503,data/1_2024/shard-000477.tar,256x256,horizontal,1.1859,2.438,0.1250,-39.0,0,0,0.758233,0.762334,0.004100,0.005517,0.006751,0.094650,0.250,0.757928,0.763965,0.006036,0.005090,0.009487,0.065523,0.500,0.757354,0.764859,0.007505,0.006292,0.009189,0.076708,0.500
1326,camera,7172503,data/1_2024/shard-000477.tar,256x256,vertical,1.1809,3.031,0.0198,-48.5,0,0,0.476643,0.472088,-0.004554,0.001530,0.007913,0.077418,0.000,0.473278,0.471615,-0.001663,0.002970,0.004507,0.056583,0.250,0.473826,0.472221,-0.001606,0.003034,0.004078,0.053745,0.250
1327,camera,7702503,data/1_2024/shard-000477.tar,256x256,vertical,1.2119,1.250,0.6667,20.0,0,0,0.791428,0.791773,0.000345,0.000238,0.000647,0.044589,0.250,0.792158,0.789878,-0.002280,-0.003729,-0.003354,0.061795,0.500,0.790386,0.790946,0.000560,-0.000965,-0.000782,0.052037,0.500
1328,camera,4458503,data/1_2024/shard-000477.tar,256x256,vertical,1.1891,2.938,0.0566,-47.0,0,0,0.558424,0.557526,-0.000898,0.000111,-0.000201,0.078307,0.250,0.558387,0.557211,-0.001175,-0.000945,-0.001077,0.052919,0.500,0.558499,0.557267,-0.001231,-0.000523,0.000022,0.051195,0.500
1329,camera,1526503,data/1_2024/shard-000477.tar,256x256,vertical,1.1891,0.875,0.6321,14.0,0,0,0.509319,0.507697,-0.001622,0.001801,0.002887,0.029326,0.000,0.508233,0.511361,0.003128,0.002384,0.002631,0.030642,0.500,0.508450,0.511730,0.003280,0.002975,0.002967,0.033371,0.500
1330,camera,7373503,data/1_2024/shard-000477.tar,256x256,vertical,1.1473,0.344,0.5679,5.5,0,0,0.589157,0.590319,0.001162,0.000597,-0.000678,0.010880,0.750,0.587574,0.588423,0.000849,0.000561,-0.000425,0.012024,0.750,0.586364,0.588096,0.001732,0.000941,-0.000465,0.012066,0.750
1331,camera,1496503,data/1_2024/shard-000477.tar,256x256,vertical,1.1233,1.844,0.0597,-29.5,0,0,0.610793,0.609483,-0.001309,-0.000949,-0.000932,0.047813,0.000,0.612566,0.612167,-0.000400,-0.000397,-0.000422,0.039224,0.000,0.607760,0.608492,0.000732,0.000663,0.000345,0.037168,0.250
1332,camera,1348503,data/1_2024/shard-000477.tar,256x256,vertical,1.1180,1.000,0.2500,-16.0,0,0,0.266014,0.266277,0.000263,0.000837,0.000542,0.033959,0.750,0.264969,0.265449,0.000481,0.000990,0.000110,0.031546,0.500,0.264724,0.265231,0.000506,0.001172,-0.000240,0.030447,0.500
1333,camera,2955503,data/1_2024/shard-000477.tar,256x256,vertical,1.1057,0.219,0.4386,-3.5,0,0,0.473429,0.473945,0.000516,-0.000235,0.004496,0.011981,0.000,0.474766,0.474727,-0.000039,-0.000507,0.002430,0.010029,0.000,0.475964,0.475847,-0.000117,-0.000416,0.002191,0.009296,0.250
1334,camera,779503,data/1_2024/shard-000477.tar,256x256,vertical,1.1842,3.156,0.0097,-50.5,0,0,0.664382,0.663885,-0.000497,0.002057,0.001038,0.078528,0.250,0.661408,0.663008,0.001600,0.001333,0.001404,0.060598,0.750,0.660336,0.661981,0.001644,0.002342,0.002386,0.056279,0.750
1335,camera,4107503,data/1_2024/shard-000477.tar,256x256,vertical,1.3110,3.062,0.2337,-49.0,0,0,0.404865,0.400337,-0.004528,0.007726,-0.006649,0.119721,0.250,0.393148,0.397825,0.004677,0.007909,-0.001467,0.073688,0.250,0.393499,0.397501,0.004003,0.005244,-0.001346,0.058252,0.250
1336,camera,1453503,data/1_2024/shard-000477.tar,256x256,vertical,1.2006,1.344,0.6903,21.5,0,0,0.558976,0.563352,0.004376,0.007207,0.003729,0.090795,0.250,0.551269,0.560345,0.009076,0.005249,0.001085,0.075480,0.750,0.550926,0.560610,0.009684,0.011814,0.002022,0.094665,1.000
1337,camera,1867503,data/1_2024/shard-000477.tar,256x256,vertical,1.1924,2.875,0.0741,-46.0,0,0,0.623589,0.618077,-0.005512,0.001177,-0.001630,0.089784,0.000,0.616090,0.618150,0.002059,0.002187,0.003144,0.065599,1.000,0.616690,0.620060,0.003369,0.002385,0.003728,0.067847,1.000
1338,camera,7722503,data/1_2024/shard-000477.tar,256x256,vertical,1.1891,2.750,0.0849,-44.0,0,0,0.462984,0.460226,-0.002758,0.000318,-0.001940,0.061366,0.000,0.460364,0.460640,0.000275,0.000848,0.000176,0.036572,0.500,0.460649,0.460935,0.000286,0.001984,0.000410,0.036140,0.750
1339,camera,7700503,data/1_2024/shard-000477.tar,256x256,vertical,1.3140,3.562,0.8065,57.0,0,0,0.635630,0.629178,-0.006452,0.004603,-0.008002,0.135662,0.250,0.622013,0.626369,0.004356,0.003490,-0.000162,0.067614,0.500,0.624548,0.629757,0.005209,0.002886,-0.000359,0.073841,0.500
1340,camera,335503,data/1_2024/shard-000477.tar,256x256,vertical,1.1676,2.594,0.9462,41.5,0,0,0.511523,0.510282,-0.001241,0.002483,-0.000029,0.091085,0.250,0.509229,0.510586,0.001357,0.002898,0.000218,0.065251,0.750,0.508444,0.508892,0.000448,0.004075,-0.000012,0.063644,0.500
1341,camera,2075503,data/1_2024/shard-000477.tar,256x256,vertical,1.1842,1.969,0.1942,-31.5,0,0,0.406819,0.413785,0.006965,0.013097,0.005154,0.084762,0.500,0.408676,0.415996,0.007320,0.007097,0.001760,0.057240,0.750,0.407507,0.412720,0.005212,0.006306,0.001899,0.057756,0.750
1342,camera,76503,data/1_2024/shard-000477.tar,256x256,horizontal,1.1405,1.406,0.2078,-22.5,0,0,0.452096,0.451474,-0.000622,0.002164,0.000329,0.037517,0.250,0.452710,0.452450,-0.000261,0.001290,-0.000803,0.027302,0.250,0.447810,0.447719,-0.000091,0.002738,0.000680,0.032312,0.500
1343,camera,2904503,data/1_2024/shard-000477.tar,256x256,vertical,1.1826,0.250,0.5392,4.0,0,0,0.472898,0.469508,-0.003390,-0.000339,0.004148,0.012036,0.000,0.467425,0.468751,0.001326,-0.000347,0.001749,0.008754,0.250,0.467370,0.468315,0.000945,-0.000272,0.002024,0.008572,0.500
1344,camera,5038503,data/1_2024/shard-000477.tar,256x256,horizontal,1.2279,2.438,0.2000,-39.0,0,0,0.571011,0.572037,0.001026,-0.001247,-0.003111,0.083961,0.250,0.563793,0.571789,0.007996,0.001991,0.008441,0.049770,0.750,0.563690,0.570142,0.006452,0.001380,0.008117,0.049778,0.750
1345,camera,7656503,data/1_2024/shard-000477.tar,256x256,horizontal,1.3065,3.531,0.1878,-56.5,0,0,0.603959,0.600329,-0.003630,0.035562,-0.004678,0.227214,0.250,0.584195,0.602104,0.017908,0.034788,0.014553,0.160795,0.750,0.582572,0.602978,0.020407,0.035494,0.015511,0.166819,1.000
1346,camera,4011503,data/1_2024/shard-000477.tar,256x256,vertical,1.1541,2.344,0.9412,37.5,0,0,0.549689,0.550837,0.001148,0.006650,0.000498,0.094876,0.750,0.548258,0.550074,0.001816,0.003926,0.000821,0.076716,0.750,0.548857,0.549453,0.000596,0.002928,0.000950,0.077777,0.750
1347,camera,4548503,data/1_2024/shard-000477.tar,256x256,vertical,1.2640,1.594,0.3333,-25.5,0,0,0.355156,0.357622,0.002466,-0.005087,-0.000388,0.066236,0.250,0.348553,0.358201,0.009647,0.000565,0.000953,0.038056,0.500,0.345597,0.352380,0.006783,0.002626,0.007078,0.040943,0.750
1348,camera,7325503,data/1_2024/shard-000477.tar,256x256,vertical,1.1759,1.688,0.2245,-27.0,0,0,0.478739,0.476616,-0.002123,-0.000038,0.002372,0.052290,0.000,0.476114,0.476218,0.000103,0.000506,0.001079,0.057927,0.250,0.476464,0.477623,0.001159,0.000385,0.000247,0.063002,0.500
1349,camera,3386503,data/1_2024/shard-000477.tar,256x256,vertical,1.1592,0.312,0.4432,-5.0,0,0,0.521495,0.522299,0.000804,0.000103,-0.000196,0.013598,0.750,0.520931,0.522876,0.001945,0.000176,0.000212,0.009015,0.750,0.521740,0.523576,0.001837,0.000010,0.000041,0.009163,0.750
1350,camera,4019503,data/1_2024/shard-000477.tar,256x256,vertical,1.1826,3.062,0.0196,-49.0,0,0,0.643920,0.645654,0.001734,0.005360,0.005194,0.098389,0.500,0.641174,0.644687,0.003513,0.004884,0.003547,0.071043,0.250,0.639471,0.641531,0.002059,0.003608,0.001752,0.065554,0.250
1351,camera,675503,data/1_2024/shard-000477.tar,256x256,vertical,1.2055,1.938,0.7672,31.0,0,0,0.499939,0.500707,0.000768,-0.000277,0.000361,0.055277,0.250,0.497037,0.501720,0.004683,0.002979,0.001238,0.042422,0.500,0.494360,0.500001,0.005642,0.003529,0.001036,0.042045,0.750
1352,camera,7513503,data/1_2024/shard-000477.tar,256x256,vertical,1.1891,0.312,0.5472,5.0,0,0,0.557255,0.557745,0.000491,-0.000424,0.000114,0.010616,0.000,0.554823,0.557079,0.002256,-0.000083,0.000306,0.009630,0.250,0.553824,0.556490,0.002666,0.000147,0.000273,0.010126,0.250
1353,camera,117503,data/1_2024/shard-000477.tar,256x256,vertical,1.2562,1.812,0.6959,29.0,0,0,0.310866,0.313127,0.002261,-0.003279,-0.005712,0.070291,0.000,0.303223,0.313166,0.009943,0.000209,-0.000910,0.043457,0.500,0.300369,0.309268,0.008899,0.002211,0.000978,0.048947,0.500
1354,camera,7354503,data/1_2024/shard-000477.tar,256x256,horizontal,1.3807,5.875,0.9052,94.0,0,0,0.668472,0.637900,-0.030572,-0.007161,-0.029026,0.145511,0.000,0.636759,0.638903,0.002143,0.002113,-0.000249,0.061304,0.250,0.637944,0.640123,0.002179,0.000646,-0.001163,0.056452,0.250
1355,camera,2135503,data/1_2024/shard-000477.tar,256x256,horizontal,1.2547,1.219,0.6327,19.5,0,0,0.710508,0.704426,-0.006082,0.007530,0.002770,0.043753,0.000,0.699339,0.701636,0.002298,0.004788,0.004204,0.033139,1.000,0.700709,0.701571,0.000862,0.004606,0.003647,0.035851,0.750
1356,camera,2240503,data/1_2024/shard-000477.tar,256x256,vertical,1.1891,1.938,0.2075,-31.0,0,0,0.502340,0.504997,0.002657,0.001366,0.002067,0.044875,0.500,0.503749,0.506322,0.002573,0.001430,0.001885,0.039434,0.500,0.504296,0.506700,0.002404,0.001672,0.002230,0.040754,0.500
1357,camera,5385503,data/1_2024/shard-000477.tar,256x256,vertical,1.1405,0.656,0.3636,-10.5,0,0,0.381413,0.386574,0.005162,0.005894,0.005196,0.045761,0.750,0.382494,0.389035,0.006541,0.006392,0.005267,0.044861,0.750,0.378760,0.385635,0.006874,0.006637,0.004796,0.038832,0.750
1358,camera,2243503,data/1_2024/shard-000477.tar,256x256,horizontal,1.2311,2.250,0.2273,-36.0,0,0,0.727095,0.721213,-0.005882,0.001601,-0.003622,0.052298,0.000,0.720135,0.719671,-0.000464,0.000689,-0.000916,0.034813,0.250,0.724240,0.722740,-0.001501,0.000029,-0.001681,0.035808,0.250
1359,camera,7772503,data/1_2024/shard-000477.tar,256x256,horizontal,1.1439,1.719,0.1519,-27.5,0,0,0.455085,0.455775,0.000690,0.005871,0.000729,0.074639,0.250,0.454009,0.455542,0.001533,0.005934,0.001692,0.065267,0.750,0.454120,0.455969,0.001849,0.005406,0.001880,0.061229,0.500
1360,camera,3916503,data/1_2024/shard-000477.tar,256x256,vertical,1.1891,1.000,0.6509,16.0,0,0,0.897932,0.897510,-0.000422,0.000430,0.013829,0.040087,0.250,0.897524,0.897983,0.000458,0.000986,0.004271,0.027206,0.250,0.899043,0.897852,-0.001191,0.000011,0.004655,0.029799,0.250
1361,camera,2116503,data/1_2024/shard-000477.tar,256x256,horizontal,1.2390,1.969,0.7299,31.5,0,0,0.765925,0.767792,0.001867,0.006911,0.005266,0.080048,0.500,0.764536,0.769051,0.004515,0.006039,0.004081,0.057448,0.500,0.765388,0.769254,0.003866,0.006430,0.003836,0.058444,0.500
1362,camera,5926503,data/1_2024/shard-000477.tar,256x256,vertical,1.4170,3.562,0.7209,57.0,0,0,0.659006,0.655619,-0.003387,0.007402,-0.008335,0.108126,0.250,0.647628,0.656326,0.008698,0.002606,0.001704,0.051943,0.750,0.646220,0.653811,0.007591,0.002281,0.001612,0.055738,0.750
1363,camera,8111503,data/1_2024/shard-000477.tar,256x256,vertical,1.2437,0.250,0.5286,4.0,0,0,0.735967,0.736715,0.000749,0.000188,-0.000625,0.011531,0.250,0.732673,0.737732,0.005059,0.000423,0.001378,0.011232,0.250,0.732907,0.736639,0.003732,0.000127,0.000877,0.009747,0.250
1364,camera,2002503,data/1_2024/shard-000477.tar,256x256,vertical,1.1891,3.062,0.9623,49.0,0,0,0.692586,0.689528,-0.003058,0.002978,-0.002972,0.078133,0.250,0.687940,0.686564,-0.001376,0.000259,-0.001431,0.048774,0.250,0.689232,0.688635,-0.000597,0.000393,-0.001695,0.049143,0.500
1365,camera,2624503,data/1_2024/shard-000477.tar,256x256,vertical,1.1676,0.094,0.4839,-1.5,0,0,0.476266,0.474645,-0.001621,0.000034,0.002346,0.005469,0.250,0.475713,0.474201,-0.001512,-0.000095,0.000090,0.004487,0.000,0.477348,0.475012,-0.002336,0.000049,-0.000246,0.004331,0.000
1366,camera,3280503,data/1_2024/shard-000477.tar,256x256,vertical,1.1726,0.062,0.4896,-1.0,0,0,0.354353,0.352034,-0.002319,-0.000168,0.000028,0.004289,0.000,0.352627,0.351907,-0.000720,-0.000567,-0.001399,0.011696,0.000,0.351107,0.351909,0.000802,-0.000012,-0.000229,0.004234,0.250
1367,camera,6149503,data/1_2024/shard-000477.tar,256x256,horizontal,1.1541,2.469,0.0353,-39.5,0,0,0.717462,0.712744,-0.004718,-0.005353,-0.006192,0.089340,0.000,0.711914,0.713541,0.001626,-0.000871,-0.001803,0.074248,0.000,0.710452,0.712593,0.002141,0.001343,-0.001004,0.072151,0.500
1368,camera,1893503,data/1_2024/shard-000477.tar,256x256,horizontal,1.2167,2.156,0.7805,34.5,0,0,0.667497,0.662453,-0.005044,-0.001001,-0.003406,0.057970,0.000,0.661330,0.660327,-0.001004,0.000022,-0.000051,0.040050,0.250,0.663620,0.662376,-0.001244,-0.000227,-0.000929,0.034374,0.000
1369,camera,5740503,data/1_2024/shard-000477.tar,256x256,vertical,1.1336,0.656,0.6438,10.5,0,0,0.399539,0.400352,0.000812,0.001277,0.004422,0.026316,0.500,0.398493,0.400721,0.002228,0.001796,0.003586,0.028379,0.750,0.396160,0.397333,0.001174,0.001687,0.004546,0.027556,1.000
1370,camera,8251503,data/1_2024/shard-000477.tar,256x256,vertical,1.1908,0.219,0.4673,-3.5,0,0,0.269296,0.269883,0.000586,0.000021,0.002120,0.006803,0.250,0.269836,0.270124,0.000288,0.000113,0.000554,0.006560,0.500,0.270306,0.270796,0.000491,0.000251,0.000806,0.006728,0.500
1371,camera,3004503,data/1_2024/shard-000477.tar,256x256,vertical,1.1891,0.938,0.6415,15.0,0,0,0.518479,0.518983,0.000504,0.000870,0.001599,0.025352,0.250,0.519743,0.520381,0.000638,-0.000003,0.001588,0.020324,0.250,0.519726,0.519499,-0.000228,-0.000519,0.000647,0.021199,0.000
1372,camera,1054503,data/1_2024/shard-000477.tar,256x256,vertical,1.1075,1.625,0.9483,26.0,0,0,0.662168,0.668067,0.005899,0.013185,0.013586,0.105887,0.750,0.663903,0.671919,0.008016,0.014325,0.011905,0.100186,1.000,0.661912,0.667538,0.005627,0.012396,0.010419,0.100352,0.750
1373,camera,6322503,data/1_2024/shard-000477.tar,256x256,vertical,1.2885,4.281,0.9053,68.5,0,0,0.490012,0.480261,-0.009751,0.011545,-0.011939,0.152034,0.000,0.480696,0.480678,-0.000018,0.000834,-0.002455,0.073723,0.000,0.480343,0.480082,-0.000261,0.000022,-0.002541,0.070593,0.500
1374,camera,957503,data/1_2024/shard-000477.tar,256x256,vertical,1.2135,2.281,0.1983,-36.5,0,0,0.532225,0.528063,-0.004163,0.000754,-0.000511,0.067386,0.000,0.528833,0.528609,-0.000224,0.001735,0.000008,0.039398,0.250,0.531428,0.530609,-0.000819,0.002492,0.000295,0.035815,0.250
1375,camera,912503,data/1_2024/shard-000477.tar,256x256,vertical,1.1924,1.312,0.6944,21.0,0,0,0.416115,0.419230,0.003115,0.002352,-0.000001,0.028085,0.500,0.414612,0.416946,0.002334,0.000955,0.000002,0.026711,0.250,0.414812,0.416690,0.001878,0.000917,0.000053,0.026655,0.250
1376,camera,4153503,data/1_2024/shard-000477.tar,256x256,horizontal,1.1891,1.312,0.6981,21.0,0,0,0.710467,0.710139,-0.000328,0.001841,0.010668,0.039952,0.250,0.711484,0.710803,-0.000681,0.000519,0.001430,0.029906,0.250,0.711077,0.710362,-0.000715,0.000800,0.001061,0.031617,0.250
1377,camera,3304503,data/1_2024/shard-000477.tar,256x256,vertical,1.1541,0.906,0.3294,-14.5,0,0,0.667555,0.667322,-0.000234,-0.001853,-0.000040,0.038158,0.000,0.666615,0.668516,0.001901,-0.001476,0.000199,0.033701,0.250,0.666240,0.669173,0.002934,-0.000971,0.000187,0.034276,0.000
1378,camera,3680503,data/1_2024/shard-000477.tar,256x256,horizontal,1.2279,3.125,0.8846,50.0,0,0,0.459639,0.458722,-0.000918,-0.008309,-0.005019,0.105223,0.000,0.452552,0.456928,0.004377,-0.004852,0.003690,0.063545,0.000,0.452075,0.459461,0.007387,-0.003623,0.006946,0.061818,0.250
1379,camera,7899503,data/1_2024/shard-000477.tar,256x256,vertical,1.1908,2.969,0.9439,47.5,0,0,0.767164,0.772554,0.005390,0.016064,0.024058,0.123614,0.750,0.764202,0.770018,0.005816,0.011737,0.004681,0.116113,0.500,0.762741,0.767879,0.005138,0.011145,0.008884,0.119913,0.750
1380,camera,7861503,data/1_2024/shard-000477.tar,256x256,vertical,1.2915,4.219,0.8947,67.5,0,0,0.604423,0.595628,-0.008795,0.002206,-0.008250,0.123333,0.000,0.596689,0.596474,-0.000215,0.004174,-0.001693,0.059538,0.500,0.594073,0.595777,0.001704,0.005085,-0.000787,0.060804,0.500
1381,camera,7457503,data/1_2024/shard-000477.tar,256x256,vertical,1.1891,1.188,0.6792,19.0,0,0,0.423818,0.423624,-0.000194,0.001135,0.002447,0.024903,0.250,0.422910,0.422860,-0.000050,-0.000170,0.001455,0.020773,0.000,0.422464,0.422463,-0.000001,0.000022,0.001740,0.019963,0.000
1382,camera,7966503,data/1_2024/shard-000477.tar,256x256,vertical,1.1541,0.969,0.3176,-15.5,0,0,0.769964,0.767906,-0.002058,-0.001908,0.000963,0.032282,0.250,0.771773,0.770267,-0.001506,-0.001017,0.000376,0.028836,0.000,0.772613,0.771089,-0.001525,-0.000886,0.000410,0.030724,0.000
1383,camera,926503,data/1_2024/shard-000477.tar,256x256,vertical,1.2247,2.875,0.8594,46.0,0,0,0.709355,0.706759,-0.002596,0.008202,0.009430,0.104672,0.000,0.702592,0.707200,0.004608,0.005377,0.007354,0.076122,0.250,0.700324,0.704844,0.004520,0.004907,0.006397,0.075641,0.250
1384,camera,6971375,data/1_2024/shard-000477.tar,256x256,vertical,1.1541,0.469,0.5882,7.5,0,0,0.598075,0.597970,-0.000105,-0.000695,-0.001036,0.013219,0.000,0.598223,0.598181,-0.000042,-0.000485,-0.000938,0.012543,0.000,0.597833,0.598444,0.000611,-0.000161,-0.000155,0.011735,0.250
1385,camera,4336375,data/1_2024/shard-000477.tar,256x256,vertical,1.2469,3.875,0.9366,62.0,0,0,0.537285,0.528428,-0.008857,0.001675,0.002647,0.134411,0.000,0.530824,0.531210,0.000386,0.003999,0.001392,0.101493,0.250,0.530008,0.530743,0.000735,0.005470,0.000839,0.108830,0.250
1386,camera,1563375,data/1_2024/shard-000477.tar,256x256,horizontal,1.1875,3.094,0.0286,-49.5,0,0,0.732123,0.727975,-0.004148,0.005019,0.019595,0.123347,0.250,0.723160,0.726845,0.003685,0.008607,0.001986,0.100884,0.500,0.722540,0.727008,0.004468,0.008420,0.001451,0.101419,0.750
1387,camera,2004375,data/1_2024/shard-000477.tar,256x256,horizontal,1.1957,2.312,0.1636,-37.0,0,0,0.745428,0.744160,-0.001268,-0.000808,0.000540,0.053645,0.000,0.742529,0.743472,0.000943,0.000624,0.003527,0.033750,0.750,0.741876,0.743289,0.001414,0.000489,0.003831,0.037150,0.750
1388,camera,2124375,data/1_2024/shard-000477.tar,256x256,horizontal,1.3492,5.625,0.0714,-90.0,0,0,0.858198,0.831025,-0.027173,-0.003584,-0.025528,0.154869,0.000,0.829619,0.828536,-0.001083,0.002776,-0.000533,0.067316,0.000,0.831953,0.830507,-0.001447,0.002014,-0.000455,0.063570,0.000
1389,camera,5033375,data/1_2024/shard-000477.tar,256x256,vertical,1.1726,2.625,0.0625,-42.0,0,0,0.403908,0.401091,-0.002817,-0.001288,-0.002043,0.059455,0.000,0.396551,0.397182,0.000630,0.001015,-0.000061,0.039940,0.500,0.400018,0.400345,0.000327,0.000251,-0.000096,0.039127,0.250
1390,camera,1387375,data/1_2024/shard-000477.tar,256x256,vertical,1.1891,0.438,0.4340,-7.0,0,0,0.776143,0.775950,-0.000193,0.000709,0.000761,0.019302,0.500,0.772222,0.771494,-0.000729,0.000481,0.000371,0.015010,0.500,0.772013,0.771328,-0.000685,0.000409,0.000300,0.014137,0.250
1391,camera,4492375,data/1_2024/shard-000477.tar,256x256,vertical,1.1891,2.625,0.8962,42.0,0,0,0.322239,0.319523,-0.002716,0.002168,0.003039,0.070313,0.000,0.319679,0.319248,-0.000431,-0.000454,-0.000617,0.035004,0.000,0.318908,0.318355,-0.000553,-0.000473,-0.000606,0.035449,0.000
1392,camera,5687375,data/1_2024/shard-000477.tar,256x256,horizontal,1.2578,2.281,0.2550,-36.5,0,0,0.342604,0.341524,-0.001080,0.006022,0.003327,0.099320,0.500,0.342955,0.340848,-0.002108,0.002406,-0.000918,0.043402,0.250,0.342692,0.342174,-0.000519,0.002408,0.000157,0.038443,0.250
1393,camera,5853375,data/1_2024/shard-000477.tar,256x256,horizontal,1.4697,6.844,0.8687,109.5,0,0,0.714003,0.676383,-0.037619,0.005192,-0.035073,0.157870,0.000,0.669982,0.675512,0.005530,0.007916,0.003744,0.095708,0.500,0.669470,0.676660,0.007190,0.007986,0.005759,0.091374,0.500
1394,camera,6468375,data/1_2024/shard-000477.tar,256x256,vertical,1.1891,0.562,0.5849,9.0,0,0,0.440727,0.441236,0.000509,0.000138,0.006991,0.011744,0.250,0.440486,0.440673,0.000188,0.000205,0.001781,0.011052,0.000,0.439096,0.439777,0.000681,0.000473,0.001296,0.010715,0.750
1395,camera,3502375,data/1_2024/shard-000477.tar,256x256,vertical,1.1507,1.094,0.2892,-17.5,0,0,0.566145,0.564188,-0.001957,0.000708,0.003584,0.039935,0.250,0.565229,0.563850,-0.001379,-0.001641,-0.000866,0.043843,0.250,0.561745,0.559868,-0.001877,-0.002533,-0.001872,0.040490,0.250
1396,camera,5183375,data/1_2024/shard-000477.tar,256x256,vertical,1.1924,0.438,0.5648,7.0,0,0,0.668795,0.669218,0.000423,-0.000120,0.004236,0.010692,0.000,0.667305,0.669393,0.002088,-0.000151,0.001918,0.011428,0.250,0.667158,0.668523,0.001365,-0.000260,0.001854,0.011268,0.250
1397,camera,5375,data/1_2024/shard-000477.tar,256x256,horizontal,1.1541,1.781,0.1647,-28.5,0,0,0.668736,0.669525,0.000789,0.000807,0.001623,0.036611,0.250,0.668618,0.668761,0.000143,0.000352,0.001362,0.031010,0.250,0.668510,0.670008,0.001498,0.001021,0.001433,0.033650,0.500
1398,camera,1140375,data/1_2024/shard-000477.tar,256x256,horizontal,1.1541,0.969,0.6824,15.5,0,0,0.447450,0.448530,0.001080,0.000202,0.004998,0.019269,0.500,0.447147,0.448631,0.001484,-0.000023,0.002851,0.018788,0.250,0.448654,0.449524,0.000870,-0.000180,0.001929,0.017662,0.250
1399,camera,2692375,data/1_2024/shard-000477.tar,256x256,vertical,1.1891,1.438,0.2830,-23.0,0,0,0.572141,0.571046,-0.001095,0.000290,-0.000001,0.045400,0.250,0.569998,0.569218,-0.000780,-0.000229,0.000327,0.042786,0.250,0.570224,0.570124,-0.000100,0.000627,-0.000087,0.041437,0.500
1400,camera,5104375,data/1_2024/shard-000477.tar,256x256,vertical,1.1842,1.781,0.2233,-28.5,0,0,0.730717,0.731179,0.000463,-0.001836,-0.000243,0.059456,0.000,0.728016,0.731950,0.003934,0.000599,0.006586,0.044626,0.500,0.723982,0.727946,0.003963,0.002596,0.007417,0.045099,0.750
1401,camera,4345375,data/1_2024/shard-000477.tar,256x256,horizontal,1.1057,0.344,0.4035,-5.5,0,0,0.654615,0.654224,-0.000391,-0.000312,0.001913,0.010699,0.250,0.653746,0.653597,-0.000149,-0.000052,-0.000512,0.009972,0.250,0.652157,0.651939,-0.000218,-0.000111,-0.000530,0.009945,0.250
1402,camera,2881375,data/1_2024/shard-000477.tar,256x256,vertical,1.2247,1.938,0.7422,31.0,0,0,0.475476,0.480182,0.004706,0.005314,-0.000801,0.064020,0.500,0.470647,0.477866,0.007219,0.009245,-0.000908,0.082479,0.750,0.471112,0.474470,0.003358,0.004648,-0.001635,0.075656,0.500
1403,camera,4200375,data/1_2024/shard-000477.tar,256x256,vertical,1.1908,2.469,0.8692,39.5,0,0,0.378506,0.377055,-0.001451,-0.000169,-0.000347,0.076718,0.000,0.373640,0.373502,-0.000137,-0.002591,-0.001302,0.060646,0.250,0.371980,0.373227,0.001248,-0.000535,0.001456,0.046847,0.750
1404,camera,5849375,data/1_2024/shard-000477.tar,256x256,vertical,1.2247,0.312,0.4609,-5.0,0,0,0.456963,0.454570,-0.002393,-0.001391,-0.005582,0.015399,0.250,0.449950,0.457104,0.007154,-0.000737,-0.001282,0.011053,0.250,0.451221,0.458549,0.007328,-0.000608,-0.001194,0.009515,0.250
1405,camera,2068375,data/1_2024/shard-000477.tar,256x256,horizontal,1.1924,0.500,0.4259,-8.0,0,0,0.693010,0.691734,-0.001276,-0.000053,0.002686,0.019916,0.250,0.690328,0.690042,-0.000286,0.000202,0.003198,0.019713,0.250,0.691411,0.691260,-0.000151,0.000743,0.003478,0.020626,0.250
1406,camera,6930375,data/1_2024/shard-000477.tar,256x256,vertical,1.1908,0.906,0.3645,-14.5,0,0,0.653804,0.656134,0.002330,0.000266,0.014793,0.031176,0.250,0.653661,0.657019,0.003358,0.000130,0.001215,0.021558,0.500,0.654008,0.657807,0.003798,-0.000153,0.000469,0.021046,0.250
1407,camera,3988375,data/1_2024/shard-000477.tar,256x256,vertical,1.1541,1.906,0.8588,30.5,0,0,0.366147,0.365372,-0.000775,0.000648,-0.000008,0.039841,0.250,0.363759,0.363377,-0.000382,0.000328,-0.000700,0.028351,0.000,0.364331,0.364048,-0.000283,0.000454,-0.000907,0.026869,0.250
1408,camera,8116375,data/1_2024/shard-000477.tar,256x256,vertical,1.1891,3.000,0.9528,48.0,0,0,0.607324,0.606977,-0.000347,0.008737,0.006978,0.079864,0.250,0.604755,0.606405,0.001650,0.006387,0.000964,0.052611,0.750,0.607377,0.608951,0.001574,0.003999,0.000664,0.045099,0.500
1409,camera,4241375,data/1_2024/shard-000477.tar,256x256,vertical,1.1826,1.625,0.2451,-26.0,0,0,0.505280,0.506633,0.001352,0.001422,-0.000102,0.040697,0.750,0.506501,0.508490,0.001989,0.001770,0.000217,0.034144,1.000,0.508434,0.509654,0.001220,0.001363,0.000146,0.035770,0.750
1410,camera,4145375,data/1_2024/shard-000477.tar,256x256,vertical,1.1875,1.906,0.2095,-30.5,0,0,0.607684,0.608257,0.000573,0.001664,0.000916,0.038540,0.250,0.607147,0.607483,0.000336,0.000446,-0.001021,0.024695,0.250,0.607157,0.607593,0.000436,0.000381,-0.001384,0.023901,0.500
1411,camera,2737375,data/1_2024/shard-000477.tar,256x256,vertical,1.3229,4.188,0.1510,-67.0,0,0,0.532629,0.510770,-0.021860,-0.007778,-0.019262,0.136931,0.000,0.511740,0.510943,-0.000796,0.003834,-0.001975,0.081459,0.250,0.513681,0.511995,-0.001686,0.008265,-0.001494,0.098949,0.000
1412,camera,5088375,data/1_2024/shard-000477.tar,256x256,vertical,1.1924,1.062,0.3426,-17.0,0,0,0.552546,0.554087,0.001541,0.001042,0.002922,0.023297,0.250,0.553515,0.555566,0.002051,0.000913,0.001289,0.021992,0.500,0.552480,0.553992,0.001512,0.000855,0.000592,0.021543,0.250
1413,camera,5103375,data/1_2024/shard-000477.tar,256x256,vertical,1.2717,3.625,0.1329,-58.0,0,0,0.808096,0.801241,-0.006854,-0.003091,-0.006697,0.113527,0.000,0.799551,0.799913,0.000362,0.000073,-0.001049,0.067253,0.000,0.798744,0.798887,0.000143,0.001425,-0.001328,0.070662,0.000
1414,camera,2581375,data/1_2024/shard-000477.tar,256x256,vertical,1.1180,0.062,0.4844,-1.0,0,0,0.649468,0.648024,-0.001444,0.000010,0.015190,0.005607,0.000,0.647954,0.647125,-0.000829,-0.000255,0.004603,0.005868,0.000,0.647320,0.646414,-0.000906,-0.000340,0.002204,0.008763,0.000
1415,camera,4357375,data/1_2024/shard-000477.tar,256x256,vertical,1.2748,3.438,0.1562,-55.0,0,0,0.564406,0.555795,-0.008610,-0.000048,-0.006920,0.109880,0.000,0.551442,0.555016,0.003574,0.009246,0.005613,0.079630,0.750,0.553993,0.557687,0.003693,0.008336,0.005320,0.077201,0.750
1416,camera,6402375,data/1_2024/shard-000477.tar,256x256,horizontal,1.1490,1.750,0.8415,28.0,0,0,0.508161,0.508347,0.000185,0.002042,-0.000166,0.050878,0.500,0.502963,0.504363,0.001400,-0.000010,0.003286,0.037552,0.750,0.503504,0.504703,0.001199,0.000356,0.003482,0.039403,0.750
1417,camera,6383375,data/1_2024/shard-000477.tar,256x256,vertical,1.1891,0.875,0.6321,14.0,0,0,0.713508,0.714075,0.000566,-0.000575,0.001232,0.029269,0.000,0.714867,0.715854,0.000986,-0.001284,0.000227,0.026067,0.000,0.715685,0.716062,0.000378,-0.000840,-0.000715,0.023443,0.000
1418,camera,637375,data/1_2024/shard-000477.tar,256x256,vertical,1.1285,1.625,0.1286,-26.0,0,0,0.430956,0.429865,-0.001091,-0.002353,-0.002085,0.044128,0.000,0.427112,0.427288,0.000176,-0.001795,-0.001308,0.033040,0.000,0.428219,0.428940,0.000722,-0.001044,-0.001144,0.031968,0.000
1419,camera,766375,data/1_2024/shard-000477.tar,256x256,horizontal,1.3332,2.906,0.2663,-46.5,0,0,0.354848,0.345358,-0.009490,-0.003667,-0.007141,0.085584,0.000,0.344484,0.345933,0.001450,0.000850,0.001148,0.034281,0.500,0.342868,0.345508,0.002640,0.000407,0.002668,0.035355,0.500
1420,camera,6840375,data/1_2024/shard-000477.tar,256x256,horizontal,1.1776,1.156,0.3131,-18.5,0,0,0.566892,0.566577,-0.000315,-0.001305,0.004436,0.065752,0.250,0.560241,0.566196,0.005955,0.001809,0.007229,0.046443,0.500,0.557933,0.564998,0.007065,0.002537,0.008542,0.041243,0.750
1421,camera,6726375,data/1_2024/shard-000477.tar,256x256,vertical,1.1267,1.906,0.0580,-30.5,0,0,0.743313,0.742728,-0.000585,0.003113,0.005262,0.062160,0.750,0.742041,0.743843,0.001801,0.003492,0.003132,0.051099,0.750,0.740962,0.744200,0.003238,0.004233,0.004071,0.050234,0.750
1422,camera,3764375,data/1_2024/shard-000477.tar,256x256,vertical,1.1541,0.094,0.4824,-1.5,0,0,0.346388,0.350238,0.003850,0.000174,0.002108,0.011764,0.250,0.347971,0.351487,0.003516,0.000202,0.004526,0.007585,0.500,0.348203,0.351976,0.003773,0.000190,0.003473,0.007885,0.500
1423,camera,1067375,data/1_2024/shard-000477.tar,256x256,horizontal,1.1676,2.844,0.0108,-45.5,0,0,0.553963,0.553290,-0.000673,0.002930,0.002542,0.074464,0.250,0.549507,0.555313,0.005807,0.005853,0.007331,0.055345,0.750,0.549370,0.552716,0.003347,0.005136,0.007139,0.055550,1.000
1424,camera,7574375,data/1_2024/shard-000477.tar,256x256,vertical,1.1422,2.250,0.0385,-36.0,0,0,0.400813,0.406155,0.005342,0.008406,-0.000203,0.076259,0.750,0.403159,0.408567,0.005408,0.005772,-0.000186,0.073590,0.750,0.401166,0.404939,0.003773,0.005215,-0.000286,0.067157,0.750
1425,camera,6879375,data/1_2024/shard-000477.tar,256x256,vertical,1.1659,0.312,0.5543,5.0,0,0,0.316567,0.314302,-0.002265,0.000203,0.003425,0.013920,0.000,0.314768,0.313907,-0.000862,0.000582,-0.000997,0.011571,0.250,0.315911,0.314994,-0.000917,0.000688,-0.002458,0.012781,0.250
1426,camera,8240375,data/1_2024/shard-000477.tar,256x256,vertical,1.3947,1.438,0.5950,23.0,0,0,0.826927,0.821967,-0.004960,0.000923,-0.004840,0.043548,0.250,0.821569,0.822711,0.001142,0.000943,-0.001192,0.041080,0.250,0.819078,0.821825,0.002747,0.000977,-0.001253,0.036344,0.500
1427,camera,739375,data/1_2024/shard-000477.tar,256x256,vertical,1.1957,3.438,0.0000,-55.0,0,0,0.687803,0.686166,-0.001637,0.012352,0.000916,0.146110,0.250,0.679532,0.684571,0.005039,0.021258,0.007618,0.129326,0.500,0.679374,0.686135,0.006760,0.025494,0.010148,0.141602,0.500
1428,camera,6517375,data/1_2024/shard-000477.tar,256x256,vertical,1.1875,1.406,0.2857,-22.5,0,0,0.616049,0.616609,0.000560,-0.000331,0.003475,0.035733,0.250,0.612588,0.614268,0.001680,-0.000734,0.001908,0.045942,0.250,0.613502,0.615236,0.001735,0.000148,0.001973,0.046923,0.250
1429,camera,1663375,data/1_2024/shard-000477.tar,256x256,vertical,1.1826,1.312,0.2941,-21.0,0,0,0.445966,0.445896,-0.000070,0.000111,0.000256,0.021349,0.500,0.445706,0.445959,0.000253,-0.000160,0.001155,0.017592,0.000,0.446823,0.447412,0.000589,0.000559,0.001561,0.016933,0.500
1430,camera,2938375,data/1_2024/shard-000477.tar,256x256,vertical,1.1759,2.375,0.8878,38.0,0,0,0.852658,0.852384,-0.000274,0.000695,0.000409,0.071713,0.250,0.851017,0.852382,0.001365,-0.000227,0.000188,0.054402,0.500,0.849568,0.851428,0.001860,-0.000220,0.000025,0.051658,0.500
1431,camera,1873375,data/1_2024/shard-000477.tar,256x256,vertical,1.2915,3.656,0.1579,-58.5,0,0,0.641750,0.627201,-0.014550,-0.002714,-0.006999,0.105042,0.000,0.627819,0.626555,-0.001264,0.001496,0.000493,0.043441,0.250,0.627178,0.626062,-0.001117,0.001563,0.000787,0.044973,0.250
1432,camera,6446375,data/1_2024/shard-000477.tar,256x256,vertical,1.1924,1.375,0.7037,22.0,0,0,0.536013,0.533271,-0.002742,-0.006184,-0.001258,0.073618,0.000,0.530422,0.531130,0.000708,-0.001270,-0.000963,0.039456,0.500,0.529991,0.528287,-0.001703,0.000671,-0.000554,0.046069,0.500
1433,camera,7470375,data/1_2024/shard-000477.tar,256x256,vertical,1.1180,0.250,0.5625,4.0,0,0,0.454903,0.458110,0.003207,0.000937,-0.000843,0.014972,0.500,0.455103,0.462917,0.007814,0.001340,-0.001651,0.011739,0.750,0.454643,0.463522,0.008879,0.001564,-0.001731,0.012899,0.750
1434,camera,6826375,data/1_2024/shard-000477.tar,256x256,vertical,1.3020,1.625,0.6461,26.0,0,0,0.308820,0.321228,0.012408,0.018903,0.007305,0.095193,0.250,0.303482,0.311477,0.007995,-0.001801,0.001385,0.036814,0.000,0.301486,0.306593,0.005107,-0.001753,0.002000,0.034064,0.250
1435,camera,7776375,data/1_2024/shard-000477.tar,256x256,horizontal,1.1924,1.625,0.2593,-26.0,0,0,0.643998,0.640455,-0.003543,0.000734,0.001420,0.047982,0.250,0.642408,0.640550,-0.001858,0.001655,0.002710,0.040560,0.250,0.643277,0.641630,-0.001648,0.001858,0.000643,0.046239,0.250
1436,camera,3498375,data/1_2024/shard-000477.tar,256x256,vertical,1.3170,2.438,0.7074,39.0,0,0,0.556979,0.557382,0.000403,0.002094,-0.001502,0.068940,0.250,0.554128,0.558126,0.003998,-0.001417,0.003894,0.038916,0.500,0.552620,0.557968,0.005348,-0.001107,0.004228,0.036904,0.250
1437,camera,6054375,data/1_2024/shard-000477.tar,256x256,horizontal,1.2247,2.500,0.1875,-40.0,0,0,0.520051,0.523782,0.003732,0.002676,0.003854,0.068419,0.250,0.522140,0.525908,0.003768,0.001447,0.003324,0.059363,0.250,0.522121,0.525078,0.002958,0.000863,0.002953,0.055768,0.250
1438,camera,32375,data/1_2024/shard-000477.tar,256x256,vertical,1.1891,0.250,0.5377,4.0,0,0,0.595454,0.595089,-0.000365,0.000008,-0.000624,0.009055,0.500,0.593572,0.594586,0.001014,0.000010,0.000231,0.010092,0.500,0.590831,0.592011,0.001180,-0.000180,0.000188,0.010157,0.250
1439,camera,2669375,data/1_2024/shard-000477.tar,256x256,vertical,1.1891,0.625,0.4057,-10.0,0,0,0.561509,0.562098,0.000589,-0.000606,0.011802,0.025180,0.000,0.562930,0.565076,0.002146,-0.000210,0.008755,0.016126,0.250,0.561345,0.563329,0.001984,-0.000918,0.008826,0.015383,0.000
1440,camera,4268375,data/1_2024/shard-000477.tar,256x256,vertical,1.2135,0.719,0.4050,-11.5,0,0,0.445704,0.446028,0.000324,0.001773,0.015473,0.024329,0.500,0.446474,0.447074,0.000600,0.000422,0.002607,0.018323,0.750,0.445658,0.447009,0.001351,0.000131,0.001023,0.017087,0.500
1441,camera,4649375,data/1_2024/shard-000477.tar,256x256,horizontal,1.1609,2.344,0.9213,37.5,0,0,0.626514,0.628023,0.001510,0.005112,0.002121,0.074241,0.750,0.627084,0.629481,0.002397,0.004439,0.003770,0.065687,0.750,0.628106,0.630495,0.002389,0.003911,0.003553,0.064252,0.750
1442,camera,6403375,data/1_2024/shard-000477.tar,256x256,horizontal,1.1891,1.750,0.2358,-28.0,0,0,0.716317,0.730396,0.014079,0.016716,0.012091,0.110195,0.750,0.712566,0.731374,0.018807,0.008475,0.010471,0.077323,0.500,0.710742,0.729063,0.018321,0.008594,0.010764,0.074412,0.500
1443,camera,6377375,data/1_2024/shard-000477.tar,256x256,vertical,1.1826,2.500,0.1078,-40.0,0,0,0.612883,0.617616,0.004733,0.005152,0.006027,0.085233,0.500,0.605027,0.613962,0.008935,0.009172,0.009243,0.082599,0.500,0.606402,0.614768,0.008366,0.008208,0.008475,0.086767,0.500
1444,camera,1145375,data/1_2024/shard-000477.tar,256x256,vertical,1.1859,0.562,0.5865,9.0,0,0,0.720628,0.721228,0.000601,0.000564,0.001057,0.022587,0.250,0.721356,0.723991,0.002635,0.000872,0.001522,0.017213,0.500,0.720308,0.722021,0.001713,0.000637,0.001553,0.015601,0.500
1445,camera,5451375,data/1_2024/shard-000477.tar,256x256,vertical,1.1908,2.219,0.8318,35.5,0,0,0.520352,0.524185,0.003833,0.001750,0.006136,0.078180,0.500,0.517767,0.522628,0.004861,0.001157,0.009962,0.052445,0.500,0.519723,0.525051,0.005328,0.000600,0.008686,0.057166,0.500
1446,camera,2091375,data/1_2024/shard-000477.tar,256x256,vertical,1.1609,0.656,0.3820,-10.5,0,0,0.592437,0.592334,-0.000103,-0.000403,0.001779,0.018210,0.000,0.593778,0.593872,0.000093,-0.000102,0.000584,0.016309,0.250,0.593093,0.593215,0.000122,0.000015,0.000775,0.016936,0.500
1447,camera,4972375,data/1_2024/shard-000477.tar,256x256,horizontal,1.3332,3.406,0.2261,-54.5,0,0,0.750321,0.740382,-0.009939,0.011854,-0.010052,0.157556,0.000,0.743027,0.741960,-0.001067,0.011993,-0.001425,0.101588,0.250,0.742719,0.741830,-0.000889,0.009876,-0.000975,0.104463,0.250
1448,camera,2269375,data/1_2024/shard-000477.tar,256x256,vertical,1.1541,1.969,0.8706,31.5,0,0,0.448438,0.449574,0.001136,0.003477,0.011876,0.064326,0.500,0.445680,0.449285,0.003605,0.004241,0.004784,0.048144,1.000,0.445149,0.448826,0.003677,0.005626,0.006263,0.052601,1.000
1449,camera,1762375,data/1_2024/shard-000477.tar,256x256,vertical,1.1541,2.594,0.0118,-41.5,0,0,0.380037,0.376212,-0.003825,-0.004323,-0.003400,0.063746,0.000,0.376877,0.375703,-0.001174,-0.001207,-0.001506,0.040339,0.000,0.375873,0.374664,-0.001209,-0.001553,-0.001843,0.042253,0.000
1450,camera,401375,data/1_2024/shard-000477.tar,256x256,horizontal,1.1180,1.500,0.8750,24.0,0,0,0.249447,0.248133,-0.001314,-0.000652,-0.000189,0.038856,0.250,0.248404,0.247585,-0.000819,0.000360,0.000587,0.032347,0.250,0.249132,0.248773,-0.000359,0.000016,0.001042,0.034246,0.500
1451,camera,8102375,data/1_2024/shard-000477.tar,256x256,vertical,1.2311,2.125,0.2424,-34.0,0,0,0.371373,0.370471,-0.000902,0.001802,-0.000846,0.060585,0.250,0.369925,0.370048,0.000124,-0.001064,0.000507,0.040483,0.250,0.369628,0.371031,0.001403,-0.000410,0.000923,0.042488,0.500
1452,camera,3197375,data/1_2024/shard-000477.tar,256x256,vertical,1.1891,2.000,0.8019,32.0,0,0,0.744626,0.748880,0.004254,0.006272,0.007070,0.098709,0.250,0.743931,0.753365,0.009434,0.007827,0.004311,0.099597,0.750,0.743297,0.751750,0.008453,0.008410,0.003923,0.101972,0.500
1453,camera,7081375,data/1_2024/shard-000477.tar,256x256,horizontal,1.3110,5.500,0.9783,88.0,0,0,0.576689,0.565386,-0.011303,0.010211,-0.017525,0.201529,0.250,0.553205,0.563332,0.010127,0.014949,0.006941,0.120312,0.500,0.550455,0.564584,0.014129,0.016841,0.008162,0.116873,0.500
1454,camera,6319375,data/1_2024/shard-000477.tar,256x256,vertical,1.1826,3.062,0.0196,-49.0,0,0,0.466700,0.465899,-0.000802,0.001042,-0.000308,0.062200,0.250,0.463437,0.463936,0.000500,0.002222,0.001542,0.034859,0.750,0.462070,0.462384,0.000313,0.002074,0.001194,0.033991,0.750
1455,camera,2187375,data/1_2024/shard-000477.tar,256x256,horizontal,1.1659,1.000,0.6739,16.0,0,0,0.325399,0.326045,0.000646,-0.004150,-0.000489,0.062833,0.250,0.321165,0.323145,0.001981,-0.002337,0.000094,0.040526,0.000,0.321720,0.323389,0.001669,-0.002402,-0.000505,0.038138,0.000
1456,camera,782375,data/1_2024/shard-000477.tar,256x256,vertical,1.1891,3.188,0.9811,51.0,0,0,0.549917,0.544506,-0.005410,-0.000890,-0.003640,0.076541,0.000,0.547928,0.545771,-0.002156,-0.000405,-0.001212,0.053930,0.000,0.547698,0.543599,-0.004099,-0.002842,-0.002298,0.054641,0.000
1457,camera,759375,data/1_2024/shard-000477.tar,256x256,horizontal,1.2247,3.438,0.9297,55.0,0,0,0.604358,0.600087,-0.004271,0.008805,-0.000404,0.117657,0.000,0.601713,0.600392,-0.001322,0.006434,0.000034,0.074054,0.250,0.600374,0.599903,-0.000470,0.010197,-0.000193,0.087229,0.250
1458,camera,7134375,data/1_2024/shard-000477.tar,256x256,vertical,1.1891,2.438,0.1321,-39.0,0,0,0.655294,0.657475,0.002181,0.005010,-0.000495,0.073027,0.250,0.652397,0.656170,0.003773,0.003820,0.000150,0.061087,0.500,0.652305,0.656266,0.003961,0.003843,0.000275,0.058716,0.500
1459,camera,3049375,data/1_2024/shard-000477.tar,256x256,vertical,1.2151,1.750,0.2705,-28.0,0,0,0.295311,0.302868,0.007558,0.006573,0.002403,0.072230,0.500,0.293544,0.301871,0.008327,0.003825,0.001196,0.043691,0.750,0.292403,0.299394,0.006990,0.003505,0.001606,0.042268,1.000
1460,camera,3213375,data/1_2024/shard-000477.tar,256x256,vertical,1.1908,2.281,0.8411,36.5,0,0,0.586593,0.591240,0.004648,0.004047,-0.000050,0.068442,0.500,0.586263,0.592922,0.006659,0.001604,-0.000112,0.046287,0.500,0.586496,0.593139,0.006643,0.000931,-0.000102,0.048369,0.750
1461,camera,1059375,data/1_2024/shard-000477.tar,256x256,vertical,1.1842,2.156,0.8350,34.5,0,0,0.796341,0.798821,0.002479,0.004734,0.001866,0.087378,0.500,0.794129,0.797934,0.003806,0.004822,0.002015,0.076951,1.000,0.795498,0.798745,0.003247,0.003562,0.001213,0.074716,0.750
1462,camera,5624375,data/1_2024/shard-000477.tar,256x256,vertical,1.1558,1.062,0.3023,-17.0,0,0,0.794319,0.795994,0.001675,0.001528,0.007710,0.037778,0.500,0.794808,0.798686,0.003878,0.000304,0.005251,0.035537,0.500,0.793221,0.796895,0.003674,0.000227,0.003409,0.032753,0.500
1463,camera,7607375,data/1_2024/shard-000477.tar,256x256,vertical,1.1180,1.125,0.7812,18.0,0,0,0.339381,0.337157,-0.002224,-0.003178,-0.002689,0.064803,0.000,0.343017,0.337861,-0.005156,-0.007337,-0.005821,0.066404,0.500,0.343271,0.336495,-0.006776,-0.009176,-0.007059,0.067862,0.500
1464,camera,7318375,data/1_2024/shard-000477.tar,256x256,vertical,1.1709,2.281,0.8842,36.5,0,0,0.344826,0.356605,0.011779,0.012797,0.012232,0.098828,0.500,0.343773,0.359406,0.015633,0.012819,0.010200,0.086788,1.000,0.343505,0.358384,0.014878,0.011308,0.009459,0.086591,1.000
1465,camera,4856375,data/1_2024/shard-000477.tar,256x256,horizontal,1.1973,2.156,0.1892,-34.5,0,0,0.481772,0.480373,-0.001399,0.000389,-0.002172,0.054753,0.000,0.478316,0.479687,0.001371,0.000936,0.000437,0.039442,0.750,0.477848,0.479257,0.001409,0.000587,-0.000086,0.039744,0.750
1466,camera,2897375,data/1_2024/shard-000477.tar,256x256,vertical,1.1908,0.719,0.6075,11.5,0,0,0.525227,0.527553,0.002326,0.001520,0.000508,0.029824,0.750,0.527627,0.528276,0.000649,0.001120,-0.000062,0.025803,0.750,0.527811,0.526935,-0.000875,0.000883,-0.000053,0.021305,0.000
1467,camera,4089375,data/1_2024/shard-000477.tar,256x256,horizontal,1.1541,2.281,0.0706,-36.5,0,0,0.682838,0.684110,0.001271,0.007491,0.003086,0.097355,0.750,0.681745,0.685119,0.003374,0.007701,0.005457,0.083489,0.750,0.682752,0.687750,0.004999,0.007855,0.008335,0.082302,0.500
1468,camera,1805375,data/1_2024/shard-000477.tar,256x256,vertical,1.1490,0.062,0.5122,1.0,0,0,0.238389,0.238695,0.000306,0.000007,0.006876,0.003918,0.250,0.237938,0.238305,0.000367,0.000136,0.000433,0.004774,0.750,0.236890,0.237533,0.000642,0.000063,0.000866,0.004203,0.750
1469,camera,3818375,data/1_2024/shard-000477.tar,256x256,vertical,1.1891,0.375,0.4434,-6.0,0,0,0.759819,0.762014,0.002194,0.000587,0.001647,0.016045,0.250,0.758519,0.763320,0.004801,0.000490,0.001628,0.013966,0.500,0.758266,0.761854,0.003587,0.000355,0.001096,0.012151,0.500
1470,camera,1092375,data/1_2024/shard-000477.tar,256x256,vertical,1.1709,1.969,0.8316,31.5,0,0,0.417774,0.417196,-0.000578,-0.000908,-0.002260,0.053867,0.250,0.414077,0.416181,0.002104,-0.000455,-0.000254,0.039899,0.250,0.413720,0.417155,0.003434,-0.000143,-0.000252,0.041951,0.500
1471,camera,6175375,data/1_2024/shard-000477.tar,256x256,vertical,1.1575,2.531,0.0345,-40.5,0,0,0.457762,0.457229,-0.000533,0.015213,0.008713,0.109385,0.250,0.448210,0.451518,0.003308,0.017644,0.011993,0.093526,0.750,0.446995,0.449247,0.002252,0.016002,0.010627,0.089757,0.750
1472,camera,2070375,data/1_2024/shard-000477.tar,256x256,vertical,1.2655,0.812,0.5844,13.0,0,0,0.542170,0.542872,0.000702,0.002667,0.007422,0.039411,0.250,0.532421,0.548522,0.016100,0.000934,0.014220,0.028156,0.250,0.534444,0.550428,0.015984,0.000144,0.014040,0.023643,0.500
1473,camera,3865375,data/1_2024/shard-000477.tar,256x256,vertical,1.1990,0.375,0.4464,-6.0,0,0,0.476548,0.477468,0.000920,0.000283,-0.000029,0.012235,0.750,0.477639,0.478017,0.000378,0.000263,0.000040,0.011302,0.500,0.477681,0.478258,0.000577,0.000444,0.000006,0.010867,0.500
1474,camera,1965375,data/1_2024/shard-000477.tar,256x256,vertical,1.1524,0.562,0.6071,9.0,0,0,0.693276,0.692099,-0.001177,-0.001251,0.001178,0.026373,0.000,0.695400,0.695617,0.000217,-0.001107,0.000346,0.020599,0.000,0.690669,0.691151,0.000481,-0.000899,0.000317,0.019448,0.250
1475,camera,6427375,data/1_2024/shard-000477.tar,256x256,vertical,1.2216,0.812,0.6032,13.0,0,0,0.454937,0.453729,-0.001209,0.000414,-0.000453,0.024264,0.000,0.453466,0.452804,-0.000662,-0.000262,-0.000411,0.016375,0.250,0.454030,0.452827,-0.001203,-0.000450,-0.000549,0.015030,0.000
1476,camera,6583375,data/1_2024/shard-000477.tar,256x256,vertical,1.2247,3.500,0.9375,56.0,0,0,0.559750,0.554816,-0.004934,0.001456,-0.004043,0.099684,0.000,0.551795,0.552070,0.000275,0.001012,0.000110,0.045775,0.750,0.554547,0.554186,-0.000361,-0.000144,-0.000448,0.049069,0.500
1477,camera,6105375,data/1_2024/shard-000477.tar,256x256,vertical,1.2990,3.750,0.1591,-60.0,0,0,0.559527,0.544396,-0.015131,-0.005528,-0.014921,0.112675,0.000,0.543890,0.543469,-0.000421,0.000507,-0.001303,0.061988,0.250,0.544169,0.543380,-0.000789,0.001448,-0.001480,0.068714,0.250
1478,camera,5972375,data/1_2024/shard-000477.tar,256x256,horizontal,1.1826,2.062,0.8235,33.0,0,0,0.552874,0.551963,-0.000911,0.001719,0.010601,0.049476,0.250,0.550861,0.553267,0.002406,0.001639,0.005130,0.037732,0.500,0.549256,0.552135,0.002879,0.001687,0.005531,0.035474,0.500
1479,camera,6605375,data/1_2024/shard-000477.tar,256x256,horizontal,1.1198,0.656,0.6615,10.5,0,0,0.826514,0.825283,-0.001231,-0.000425,-0.000092,0.024341,0.000,0.827239,0.826268,-0.000970,-0.000928,0.000479,0.021675,0.250,0.824441,0.823017,-0.001424,-0.001099,0.000901,0.022985,0.000
1480,camera,4963375,data/1_2024/shard-000477.tar,256x256,horizontal,1.2655,3.125,0.8247,50.0,0,0,0.590010,0.591944,0.001934,0.022255,0.003668,0.148220,0.500,0.585024,0.587941,0.002917,0.018364,0.005092,0.113981,0.750,0.585284,0.589795,0.004511,0.020728,0.008552,0.119122,1.000
1481,camera,5309375,data/1_2024/shard-000477.tar,256x256,vertical,1.2778,0.688,0.4321,-11.0,0,0,0.475822,0.474904,-0.000918,0.000196,-0.000112,0.015825,0.500,0.472525,0.474191,0.001666,0.000508,0.000961,0.015825,0.250,0.472650,0.473661,0.001011,0.000134,0.000743,0.016300,0.250
1482,camera,3889375,data/1_2024/shard-000477.tar,256x256,vertical,1.3477,3.219,0.7464,51.5,0,0,0.425259,0.410636,-0.014623,0.000955,-0.008708,0.104768,0.000,0.411599,0.411614,0.000015,0.000377,-0.001053,0.048245,0.250,0.409113,0.409287,0.000174,0.001059,-0.000739,0.046631,0.250
1483,camera,874375,data/1_2024/shard-000477.tar,256x256,horizontal,1.2655,3.625,0.1234,-58.0,0,0,0.672066,0.659758,-0.012308,0.002270,0.001238,0.127414,0.250,0.658460,0.659001,0.000541,0.006546,0.007618,0.054211,0.500,0.660500,0.660722,0.000222,0.005646,0.006168,0.052997,0.250
1484,camera,6117375,data/1_2024/shard-000477.tar,256x256,vertical,1.1842,0.156,0.4757,-2.5,0,0,0.415652,0.414800,-0.000852,0.000240,-0.001215,0.007753,0.250,0.411798,0.413603,0.001805,0.000464,-0.000735,0.007410,0.500,0.409322,0.413719,0.004397,0.000215,-0.000653,0.006869,0.250
1485,camera,656375,data/1_2024/shard-000477.tar,256x256,vertical,1.1826,3.000,0.9706,48.0,0,0,0.758022,0.758448,0.000426,0.005276,0.002511,0.090778,0.500,0.752632,0.758713,0.006081,0.007191,0.001134,0.073046,0.750,0.749663,0.754419,0.004756,0.006088,0.001068,0.071377,0.750
1486,camera,5822375,data/1_2024/shard-000477.tar,256x256,vertical,1.1507,2.344,0.0482,-37.5,0,0,0.516895,0.525782,0.008887,0.008170,0.007805,0.086364,0.750,0.514666,0.522188,0.007522,0.005715,0.004859,0.062950,1.000,0.513330,0.521927,0.008597,0.006506,0.005355,0.068261,1.000
1487,camera,28375,data/1_2024/shard-000477.tar,256x256,vertical,1.1891,0.000,0.5000,0.0,1,0,0.603658,0.602875,-0.000783,,-0.000211,,0.500,0.599388,0.604056,0.004668,,-0.001704,,0.750,0.594721,0.597892,0.003171,,0.000248,,1.000
1488,camera,6934375,data/1_2024/shard-000477.tar,256x256,vertical,1.2655,4.125,0.9286,66.0,0,0,0.468390,0.457562,-0.010828,0.005811,-0.009943,0.135969,0.000,0.454682,0.462334,0.007652,0.004434,0.007455,0.067229,0.500,0.452217,0.457482,0.005265,0.004256,0.007728,0.070872,0.500
1489,camera,6322375,data/1_2024/shard-000477.tar,256x256,horizontal,1.3332,5.594,0.0503,-89.5,0,0,0.626470,0.604259,-0.022211,0.000720,-0.020209,0.149400,0.000,0.604780,0.604979,0.000199,0.000988,-0.001368,0.077711,0.250,0.604638,0.602570,-0.002068,0.002565,-0.000999,0.068350,0.250
1490,camera,5784375,data/1_2024/shard-000477.tar,256x256,vertical,1.1354,1.000,0.7162,16.0,0,0,0.474878,0.475993,0.001114,-0.000486,0.001083,0.049143,0.250,0.476858,0.477394,0.000535,-0.000198,0.000322,0.041603,0.250,0.477604,0.477999,0.000395,-0.000396,0.004407,0.039119,0.250
1491,camera,3893375,data/1_2024/shard-000477.tar,256x256,vertical,1.1891,1.188,0.3208,-19.0,0,0,0.621767,0.622815,0.001048,0.002401,0.002488,0.052931,0.500,0.618836,0.625427,0.006591,0.008036,0.008167,0.067678,1.000,0.617672,0.624457,0.006785,0.008968,0.009033,0.071607,1.000
1492,camera,2429375,data/1_2024/shard-000477.tar,256x256,vertical,1.2655,3.500,0.8636,56.0,0,0,0.249192,0.245880,-0.003312,0.001485,-0.003755,0.096184,0.250,0.242231,0.244481,0.002251,0.002700,0.001774,0.050356,0.750,0.242118,0.243829,0.001711,0.002413,0.001321,0.046342,0.750
1493,camera,6830375,data/1_2024/shard-000477.tar,256x256,horizontal,1.1336,0.594,0.6301,9.5,0,0,0.437128,0.438078,0.000950,-0.000155,0.009365,0.031534,0.250,0.434853,0.436117,0.001264,-0.000356,0.002601,0.026002,0.250,0.434342,0.436286,0.001944,0.000165,0.002542,0.024446,0.500
1494,camera,541375,data/1_2024/shard-000477.tar,256x256,horizontal,1.1541,1.656,0.8118,26.5,0,0,0.734491,0.731891,-0.002600,-0.000697,-0.000382,0.074084,0.250,0.732108,0.731620,-0.000488,0.000006,-0.001460,0.055497,0.500,0.730895,0.731391,0.000497,0.000390,-0.001200,0.059993,0.500
1495,camera,5975375,data/1_2024/shard-000477.tar,256x256,vertical,1.3361,2.719,0.7164,43.5,0,0,0.526408,0.520886,-0.005521,0.002907,0.000460,0.080268,0.250,0.518922,0.522485,0.003563,0.000738,0.002212,0.046986,0.000,0.515399,0.517855,0.002457,0.000477,0.000717,0.050503,0.000
1496,camera,6413375,data/1_2024/shard-000477.tar,256x256,horizontal,1.3332,2.531,0.2965,-40.5,0,0,0.887881,0.880972,-0.006909,0.003766,-0.005486,0.061037,0.250,0.882660,0.883105,0.000445,0.003141,0.001057,0.039123,0.250,0.883946,0.884412,0.000466,0.001915,0.001228,0.037757,0.250
1497,camera,4238375,data/1_2024/shard-000477.tar,256x256,horizontal,1.1163,1.344,0.1587,-21.5,0,0,0.490500,0.491528,0.001028,0.001677,0.004622,0.035492,0.250,0.493423,0.494721,0.001298,0.001656,0.001463,0.029387,0.500,0.489902,0.491138,0.001237,0.000676,0.001781,0.032728,0.500
1498,camera,3960375,data/1_2024/shard-000477.tar,256x256,vertical,1.1541,1.656,0.8118,26.5,0,0,0.339028,0.339547,0.000519,0.000134,0.001559,0.035904,0.500,0.340984,0.339977,-0.001007,-0.001142,0.001416,0.033010,0.500,0.341263,0.340537,-0.000726,-0.000755,0.001477,0.031962,0.500
1499,camera,5987375,data/1_2024/shard-000477.tar,256x256,vertical,1.2167,3.344,0.9350,53.5,0,0,0.339260,0.341920,0.002660,0.001726,-0.000659,0.091467,0.250,0.335643,0.339985,0.004341,-0.000704,0.000130,0.058960,0.000,0.335420,0.341450,0.006030,-0.000908,0.000461,0.062064,0.250
1500,camera,4932375,data/1_2024/shard-000477.tar,256x256,vertical,1.1891,0.062,0.4906,-1.0,0,0,0.463341,0.465775,0.002434,-0.000174,0.001987,0.004446,0.000,0.463837,0.466764,0.002927,-0.000279,0.006858,0.005391,0.000,0.461885,0.463560,0.001676,0.000054,0.005455,0.004090,0.500
1501,camera,428375,data/1_2024/shard-000477.tar,256x256,horizontal,1.1388,1.375,0.2105,-22.0,0,0,0.645603,0.647354,0.001752,0.001813,0.000109,0.036304,1.000,0.645072,0.646223,0.001151,0.000457,0.000347,0.030387,0.750,0.646265,0.647110,0.000845,0.000521,0.000313,0.029885,0.750
1502,camera,8246375,data/1_2024/shard-000477.tar,256x256,vertical,1.1826,0.250,0.4608,-4.0,0,0,0.535231,0.536781,0.001550,-0.000293,0.019071,0.012731,0.250,0.532105,0.536212,0.004107,0.000188,0.001555,0.009730,0.750,0.533985,0.538813,0.004827,-0.000224,-0.000291,0.009650,0.250
1503,camera,8295375,data/1_2024/shard-000477.tar,256x256,vertical,1.1826,2.125,0.1667,-34.0,0,0,0.672373,0.665917,-0.006455,-0.005907,-0.007578,0.082180,0.250,0.672426,0.667752,-0.004675,-0.001845,-0.003221,0.047488,0.250,0.673990,0.670305,-0.003686,-0.001252,-0.002088,0.050351,0.500
1504,camera,6552375,data/1_2024/shard-000477.tar,256x256,vertical,1.1941,0.844,0.6239,13.5,0,0,0.361374,0.358595,-0.002778,-0.000209,0.003704,0.024999,0.000,0.357970,0.358074,0.000104,-0.000385,0.000484,0.022067,0.000,0.356011,0.356885,0.000874,0.000509,0.001676,0.021417,0.250
1505,camera,975375,data/1_2024/shard-000477.tar,256x256,vertical,1.1875,0.594,0.4095,-9.5,0,0,0.674815,0.679430,0.004615,0.001438,0.008914,0.033128,0.750,0.667639,0.675781,0.008142,0.000915,0.003371,0.017033,0.750,0.667433,0.676786,0.009353,0.000587,0.002622,0.015334,1.000
1506,camera,806375,data/1_2024/shard-000477.tar,256x256,vertical,1.1875,3.156,0.9810,50.5,0,0,0.880837,0.879473,-0.001364,0.006647,0.007194,0.111075,0.250,0.879986,0.882103,0.002117,0.003994,0.004429,0.081444,0.750,0.877701,0.878433,0.000732,0.000827,0.001184,0.073496,0.250
1507,camera,1157375,data/1_2024/shard-000477.tar,256x256,horizontal,1.1891,2.250,0.1604,-36.0,0,0,0.719038,0.718319,-0.000719,-0.001784,-0.001622,0.068368,0.000,0.715708,0.718891,0.003182,0.000573,0.006963,0.031213,0.250,0.716879,0.719001,0.002122,0.000133,0.005922,0.034333,0.250
1508,camera,8222375,data/1_2024/shard-000477.tar,256x256,vertical,1.1826,2.875,0.9510,46.0,0,0,0.177776,0.174235,-0.003541,0.000879,0.000009,0.062467,0.000,0.171292,0.171714,0.000422,0.004655,0.004069,0.046431,1.000,0.170640,0.171657,0.001017,0.004901,0.004042,0.049206,1.000
1509,camera,4069375,data/1_2024/shard-000477.tar,256x256,vertical,1.1891,1.000,0.3491,-16.0,0,0,0.627099,0.631891,0.004792,0.002325,0.003712,0.043734,0.750,0.623561,0.631207,0.007646,0.000701,0.002689,0.040479,0.750,0.622063,0.629371,0.007308,0.000197,0.003319,0.037271,0.500
1510,camera,3999375,data/1_2024/shard-000477.tar,256x256,vertical,1.1826,0.188,0.5294,3.0,0,0,0.387020,0.386617,-0.000403,-0.000113,0.000409,0.008011,0.250,0.389484,0.387897,-0.001587,0.000030,0.000198,0.008349,0.000,0.387714,0.385550,-0.002164,0.000020,0.000214,0.008617,0.000
1511,camera,2803375,data/1_2024/shard-000477.tar,256x256,vertical,1.2071,2.594,0.8547,41.5,0,0,0.346632,0.344370,-0.002262,-0.000355,0.009865,0.076845,0.000,0.340716,0.345262,0.004546,0.003363,0.003778,0.054275,1.000,0.339209,0.343703,0.004494,0.003002,0.002882,0.053711,1.000
1512,camera,4373375,data/1_2024/shard-000477.tar,256x256,vertical,1.2247,0.125,0.4844,-2.0,0,0,0.619077,0.617755,-0.001323,-0.000227,0.000235,0.007181,0.000,0.620798,0.620601,-0.000197,0.000089,0.000400,0.007672,0.250,0.618093,0.618019,-0.000075,0.000157,0.001594,0.006861,0.250
1513,camera,2686375,data/1_2024/shard-000477.tar,256x256,vertical,1.3095,1.031,0.4098,-16.5,0,0,0.417512,0.418872,0.001360,0.000343,0.000542,0.019714,0.250,0.413256,0.416726,0.003470,-0.000441,0.000707,0.020742,0.000,0.411038,0.413358,0.002320,-0.001067,-0.000871,0.018929,0.000
1514,camera,7084375,data/1_2024/shard-000477.tar,256x256,vertical,1.1891,3.250,0.9906,52.0,0,0,0.616985,0.620954,0.003969,0.008368,-0.002083,0.096307,0.250,0.618569,0.622004,0.003435,0.001468,-0.002430,0.049654,0.500,0.619175,0.622164,0.002989,0.002655,-0.001943,0.058982,0.250
1515,camera,177375,data/1_2024/shard-000477.tar,256x256,vertical,1.3390,1.156,0.4089,-18.5,0,0,0.595960,0.594921,-0.001039,0.001301,0.020964,0.038301,0.250,0.588761,0.595349,0.006588,-0.001257,0.002331,0.029788,0.000,0.587397,0.593597,0.006199,-0.002170,0.003087,0.035215,0.000
1516,camera,5462375,data/1_2024/shard-000477.tar,256x256,vertical,1.2915,4.656,0.0643,-74.5,0,0,0.698118,0.686235,-0.011883,-0.000845,-0.005168,0.168410,0.250,0.686298,0.687796,0.001498,0.010447,0.003915,0.124399,0.500,0.686952,0.688642,0.001689,0.012421,0.004939,0.128481,0.500
1517,camera,4330375,data/1_2024/shard-000477.tar,256x256,vertical,1.1957,2.312,0.8364,37.0,0,0,0.556010,0.553717,-0.002292,0.006980,-0.000146,0.082476,0.000,0.550279,0.552983,0.002704,0.003301,-0.000097,0.055808,0.250,0.549753,0.552346,0.002593,0.002745,-0.000052,0.050443,0.250
1518,camera,7009375,data/1_2024/shard-000477.tar,256x256,vertical,1.2135,1.219,0.6612,19.5,0,0,0.541703,0.550465,0.008761,0.008236,0.012543,0.100608,0.750,0.542072,0.548815,0.006743,0.002818,0.005172,0.063986,1.000,0.540732,0.546556,0.005824,0.002135,0.003957,0.061499,1.000
1519,camera,7029375,data/1_2024/shard-000477.tar,256x256,vertical,1.2247,2.375,0.2031,-38.0,0,0,0.634296,0.631943,-0.002353,0.009982,-0.000189,0.097719,0.250,0.632160,0.632340,0.000180,0.008466,-0.000017,0.077146,0.250,0.636277,0.634832,-0.001445,0.004638,-0.000129,0.065667,0.000
1520,camera,5737375,data/1_2024/shard-000477.tar,256x256,vertical,1.3332,4.844,0.1106,-77.5,0,0,0.304950,0.284465,-0.020485,-0.002810,-0.021329,0.144693,0.000,0.286498,0.284710,-0.001788,0.001854,-0.002443,0.048666,0.250,0.287795,0.285867,-0.001929,0.000858,-0.002531,0.052262,0.250
1521,camera,7210375,data/1_2024/shard-000477.tar,256x256,horizontal,1.2778,3.250,0.8210,52.0,0,0,0.545043,0.541094,-0.003949,0.002546,0.011823,0.111267,0.250,0.537238,0.538052,0.000815,0.003222,0.005953,0.060106,0.500,0.537566,0.538344,0.000777,0.004538,0.006074,0.064160,0.500
1522,camera,4292375,data/1_2024/shard-000477.tar,256x256,vertical,1.1891,2.250,0.8396,36.0,0,0,0.497821,0.498022,0.000201,0.003951,0.024664,0.067907,0.250,0.497971,0.499015,0.001044,0.002901,0.020791,0.045679,1.000,0.493319,0.494674,0.001355,0.001944,0.021100,0.042977,1.000
1523,camera,7834375,data/1_2024/shard-000477.tar,256x256,horizontal,1.1541,0.531,0.4000,-8.5,0,0,0.449610,0.449335,-0.000275,0.002258,0.002247,0.024075,0.250,0.449993,0.451189,0.001196,0.002164,0.002226,0.020397,0.500,0.448907,0.450514,0.001607,0.002192,0.002877,0.022364,0.250
1524,camera,4134375,data/1_2024/shard-000477.tar,256x256,vertical,1.3376,1.125,0.4109,-18.0,0,0,0.435972,0.432378,-0.003594,-0.001951,-0.000099,0.035393,0.000,0.427572,0.430677,0.003104,-0.000352,0.005267,0.024750,0.000,0.427238,0.430953,0.003715,0.000280,0.004979,0.026246,0.500
1525,camera,3382375,data/1_2024/shard-000477.tar,256x256,horizontal,1.1891,0.875,0.3679,-14.0,0,0,0.793728,0.800161,0.006433,0.006176,0.007290,0.065121,0.500,0.796201,0.802280,0.006079,0.006617,0.007302,0.055423,0.500,0.792016,0.800011,0.007995,0.007187,0.009606,0.058179,0.750
1526,camera,4701375,data/1_2024/shard-000477.tar,256x256,vertical,1.2763,2.281,0.2733,-36.5,0,0,0.713105,0.709967,-0.003137,0.004673,-0.003235,0.075037,0.000,0.711173,0.711390,0.000217,0.003346,-0.000682,0.041452,0.250,0.708161,0.709285,0.001125,0.003299,-0.000518,0.043431,0.500
1527,camera,2682375,data/1_2024/shard-000477.tar,256x256,vertical,1.3332,0.531,0.4573,-8.5,0,0,0.424612,0.422116,-0.002497,-0.000190,-0.002978,0.014077,0.000,0.419320,0.420392,0.001071,0.000289,-0.000607,0.013533,0.250,0.418898,0.420278,0.001380,0.000171,-0.000680,0.015039,0.500
1528,camera,8048375,data/1_2024/shard-000477.tar,256x256,vertical,1.1908,2.281,0.8411,36.5,0,0,0.457715,0.454340,-0.003374,-0.006220,-0.006261,0.097664,0.000,0.454451,0.452050,-0.002401,-0.003361,-0.001783,0.079219,0.500,0.453862,0.451267,-0.002594,-0.001295,-0.000739,0.076622,0.250
1529,camera,941375,data/1_2024/shard-000477.tar,256x256,horizontal,1.1439,0.594,0.6203,9.5,0,0,0.731358,0.732471,0.001112,0.000920,0.005685,0.077662,0.500,0.731918,0.732812,0.000893,0.000740,0.003559,0.065730,0.750,0.732437,0.733160,0.000723,0.001138,0.015296,0.067844,0.500
1530,camera,8269375,data/1_2024/shard-000477.tar,256x256,vertical,1.1075,0.875,0.7414,14.0,0,0,0.563789,0.561924,-0.001865,-0.000528,0.002628,0.059936,0.250,0.563069,0.561634,-0.001435,0.002005,0.003214,0.053044,0.500,0.563577,0.564577,0.001000,0.002178,0.003331,0.058801,0.500
1531,camera,6878375,data/1_2024/shard-000477.tar,256x256,vertical,1.1973,1.281,0.6847,20.5,0,0,0.773241,0.772528,-0.000713,-0.001470,-0.000780,0.041837,0.250,0.774272,0.773773,-0.000499,-0.001057,-0.000452,0.041778,0.250,0.772710,0.772522,-0.000188,-0.001172,-0.000401,0.037936,0.250
1532,camera,8160375,data/1_2024/shard-000477.tar,256x256,horizontal,1.3947,5.062,0.8347,81.0,0,0,0.761708,0.731802,-0.029906,0.000492,-0.026613,0.153251,0.000,0.735498,0.734396,-0.001102,0.001860,0.002832,0.071723,0.250,0.733819,0.728973,-0.004846,0.000297,0.000024,0.069841,0.000
1533,camera,876375,data/1_2024/shard-000477.tar,256x256,vertical,1.2022,3.312,0.0351,-53.0,0,0,0.431131,0.427095,-0.004036,0.002119,-0.003741,0.104784,0.000,0.423597,0.426817,0.003220,0.002930,0.001306,0.054765,1.000,0.421746,0.424514,0.002768,0.003655,0.002276,0.052881,1.000
1534,camera,2492375,data/1_2024/shard-000477.tar,256x256,vertical,1.1875,3.031,0.0381,-48.5,0,0,0.601719,0.598141,-0.003578,0.000843,-0.000973,0.079005,0.250,0.595117,0.596665,0.001548,0.002490,0.002874,0.046976,0.750,0.593947,0.595727,0.001780,0.002534,0.002989,0.048219,0.750
1535,camera,3725375,data/1_2024/shard-000477.tar,256x256,vertical,1.2809,1.562,0.6524,25.0,0,0,0.740211,0.745662,0.005452,0.006403,0.001413,0.066615,0.250,0.733348,0.747372,0.014024,0.009434,0.007065,0.104959,0.500,0.730724,0.746072,0.015347,0.010978,0.008273,0.106577,0.500
1536,camera,4865375,data/1_2024/shard-000477.tar,256x256,vertical,1.1924,1.938,0.2130,-31.0,0,0,0.701015,0.697280,-0.003734,-0.002614,-0.003335,0.044766,0.000,0.702988,0.700453,-0.002534,-0.002157,-0.002061,0.037882,0.000,0.700601,0.698757,-0.001844,-0.001737,-0.000033,0.035898,0.000
1537,camera,1961375,data/1_2024/shard-000477.tar,256x256,horizontal,1.2655,3.438,0.1429,-55.0,0,0,0.543578,0.535220,-0.008357,-0.002091,-0.007707,0.137886,0.000,0.535732,0.541121,0.005389,-0.001036,0.001893,0.076529,0.500,0.532999,0.535696,0.002696,0.000592,0.002334,0.072653,0.250
1538,camera,1589375,data/1_2024/shard-000477.tar,256x256,horizontal,1.1022,1.594,0.0364,-25.5,0,0,0.476013,0.473529,-0.002484,-0.002248,0.001523,0.043793,0.000,0.477204,0.476213,-0.000991,-0.000700,0.000878,0.038999,0.000,0.474445,0.474604,0.000159,0.000379,0.001452,0.044507,0.750
1539,camera,1780375,data/1_2024/shard-000477.tar,256x256,vertical,1.1891,1.500,0.7264,24.0,0,0,0.361229,0.361640,0.000411,-0.000344,0.000014,0.024102,0.250,0.358283,0.358721,0.000438,-0.000033,0.000101,0.019664,0.250,0.357892,0.358313,0.000421,-0.000286,0.000020,0.021248,0.250
1540,camera,5032375,data/1_2024/shard-000477.tar,256x256,vertical,1.1180,0.062,0.4844,-1.0,0,0,0.478718,0.479055,0.000338,0.000087,0.000057,0.005117,0.500,0.474204,0.475605,0.001401,0.000090,-0.000109,0.005792,0.750,0.473550,0.475019,0.001470,0.000064,-0.000409,0.004695,1.000
1541,camera,3438375,data/1_2024/shard-000477.tar,256x256,vertical,1.1709,0.531,0.4105,-8.5,0,0,0.440765,0.436619,-0.004146,-0.002230,-0.002036,0.025632,0.000,0.438228,0.436501,-0.001726,-0.002064,0.001534,0.020344,0.250,0.438206,0.437557,-0.000650,-0.001263,0.003363,0.016298,0.250
1542,camera,6977375,data/1_2024/shard-000477.tar,256x256,vertical,1.1709,0.906,0.3474,-14.5,0,0,0.519869,0.519557,-0.000312,0.001187,0.004065,0.019746,0.250,0.519708,0.520061,0.000352,0.000764,0.001171,0.017502,0.500,0.515559,0.515655,0.000096,0.000290,0.000859,0.016788,0.250
1543,camera,996375,data/1_2024/shard-000477.tar,256x256,vertical,1.1826,3.188,0.0000,-51.0,0,0,0.705365,0.701974,-0.003390,0.001414,0.010934,0.074137,0.000,0.704449,0.704427,-0.000022,0.002824,0.005451,0.045114,0.500,0.704116,0.703248,-0.000868,0.001314,0.003660,0.044903,0.500
1544,camera,2587375,data/1_2024/shard-000477.tar,256x256,vertical,1.2055,2.000,0.7759,32.0,0,0,0.384400,0.383546,-0.000855,0.000167,0.000080,0.055843,0.250,0.380146,0.381638,0.001492,0.002718,-0.000069,0.052750,0.750,0.380437,0.382068,0.001631,0.001843,0.000494,0.059436,0.750
1545,camera,5425375,data/1_2024/shard-000477.tar,256x256,horizontal,1.4724,9.156,0.0100,-146.5,0,0,0.648288,0.594092,-0.054196,0.002505,-0.052932,0.161651,0.000,0.604904,0.597340,-0.007564,0.000349,-0.007644,0.118764,0.000,0.600045,0.594603,-0.005442,-0.001609,-0.006074,0.105200,0.000
1546,camera,8233375,data/1_2024/shard-000477.tar,256x256,vertical,1.1908,0.219,0.5327,3.5,0,0,0.452698,0.451093,-0.001605,0.000357,0.020822,0.007527,0.000,0.454609,0.453563,-0.001046,0.000058,0.000607,0.007617,0.000,0.450873,0.450189,-0.000684,0.000136,0.001808,0.007487,0.250
1547,camera,7618375,data/1_2024/shard-000477.tar,256x256,vertical,1.3332,1.219,0.4020,-19.5,0,0,0.323978,0.321074,-0.002904,-0.000935,-0.000979,0.063899,0.000,0.311386,0.318142,0.006756,0.000441,0.001613,0.034250,0.750,0.308651,0.313929,0.005278,0.000190,0.001818,0.031773,0.250
1548,camera,3511375,data/1_2024/shard-000477.tar,256x256,vertical,1.1891,2.062,0.1887,-33.0,0,0,0.677203,0.680523,0.003320,0.001420,0.000823,0.059652,0.750,0.673556,0.680652,0.007096,0.001329,0.000582,0.038400,0.750,0.672071,0.680285,0.008214,0.003210,0.001743,0.043390,0.750
1549,camera,7406375,data/1_2024/shard-000477.tar,256x256,vertical,1.2183,1.812,0.7339,29.0,0,0,0.386864,0.386715,-0.000149,-0.001793,-0.002638,0.052752,0.000,0.385503,0.386782,0.001280,-0.000523,-0.001226,0.037776,0.000,0.385172,0.388366,0.003194,-0.000242,-0.000462,0.036314,0.250
1550,camera,7451375,data/1_2024/shard-000477.tar,256x256,vertical,1.2453,4.281,0.9858,68.5,0,0,0.477774,0.474185,-0.003588,0.007244,-0.000548,0.125286,0.250,0.461407,0.470305,0.008898,0.007575,0.003338,0.069873,0.750,0.458010,0.465218,0.007208,0.005807,0.002044,0.064151,0.750
1551,camera,5254375,data/1_2024/shard-000477.tar,256x256,horizontal,1.1859,2.688,0.0865,-43.0,0,0,0.447793,0.443875,-0.003917,-0.000623,0.026207,0.067634,0.000,0.446072,0.445708,-0.000363,0.001036,0.003227,0.048157,0.250,0.443897,0.443549,-0.000349,0.001422,0.004621,0.051864,0.000
1552,camera,3868375,data/1_2024/shard-000477.tar,256x256,vertical,1.1891,1.438,0.7170,23.0,0,0,0.481839,0.481232,-0.000607,0.001504,-0.000386,0.034012,0.250,0.480482,0.481012,0.000530,0.000589,0.000195,0.032302,0.750,0.476347,0.476892,0.000545,0.001759,0.000843,0.033745,0.500
1553,camera,4540375,data/1_2024/shard-000477.tar,256x256,horizontal,1.1405,2.094,0.0649,-33.5,0,0,0.549916,0.548431,-0.001485,0.000135,0.016064,0.046646,0.000,0.548289,0.548343,0.000054,0.000252,0.002649,0.039082,0.250,0.548183,0.548665,0.000482,0.000335,0.003022,0.036331,0.250
1554,camera,6178375,data/1_2024/shard-000477.tar,256x256,vertical,1.1093,1.844,1.0000,29.5,0,0,0.498807,0.499600,0.000793,0.001058,0.000300,0.039862,0.250,0.500898,0.502081,0.001184,0.001582,-0.000215,0.032495,0.250,0.499648,0.500446,0.000798,0.000734,-0.000632,0.030585,0.250
1555,camera,7624375,data/1_2024/shard-000477.tar,256x256,horizontal,1.1267,0.719,0.3333,-11.5,0,0,0.497451,0.497574,0.000123,0.000396,0.003496,0.025790,0.250,0.495953,0.497241,0.001288,0.001394,0.001183,0.021718,0.750,0.496117,0.497136,0.001020,0.000776,0.000960,0.022048,0.750
1556,camera,4365375,data/1_2024/shard-000477.tar,256x256,vertical,1.1891,2.062,0.8113,33.0,0,0,0.435654,0.433262,-0.002392,0.000965,0.000108,0.050521,0.250,0.434522,0.434576,0.000054,0.001251,-0.000328,0.031870,0.250,0.431221,0.431969,0.000748,0.001469,-0.000107,0.032799,0.500
1557,camera,2212375,data/1_2024/shard-000477.tar,256x256,vertical,1.1891,0.375,0.5566,6.0,0,0,0.564062,0.565992,0.001931,0.000942,0.004247,0.017329,0.250,0.559851,0.562547,0.002696,0.000661,0.002625,0.017803,0.250,0.560430,0.563467,0.003038,0.000194,0.004897,0.018806,0.250
1558,camera,6375375,data/1_2024/shard-000477.tar,256x256,vertical,1.2038,1.531,0.7130,24.5,0,0,0.785324,0.786847,0.001523,0.001544,0.000646,0.052029,0.500,0.782506,0.786342,0.003836,0.002854,0.002236,0.052950,0.750,0.781209,0.784586,0.003376,0.002209,0.002052,0.055222,0.500
1559,camera,3283375,data/1_2024/shard-000477.tar,256x256,horizontal,1.1859,1.875,0.7885,30.0,0,0,0.617710,0.618853,0.001143,0.001286,0.001124,0.046138,0.250,0.616321,0.619566,0.003244,0.002040,0.002321,0.035908,0.500,0.617605,0.621441,0.003836,0.002134,0.003185,0.038412,0.500
1560,camera,4804375,data/1_2024/shard-000477.tar,256x256,vertical,1.2295,0.906,0.6107,14.5,0,0,0.529011,0.530761,0.001750,0.011334,0.017390,0.095756,0.250,0.523055,0.526462,0.003407,-0.000330,0.000075,0.028814,0.500,0.525240,0.529217,0.003977,-0.001070,-0.000920,0.031718,0.500
1561,camera,4021375,data/1_2024/shard-000477.tar,256x256,vertical,1.1891,1.500,0.2736,-24.0,0,0,0.521522,0.520953,-0.000569,-0.000668,-0.000659,0.032831,0.500,0.521911,0.522814,0.000903,-0.001308,-0.001791,0.026331,0.500,0.520371,0.521893,0.001522,-0.000572,-0.000577,0.025660,0.500
1562,camera,4417375,data/1_2024/shard-000477.tar,256x256,vertical,1.1891,2.875,0.0660,-46.0,0,0,0.654115,0.655669,0.001555,0.004921,0.003038,0.118828,0.750,0.655681,0.657064,0.001383,0.024360,0.018401,0.168525,1.000,0.655118,0.656473,0.001354,0.024150,0.020357,0.169561,1.000
1563,camera,7770375,data/1_2024/shard-000477.tar,256x256,vertical,1.2247,1.000,0.3750,-16.0,0,0,0.492238,0.493351,0.001113,0.001238,-0.000444,0.022974,0.250,0.491374,0.494443,0.003068,0.001208,0.000069,0.019589,0.250,0.491722,0.494189,0.002466,0.000844,-0.000034,0.017263,0.250
1564,camera,4472375,data/1_2024/shard-000477.tar,256x256,horizontal,1.2609,3.844,0.9073,61.5,0,0,0.633882,0.620038,-0.013845,0.002149,-0.011246,0.127908,0.000,0.618073,0.614845,-0.003228,-0.000273,-0.001961,0.057432,0.250,0.617956,0.616994,-0.000962,0.002087,-0.000148,0.063246,0.250
1565,camera,629375,data/1_2024/shard-000477.tar,256x256,vertical,1.1250,0.438,0.3971,-7.0,0,0,0.318784,0.319202,0.000418,-0.000520,-0.000456,0.022541,0.250,0.319421,0.320396,0.000975,-0.000169,-0.000416,0.013454,0.250,0.317827,0.318516,0.000689,-0.000738,-0.000927,0.015090,0.000
1566,camera,7196375,data/1_2024/shard-000477.tar,256x256,horizontal,1.1541,1.094,0.2941,-17.5,0,0,0.612881,0.626948,0.014067,0.012196,0.002431,0.088118,0.500,0.610264,0.622927,0.012663,0.005881,0.003069,0.050881,0.500,0.609500,0.622102,0.012602,0.005551,0.002912,0.049437,0.500
1567,camera,2032375,data/1_2024/shard-000477.tar,256x256,vertical,1.1285,0.688,0.6571,11.0,0,0,0.661081,0.662136,0.001055,-0.000926,-0.001127,0.038600,0.250,0.660763,0.665241,0.004478,0.001620,0.002415,0.029013,0.500,0.659895,0.663196,0.003301,-0.000168,0.000273,0.027636,0.250
1568,camera,1439375,data/1_2024/shard-000477.tar,256x256,vertical,1.4114,2.875,0.3189,-46.0,0,0,0.591766,0.586761,-0.005005,-0.000425,-0.008214,0.089161,0.250,0.579912,0.583317,0.003405,0.000585,-0.002368,0.047413,0.250,0.581061,0.582989,0.001927,0.000963,-0.002816,0.045544,0.250
1569,camera,284375,data/1_2024/shard-000477.tar,256x256,vertical,1.1826,0.250,0.4608,-4.0,0,0,0.590186,0.584967,-0.005218,-0.000013,-0.001182,0.013196,0.000,0.586409,0.583762,-0.002647,0.000115,-0.000277,0.010832,0.250,0.589350,0.583951,-0.005400,-0.000479,-0.002866,0.010939,0.250
1570,camera,5606375,data/1_2024/shard-000477.tar,256x256,vertical,1.3140,2.188,0.3118,-35.0,0,0,0.481266,0.475110,-0.006156,0.000414,-0.002594,0.054510,0.000,0.473131,0.474446,0.001314,0.001638,0.000384,0.031836,0.750,0.474843,0.475864,0.001021,0.001829,0.000060,0.033551,0.750
1571,camera,504375,data/1_2024/shard-000477.tar,256x256,horizontal,1.1541,2.344,0.0588,-37.5,0,0,0.625351,0.624347,-0.001004,-0.000510,0.000148,0.073077,0.500,0.625517,0.623958,-0.001559,-0.002605,-0.001105,0.067576,0.000,0.623614,0.622489,-0.001124,-0.000221,-0.000550,0.063436,0.000
1572,camera,1324375,data/1_2024/shard-000477.tar,256x256,horizontal,1.1541,0.344,0.4353,-5.5,0,0,0.538625,0.538157,-0.000468,-0.006610,0.012031,0.042032,0.250,0.530667,0.531232,0.000565,-0.002890,0.001316,0.027173,0.500,0.534743,0.535368,0.000625,-0.002558,0.001294,0.028045,0.500
1573,camera,307375,data/1_2024/shard-000477.tar,256x256,vertical,1.2655,1.375,0.6429,22.0,0,0,0.243440,0.244851,0.001411,0.002424,0.005527,0.030647,0.250,0.245544,0.245854,0.000309,0.001302,0.001301,0.018264,0.500,0.244660,0.245157,0.000497,0.001392,0.001706,0.018085,0.500
1574,camera,5789375,data/1_2024/shard-000477.tar,256x256,vertical,1.1726,1.688,0.2188,-27.0,0,0,0.549917,0.547889,-0.002028,0.000650,-0.001295,0.057081,0.000,0.550793,0.550427,-0.000367,0.008049,0.005485,0.056243,0.250,0.553512,0.552487,-0.001024,0.005687,0.004171,0.045839,0.000
1575,camera,5122375,data/1_2024/shard-000477.tar,256x256,vertical,1.1626,0.625,0.3889,-10.0,0,0,0.410890,0.411555,0.000666,-0.000361,0.000083,0.030724,0.250,0.407795,0.410861,0.003066,0.000128,0.001873,0.020569,0.750,0.407368,0.409076,0.001708,0.000519,0.003799,0.019964,0.750
1576,camera,688375,data/1_2024/shard-000477.tar,256x256,vertical,1.1891,0.188,0.5283,3.0,0,0,0.357031,0.357981,0.000950,0.000024,0.000655,0.007274,0.250,0.356641,0.357650,0.001009,-0.000053,0.000041,0.006151,0.000,0.357455,0.358489,0.001034,-0.000085,0.000139,0.006034,0.000
1577,camera,1084375,data/1_2024/shard-000477.tar,256x256,vertical,1.1891,1.438,0.2830,-23.0,0,0,0.563317,0.562460,-0.000857,0.001768,0.038231,0.032096,0.000,0.562458,0.561279,-0.001179,0.001070,0.005697,0.023897,0.250,0.560590,0.558998,-0.001592,0.001589,0.005450,0.025242,0.250
1578,camera,4935375,data/1_2024/shard-000477.tar,256x256,vertical,1.1541,2.344,0.9412,37.5,0,0,0.702572,0.701914,-0.000658,0.002000,-0.002060,0.127586,0.000,0.698569,0.707129,0.008560,0.005904,-0.003501,0.118782,0.500,0.698072,0.704947,0.006874,0.005693,-0.000516,0.105789,1.000
1579,camera,5191375,data/1_2024/shard-000477.tar,256x256,vertical,1.3376,2.500,0.6980,40.0,0,0,0.525715,0.521180,-0.004534,0.003663,0.001684,0.066929,0.000,0.518330,0.521499,0.003169,-0.000204,0.002066,0.060303,0.250,0.513648,0.517849,0.004201,0.001925,0.003632,0.054762,0.500
1580,camera,209375,data/1_2024/shard-000477.tar,256x256,horizontal,1.1541,2.094,0.8941,33.5,0,0,0.759422,0.758009,-0.001413,-0.001140,0.000353,0.051165,0.000,0.758982,0.758219,-0.000763,-0.000715,0.000424,0.039711,0.000,0.760347,0.759474,-0.000873,-0.001355,-0.000152,0.041619,0.000
1581,camera,4154375,data/1_2024/shard-000477.tar,256x256,vertical,1.2247,2.562,0.1797,-41.0,0,0,0.346457,0.345522,-0.000935,-0.000077,-0.002806,0.084373,0.250,0.345727,0.346444,0.000717,0.002808,-0.003765,0.085478,0.500,0.342574,0.344388,0.001814,0.000875,-0.002068,0.069416,0.500
1582,camera,117375,data/1_2024/shard-000477.tar,256x256,vertical,1.1541,2.344,0.9412,37.5,0,0,0.301151,0.298229,-0.002922,0.000516,-0.001260,0.078287,0.250,0.297368,0.297792,0.000424,0.002587,0.000861,0.053186,0.750,0.295044,0.295880,0.000837,0.002872,0.001278,0.048687,1.000
1583,camera,4681375,data/1_2024/shard-000477.tar,256x256,vertical,1.1180,0.438,0.6094,7.0,0,0,0.492121,0.491139,-0.000982,-0.000402,0.013949,0.020129,0.000,0.491097,0.490401,-0.000695,-0.000145,0.002281,0.011373,0.250,0.490102,0.489868,-0.000234,0.000081,0.002420,0.011357,0.250
1584,camera,7169375,data/1_2024/shard-000477.tar,256x256,vertical,1.3332,3.344,0.7688,53.5,0,0,0.699403,0.687174,-0.012229,-0.000692,-0.009582,0.102930,0.000,0.686496,0.685368,-0.001128,-0.000277,-0.000221,0.088416,0.250,0.681590,0.683929,0.002338,0.001901,0.001435,0.093294,0.250
1585,camera,3552375,data/1_2024/shard-000477.tar,256x256,vertical,1.2374,2.625,0.8088,42.0,0,0,0.483713,0.494899,0.011186,0.013998,0.004300,0.114054,0.250,0.473969,0.493343,0.019374,0.016686,0.000791,0.109154,0.750,0.473863,0.492654,0.018791,0.016279,0.000992,0.105275,0.250
1586,camera,850375,data/1_2024/shard-000477.tar,256x256,horizontal,1.1809,0.094,0.4851,-1.5,0,0,0.539815,0.541007,0.001193,-0.000370,-0.001677,0.007437,0.500,0.541046,0.542511,0.001465,0.000070,-0.002009,0.006095,0.500,0.541284,0.543348,0.002065,-0.000212,-0.002240,0.006088,0.000
1587,camera,7439375,data/1_2024/shard-000477.tar,256x256,horizontal,1.1875,1.969,0.8000,31.5,0,0,0.672711,0.670604,-0.002107,-0.000490,0.002994,0.060354,0.250,0.669781,0.670959,0.001179,-0.000987,0.002357,0.040304,0.500,0.667710,0.669491,0.001781,-0.001113,0.002044,0.043144,0.500
1588,camera,3866375,data/1_2024/shard-000477.tar,256x256,vertical,1.2809,4.438,0.9329,71.0,0,0,0.553085,0.551219,-0.001867,0.015225,0.003131,0.167354,0.250,0.539812,0.552564,0.012752,0.013697,0.011133,0.108531,0.750,0.539315,0.552987,0.013672,0.013405,0.011241,0.110766,0.750
1589,camera,3672375,data/1_2024/shard-000477.tar,256x256,vertical,1.1891,3.188,0.9811,51.0,0,0,0.716615,0.717155,0.000540,0.008301,0.000355,0.095111,0.250,0.715764,0.718535,0.002771,0.008578,0.003492,0.076867,0.500,0.715310,0.718544,0.003234,0.007207,0.001812,0.076965,0.250
1590,camera,2718375,data/1_2024/shard-000477.tar,256x256,vertical,1.1891,1.062,0.3396,-17.0,0,0,0.510817,0.510680,-0.000137,-0.000185,0.000312,0.025928,0.000,0.511164,0.510672,-0.000491,0.000856,0.001481,0.025816,0.000,0.510405,0.510339,-0.000066,0.001155,0.001558,0.025451,0.250
1591,camera,6835375,data/1_2024/shard-000477.tar,256x256,vertical,1.1285,0.875,0.3000,-14.0,0,0,0.519931,0.522424,0.002493,0.000303,0.007501,0.026863,0.500,0.520428,0.524377,0.003948,0.000323,0.003158,0.022697,0.750,0.519608,0.522904,0.003296,0.000157,0.003236,0.022559,0.500
1592,camera,699375,data/1_2024/shard-000477.tar,256x256,vertical,1.1541,0.844,0.6588,13.5,0,0,0.407208,0.406884,-0.000324,0.000589,-0.000116,0.021029,0.250,0.405224,0.404731,-0.000493,0.000042,-0.000079,0.019028,0.000,0.406996,0.407290,0.000294,0.000182,-0.000073,0.017892,0.250
1593,camera,3778375,data/1_2024/shard-000477.tar,256x256,vertical,1.1891,0.375,0.5566,6.0,0,0,0.439171,0.438874,-0.000297,0.000401,0.004066,0.012014,0.250,0.439510,0.439716,0.000206,0.000087,0.001340,0.011382,0.250,0.438910,0.439320,0.000410,0.000109,0.000764,0.012143,0.500
1594,camera,7771375,data/1_2024/shard-000477.tar,256x256,vertical,1.2247,2.188,0.7734,35.0,0,0,0.479747,0.478906,-0.000841,0.000292,0.003063,0.051073,0.000,0.477216,0.478602,0.001386,0.000765,0.000860,0.031441,0.250,0.475932,0.476889,0.000957,0.000920,0.000888,0.032583,0.750
1595,camera,4269375,data/1_2024/shard-000477.tar,256x256,vertical,1.1891,2.000,0.1981,-32.0,0,0,0.570957,0.570265,-0.000692,0.001273,-0.001091,0.074864,0.250,0.568668,0.568093,-0.000575,-0.000719,-0.000915,0.053611,0.250,0.566726,0.566699,-0.000027,0.000524,-0.000305,0.052926,0.250
1596,camera,6790375,data/1_2024/shard-000477.tar,256x256,vertical,1.1541,0.156,0.4706,-2.5,0,0,0.466958,0.468245,0.001287,-0.000225,0.002875,0.010429,0.250,0.466094,0.468570,0.002477,-0.000023,0.000209,0.007173,0.500,0.467178,0.468817,0.001639,-0.000267,0.000729,0.007008,0.000
1597,camera,2278375,data/1_2024/shard-000477.tar,256x256,vertical,1.1541,2.531,0.9765,40.5,0,0,0.605691,0.607160,0.001468,0.008632,0.002675,0.098988,0.500,0.605810,0.608222,0.002412,0.005215,0.002753,0.072384,0.750,0.608061,0.610105,0.002044,0.006397,0.003399,0.070802,1.000
1598,camera,2891375,data/1_2024/shard-000477.tar,256x256,vertical,1.1826,0.812,0.6275,13.0,0,0,0.395182,0.395006,-0.000176,0.001200,-0.001005,0.021736,0.500,0.395584,0.396702,0.001118,0.000369,0.001626,0.016766,0.500,0.395017,0.396908,0.001891,0.000388,0.001931,0.017411,0.500
1599,camera,4514375,data/1_2024/shard-000477.tar,256x256,vertical,1.1693,2.875,0.0106,-46.0,0,0,0.726094,0.723651,-0.002443,0.004420,-0.001401,0.105941,0.000,0.724975,0.724717,-0.000258,0.005767,0.001424,0.107507,0.500,0.724387,0.723873,-0.000514,0.006838,0.001522,0.105611,0.250
1600,camera,4005375,data/1_2024/shard-000477.tar,256x256,vertical,1.1891,0.250,0.5377,4.0,0,0,0.583907,0.584106,0.000199,-0.000212,-0.000246,0.011591,0.000,0.581879,0.582179,0.000300,0.000039,0.000737,0.007869,0.250,0.582622,0.582250,-0.000371,-0.000017,0.000577,0.008147,0.250
1601,camera,2009375,data/1_2024/shard-000477.tar,256x256,horizontal,1.1908,1.906,0.7850,30.5,0,0,0.553863,0.553908,0.000045,0.006581,0.006758,0.072226,0.500,0.556301,0.553196,-0.003105,0.007763,0.003287,0.073515,0.250,0.555432,0.552727,-0.002705,0.007513,0.003753,0.077636,0.250
1602,camera,3872375,data/1_2024/shard-000477.tar,256x256,vertical,1.2263,1.906,0.7364,30.5,0,0,0.533279,0.531008,-0.002271,0.000621,0.020296,0.066680,0.000,0.521873,0.526643,0.004770,0.000802,0.001842,0.057162,0.250,0.519766,0.525480,0.005714,0.002699,0.003099,0.057322,0.500
1603,camera,121375,data/1_2024/shard-000477.tar,256x256,vertical,1.2671,3.469,0.1419,-55.5,0,0,0.376796,0.370170,-0.006626,-0.001505,-0.003667,0.092232,0.000,0.367457,0.371168,0.003710,0.001573,0.000230,0.037715,0.500,0.362218,0.362368,0.000151,0.002101,-0.000928,0.037790,0.500
1604,camera,6338375,data/1_2024/shard-000477.tar,256x256,horizontal,1.1541,1.594,0.2000,-25.5,0,0,0.541286,0.540040,-0.001246,-0.000025,0.002083,0.053719,0.000,0.542233,0.540225,-0.002008,-0.001739,-0.001205,0.049685,0.000,0.540620,0.539850,-0.000770,-0.000403,0.000210,0.046485,0.250
1605,camera,5675375,data/1_2024/shard-000477.tar,256x256,horizontal,1.3332,0.219,0.4824,-3.5,0,0,0.769541,0.765283,-0.004258,-0.000481,-0.003139,0.013870,0.000,0.766277,0.764738,-0.001539,-0.000295,-0.000456,0.012601,0.000,0.767217,0.767762,0.000545,-0.000371,0.000033,0.013165,0.250
1606,camera,7458375,data/1_2024/shard-000477.tar,256x256,vertical,1.1908,0.531,0.5794,8.5,0,0,0.595635,0.601774,0.006139,0.001226,0.000981,0.033691,0.250,0.598720,0.604694,0.005974,-0.000068,-0.000210,0.024692,0.250,0.595882,0.601886,0.006004,0.000893,0.000264,0.029355,0.500
1607,camera,7208375,data/1_2024/shard-000477.tar,256x256,vertical,1.1957,3.062,0.9455,49.0,0,0,0.522684,0.523569,0.000885,0.005283,0.022159,0.100220,0.500,0.516272,0.521282,0.005010,0.005823,0.005692,0.070198,0.750,0.515664,0.518566,0.002901,0.004790,0.005873,0.066345,1.000
1608,camera,2535375,data/1_2024/shard-000477.tar,256x256,horizontal,1.1233,0.156,0.5373,2.5,0,0,0.618378,0.618919,0.000541,0.000500,0.001287,0.012643,0.500,0.618915,0.619270,0.000355,0.000071,0.001170,0.008995,0.250,0.617403,0.617669,0.000265,0.000039,0.001498,0.009194,0.500
1609,camera,217375,data/1_2024/shard-000477.tar,256x256,horizontal,1.1676,1.219,0.2903,-19.5,0,0,0.725919,0.724698,-0.001221,0.000479,0.000789,0.026234,0.250,0.723543,0.725595,0.002052,0.000036,0.004053,0.021099,0.500,0.723558,0.725695,0.002137,0.000374,0.003950,0.020884,0.750
1610,camera,5842375,data/1_2024/shard-000477.tar,256x256,vertical,1.2422,2.094,0.2590,-33.5,0,0,0.480816,0.481000,0.000184,0.001986,0.002483,0.051607,0.250,0.477206,0.478337,0.001130,0.001714,0.001684,0.047921,0.250,0.477382,0.479720,0.002339,0.003438,0.001259,0.044004,0.750
1611,camera,6917375,data/1_2024/shard-000477.tar,256x256,vertical,1.1642,1.719,0.8022,27.5,0,0,0.719013,0.714910,-0.004103,0.000353,-0.002228,0.060837,0.000,0.714489,0.714279,-0.000210,-0.000650,0.000146,0.038629,0.250,0.716112,0.715614,-0.000498,-0.001129,-0.000049,0.041454,0.500
1612,camera,1765375,data/1_2024/shard-000477.tar,256x256,vertical,1.1924,0.375,0.5556,6.0,0,0,0.487841,0.490561,0.002720,-0.000738,0.003383,0.018925,0.250,0.485403,0.492699,0.007296,-0.001643,0.005764,0.016716,0.500,0.481435,0.487873,0.006437,-0.000916,0.007435,0.013507,0.500
1613,camera,2256375,data/1_2024/shard-000477.tar,256x256,vertical,1.1891,3.250,0.0094,-52.0,0,0,0.588093,0.586138,-0.001954,0.006429,0.000631,0.107287,0.500,0.582903,0.586433,0.003529,0.009167,0.006153,0.087693,0.750,0.583160,0.586399,0.003239,0.013222,0.006207,0.109096,1.000
1614,camera,1200375,data/1_2024/shard-000477.tar,256x256,vertical,1.1891,3.312,0.0000,-53.0,0,0,0.936889,0.933436,-0.003453,-0.001847,0.001801,0.080475,0.000,0.932939,0.932731,-0.000208,-0.000013,-0.000313,0.050907,0.500,0.929992,0.930387,0.000396,0.001653,-0.000049,0.058851,0.500
1615,camera,6258375,data/1_2024/shard-000477.tar,256x256,vertical,1.4142,4.875,0.1953,-78.0,0,0,0.612785,0.594580,-0.018205,-0.001491,-0.001231,0.122137,0.000,0.596295,0.594356,-0.001939,0.001674,0.000475,0.045274,0.250,0.595156,0.593946,-0.001210,0.002792,0.001186,0.044139,0.250
1616,camera,4209375,data/1_2024/shard-000477.tar,256x256,horizontal,1.1891,1.125,0.6698,18.0,0,0,0.452993,0.451167,-0.001826,-0.000297,-0.001611,0.048024,0.250,0.448624,0.449856,0.001233,0.001000,-0.000114,0.035607,0.250,0.448673,0.450539,0.001867,0.001542,-0.000116,0.037948,0.500
1617,camera,4328375,data/1_2024/shard-000477.tar,256x256,vertical,1.2200,2.969,0.8800,47.5,0,0,0.544190,0.548435,0.004245,0.014362,0.004778,0.143671,0.250,0.541243,0.552051,0.010808,0.008211,0.003331,0.094047,0.750,0.540312,0.547078,0.006766,0.010816,0.003649,0.101071,0.750
1618,camera,3383375,data/1_2024/shard-000477.tar,256x256,vertical,1.1826,3.000,0.9706,48.0,0,0,0.530104,0.528962,-0.001141,0.002994,-0.000172,0.080861,0.250,0.528134,0.530003,0.001869,0.002123,0.002595,0.047844,0.750,0.527254,0.529069,0.001815,0.001647,0.002436,0.048211,0.750
1619,camera,7597375,data/1_2024/shard-000477.tar,256x256,vertical,1.1575,0.469,0.5862,7.5,0,0,0.458836,0.458385,-0.000451,-0.000367,0.003701,0.024736,0.250,0.458440,0.459687,0.001247,-0.000085,0.001132,0.013839,0.000,0.456904,0.459705,0.002801,0.000061,0.000695,0.012579,0.250
1620,camera,5203375,data/1_2024/shard-000477.tar,256x256,vertical,1.1891,2.438,0.1321,-39.0,0,0,0.588705,0.591880,0.003175,0.003149,-0.000087,0.066538,0.250,0.590676,0.593895,0.003219,0.004239,0.000029,0.054594,0.500,0.590424,0.593767,0.003342,0.005485,-0.000042,0.062410,0.500
1621,camera,1928375,data/1_2024/shard-000477.tar,256x256,vertical,1.1507,2.219,0.9277,35.5,0,0,0.371672,0.380457,0.008785,0.009436,0.000054,0.080669,0.500,0.374676,0.384157,0.009481,0.007559,-0.000361,0.062047,0.750,0.374575,0.382825,0.008249,0.006765,-0.000472,0.064120,1.000
1622,camera,7567375,data/1_2024/shard-000477.tar,256x256,horizontal,1.1891,2.188,0.1698,-35.0,0,0,0.473785,0.472638,-0.001147,0.000165,-0.000082,0.039123,0.250,0.473528,0.473636,0.000108,0.001680,0.000483,0.029345,0.500,0.471360,0.471274,-0.000087,0.001555,0.000488,0.030395,0.250
1623,camera,4885375,data/1_2024/shard-000477.tar,256x256,vertical,1.2327,2.781,0.1654,-44.5,0,0,0.306238,0.303757,-0.002482,-0.001516,-0.001984,0.070773,0.000,0.302145,0.303496,0.001351,-0.000016,0.000071,0.039041,0.250,0.302552,0.303178,0.000627,0.000731,0.000679,0.041803,0.250
1624,camera,1797375,data/1_2024/shard-000477.tar,256x256,vertical,1.2655,4.312,0.0519,-69.0,0,0,0.546921,0.538321,-0.008600,-0.004121,-0.009426,0.123744,0.000,0.540541,0.538914,-0.001627,-0.003533,-0.001906,0.057807,0.250,0.540543,0.537802,-0.002741,-0.004803,-0.002275,0.057181,0.250
1625,camera,490375,data/1_2024/shard-000477.tar,256x256,horizontal,1.3050,1.500,0.3667,-24.0,0,0,0.749416,0.750485,0.001069,0.002973,-0.002106,0.047074,0.250,0.747134,0.753597,0.006463,0.001976,-0.000034,0.049469,0.500,0.747794,0.752904,0.005110,-0.000002,-0.000648,0.037299,0.250
1626,camera,678375,data/1_2024/shard-000477.tar,256x256,vertical,1.1891,0.375,0.4434,-6.0,0,0,0.680512,0.681173,0.000661,0.000407,0.000869,0.010906,0.250,0.679150,0.680049,0.000899,0.000398,0.001136,0.009092,0.250,0.679351,0.680498,0.001147,0.000268,0.000875,0.008870,0.500
1627,camera,4936375,data/1_2024/shard-000477.tar,256x256,vertical,1.1973,2.031,0.7928,32.5,0,0,0.682982,0.683678,0.000696,0.001399,0.000590,0.046617,0.250,0.682351,0.684061,0.001710,0.000995,0.000880,0.034196,0.250,0.681389,0.682974,0.001585,0.001298,0.001131,0.034270,0.750
1628,camera,7340375,data/1_2024/shard-000477.tar,256x256,vertical,1.1908,0.656,0.5981,10.5,0,0,0.365459,0.367035,0.001577,0.000970,0.006376,0.031511,0.250,0.365771,0.367067,0.001296,-0.000311,0.000267,0.020051,0.500,0.365191,0.366585,0.001393,-0.000556,-0.000020,0.019253,0.250
1629,camera,3195375,data/1_2024/shard-000477.tar,256x256,horizontal,1.2484,4.094,0.0420,-65.5,0,0,0.773570,0.767437,-0.006133,-0.001156,-0.006643,0.118663,0.000,0.762597,0.766578,0.003981,0.001236,0.005164,0.056404,0.500,0.763604,0.765939,0.002335,0.000581,0.004414,0.054979,0.500
1630,camera,8342375,data/1_2024/shard-000477.tar,256x256,vertical,1.1473,2.281,0.9506,36.5,0,0,0.521615,0.524033,0.002418,0.010457,0.004683,0.090367,0.750,0.514744,0.521165,0.006421,0.010413,0.000113,0.085100,0.500,0.517170,0.524299,0.007129,0.010724,0.001519,0.089531,0.500
1631,camera,6314375,data/1_2024/shard-000477.tar,256x256,vertical,1.1875,1.594,0.2571,-25.5,0,0,0.367344,0.362377,-0.004967,-0.001339,0.001482,0.047106,0.000,0.360631,0.365005,0.004374,-0.000120,0.001591,0.031848,0.250,0.358375,0.362186,0.003811,0.000540,0.001749,0.032203,0.500
1632,camera,7700375,data/1_2024/shard-000477.tar,256x256,horizontal,1.1267,1.094,0.2464,-17.5,0,0,0.538686,0.549488,0.010802,0.008244,0.008189,0.070178,0.750,0.541896,0.553259,0.011363,0.006266,0.011603,0.053452,0.750,0.538485,0.551855,0.013370,0.006445,0.013340,0.058372,0.750
1633,camera,3402375,data/1_2024/shard-000477.tar,256x256,horizontal,1.1110,0.000,0.5000,0.0,1,0,0.255356,0.254983,-0.000373,,-0.000260,,0.750,0.254312,0.253915,-0.000397,,0.000853,,0.750,0.255436,0.255001,-0.000436,,0.000779,,0.750
1634,camera,4636375,data/1_2024/shard-000477.tar,256x256,horizontal,1.1891,2.562,0.8868,41.0,0,0,0.431999,0.431544,-0.000455,0.001592,-0.000921,0.076727,0.250,0.432986,0.433700,0.000713,-0.002090,-0.001686,0.053693,0.500,0.431822,0.433267,0.001445,-0.000099,0.000039,0.054338,0.250
1635,camera,3434375,data/1_2024/shard-000477.tar,256x256,vertical,1.3835,2.875,0.3034,-46.0,0,0,0.608183,0.600321,-0.007862,0.001971,-0.009880,0.083247,0.250,0.597983,0.599781,0.001797,0.002213,-0.000748,0.039635,0.250,0.600071,0.601191,0.001120,0.003411,-0.000949,0.039742,0.250
1636,camera,473375,data/1_2024/shard-000477.tar,256x256,vertical,1.1541,1.469,0.7765,23.5,0,0,0.671857,0.669857,-0.002000,-0.004337,0.003075,0.039579,0.500,0.668345,0.668511,0.000166,-0.000701,-0.000404,0.028685,0.500,0.669933,0.671099,0.001166,-0.000648,-0.000515,0.028744,0.250
1637,camera,4726375,data/1_2024/shard-000477.tar,256x256,vertical,1.1957,2.562,0.8727,41.0,0,0,0.245376,0.244760,-0.000615,0.001334,-0.000676,0.051504,0.250,0.241556,0.243597,0.002041,0.001287,0.000076,0.026921,0.750,0.240104,0.242660,0.002556,0.001673,0.000157,0.027590,0.500
1638,camera,74375,data/1_2024/shard-000477.tar,256x256,horizontal,1.1541,1.281,0.7412,20.5,0,0,0.754746,0.753059,-0.001687,-0.002048,-0.001219,0.057301,0.000,0.756283,0.753708,-0.002576,-0.002493,-0.003385,0.033580,0.000,0.755646,0.751294,-0.004352,-0.003698,-0.004222,0.041740,0.000
1639,camera,2923375,data/1_2024/shard-000477.tar,256x256,horizontal,1.1891,2.125,0.1792,-34.0,0,0,0.800066,0.799728,-0.000338,0.001248,0.001436,0.053651,0.250,0.800011,0.800903,0.000893,0.001971,0.000413,0.044395,0.250,0.796788,0.796704,-0.000083,0.001667,-0.000083,0.043283,0.250
1640,camera,1536375,data/1_2024/shard-000477.tar,256x256,vertical,1.1336,0.531,0.6164,8.5,0,0,0.337811,0.337375,-0.000435,-0.000106,0.001965,0.018086,0.250,0.340731,0.339416,-0.001316,0.000352,-0.000026,0.015836,0.250,0.343269,0.342631,-0.000638,-0.000042,-0.000020,0.018299,0.000
1641,camera,4872375,data/1_2024/shard-000477.tar,256x256,vertical,1.2854,5.094,0.0120,-81.5,0,0,0.380079,0.348376,-0.031702,-0.008065,-0.028464,0.176818,0.000,0.344627,0.345214,0.000588,0.005182,-0.001122,0.062870,0.500,0.344742,0.349215,0.004473,0.005938,0.002691,0.069411,0.500
1642,camera,2577375,data/1_2024/shard-000477.tar,256x256,horizontal,1.1541,0.719,0.6353,11.5,0,0,0.606181,0.611572,0.005391,0.003580,0.000504,0.040125,0.750,0.603452,0.611293,0.007841,0.001008,-0.000122,0.025399,0.500,0.602464,0.610868,0.008403,0.000614,-0.000021,0.028522,0.750
1643,camera,7036375,data/1_2024/shard-000477.tar,256x256,vertical,1.1891,0.250,0.5377,4.0,0,0,0.765739,0.768944,0.003206,0.000364,-0.000177,0.012909,0.500,0.765021,0.769625,0.004603,0.000219,0.000290,0.012729,0.750,0.764619,0.767396,0.002777,-0.000028,0.000064,0.010096,0.750
1644,camera,960375,data/1_2024/shard-000477.tar,256x256,horizontal,1.2071,0.406,0.5556,6.5,0,0,0.669403,0.670826,0.001423,0.003581,0.001812,0.034256,0.250,0.665269,0.667723,0.002454,0.003576,0.002451,0.033823,0.250,0.668290,0.670586,0.002296,0.004534,0.003346,0.037498,0.250
1645,camera,2505375,data/1_2024/shard-000477.tar,256x256,horizontal,1.1875,1.406,0.2857,-22.5,0,0,0.919444,0.919266,-0.000177,-0.000088,0.016246,0.031311,0.250,0.917576,0.917606,0.000030,-0.000013,0.003865,0.024336,0.500,0.918464,0.918317,-0.000147,-0.000333,0.005058,0.025999,0.750
1646,camera,829375,data/1_2024/shard-000477.tar,256x256,horizontal,1.2717,4.875,0.9937,78.0,0,0,0.605140,0.590939,-0.014201,0.004739,-0.012154,0.153180,0.000,0.592342,0.591088,-0.001254,0.004231,0.003290,0.071247,0.250,0.589871,0.591060,0.001188,0.007841,0.006557,0.077269,0.500
1647,camera,870375,data/1_2024/shard-000477.tar,256x256,horizontal,1.1957,2.812,0.9091,45.0,0,0,0.291972,0.291191,-0.000782,0.006497,0.008970,0.082079,0.500,0.288475,0.291061,0.002586,0.004391,0.010603,0.041989,0.750,0.289786,0.291577,0.001791,0.003885,0.011168,0.040442,0.750
1648,camera,748375,data/1_2024/shard-000477.tar,256x256,vertical,1.2359,1.719,0.2963,-27.5,0,0,0.704082,0.706357,0.002275,-0.000458,-0.000547,0.043635,0.250,0.698422,0.703972,0.005551,0.001115,0.001837,0.030869,0.750,0.699328,0.705162,0.005834,0.000024,0.000827,0.031248,0.250
1649,camera,3652375,data/1_2024/shard-000477.tar,256x256,horizontal,1.1891,2.438,0.8679,39.0,0,0,0.816937,0.817336,0.000399,0.001891,0.002077,0.068422,0.500,0.815295,0.816165,0.000870,0.003580,0.001641,0.060788,0.250,0.815833,0.817596,0.001763,0.005439,0.002059,0.063773,0.500
1650,camera,5517375,data/1_2024/shard-000477.tar,256x256,horizontal,1.1659,2.562,0.9457,41.0,0,0,0.597261,0.599337,0.002076,0.003680,0.004093,0.090906,0.500,0.594505,0.598038,0.003534,0.006780,0.005464,0.064155,0.500,0.594155,0.597113,0.002958,0.006065,0.004489,0.063954,0.500
1651,camera,3714375,data/1_2024/shard-000477.tar,256x256,vertical,1.1908,0.656,0.4019,-10.5,0,0,0.787216,0.787543,0.000328,-0.000873,0.014856,0.031378,0.000,0.786466,0.789961,0.003495,0.000299,0.010685,0.021507,0.750,0.784218,0.786590,0.002372,0.000733,0.009279,0.020273,0.750
1652,camera,2393375,data/1_2024/shard-000477.tar,256x256,vertical,1.1891,2.312,0.8491,37.0,0,0,0.608368,0.605704,-0.002663,-0.001540,-0.002579,0.092307,0.000,0.605353,0.605665,0.000312,0.001450,0.002714,0.062665,0.250,0.604671,0.605426,0.000755,0.001553,0.002088,0.064036,0.250
1653,camera,6325375,data/1_2024/shard-000477.tar,256x256,horizontal,1.2119,3.312,0.0583,-53.0,0,0,0.332936,0.321209,-0.011727,-0.005771,-0.009859,0.107535,0.000,0.320251,0.321631,0.001380,0.004438,0.003965,0.094466,0.250,0.318703,0.320653,0.001949,0.002988,0.004499,0.071717,0.250
1654,camera,7951375,data/1_2024/shard-000477.tar,256x256,horizontal,1.3170,4.375,0.8723,70.0,0,0,0.835080,0.827900,-0.007180,0.006950,0.005097,0.149065,0.250,0.827643,0.828421,0.000778,0.003137,0.000497,0.082819,0.500,0.826967,0.826992,0.000026,0.003794,-0.000208,0.087773,0.500
1655,camera,8027375,data/1_2024/shard-000477.tar,256x256,horizontal,1.3332,0.469,0.4623,-7.5,0,0,0.487019,0.480455,-0.006564,0.000706,-0.002751,0.024620,0.000,0.483709,0.480709,-0.003000,-0.000293,0.001273,0.021238,0.000,0.483909,0.479808,-0.004101,-0.001133,0.000696,0.025206,0.500
1656,camera,4295375,data/1_2024/shard-000477.tar,256x256,vertical,1.2006,1.156,0.3363,-18.5,0,0,0.683832,0.684308,0.000477,0.000633,0.013517,0.026117,0.750,0.684101,0.685766,0.001665,0.000203,0.002775,0.022480,0.750,0.680000,0.681261,0.001261,0.000401,0.002943,0.023580,0.500
1657,camera,278375,data/1_2024/shard-000477.tar,256x256,vertical,1.3975,2.750,0.6803,44.0,0,0,0.531709,0.524968,-0.006741,0.004667,0.000076,0.091351,0.250,0.516595,0.522572,0.005977,-0.000127,0.004549,0.055677,0.500,0.514664,0.519099,0.004435,0.000678,0.004053,0.051623,0.500
1658,camera,7302375,data/1_2024/shard-000477.tar,256x256,vertical,1.1145,0.812,0.2903,-13.0,0,0,0.307630,0.308783,0.001152,0.000321,0.015350,0.037069,0.250,0.306184,0.307900,0.001716,0.000398,0.002128,0.027645,0.750,0.306413,0.308423,0.002010,0.000314,0.002613,0.029082,0.500
1659,camera,6768375,data/1_2024/shard-000477.tar,256x256,vertical,1.2167,3.781,0.9919,60.5,0,0,0.576420,0.568724,-0.007695,-0.004732,-0.004690,0.117981,0.250,0.561809,0.569045,0.007236,0.004264,0.001255,0.063892,0.500,0.564148,0.570397,0.006249,0.003592,0.001927,0.070267,1.000
1660,camera,1169375,data/1_2024/shard-000477.tar,256x256,vertical,1.1891,0.812,0.3774,-13.0,0,0,0.526152,0.529856,0.003704,0.003013,0.000251,0.032676,0.250,0.526514,0.528262,0.001748,-0.001094,-0.000621,0.030635,0.000,0.525887,0.526701,0.000814,-0.000121,-0.000564,0.023015,0.000
1661,camera,2325375,data/1_2024/shard-000477.tar,256x256,vertical,1.2231,3.156,0.1024,-50.5,0,0,0.571915,0.566977,-0.004938,-0.003253,-0.003495,0.074622,0.000,0.568215,0.567623,-0.000592,-0.000661,-0.000537,0.039386,0.250,0.567851,0.567370,-0.000481,-0.000616,-0.000410,0.038532,0.250
1662,camera,6548375,data/1_2024/shard-000477.tar,256x256,vertical,1.1180,0.812,0.7031,13.0,0,0,0.555837,0.561025,0.005187,0.002733,0.004394,0.054181,0.750,0.556018,0.562835,0.006817,0.001069,0.001161,0.035682,0.750,0.553591,0.557505,0.003914,0.000557,0.002281,0.031172,0.500
1663,camera,686375,data/1_2024/shard-000477.tar,256x256,vertical,1.1541,0.656,0.6235,10.5,0,0,0.535982,0.538872,0.002890,0.000149,0.001563,0.024340,0.500,0.535955,0.541742,0.005787,0.001846,0.003054,0.021609,0.500,0.534272,0.538079,0.003807,0.001401,0.001744,0.023194,0.250
1664,camera,6881375,data/1_2024/shard-000477.tar,256x256,vertical,1.2469,4.000,0.0493,-64.0,0,0,0.312992,0.307583,-0.005409,0.001609,-0.001223,0.124922,0.250,0.306874,0.305598,-0.001276,0.002588,0.002921,0.045145,0.500,0.307542,0.307748,0.000206,0.001317,0.003434,0.043338,0.750
1665,camera,2141375,data/1_2024/shard-000477.tar,256x256,horizontal,1.1875,0.656,0.6000,10.5,0,0,0.383340,0.384116,0.000776,0.000769,0.019902,0.019106,0.500,0.385042,0.385885,0.000842,0.000212,0.002049,0.014221,0.250,0.381574,0.382430,0.000856,0.000016,0.002153,0.015592,0.250
1666,camera,7314375,data/1_2024/shard-000477.tar,256x256,vertical,1.1908,1.844,0.7757,29.5,0,0,0.663506,0.663664,0.000157,-0.001120,-0.000252,0.044154,0.250,0.662462,0.663438,0.000976,0.000096,-0.000034,0.033683,0.250,0.661297,0.661841,0.000544,0.000572,0.000481,0.035963,0.500
1667,camera,4536375,data/1_2024/shard-000477.tar,256x256,vertical,1.1891,1.062,0.6604,17.0,0,0,0.385352,0.385720,0.000369,0.000671,0.017140,0.027148,0.250,0.385895,0.386641,0.000746,0.001226,0.008780,0.030449,0.500,0.386266,0.386731,0.000465,0.000965,0.003198,0.035424,0.250
1668,camera,5388375,data/1_2024/shard-000477.tar,256x256,vertical,1.2119,0.250,0.4667,-4.0,0,0,0.658670,0.657424,-0.001246,-0.000447,0.014483,0.012235,0.000,0.654615,0.655166,0.000551,-0.000421,0.005448,0.010444,0.000,0.653332,0.654807,0.001474,-0.000695,0.006165,0.011202,0.000
1669,camera,745375,data/1_2024/shard-000477.tar,256x256,vertical,1.2006,2.031,0.2124,-32.5,0,0,0.557940,0.557168,-0.000772,0.001433,0.003515,0.046193,0.250,0.561326,0.560664,-0.000662,-0.000151,0.000951,0.030859,0.000,0.557266,0.556800,-0.000466,-0.000347,0.000430,0.029925,0.250
1670,camera,2085375,data/1_2024/shard-000477.tar,256x256,vertical,1.1826,2.188,0.1569,-35.0,0,0,0.921919,0.923024,0.001105,0.003792,0.000320,0.081673,0.500,0.920059,0.924711,0.004653,0.004403,-0.000216,0.064130,1.000,0.919353,0.924341,0.004988,0.003994,-0.000307,0.057510,0.750
1671,camera,7970375,data/1_2024/shard-000477.tar,256x256,vertical,1.1145,0.188,0.4516,-3.0,0,0,0.581561,0.581207,-0.000354,0.000275,0.002927,0.006921,0.250,0.580789,0.580624,-0.000165,0.000107,-0.000548,0.006316,0.000,0.579513,0.579145,-0.000368,0.000178,-0.000263,0.006206,0.000
1672,camera,3406375,data/1_2024/shard-000477.tar,256x256,vertical,1.1792,2.688,0.9300,43.0,0,0,0.722841,0.720836,-0.002005,0.002901,-0.000451,0.078730,0.250,0.717872,0.720653,0.002781,0.007029,0.000411,0.075515,0.750,0.718372,0.720444,0.002072,0.004027,0.000155,0.068050,0.750
1673,camera,1093375,data/1_2024/shard-000477.tar,256x256,horizontal,1.1726,0.875,0.3542,-14.0,0,0,0.657516,0.659868,0.002352,-0.001001,0.003423,0.031272,0.000,0.655731,0.659404,0.003674,-0.000817,0.001118,0.021652,0.250,0.654963,0.659893,0.004930,-0.000927,0.002737,0.024158,0.250
1674,camera,865375,data/1_2024/shard-000477.tar,256x256,horizontal,1.4869,2.062,0.3935,-33.0,0,0,0.730972,0.714231,-0.016741,0.001468,-0.014583,0.061390,0.000,0.706816,0.714082,0.007266,0.000636,0.001396,0.055226,0.500,0.707526,0.716201,0.008675,0.001690,0.000762,0.048448,0.500
1675,camera,2496375,data/1_2024/shard-000477.tar,256x256,vertical,1.2055,3.000,0.9138,48.0,0,0,0.333561,0.330465,-0.003096,0.003697,-0.001725,0.072664,0.000,0.329993,0.330287,0.000294,-0.000024,0.000328,0.032564,0.250,0.329517,0.329035,-0.000482,-0.000873,-0.000484,0.032040,0.000
1676,camera,4483375,data/1_2024/shard-000477.tar,256x256,vertical,1.1924,0.125,0.5185,2.0,0,0,0.531746,0.534458,0.002712,0.000078,-0.000642,0.006320,0.500,0.532584,0.535924,0.003340,0.000041,0.000338,0.006232,0.750,0.531934,0.535662,0.003728,0.000006,0.000828,0.005578,0.250
1677,camera,3055375,data/1_2024/shard-000477.tar,256x256,vertical,1.2547,3.906,0.9252,62.5,0,0,0.358196,0.350305,-0.007891,0.007392,-0.003216,0.142002,0.250,0.344945,0.347904,0.002959,0.004972,0.003505,0.074167,0.500,0.343817,0.348899,0.005082,0.003897,0.002276,0.075798,0.500
1678,camera,7481375,data/1_2024/shard-000477.tar,256x256,vertical,1.1891,0.688,0.3962,-11.0,0,0,0.697834,0.699913,0.002079,0.001199,0.002094,0.039795,0.250,0.697354,0.700386,0.003032,0.000019,0.000498,0.032147,0.250,0.696542,0.700922,0.004380,0.001128,0.002216,0.031930,0.250
1679,camera,2742375,data/1_2024/shard-000477.tar,256x256,horizontal,1.1726,1.812,0.8021,29.0,0,0,0.655712,0.654675,-0.001037,-0.001072,0.003575,0.059548,0.250,0.653958,0.654963,0.001005,-0.000521,0.000788,0.037800,0.250,0.653116,0.652904,-0.000212,-0.001167,0.000452,0.039363,0.250
1680,camera,7174375,data/1_2024/shard-000477.tar,256x256,horizontal,1.3332,2.969,0.7387,47.5,0,0,0.759984,0.754047,-0.005936,0.003956,-0.005384,0.086213,0.000,0.753509,0.754557,0.001048,0.001069,0.001006,0.043383,0.500,0.751450,0.753058,0.001608,0.001522,0.000795,0.046635,0.250
1681,camera,4653375,data/1_2024/shard-000477.tar,256x256,vertical,1.2135,2.094,0.2231,-33.5,0,0,0.630026,0.626232,-0.003795,0.000352,-0.000106,0.063975,0.000,0.624435,0.625233,0.000798,-0.000342,-0.000119,0.048093,0.250,0.625737,0.626167,0.000430,-0.000505,-0.000473,0.046792,0.250
1682,camera,1251375,data/1_2024/shard-000477.tar,256x256,vertical,1.1908,2.719,0.0935,-43.5,0,0,0.266264,0.265364,-0.000899,0.003120,0.000832,0.062611,0.250,0.265749,0.266617,0.000868,0.003838,0.002385,0.041246,0.500,0.265523,0.267382,0.001859,0.003871,0.002914,0.039580,0.500
1683,camera,5004375,data/1_2024/shard-000477.tar,256x256,vertical,1.4909,4.781,0.7444,76.5,0,0,0.781930,0.750546,-0.031384,0.006743,-0.028517,0.138265,0.000,0.747165,0.751685,0.004520,0.007197,0.001885,0.079235,0.250,0.746251,0.752518,0.006267,0.007670,0.003102,0.073183,0.250
1684,camera,6318375,data/1_2024/shard-000477.tar,256x256,vertical,1.1891,1.438,0.2830,-23.0,0,0,0.511709,0.512994,0.001285,-0.002253,-0.001605,0.043537,0.000,0.510887,0.513747,0.002860,-0.001254,-0.000438,0.032420,0.000,0.510265,0.512811,0.002546,-0.001955,-0.001276,0.031620,0.000
1685,camera,6909375,data/1_2024/shard-000477.tar,256x256,horizontal,1.1541,1.969,0.1294,-31.5,0,0,0.634730,0.636608,0.001878,0.002109,0.003556,0.077392,1.000,0.634482,0.636112,0.001630,0.001803,0.003288,0.056080,1.000,0.634155,0.635525,0.001369,0.002292,0.003338,0.066558,0.500
1686,camera,2400375,data/1_2024/shard-000477.tar,256x256,vertical,1.1541,0.969,0.6824,15.5,0,0,0.501094,0.502553,0.001458,0.002030,0.005784,0.028557,0.500,0.502140,0.502244,0.000104,0.001045,0.003586,0.026938,0.250,0.501658,0.502143,0.000485,0.001110,0.003174,0.024030,0.250
1687,camera,5656375,data/1_2024/shard-000477.tar,256x256,vertical,1.1891,3.312,0.0000,-53.0,0,0,0.430126,0.428896,-0.001230,0.000535,0.003438,0.090264,0.250,0.425150,0.428005,0.002856,0.000924,0.002836,0.059707,0.250,0.421086,0.425689,0.004604,0.001497,0.004764,0.064191,0.250
1688,camera,5202375,data/1_2024/shard-000477.tar,256x256,vertical,1.1891,2.562,0.8868,41.0,0,0,0.770989,0.776155,0.005166,0.007877,0.005297,0.094404,0.750,0.767205,0.776906,0.009701,0.010409,0.008686,0.095892,1.000,0.764351,0.774832,0.010481,0.011638,0.010047,0.105316,1.000
1689,camera,1804375,data/1_2024/shard-000477.tar,256x256,horizontal,1.1891,0.875,0.3679,-14.0,0,0,0.557512,0.552611,-0.004901,0.000281,0.001278,0.018207,0.250,0.554408,0.555142,0.000733,0.000476,0.006362,0.018044,0.750,0.555017,0.557242,0.002225,0.000753,0.005996,0.015420,0.750
1690,camera,8215375,data/1_2024/shard-000477.tar,256x256,vertical,1.1180,1.188,0.7969,19.0,0,0,0.673889,0.674691,0.000803,0.002018,0.009025,0.046533,0.250,0.673147,0.674513,0.001366,0.001353,0.001019,0.043291,1.000,0.672444,0.672677,0.000233,0.000772,0.003809,0.044922,0.250
1691,camera,4063375,data/1_2024/shard-000477.tar,256x256,vertical,1.1057,0.281,0.4211,-4.5,0,0,0.539893,0.540608,0.000715,-0.000605,-0.001084,0.019572,0.000,0.538429,0.542435,0.004006,-0.000124,-0.000347,0.013932,0.250,0.537480,0.541504,0.004024,0.000023,0.000121,0.015090,0.500
1692,camera,6626375,data/1_2024/shard-000477.tar,256x256,vertical,1.1875,2.594,0.1048,-41.5,0,0,0.249930,0.247490,-0.002440,0.000171,0.006942,0.061888,0.000,0.250463,0.249029,-0.001434,0.000109,0.000920,0.032408,0.500,0.251899,0.249980,-0.001919,-0.001177,-0.000566,0.033196,0.000
1693,camera,970375,data/1_2024/shard-000477.tar,256x256,horizontal,1.1057,1.531,0.9298,24.5,0,0,0.648798,0.647376,-0.001421,-0.000344,0.000926,0.035257,0.250,0.649036,0.647822,-0.001213,-0.002432,0.000602,0.038075,0.000,0.649048,0.647863,-0.001185,-0.000839,0.000069,0.034139,0.000
1694,camera,1224375,data/1_2024/shard-000477.tar,256x256,horizontal,1.1541,2.156,0.9059,34.5,0,0,0.586502,0.587669,0.001167,-0.000241,0.000072,0.066305,0.250,0.584070,0.585145,0.001075,-0.000144,-0.000011,0.058664,0.250,0.583896,0.586628,0.002732,0.000905,0.001627,0.054934,0.750
1695,camera,7675375,data/1_2024/shard-000477.tar,256x256,vertical,1.2453,2.969,0.1631,-47.5,0,0,0.452273,0.448287,-0.003987,-0.001059,-0.003757,0.072606,0.000,0.450584,0.447979,-0.002604,-0.000890,-0.002001,0.032690,0.000,0.449753,0.447327,-0.002427,-0.000296,-0.001577,0.033515,0.000
1696,camera,6795375,data/1_2024/shard-000477.tar,256x256,horizontal,1.1490,2.375,0.0366,-38.0,0,0,0.693039,0.691373,-0.001665,-0.000084,0.003033,0.061754,0.250,0.691586,0.691338,-0.000249,0.000324,0.000834,0.053369,0.750,0.691066,0.691603,0.000537,0.001868,0.001373,0.057237,0.500
1697,camera,3508375,data/1_2024/shard-000477.tar,256x256,vertical,1.1891,3.312,0.0000,-53.0,0,0,0.574171,0.571822,-0.002349,0.002070,0.000242,0.093315,0.250,0.569030,0.572609,0.003578,0.001612,0.000614,0.050854,0.250,0.569553,0.571847,0.002295,0.002464,0.001306,0.054097,0.750
1698,camera,2539375,data/1_2024/shard-000477.tar,256x256,vertical,1.1826,0.500,0.4216,-8.0,0,0,0.593611,0.591634,-0.001977,-0.004506,-0.005817,0.039683,0.000,0.591004,0.591560,0.000556,-0.003632,-0.003520,0.044198,0.250,0.600330,0.603407,0.003077,-0.002530,-0.005792,0.021303,0.250
1699,camera,5619375,data/1_2024/shard-000477.tar,256x256,vertical,1.1908,2.219,0.1682,-35.5,0,0,0.581460,0.578465,-0.002995,-0.000553,0.004022,0.053123,0.000,0.579701,0.578056,-0.001645,0.000140,0.001928,0.041813,0.000,0.577822,0.577356,-0.000467,0.000779,0.001706,0.039285,0.500
1700,camera,30375,data/1_2024/shard-000477.tar,256x256,vertical,1.2311,2.812,0.1591,-45.0,0,0,0.234077,0.234282,0.000204,-0.005027,-0.005245,0.100245,0.000,0.226467,0.232131,0.005664,0.000749,0.000780,0.036135,0.250,0.228865,0.234184,0.005320,0.000308,0.000429,0.035707,0.250
1701,camera,6643375,data/1_2024/shard-000477.tar,256x256,vertical,1.1908,0.844,0.6262,13.5,0,0,0.452224,0.453368,0.001144,-0.001760,0.000675,0.034681,0.000,0.450162,0.456641,0.006479,-0.000716,0.001791,0.029722,0.000,0.448743,0.456288,0.007545,-0.000273,0.002154,0.029831,0.250
1702,camera,7653375,data/1_2024/shard-000477.tar,256x256,vertical,1.2975,1.844,0.6686,29.5,0,0,0.324384,0.324084,-0.000300,0.001999,0.009117,0.036775,0.500,0.323003,0.325008,0.002005,-0.000199,0.004318,0.025052,0.250,0.320342,0.322712,0.002370,-0.000303,0.003698,0.025762,0.250
1703,camera,790375,data/1_2024/shard-000477.tar,256x256,horizontal,1.1990,0.375,0.4464,-6.0,0,0,0.521908,0.519535,-0.002374,0.000724,-0.000022,0.015545,0.000,0.518443,0.519758,0.001315,0.000568,0.001937,0.012580,0.750,0.517664,0.519642,0.001978,0.000592,0.002661,0.012460,0.500
1704,camera,3149375,data/1_2024/shard-000477.tar,256x256,vertical,1.1792,0.250,0.5400,4.0,0,0,0.610371,0.609345,-0.001026,0.001198,0.007930,0.018499,0.500,0.606161,0.607898,0.001737,0.000471,0.006512,0.010056,0.750,0.606421,0.609150,0.002729,0.000012,0.007042,0.008993,0.500
1705,camera,2290375,data/1_2024/shard-000477.tar,256x256,vertical,1.1891,1.125,0.3302,-18.0,0,0,0.579196,0.584832,0.005637,0.005342,0.000301,0.075929,0.750,0.575006,0.582240,0.007234,0.003291,-0.000996,0.041720,0.500,0.573568,0.579364,0.005796,0.003339,-0.001395,0.039436,0.500
1706,camera,801375,data/1_2024/shard-000477.tar,256x256,vertical,1.1541,2.281,0.0706,-36.5,0,0,0.353586,0.352392,-0.001194,0.003462,-0.001816,0.075356,0.500,0.358990,0.354414,-0.004577,0.004576,0.003986,0.071658,0.750,0.357698,0.355899,-0.001799,0.006180,0.004914,0.071633,0.500
1707,camera,4854375,data/1_2024/shard-000477.tar,256x256,vertical,1.1371,2.031,0.9333,32.5,0,0,0.669600,0.672485,0.002885,0.004636,0.003883,0.049893,0.500,0.670179,0.674041,0.003863,0.006581,0.005700,0.048475,0.750,0.666132,0.669144,0.003012,0.006467,0.005645,0.051241,0.750
1708,camera,6976375,data/1_2024/shard-000477.tar,256x256,horizontal,1.1541,0.969,0.3176,-15.5,0,0,0.241273,0.239502,-0.001771,-0.000360,0.000246,0.032697,0.000,0.239905,0.239273,-0.000633,-0.000288,-0.000223,0.024198,0.250,0.239867,0.238668,-0.001199,-0.000731,-0.000723,0.021277,0.250
1709,camera,3556375,data/1_2024/shard-000477.tar,256x256,vertical,1.2151,0.312,0.5410,5.0,0,0,0.373198,0.371691,-0.001507,-0.000162,-0.000342,0.010032,0.250,0.371879,0.372167,0.000287,0.000007,-0.000106,0.008674,0.500,0.372969,0.373263,0.000294,0.000217,0.000147,0.008995,0.250
1710,camera,4848375,data/1_2024/shard-000477.tar,256x256,horizontal,1.1743,1.406,0.2680,-22.5,0,0,0.472625,0.472541,-0.000084,-0.000416,0.000376,0.046417,0.250,0.472173,0.472613,0.000440,-0.001384,0.000994,0.037978,0.500,0.469676,0.471007,0.001331,-0.000477,0.001177,0.038508,0.250
1711,camera,3562375,data/1_2024/shard-000477.tar,256x256,vertical,1.2103,1.406,0.3109,-22.5,0,0,0.334667,0.335294,0.000628,-0.000479,-0.000264,0.035280,0.250,0.335629,0.338541,0.002912,-0.001700,0.003381,0.031558,0.000,0.337819,0.340410,0.002591,-0.002331,-0.000419,0.030162,0.000
1712,camera,4641375,data/1_2024/shard-000477.tar,256x256,vertical,1.1575,2.219,0.9080,35.5,0,0,0.699871,0.697803,-0.002068,-0.004269,-0.001146,0.090158,0.250,0.697711,0.696694,-0.001017,-0.001509,-0.000211,0.064302,0.250,0.692252,0.694485,0.002233,-0.000126,-0.000152,0.071413,0.500
1713,camera,7901375,data/1_2024/shard-000477.tar,256x256,horizontal,1.3764,6.469,0.9520,103.5,0,0,0.602924,0.567993,-0.034931,-0.008652,-0.033487,0.169256,0.000,0.577958,0.568137,-0.009821,-0.003256,-0.009547,0.085247,0.250,0.573805,0.568427,-0.005378,-0.001572,-0.005925,0.076554,0.250
1714,camera,6892375,data/1_2024/shard-000477.tar,256x256,vertical,1.1891,3.125,0.0283,-50.0,0,0,0.540858,0.536446,-0.004412,0.000631,0.002364,0.090246,0.000,0.535781,0.535310,-0.000471,0.001255,0.001231,0.045746,0.000,0.535797,0.536811,0.001014,0.002782,0.001857,0.045390,0.500
1715,camera,2002375,data/1_2024/shard-000477.tar,256x256,vertical,1.1973,0.469,0.4324,-7.5,0,0,0.378596,0.380031,0.001435,0.000457,0.001472,0.013245,0.500,0.374964,0.376912,0.001948,0.000598,0.002929,0.011697,0.500,0.377552,0.379262,0.001710,0.000323,0.002791,0.011084,0.750
1716,camera,1811375,data/1_2024/shard-000477.tar,256x256,horizontal,1.1180,0.250,0.5625,4.0,0,0,0.379863,0.385930,0.006067,0.004176,0.000818,0.024577,0.750,0.377529,0.382638,0.005109,0.003329,0.003188,0.021412,0.750,0.380603,0.385519,0.004916,0.002799,0.001552,0.021941,0.500
1717,camera,5900375,data/1_2024/shard-000477.tar,256x256,vertical,1.1319,0.438,0.5972,7.0,0,0,0.529364,0.530483,0.001119,0.000502,0.008168,0.023589,0.750,0.531849,0.535824,0.003975,0.000568,0.008471,0.021293,1.000,0.526397,0.531380,0.004983,0.000978,0.011355,0.019453,0.750
1718,camera,2529375,data/1_2024/shard-000477.tar,256x256,vertical,1.1285,1.562,0.8571,25.0,0,0,0.479298,0.480177,0.000879,0.002608,0.001775,0.063669,0.500,0.479876,0.481954,0.002078,0.001786,0.000934,0.048676,0.750,0.478430,0.481310,0.002880,0.001461,0.000690,0.046711,0.750
1719,camera,4647375,data/1_2024/shard-000477.tar,256x256,vertical,1.3332,5.969,0.0201,-95.5,0,0,0.405780,0.384751,-0.021029,0.004489,-0.022806,0.160789,0.000,0.383809,0.387027,0.003219,0.008348,0.001823,0.071926,0.250,0.381281,0.385071,0.003790,0.006710,0.002341,0.062855,0.250
1720,camera,4331375,data/1_2024/shard-000477.tar,256x256,vertical,1.3184,4.344,0.8677,69.5,0,0,0.538933,0.533270,-0.005663,0.012928,-0.007528,0.144002,0.250,0.519914,0.535921,0.016008,0.015663,0.002852,0.117887,1.000,0.520020,0.534318,0.014297,0.014937,0.002513,0.118100,0.750
1721,camera,561375,data/1_2024/shard-000477.tar,256x256,horizontal,1.2247,1.750,0.7188,28.0,0,0,0.502188,0.500466,-0.001722,-0.002357,-0.002980,0.059257,0.250,0.502493,0.502905,0.000412,-0.001206,0.000128,0.046540,0.500,0.501302,0.502038,0.000736,-0.001144,-0.000409,0.050340,0.500
1722,camera,124375,data/1_2024/shard-000477.tar,256x256,vertical,1.1642,2.156,0.1209,-34.5,0,0,0.407692,0.407378,-0.000314,0.000973,0.002127,0.052849,0.250,0.403928,0.404447,0.000519,0.002723,0.003105,0.051258,0.250,0.403363,0.404120,0.000757,0.002880,0.003489,0.041705,0.750
1723,camera,3526375,data/1_2024/shard-000477.tar,256x256,horizontal,1.2200,1.094,0.3600,-17.5,0,0,0.784361,0.780389,-0.003971,-0.001635,-0.005278,0.041880,0.000,0.781925,0.778665,-0.003260,-0.001630,-0.002988,0.032658,0.000,0.781596,0.779635,-0.001961,-0.001755,-0.001584,0.033003,0.250
1724,camera,6220375,data/1_2024/shard-000477.tar,256x256,vertical,1.2406,3.562,0.0870,-57.0,0,0,0.624267,0.614107,-0.010160,-0.002594,0.005237,0.098528,0.000,0.612645,0.613462,0.000817,0.002643,0.003780,0.049758,0.500,0.611182,0.612360,0.001178,0.003395,0.003283,0.050088,1.000
1725,camera,7828375,data/1_2024/shard-000477.tar,256x256,horizontal,1.1941,1.969,0.2110,-31.5,0,0,0.481203,0.485584,0.004381,0.003773,0.025028,0.062227,0.500,0.482094,0.487084,0.004991,0.004954,0.006232,0.044728,0.500,0.479704,0.485631,0.005927,0.004904,0.006858,0.047739,0.500
1726,camera,220375,data/1_2024/shard-000477.tar,256x256,horizontal,1.1743,2.344,0.1134,-37.5,0,0,0.418825,0.415952,-0.002873,0.001612,0.000467,0.044998,0.000,0.416779,0.416383,-0.000396,0.003897,0.000529,0.044457,0.250,0.417093,0.416719,-0.000374,0.004310,0.001798,0.044509,0.500
1727,camera,6223375,data/1_2024/shard-000477.tar,256x256,vertical,1.1075,1.062,0.2069,-17.0,0,0,0.677223,0.679071,0.001848,0.000732,-0.000600,0.048600,0.500,0.678316,0.679071,0.000756,0.002710,0.001315,0.049401,0.500,0.680324,0.680566,0.000241,0.003017,0.002878,0.055365,0.250
1728,camera,2829375,data/1_2024/shard-000477.tar,256x256,vertical,1.1642,0.344,0.4396,-5.5,0,0,0.709170,0.708495,-0.000676,-0.001264,-0.000993,0.020109,0.000,0.710227,0.710155,-0.000072,-0.000749,-0.000732,0.014337,0.250,0.711622,0.710598,-0.001024,-0.000764,-0.001218,0.013693,0.000
1729,camera,7032375,data/1_2024/shard-000477.tar,256x256,vertical,1.1575,1.969,0.1379,-31.5,0,0,0.676703,0.676086,-0.000617,0.003490,0.004537,0.066549,0.000,0.675061,0.676045,0.000983,0.004675,0.005621,0.070817,0.750,0.673760,0.674677,0.000917,0.005975,0.007216,0.077795,0.750
1730,camera,4987375,data/1_2024/shard-000477.tar,256x256,vertical,1.1891,2.750,0.0849,-44.0,0,0,0.748390,0.745452,-0.002938,0.003099,-0.000137,0.069304,0.250,0.743673,0.743685,0.000012,0.001700,-0.000096,0.045970,0.500,0.742374,0.742922,0.000549,0.002612,-0.000009,0.045421,0.500
1731,camera,53375,data/1_2024/shard-000477.tar,256x256,horizontal,1.3229,4.375,0.8646,70.0,0,0,0.780123,0.751650,-0.028473,-0.004632,-0.028305,0.137350,0.000,0.757235,0.749375,-0.007860,-0.002405,-0.007888,0.059669,0.000,0.756274,0.749514,-0.006759,-0.002789,-0.006782,0.060849,0.000
1732,camera,2526375,data/1_2024/shard-000477.tar,256x256,vertical,1.2038,2.094,0.2087,-33.5,0,0,0.326385,0.325808,-0.000577,0.001273,0.000595,0.057330,0.250,0.324988,0.325743,0.000755,0.001062,-0.000072,0.041882,0.500,0.321808,0.323719,0.001912,0.001279,-0.000101,0.041767,0.750
1733,camera,2037375,data/1_2024/shard-000477.tar,256x256,vertical,1.1891,1.438,0.2830,-23.0,0,0,0.788473,0.789509,0.001036,0.003713,0.000631,0.044676,0.500,0.790997,0.790105,-0.000892,0.002228,0.001039,0.031668,0.250,0.790083,0.788926,-0.001158,0.002227,0.001032,0.033529,0.250
1734,camera,3091375,data/1_2024/shard-000477.tar,256x256,vertical,1.1875,2.969,0.9524,47.5,0,0,0.348618,0.346644,-0.001974,0.002115,0.000519,0.086679,0.250,0.340902,0.346854,0.005953,0.001820,-0.000089,0.046106,0.500,0.341522,0.343443,0.001921,0.002595,0.001118,0.041714,0.750
1735,camera,4956375,data/1_2024/shard-000477.tar,256x256,vertical,1.2247,3.938,0.0078,-63.0,0,0,0.726368,0.718341,-0.008027,0.002749,-0.006674,0.121114,0.000,0.719239,0.720641,0.001402,0.006710,0.003014,0.073771,0.500,0.719853,0.721504,0.001651,0.006827,0.004021,0.077444,0.500
1736,camera,2329375,data/1_2024/shard-000477.tar,256x256,horizontal,1.1792,1.688,0.7700,27.0,0,0,0.690124,0.689645,-0.000479,-0.003416,0.008947,0.065855,0.000,0.686948,0.692088,0.005140,-0.000267,-0.000095,0.043300,0.250,0.687350,0.691421,0.004072,-0.000710,-0.000393,0.043300,0.000
1737,camera,2376375,data/1_2024/shard-000477.tar,256x256,vertical,1.2547,3.719,0.0952,-59.5,0,0,0.330669,0.321282,-0.009387,-0.001887,-0.008929,0.118737,0.000,0.318468,0.321419,0.002951,0.003273,-0.000131,0.060718,0.750,0.317165,0.321199,0.004034,0.005358,0.000494,0.069406,0.750
1738,camera,133375,data/1_2024/shard-000477.tar,256x256,vertical,1.3229,4.375,0.1354,-70.0,0,0,0.350161,0.327410,-0.022750,-0.010531,-0.023093,0.145714,0.000,0.323597,0.327429,0.003832,0.007995,0.001473,0.079526,0.500,0.327494,0.327544,0.000050,0.012821,0.000573,0.113305,0.500
1739,camera,8089375,data/1_2024/shard-000477.tar,256x256,horizontal,1.1891,2.375,0.8585,38.0,0,0,0.791308,0.793505,0.002197,0.004395,0.003452,0.082860,0.250,0.787230,0.791325,0.004095,0.002623,0.001148,0.053399,0.500,0.787333,0.791530,0.004197,0.002424,0.000246,0.056308,0.500
1740,camera,4551375,data/1_2024/shard-000477.tar,256x256,vertical,1.1180,1.938,0.9844,31.0,0,0,0.479591,0.478661,-0.000930,-0.000843,-0.000079,0.033720,0.250,0.479722,0.479383,-0.000339,-0.001262,-0.000181,0.024037,0.500,0.477676,0.477643,-0.000033,-0.000644,-0.000236,0.022760,0.500
1741,camera,4115375,data/1_2024/shard-000477.tar,256x256,vertical,1.3835,3.812,0.2393,-61.0,0,0,0.406145,0.400335,-0.005810,-0.003247,-0.010590,0.123371,0.500,0.393064,0.398176,0.005112,0.002017,0.002771,0.049436,0.500,0.392423,0.396682,0.004259,0.001587,0.002686,0.050098,0.500
1742,camera,6997375,data/1_2024/shard-000477.tar,256x256,vertical,1.3229,3.062,0.2448,-49.0,0,0,0.266684,0.262464,-0.004220,-0.001089,-0.004675,0.086573,0.000,0.262101,0.263456,0.001355,0.000419,0.000774,0.035998,0.500,0.263287,0.265124,0.001837,0.001172,0.001027,0.040175,0.500
1743,camera,7931375,data/1_2024/shard-000477.tar,256x256,vertical,1.1575,2.156,0.1034,-34.5,0,0,0.526460,0.526352,-0.000108,0.003508,0.001436,0.068760,0.500,0.524977,0.527589,0.002611,0.002489,0.002668,0.048123,0.250,0.524225,0.525782,0.001557,0.003328,0.002521,0.048836,0.500
1744,camera,114375,data/1_2024/shard-000477.tar,256x256,vertical,1.1792,0.188,0.5300,3.0,0,0,0.508659,0.515355,0.006696,-0.003315,0.003706,0.033988,0.250,0.496860,0.511863,0.015004,0.000234,0.013988,0.011555,0.500,0.495974,0.512116,0.016142,0.000563,0.013323,0.013631,0.500
1745,camera,4966375,data/1_2024/shard-000477.tar,256x256,vertical,1.1875,0.594,0.5905,9.5,0,0,0.571970,0.573576,0.001606,0.000472,0.002021,0.030208,0.500,0.566882,0.574437,0.007555,0.000364,0.002068,0.016778,0.750,0.566908,0.574994,0.008086,-0.000014,0.002115,0.016153,0.500
1746,camera,2644375,data/1_2024/shard-000477.tar,256x256,vertical,1.1891,3.312,1.0000,53.0,0,0,0.474025,0.476264,0.002240,0.009324,-0.000970,0.135859,0.250,0.461371,0.469950,0.008578,0.013256,0.001199,0.104444,0.750,0.461895,0.468946,0.007051,0.005169,0.000605,0.072819,0.500
1747,camera,1008375,data/1_2024/shard-000477.tar,256x256,vertical,1.1891,0.688,0.6038,11.0,0,0,0.624426,0.627084,0.002658,-0.001467,0.002303,0.028975,0.000,0.620618,0.626703,0.006085,0.000001,0.000574,0.019783,0.750,0.618508,0.623842,0.005333,0.000564,0.001146,0.019539,0.750
1748,camera,2026375,data/1_2024/shard-000477.tar,256x256,vertical,1.1128,1.906,0.0000,-30.5,0,0,0.901343,0.902361,0.001018,0.009031,-0.000500,0.121927,0.750,0.902647,0.903474,0.000827,0.007976,-0.001184,0.097876,0.750,0.902717,0.903283,0.000566,0.008433,-0.001190,0.105401,0.750
1749,camera,4290375,data/1_2024/shard-000477.tar,256x256,vertical,1.1908,2.219,0.8318,35.5,0,0,0.746910,0.748041,0.001131,0.003675,0.001287,0.066892,0.250,0.745626,0.749502,0.003876,0.007022,0.001551,0.066266,0.500,0.742719,0.746292,0.003572,0.006991,0.001271,0.058342,1.000
1750,camera,2523375,data/1_2024/shard-000477.tar,256x256,vertical,1.1891,0.438,0.4340,-7.0,0,0,0.324421,0.323168,-0.001253,0.001248,0.021680,0.023653,0.000,0.319565,0.320582,0.001018,-0.000462,0.004477,0.014355,0.000,0.318923,0.320605,0.001683,-0.000165,0.004918,0.013876,0.500
1751,camera,5952375,data/1_2024/shard-000477.tar,256x256,horizontal,1.1128,0.031,0.4918,-0.5,0,0,0.523617,0.524223,0.000606,0.000050,0.000842,0.005042,0.000,0.523137,0.524939,0.001802,0.000100,0.000891,0.004371,0.750,0.520631,0.521699,0.001068,-0.000047,0.002071,0.004430,0.250
1752,camera,859375,data/1_2024/shard-000477.tar,256x256,vertical,1.1004,1.375,0.9074,22.0,0,0,0.357967,0.357103,-0.000864,0.001049,0.001241,0.030635,0.500,0.353308,0.355208,0.001901,0.002100,0.000476,0.041755,1.000,0.354485,0.355851,0.001367,0.002561,0.000585,0.042505,0.750
1753,camera,390375,data/1_2024/shard-000477.tar,256x256,vertical,1.2547,1.156,0.6259,18.5,0,0,0.281327,0.283464,0.002137,0.000800,0.000454,0.060431,0.250,0.275402,0.280337,0.004936,0.003819,0.000133,0.041987,0.250,0.273803,0.280820,0.007016,0.003593,0.000686,0.036876,0.250
1754,camera,4375375,data/1_2024/shard-000477.tar,256x256,vertical,1.1405,1.594,0.8312,25.5,0,0,0.354421,0.361357,0.006936,0.008563,0.002239,0.087480,0.500,0.356787,0.363370,0.006583,0.006312,0.000671,0.078328,0.750,0.354757,0.361027,0.006270,0.005304,0.000955,0.076082,0.500
1755,camera,5594375,data/1_2024/shard-000477.tar,256x256,horizontal,1.1875,1.281,0.6952,20.5,0,0,0.606523,0.602323,-0.004201,-0.000427,0.017275,0.058812,0.250,0.599246,0.601550,0.002304,0.001255,0.004972,0.024865,0.500,0.602529,0.604130,0.001601,0.000941,0.005134,0.027139,0.500
1756,camera,1841375,data/1_2024/shard-000477.tar,256x256,vertical,1.1541,0.344,0.5647,5.5,0,0,0.527267,0.530530,0.003264,0.000398,0.006972,0.012789,0.750,0.526122,0.529705,0.003583,0.000922,0.002287,0.014241,0.500,0.525432,0.528907,0.003474,0.000924,0.001605,0.013424,0.250
1757,camera,3381375,data/1_2024/shard-000477.tar,256x256,vertical,1.2247,3.688,0.9609,59.0,0,0,0.896873,0.893643,-0.003230,0.000828,-0.001842,0.136329,0.250,0.893506,0.896070,0.002564,0.000780,0.002134,0.084702,0.750,0.893341,0.895352,0.002011,-0.000535,0.002732,0.081149,0.250
1758,camera,3426375,data/1_2024/shard-000477.tar,256x256,horizontal,1.2359,2.844,0.8370,45.5,0,0,0.672836,0.671486,-0.001350,0.006422,-0.000421,0.111043,0.250,0.673722,0.673938,0.000215,0.004392,0.001230,0.074811,0.500,0.669518,0.670573,0.001055,0.003745,0.002299,0.069132,0.750
1759,camera,2927375,data/1_2024/shard-000477.tar,256x256,vertical,1.1541,1.531,0.7882,24.5,0,0,0.537759,0.536871,-0.000887,-0.000663,0.019233,0.055398,0.000,0.534689,0.538069,0.003380,0.001523,0.009190,0.037931,0.750,0.534581,0.536793,0.002212,0.000454,0.008034,0.042497,0.250
1760,camera,630375,data/1_2024/shard-000477.tar,256x256,vertical,1.1541,1.719,0.8235,27.5,0,0,0.441131,0.439973,-0.001158,0.001375,0.002384,0.044885,0.000,0.442154,0.441531,-0.000623,-0.000401,-0.000471,0.032850,0.000,0.438439,0.438047,-0.000393,0.000815,0.001025,0.035686,0.500
1761,camera,8275375,data/1_2024/shard-000477.tar,256x256,horizontal,1.1743,0.656,0.3918,-10.5,0,0,0.722417,0.722752,0.000335,-0.001494,0.000635,0.033398,0.500,0.721330,0.723964,0.002634,-0.000547,-0.001347,0.022440,0.500,0.721220,0.724125,0.002905,-0.000350,-0.001534,0.022765,0.500
1762,camera,388375,data/1_2024/shard-000477.tar,256x256,horizontal,1.1541,0.969,0.3176,-15.5,0,0,0.526783,0.525728,-0.001055,0.000705,0.000368,0.024556,0.250,0.524213,0.523293,-0.000921,0.000673,0.002089,0.022937,0.250,0.523581,0.522627,-0.000954,0.000915,0.002344,0.021745,0.250
1763,camera,571375,data/1_2024/shard-000477.tar,256x256,vertical,1.1541,1.031,0.6941,16.5,0,0,0.634450,0.634409,-0.000041,0.001246,0.002428,0.045222,0.500,0.632858,0.633748,0.000890,0.001346,0.002193,0.041104,0.750,0.637250,0.638200,0.000950,0.000375,0.001537,0.037446,0.750
1764,camera,6983375,data/1_2024/shard-000477.tar,256x256,vertical,1.1842,2.281,0.8544,36.5,0,0,0.745853,0.750066,0.004213,0.003901,0.003405,0.086107,0.750,0.742801,0.748286,0.005485,0.002431,0.000722,0.063500,0.750,0.744775,0.747849,0.003074,-0.001003,-0.002079,0.070750,0.500
1765,camera,5896375,data/1_2024/shard-000477.tar,256x256,vertical,1.1891,0.312,0.5472,5.0,0,0,0.585795,0.583941,-0.001855,0.000134,0.000729,0.015389,0.250,0.580178,0.581107,0.000929,0.000308,0.002385,0.015245,0.500,0.580476,0.581333,0.000857,0.000474,0.001574,0.018047,0.750
1766,camera,2833375,data/1_2024/shard-000477.tar,256x256,vertical,1.1891,1.375,0.7075,22.0,0,0,0.645765,0.651803,0.006038,0.004105,0.021469,0.074496,0.500,0.648138,0.659557,0.011419,-0.002225,0.002747,0.058037,0.500,0.646946,0.655485,0.008539,0.000481,0.007942,0.056538,0.750
1767,camera,1778375,data/1_2024/shard-000477.tar,256x256,vertical,1.1792,2.562,0.0900,-41.0,0,0,0.876464,0.877344,0.000880,0.003805,0.000154,0.065322,0.500,0.875349,0.877011,0.001662,0.002169,0.000767,0.044530,0.500,0.874882,0.876313,0.001431,0.002516,0.000711,0.045204,0.750
1768,camera,976375,data/1_2024/shard-000477.tar,256x256,vertical,1.1541,1.094,0.2941,-17.5,0,0,0.759107,0.758813,-0.000294,-0.000002,0.003466,0.027394,0.000,0.761737,0.762893,0.001156,0.000379,0.003963,0.023627,0.250,0.757795,0.759055,0.001259,0.000106,0.004467,0.023643,0.250
1769,camera,4458375,data/1_2024/shard-000477.tar,256x256,vertical,1.1826,2.375,0.8725,38.0,0,0,0.779937,0.784102,0.004165,0.014718,-0.000426,0.094697,0.750,0.777156,0.779531,0.002376,0.004131,-0.000244,0.056354,0.750,0.777409,0.778989,0.001580,0.003041,0.000112,0.058088,0.750
1770,camera,270375,data/1_2024/shard-000477.tar,256x256,horizontal,1.1776,0.031,0.5051,0.5,0,0,0.401337,0.404324,0.002987,-0.000017,0.000078,0.003469,0.500,0.404469,0.406211,0.001743,-0.000013,-0.000175,0.003525,0.250,0.399805,0.402391,0.002586,-0.000035,-0.000147,0.003409,0.250
1771,camera,4757375,data/1_2024/shard-000477.tar,256x256,vertical,1.1891,1.000,0.6509,16.0,0,0,0.414150,0.414750,0.000601,0.001285,-0.000024,0.028459,0.250,0.413147,0.415632,0.002485,0.000410,0.000343,0.021651,1.000,0.413757,0.416163,0.002406,0.000196,0.000040,0.025127,0.750
1772,camera,5471375,data/1_2024/shard-000477.tar,256x256,horizontal,1.3835,4.188,0.7863,67.0,0,0,0.776495,0.760534,-0.015961,0.001030,-0.011076,0.139168,0.000,0.759360,0.761312,0.001953,0.001292,0.002942,0.066721,0.500,0.758642,0.761499,0.002857,0.000833,0.003729,0.058533,0.500
1773,camera,2101375,data/1_2024/shard-000477.tar,256x256,vertical,1.1891,0.062,0.5094,1.0,0,0,0.537554,0.540121,0.002567,0.000092,-0.001096,0.005186,0.500,0.535844,0.541891,0.006047,-0.000071,0.001036,0.004181,0.000,0.536990,0.542933,0.005944,-0.000171,0.001140,0.003961,0.000
1774,camera,2197375,data/1_2024/shard-000477.tar,256x256,vertical,1.2422,3.656,0.0791,-58.5,0,0,0.480490,0.467425,-0.013065,-0.005694,-0.007742,0.107242,0.000,0.465147,0.464095,-0.001052,0.000503,-0.000829,0.048768,0.000,0.464981,0.464410,-0.000571,0.000569,-0.000616,0.051274,0.000
1775,camera,5961375,data/1_2024/shard-000477.tar,256x256,vertical,1.1180,0.438,0.6094,7.0,0,0,0.554936,0.558912,0.003975,0.000893,-0.000284,0.020785,0.750,0.553788,0.558835,0.005047,0.000101,-0.000536,0.014612,0.250,0.554728,0.559865,0.005137,-0.000075,-0.000328,0.014892,0.250
1776,camera,4867375,data/1_2024/shard-000477.tar,256x256,vertical,1.1541,2.344,0.0588,-37.5,0,0,0.575144,0.570448,-0.004696,-0.006305,-0.001440,0.081204,0.250,0.573206,0.569993,-0.003214,-0.005108,-0.002004,0.057979,0.000,0.570360,0.568737,-0.001623,-0.003387,0.000327,0.051859,0.250
1777,camera,5337375,data/1_2024/shard-000477.tar,256x256,horizontal,1.1388,1.812,0.8816,29.0,0,0,0.401166,0.409390,0.008225,0.008886,0.006212,0.066739,0.750,0.399391,0.409178,0.009787,0.008839,0.008136,0.061980,0.750,0.400230,0.411422,0.011192,0.009736,0.008499,0.063946,0.500
1778,camera,3362375,data/1_2024/shard-000477.tar,256x256,vertical,1.1726,2.250,0.1250,-36.0,0,0,0.586051,0.585746,-0.000305,0.003662,0.002265,0.054465,0.500,0.584646,0.585909,0.001263,0.002058,0.000692,0.041309,0.500,0.585238,0.585668,0.000430,0.002055,0.000562,0.046543,0.500
1779,camera,8271375,data/1_2024/shard-000477.tar,256x256,horizontal,1.1826,1.750,0.7745,28.0,0,0,0.411543,0.410953,-0.000590,-0.000917,-0.000075,0.063296,0.250,0.410071,0.411534,0.001463,0.000887,0.001478,0.051148,0.500,0.411092,0.413226,0.002133,0.000355,0.001246,0.049526,0.500
1780,camera,567375,data/1_2024/shard-000477.tar,256x256,vertical,1.1859,2.250,0.1538,-36.0,0,0,0.761702,0.760615,-0.001087,0.000428,-0.000682,0.050891,0.250,0.758658,0.759625,0.000967,0.001857,0.000280,0.044413,0.500,0.757676,0.757791,0.000115,0.001327,0.000358,0.043095,0.250
1781,camera,3762375,data/1_2024/shard-000477.tar,256x256,vertical,1.1891,2.250,0.8396,36.0,0,0,0.511164,0.510410,-0.000754,0.007416,-0.000819,0.081473,0.250,0.506576,0.508218,0.001642,0.006423,0.000146,0.062698,0.500,0.507297,0.507381,0.000084,0.007660,0.000473,0.057246,0.250
1782,camera,2798375,data/1_2024/shard-000477.tar,256x256,vertical,1.1267,1.844,0.9275,29.5,0,0,0.661597,0.660804,-0.000793,-0.000221,0.000523,0.048714,0.000,0.660120,0.660526,0.000405,0.000663,-0.000051,0.041848,0.750,0.659334,0.659453,0.000120,-0.000041,-0.000168,0.040824,0.500
1783,camera,7886375,data/1_2024/shard-000477.tar,256x256,vertical,1.2055,1.625,0.2759,-26.0,0,0,0.405915,0.407221,0.001306,0.003698,0.001313,0.046073,0.500,0.406487,0.407795,0.001308,0.005010,0.002442,0.043190,0.500,0.406035,0.408209,0.002174,0.005442,0.002907,0.041711,0.500
1784,camera,3379375,data/1_2024/shard-000477.tar,256x256,vertical,1.1908,1.594,0.7383,25.5,0,0,0.653500,0.653065,-0.000435,-0.002477,-0.001656,0.067133,0.000,0.651249,0.656334,0.005086,0.003583,0.005231,0.063269,0.500,0.650538,0.652424,0.001886,-0.001279,-0.000586,0.043499,0.000
1785,camera,7823375,data/1_2024/shard-000477.tar,256x256,vertical,1.1609,2.531,0.0449,-40.5,0,0,0.382668,0.383957,0.001289,0.002963,0.001340,0.063603,0.250,0.381642,0.385797,0.004154,0.005368,0.005524,0.060971,0.500,0.379215,0.382801,0.003587,0.004318,0.003268,0.059193,0.750
1786,camera,5806375,data/1_2024/shard-000477.tar,256x256,vertical,1.1891,2.250,0.8396,36.0,0,0,0.860747,0.860183,-0.000564,-0.001018,-0.001839,0.053937,0.250,0.861220,0.861751,0.000531,-0.002081,-0.001725,0.040830,0.250,0.859475,0.860392,0.000917,-0.001043,-0.000936,0.041843,0.250
1787,camera,5617375,data/1_2024/shard-000477.tar,256x256,vertical,1.1924,1.750,0.2407,-28.0,0,0,0.555796,0.555762,-0.000034,0.000470,-0.000128,0.044520,0.250,0.552056,0.553846,0.001790,0.001640,0.001596,0.036288,0.750,0.552434,0.554306,0.001872,0.005842,0.005226,0.062813,0.500
1788,camera,2533375,data/1_2024/shard-000477.tar,256x256,vertical,1.2702,4.469,0.0446,-71.5,0,0,0.473890,0.458461,-0.015429,-0.001044,-0.015317,0.131846,0.000,0.456210,0.459125,0.002914,0.005313,0.001559,0.066657,0.500,0.454654,0.458055,0.003401,0.007011,0.004165,0.068917,0.500
1789,camera,2038375,data/1_2024/shard-000477.tar,256x256,vertical,1.1875,3.281,1.0000,52.5,0,0,0.446995,0.446561,-0.000435,0.003807,0.000509,0.078096,0.500,0.447343,0.447573,0.000229,0.002633,0.000149,0.051447,0.250,0.447053,0.446821,-0.000232,0.002102,-0.000866,0.051232,0.500
1790,camera,7682375,data/1_2024/shard-000477.tar,256x256,vertical,1.3390,3.281,0.2414,-52.5,0,0,0.774893,0.762303,-0.012590,-0.001528,0.014082,0.100028,0.000,0.765045,0.765390,0.000345,0.002103,0.003322,0.058694,0.500,0.764061,0.765213,0.001152,0.002127,0.002072,0.056539,0.750
1791,camera,4656375,data/1_2024/shard-000477.tar,256x256,vertical,1.4087,3.688,0.7341,59.0,0,0,0.564998,0.551108,-0.013890,0.011667,-0.011837,0.129045,0.000,0.552106,0.552654,0.000547,0.001999,-0.001171,0.072627,0.250,0.549394,0.550770,0.001376,-0.001224,-0.000993,0.056437,0.000
1792,camera,7161375,data/1_2024/shard-000477.tar,256x256,vertical,1.1473,0.281,0.5556,4.5,0,0,0.676502,0.673228,-0.003273,0.000408,0.002785,0.025138,0.500,0.671530,0.673319,0.001789,-0.000456,-0.000842,0.017622,0.500,0.673354,0.674708,0.001354,-0.000574,0.003231,0.014989,0.000
1793,camera,788375,data/1_2024/shard-000477.tar,256x256,vertical,1.1826,1.312,0.2941,-21.0,0,0,0.469499,0.470561,0.001062,0.001226,0.000091,0.027184,0.750,0.471051,0.469926,-0.001125,0.001107,0.000166,0.023014,0.000,0.471875,0.470792,-0.001083,0.000946,0.000108,0.022791,0.000
1794,camera,5132375,data/1_2024/shard-000477.tar,256x256,horizontal,1.1233,1.406,0.1642,-22.5,0,0,0.700814,0.702124,0.001310,-0.000136,0.000707,0.061736,0.250,0.700071,0.702409,0.002338,0.000569,0.000617,0.055265,0.500,0.698566,0.700791,0.002226,0.001016,0.001007,0.059688,0.250
1795,camera,1719375,data/1_2024/shard-000477.tar,256x256,vertical,1.4225,0.438,0.5267,7.0,0,0,0.444599,0.428481,-0.016117,-0.002851,-0.016625,0.021218,0.000,0.425960,0.428661,0.002701,-0.000899,-0.002707,0.022046,0.000,0.425161,0.426884,0.001723,-0.001727,-0.003534,0.021448,0.000
1796,camera,1283375,data/1_2024/shard-000477.tar,256x256,vertical,1.1826,3.125,0.0098,-50.0,0,0,0.396747,0.395494,-0.001253,0.000414,0.000409,0.069493,0.000,0.393079,0.393292,0.000214,0.000799,0.000685,0.033960,0.500,0.393653,0.393907,0.000254,0.001709,0.001600,0.036366,0.500
1797,camera,4222375,data/1_2024/shard-000477.tar,256x256,vertical,1.1875,2.219,0.8381,35.5,0,0,0.259867,0.264269,0.004402,0.004215,0.000952,0.056258,0.500,0.261128,0.265280,0.004152,0.002488,0.000810,0.032038,0.500,0.258046,0.263039,0.004993,0.003017,0.001002,0.032459,0.500
1798,camera,5340375,data/1_2024/shard-000477.tar,256x256,vertical,1.1891,1.062,0.6604,17.0,0,0,0.562937,0.562046,-0.000890,0.000818,0.013861,0.022936,0.250,0.562564,0.561813,-0.000751,0.001454,0.002782,0.028513,0.500,0.561229,0.559894,-0.001335,0.001136,0.002739,0.028149,0.250
1799,camera,4206375,data/1_2024/shard-000477.tar,256x256,vertical,1.2200,3.156,0.9040,50.5,0,0,0.491567,0.492365,0.000797,0.015245,0.004681,0.121542,0.250,0.484100,0.489780,0.005681,0.012003,0.004078,0.079964,0.500,0.483611,0.488771,0.005160,0.009254,0.003154,0.071610,0.500
1800,camera,4931375,data/1_2024/shard-000477.tar,256x256,vertical,1.2547,1.594,0.3265,-25.5,0,0,0.394942,0.393174,-0.001768,0.003148,0.000465,0.046908,0.000,0.397226,0.394508,-0.002718,0.000814,-0.001740,0.025748,0.250,0.394050,0.392003,-0.002047,0.000691,-0.002075,0.026083,0.500
1801,camera,1068375,data/1_2024/shard-000477.tar,256x256,horizontal,1.1826,1.438,0.2745,-23.0,0,0,0.781220,0.777947,-0.003274,-0.003068,0.003068,0.057874,0.250,0.775714,0.778003,0.002290,-0.000623,0.004236,0.034080,0.250,0.774932,0.776794,0.001863,-0.000736,0.003728,0.034261,0.250
1802,camera,685375,data/1_2024/shard-000477.tar,256x256,vertical,1.1759,2.562,0.0816,-41.0,0,0,0.937370,0.936072,-0.001298,0.001448,-0.000098,0.066285,0.250,0.937464,0.936527,-0.000938,0.001374,0.000662,0.044095,0.500,0.935588,0.934850,-0.000738,0.001425,0.000533,0.047171,0.500
1803,camera,5092375,data/1_2024/shard-000477.tar,256x256,vertical,1.1891,1.375,0.2925,-22.0,0,0,0.335747,0.338122,0.002375,0.001616,0.013644,0.074074,0.500,0.328396,0.335040,0.006643,0.003148,0.018983,0.059928,0.750,0.327169,0.334721,0.007552,0.004331,0.021485,0.065356,0.750
1804,camera,4484375,data/1_2024/shard-000477.tar,256x256,vertical,1.2263,3.594,0.9457,57.5,0,0,0.420731,0.419318,-0.001413,0.024520,-0.001657,0.167713,0.250,0.418917,0.420245,0.001328,0.003395,0.000364,0.069684,1.000,0.418520,0.419522,0.001002,0.003090,0.000227,0.059714,1.000
1805,camera,3607375,data/1_2024/shard-000477.tar,256x256,horizontal,1.1709,2.906,0.0105,-46.5,0,0,0.714563,0.716603,0.002040,0.007502,-0.000728,0.107425,0.250,0.710877,0.717220,0.006343,0.008820,0.004127,0.075907,1.000,0.711129,0.717367,0.006238,0.008794,0.004293,0.078164,1.000
1806,camera,6589375,data/1_2024/shard-000477.tar,256x256,vertical,1.2247,0.250,0.5312,4.0,0,0,0.545936,0.538801,-0.007135,0.000756,-0.001132,0.013979,0.000,0.538750,0.540118,0.001368,0.000393,0.000572,0.010458,0.750,0.538874,0.538604,-0.000269,0.000324,0.000633,0.009198,0.250
1807,camera,7212375,data/1_2024/shard-000477.tar,256x256,vertical,1.1875,0.281,0.5429,4.5,0,0,0.724190,0.724964,0.000775,-0.000179,-0.000480,0.014498,0.000,0.721676,0.724438,0.002762,-0.000300,0.000044,0.011447,0.250,0.720611,0.723724,0.003113,-0.000188,0.000377,0.010964,0.250
1808,camera,2843375,data/1_2024/shard-000477.tar,256x256,horizontal,1.3273,1.094,0.5897,17.5,0,0,0.394256,0.388687,-0.005569,-0.000345,-0.002356,0.023468,0.000,0.388939,0.389224,0.000285,0.000775,0.002131,0.026504,0.250,0.388418,0.388069,-0.000349,-0.000358,0.002286,0.031583,0.000
1809,camera,1052375,data/1_2024/shard-000477.tar,256x256,vertical,1.3622,1.281,0.4064,-20.5,0,0,0.379062,0.370486,-0.008576,-0.004573,-0.006792,0.079072,0.000,0.373641,0.370820,-0.002821,-0.001302,-0.000645,0.037567,0.000,0.372046,0.370643,-0.001403,-0.000713,-0.000970,0.034960,0.000
1810,camera,364375,data/1_2024/shard-000477.tar,256x256,vertical,1.1743,2.656,0.0619,-42.5,0,0,0.550668,0.546213,-0.004455,0.002281,0.021305,0.079895,0.250,0.546733,0.545944,-0.000789,0.005641,0.005191,0.059467,0.250,0.548176,0.548175,-0.000000,0.006923,0.005321,0.061757,0.500
1811,camera,1801375,data/1_2024/shard-000477.tar,256x256,horizontal,1.1541,0.719,0.3647,-11.5,0,0,0.510469,0.510555,0.000086,0.001135,0.008569,0.040171,0.250,0.507403,0.511836,0.004433,0.002065,0.007428,0.031517,1.000,0.507771,0.511345,0.003574,0.001116,0.006706,0.026402,0.750
1812,camera,5164375,data/1_2024/shard-000477.tar,256x256,vertical,1.1875,0.031,0.4952,-0.5,0,0,0.463662,0.466038,0.002376,-0.000049,0.005140,0.004296,0.000,0.461236,0.466934,0.005698,0.000048,-0.000601,0.003906,0.500,0.460718,0.465295,0.004578,-0.000811,0.000580,0.015150,0.000
1813,camera,738375,data/1_2024/shard-000477.tar,256x256,vertical,1.1891,2.062,0.1887,-33.0,0,0,0.464954,0.465549,0.000595,0.004245,0.002208,0.070638,0.250,0.463973,0.465431,0.001458,0.004989,0.001014,0.056505,0.250,0.463043,0.464616,0.001573,0.006670,0.001831,0.065356,0.250
1814,camera,1181375,data/1_2024/shard-000477.tar,256x256,vertical,1.1826,3.188,0.0000,-51.0,0,0,0.194682,0.191015,-0.003667,0.000497,-0.000343,0.070407,0.000,0.190510,0.189690,-0.000820,0.000877,0.000494,0.031989,0.000,0.189549,0.189691,0.000142,0.001365,0.000871,0.032021,0.250
1815,camera,7849375,data/1_2024/shard-000477.tar,256x256,vertical,1.1792,2.000,0.8200,32.0,0,0,0.742720,0.742973,0.000254,0.000061,-0.002507,0.096385,0.250,0.736286,0.739876,0.003590,0.003029,0.000380,0.051647,0.250,0.733500,0.741865,0.008365,0.005823,0.001609,0.066350,0.250
1816,camera,48375,data/1_2024/shard-000477.tar,256x256,horizontal,1.1541,0.469,0.5882,7.5,0,0,0.641953,0.643791,0.001838,-0.000196,0.000726,0.015963,0.500,0.642230,0.642718,0.000488,0.000135,0.000180,0.013985,0.250,0.644022,0.645235,0.001212,0.000095,0.000303,0.016610,0.250
1817,camera,8335375,data/1_2024/shard-000477.tar,256x256,vertical,1.1891,0.125,0.5189,2.0,0,0,0.474663,0.474648,-0.000015,0.000168,0.001325,0.009732,0.500,0.473854,0.474243,0.000389,-0.000155,0.003037,0.006937,0.500,0.474921,0.474808,-0.000113,-0.000203,0.003226,0.006544,0.250
1818,camera,8094375,data/1_2024/shard-000477.tar,256x256,horizontal,1.3332,1.031,0.4171,-16.5,0,0,0.467421,0.463569,-0.003853,0.002845,0.001769,0.033515,0.250,0.462477,0.466045,0.003568,0.002109,0.005936,0.030163,0.500,0.460998,0.465128,0.004130,0.001362,0.004465,0.027351,0.500
1819,camera,6622375,data/1_2024/shard-000477.tar,256x256,horizontal,1.2609,3.156,0.8344,50.5,0,0,0.823803,0.832232,0.008429,0.020200,-0.005470,0.165809,0.250,0.821308,0.831346,0.010037,0.000773,-0.003150,0.078542,0.250,0.821101,0.831985,0.010884,0.002352,0.000035,0.080860,0.250
1820,camera,1579375,data/1_2024/shard-000477.tar,256x256,vertical,1.1842,1.719,0.2330,-27.5,0,0,0.769422,0.770144,0.000722,0.000015,0.005756,0.066486,0.250,0.765970,0.769663,0.003693,0.001976,0.005542,0.051947,0.250,0.766322,0.771472,0.005151,0.004837,0.006873,0.062440,0.500
1821,camera,4531375,data/1_2024/shard-000477.tar,256x256,vertical,1.1541,1.531,0.2118,-24.5,0,0,0.410004,0.411685,0.001681,0.002128,0.002696,0.040902,0.750,0.408767,0.411739,0.002971,0.002523,0.002035,0.029772,0.750,0.408956,0.412097,0.003141,0.003105,0.002739,0.030105,1.000
1822,camera,798375,data/1_2024/shard-000477.tar,256x256,vertical,1.1541,1.781,0.1647,-28.5,0,0,0.503718,0.506081,0.002363,0.004830,0.007404,0.057189,0.500,0.506342,0.507960,0.001618,0.003115,0.003576,0.044537,1.000,0.507248,0.508373,0.001125,0.003305,0.004507,0.047263,0.750
1823,camera,2345375,data/1_2024/shard-000477.tar,256x256,vertical,1.1541,1.031,0.3059,-16.5,0,0,0.431206,0.430236,-0.000970,0.001513,0.002207,0.023721,0.000,0.429264,0.430498,0.001233,0.001827,0.001928,0.022134,0.250,0.429386,0.430174,0.000787,0.000885,0.001038,0.018510,0.500
1824,camera,1078375,data/1_2024/shard-000477.tar,256x256,vertical,1.1826,3.125,0.9902,50.0,0,0,0.400263,0.395189,-0.005074,-0.001251,-0.002076,0.082082,0.000,0.397268,0.396753,-0.000515,-0.001565,-0.000822,0.056313,0.000,0.397565,0.395949,-0.001616,-0.000927,-0.000507,0.048042,0.000
1825,camera,7679375,data/1_2024/shard-000477.tar,256x256,vertical,1.1075,0.812,0.2759,-13.0,0,0,0.842211,0.844171,0.001960,0.002372,0.006043,0.055565,0.250,0.842814,0.844919,0.002105,-0.000625,0.002215,0.028274,0.250,0.843208,0.846035,0.002828,-0.000665,0.002000,0.027854,0.000
1826,camera,3214375,data/1_2024/shard-000477.tar,256x256,vertical,1.1575,2.406,0.9425,38.5,0,0,0.376345,0.374576,-0.001769,-0.000411,0.013111,0.067797,0.250,0.375616,0.374870,-0.000746,-0.001801,0.000961,0.045361,0.500,0.374795,0.373562,-0.001233,-0.002322,0.000903,0.050108,0.250
1827,camera,2115375,data/1_2024/shard-000477.tar,256x256,vertical,1.1759,1.625,0.2347,-26.0,0,0,0.573071,0.573686,0.000615,0.002858,0.000727,0.043054,0.250,0.570475,0.572726,0.002251,0.003629,0.000287,0.038555,0.750,0.570466,0.573182,0.002716,0.004172,0.000178,0.041379,0.750
1828,camera,6680375,data/1_2024/shard-000477.tar,256x256,vertical,1.1891,0.875,0.6321,14.0,0,0,0.385505,0.386851,0.001346,-0.001483,-0.000111,0.054281,0.000,0.382908,0.385755,0.002847,0.000424,0.000498,0.023037,0.500,0.383409,0.386857,0.003449,0.000172,0.000211,0.022318,0.250
1829,camera,6185375,data/1_2024/shard-000477.tar,256x256,vertical,1.1004,0.375,0.6111,6.0,0,0,0.477248,0.478014,0.000767,0.000365,0.001310,0.018794,0.500,0.479521,0.479653,0.000132,-0.001430,-0.000822,0.023068,0.500,0.477658,0.476938,-0.000720,-0.001937,-0.001668,0.025065,0.000
1830,camera,5862375,data/1_2024/shard-000477.tar,256x256,vertical,1.1541,0.969,0.6824,15.5,0,0,0.589503,0.589332,-0.000171,0.000409,0.003012,0.027735,0.250,0.589315,0.589446,0.000131,0.000614,0.000709,0.032056,0.250,0.590184,0.590268,0.000084,0.000384,0.001006,0.030659,0.250
1831,camera,7981375,data/1_2024/shard-000477.tar,256x256,vertical,1.1891,0.438,0.4340,-7.0,0,0,0.634075,0.640365,0.006291,-0.001338,-0.000505,0.030762,0.000,0.628407,0.641289,0.012882,0.001327,0.002021,0.026026,0.250,0.630288,0.643121,0.012833,0.000622,0.000533,0.019739,0.250
1832,camera,4654375,data/1_2024/shard-000477.tar,256x256,vertical,1.1891,1.500,0.2736,-24.0,0,0,0.466658,0.464239,-0.002418,-0.000577,0.060351,0.049950,0.000,0.463304,0.461918,-0.001386,-0.001232,0.010838,0.037221,0.000,0.464745,0.464429,-0.000315,-0.000455,0.010572,0.035084,0.250
1833,camera,487375,data/1_2024/shard-000477.tar,256x256,vertical,1.1541,1.094,0.7059,17.5,0,0,0.206109,0.206442,0.000334,0.000066,0.005467,0.044536,0.250,0.204129,0.206255,0.002126,0.002254,0.003629,0.038170,0.500,0.204036,0.206178,0.002142,0.002839,0.004037,0.039839,0.500
1834,camera,2821375,data/1_2024/shard-000477.tar,256x256,vertical,1.1180,1.625,0.9062,26.0,0,0,0.396200,0.396364,0.000164,0.003142,0.000483,0.038935,0.500,0.394131,0.395284,0.001153,0.002742,0.001054,0.032793,0.750,0.393060,0.394486,0.001426,0.003063,0.001020,0.031682,0.750
1835,camera,742375,data/1_2024/shard-000477.tar,256x256,vertical,1.1826,2.438,0.8824,39.0,0,0,0.442274,0.450765,0.008491,0.015024,0.019837,0.095558,0.500,0.440841,0.455231,0.014390,0.014355,0.014372,0.080815,0.750,0.437568,0.451143,0.013575,0.013527,0.013588,0.082658,0.750
1836,camera,4435375,data/1_2024/shard-000477.tar,256x256,vertical,1.2216,1.188,0.6508,19.0,0,0,0.488857,0.485874,-0.002983,-0.000189,-0.000998,0.054518,0.000,0.486937,0.487819,0.000882,-0.000780,-0.000073,0.033470,0.000,0.485819,0.485275,-0.000545,-0.000910,-0.000179,0.032686,0.250
1837,camera,5287375,data/1_2024/shard-000477.tar,256x256,vertical,1.2167,3.344,0.0650,-53.5,0,0,0.444066,0.436121,-0.007945,-0.002968,-0.004990,0.094141,0.000,0.440308,0.436922,-0.003386,-0.001746,-0.002786,0.053428,0.250,0.442096,0.438003,-0.004094,-0.002566,-0.004684,0.053027,0.250
1838,camera,3047375,data/1_2024/shard-000477.tar,256x256,vertical,1.2406,1.625,0.3116,-26.0,0,0,0.601430,0.601765,0.000334,0.000840,-0.001344,0.038317,0.500,0.602058,0.603152,0.001093,-0.000529,-0.000480,0.029756,0.500,0.602529,0.603084,0.000555,-0.000367,-0.000525,0.031230,0.750
1839,camera,897375,data/1_2024/shard-000477.tar,256x256,vertical,1.2531,3.562,0.1096,-57.0,0,0,0.836444,0.832043,-0.004401,0.006115,-0.004942,0.128714,0.250,0.826764,0.830968,0.004203,0.004417,0.000141,0.063491,0.250,0.827404,0.832758,0.005355,0.004574,0.001008,0.059549,0.500
1840,camera,2031375,data/1_2024/shard-000477.tar,256x256,vertical,1.2717,1.062,0.3924,-17.0,0,0,0.431046,0.427605,-0.003441,0.000493,-0.001557,0.029889,0.000,0.430254,0.427091,-0.003163,-0.000024,-0.002918,0.023443,0.000,0.432787,0.428905,-0.003882,0.000353,-0.003069,0.021645,0.000
1841,camera,5651375,data/1_2024/shard-000477.tar,256x256,vertical,1.1626,0.312,0.5556,5.0,0,0,0.657057,0.657229,0.000171,-0.000053,0.000719,0.013244,0.000,0.656106,0.657479,0.001373,0.000654,0.001587,0.021347,0.500,0.652848,0.657222,0.004375,0.002600,0.004523,0.034304,0.750
1842,camera,6207375,data/1_2024/shard-000477.tar,256x256,horizontal,1.3288,3.188,0.7602,51.0,0,0,0.662145,0.652733,-0.009412,0.000826,-0.009021,0.099840,0.000,0.659547,0.653485,-0.006062,-0.005018,-0.004880,0.053771,0.000,0.660818,0.654780,-0.006038,-0.003733,-0.004951,0.049578,0.500
1843,camera,6254375,data/1_2024/shard-000477.tar,256x256,vertical,1.1891,0.250,0.5377,4.0,0,0,0.693204,0.692279,-0.000925,0.000681,0.000624,0.015968,0.250,0.688287,0.690195,0.001908,0.000848,0.001506,0.011739,0.250,0.688506,0.690551,0.002045,0.000761,0.002528,0.010897,0.500
1844,camera,7069375,data/1_2024/shard-000477.tar,256x256,vertical,1.3020,3.875,0.8483,62.0,0,0,0.636857,0.632163,-0.004695,0.005077,-0.004186,0.112240,0.000,0.631831,0.632208,0.000377,0.000792,0.000762,0.045799,0.500,0.632468,0.633035,0.000567,0.001160,0.000537,0.039073,0.750
1845,camera,5098375,data/1_2024/shard-000477.tar,256x256,horizontal,1.1490,1.125,0.2805,-18.0,0,0,0.568572,0.570555,0.001983,0.000672,0.003932,0.048206,0.750,0.568900,0.572028,0.003128,0.000720,0.006328,0.031776,1.000,0.568438,0.571137,0.002699,-0.000450,0.006338,0.033984,0.250
1846,camera,3470375,data/1_2024/shard-000477.tar,256x256,vertical,1.2717,1.188,0.6203,19.0,0,0,0.185010,0.182371,-0.002639,-0.000671,0.000008,0.024850,0.000,0.181220,0.182155,0.000935,0.000686,0.001648,0.025100,0.250,0.180846,0.182595,0.001749,0.001936,0.002936,0.028204,0.500
1847,camera,4660375,data/1_2024/shard-000477.tar,256x256,horizontal,1.3332,1.406,0.6131,22.5,0,0,0.549742,0.543965,-0.005777,-0.000591,-0.004488,0.042528,0.250,0.538821,0.542303,0.003483,0.000162,0.003271,0.037505,0.250,0.541116,0.543761,0.002645,-0.000721,0.002405,0.029254,0.000
1848,camera,6671375,data/1_2024/shard-000477.tar,256x256,vertical,1.2870,4.688,0.0536,-75.0,0,0,0.592496,0.576654,-0.015843,-0.000897,-0.011355,0.137776,0.000,0.574631,0.576052,0.001421,0.001285,0.000812,0.057509,0.250,0.573955,0.576071,0.002116,0.002085,0.001700,0.060632,0.500
1849,camera,4104375,data/1_2024/shard-000477.tar,256x256,horizontal,1.2406,3.500,0.9058,56.0,0,0,0.382188,0.384330,0.002141,0.008906,0.000096,0.138524,0.250,0.375948,0.383353,0.007405,0.008461,0.005488,0.094271,0.500,0.376179,0.385951,0.009772,0.011244,0.007560,0.100401,0.500
1850,camera,5973375,data/1_2024/shard-000477.tar,256x256,vertical,1.2022,2.750,0.1140,-44.0,0,0,0.596681,0.593934,-0.002746,0.002900,0.001033,0.071224,0.000,0.591622,0.592502,0.000879,0.003661,0.003163,0.046120,0.500,0.590453,0.590829,0.000376,0.003525,0.002533,0.044534,0.750
1851,camera,3378375,data/1_2024/shard-000477.tar,256x256,vertical,1.1180,0.812,0.2969,-13.0,0,0,0.656658,0.656168,-0.000490,0.000139,0.000998,0.026892,0.250,0.657301,0.657112,-0.000189,-0.000315,-0.000213,0.018927,0.250,0.657161,0.656847,-0.000314,0.000128,0.000896,0.019536,0.250
1852,camera,7454375,data/1_2024/shard-000477.tar,256x256,vertical,1.1908,2.844,0.9252,45.5,0,0,0.501839,0.498517,-0.003322,0.000635,-0.003439,0.082072,0.000,0.491630,0.496238,0.004609,0.004122,0.003942,0.081334,0.250,0.492328,0.496425,0.004097,0.005304,0.004597,0.085319,0.500
1853,camera,275375,data/1_2024/shard-000477.tar,256x256,horizontal,1.1541,1.719,0.8235,27.5,0,0,0.642877,0.643578,0.000702,0.001046,0.001316,0.047260,0.750,0.643786,0.646518,0.002732,0.000387,0.005299,0.037786,0.500,0.642293,0.644036,0.001742,0.000134,0.005201,0.043458,0.500
1854,camera,7437375,data/1_2024/shard-000477.tar,256x256,vertical,1.1776,1.281,0.7071,20.5,0,0,0.779009,0.778982,-0.000027,-0.000133,-0.000018,0.032061,0.250,0.777418,0.778411,0.000993,0.000328,0.000032,0.029710,0.500,0.776998,0.777496,0.000497,0.000205,-0.000002,0.031517,0.500
1855,camera,2211375,data/1_2024/shard-000477.tar,256x256,vertical,1.1891,2.000,0.8019,32.0,0,0,0.414558,0.414043,-0.000515,0.001117,-0.000220,0.040006,0.250,0.411459,0.414620,0.003161,0.003655,0.003438,0.046138,0.750,0.408655,0.411700,0.003045,0.003059,0.002770,0.045308,1.000
1856,camera,6839375,data/1_2024/shard-000477.tar,256x256,vertical,1.3229,2.562,0.2865,-41.0,0,0,0.439407,0.430972,-0.008435,-0.003844,0.012465,0.073444,0.000,0.434230,0.432244,-0.001986,-0.001533,0.000396,0.047077,0.000,0.433991,0.433865,-0.000126,-0.000430,0.000341,0.062999,0.250
1857,camera,3045375,data/1_2024/shard-000477.tar,256x256,vertical,1.1145,1.688,0.0645,-27.0,0,0,0.358870,0.358119,-0.000751,0.000157,0.001097,0.037253,0.250,0.359895,0.360165,0.000270,-0.000675,0.000896,0.029670,0.250,0.357701,0.357545,-0.000156,-0.000218,0.001495,0.031948,0.250
1858,camera,2813375,data/1_2024/shard-000477.tar,256x256,vertical,1.1891,2.938,0.9434,47.0,0,0,0.453487,0.452457,-0.001030,0.008012,0.007341,0.084250,0.250,0.450269,0.453039,0.002771,0.003715,0.003756,0.057474,0.500,0.447134,0.450589,0.003455,0.004532,0.004504,0.057568,0.250
1859,camera,2008375,data/1_2024/shard-000477.tar,256x256,vertical,1.2119,1.188,0.3417,-19.0,0,0,0.550897,0.542852,-0.008045,-0.000543,0.004251,0.043092,0.000,0.543538,0.542746,-0.000792,0.001322,0.004134,0.041352,0.250,0.548232,0.544607,-0.003625,0.005398,0.006303,0.045860,0.000
1860,camera,533375,data/1_2024/shard-000477.tar,256x256,vertical,1.2151,1.375,0.6803,22.0,0,0,0.566453,0.569628,0.003175,-0.000286,-0.000988,0.039721,0.250,0.565380,0.570014,0.004634,-0.000338,-0.000363,0.024320,0.500,0.564208,0.569211,0.005003,-0.000322,-0.000645,0.028417,0.500
1861,camera,708375,data/1_2024/shard-000477.tar,256x256,vertical,1.1973,1.719,0.7477,27.5,0,0,0.539387,0.540515,0.001129,0.006807,0.012676,0.078111,0.250,0.536626,0.540926,0.004300,0.004956,0.005646,0.043433,0.750,0.536241,0.540506,0.004265,0.003218,0.003671,0.041583,0.500
1862,camera,1729375,data/1_2024/shard-000477.tar,256x256,vertical,1.1541,1.156,0.2824,-18.5,0,0,0.414134,0.412299,-0.001836,0.000747,0.003505,0.034948,0.250,0.413748,0.413960,0.000212,-0.000202,0.001738,0.023125,0.250,0.413040,0.413198,0.000158,0.000083,0.001849,0.023258,0.250
1863,camera,2976375,data/1_2024/shard-000477.tar,256x256,vertical,1.2655,1.312,0.3636,-21.0,0,0,0.674051,0.673665,-0.000387,-0.000678,-0.002335,0.041104,0.000,0.667857,0.673016,0.005159,0.000643,0.001451,0.028963,0.750,0.666612,0.672042,0.005430,0.001051,0.001515,0.030319,0.750
1864,camera,6827375,data/1_2024/shard-000477.tar,256x256,vertical,1.3035,4.781,0.0726,-76.5,0,0,0.608805,0.588990,-0.019815,-0.006878,-0.021971,0.154995,0.250,0.579210,0.590044,0.010834,0.005366,0.004049,0.085784,0.500,0.579427,0.592495,0.013068,0.005635,0.005123,0.081097,0.750
1865,camera,4274375,data/1_2024/shard-000477.tar,256x256,vertical,1.1891,2.438,0.8679,39.0,0,0,0.663022,0.670658,0.007637,0.010045,-0.000187,0.098073,0.750,0.658056,0.670890,0.012833,0.011053,-0.001151,0.086236,0.750,0.656751,0.670163,0.013412,0.012711,-0.000794,0.087532,1.000
1866,camera,6333375,data/1_2024/shard-000477.tar,256x256,vertical,1.1842,2.344,0.8641,37.5,0,0,0.634662,0.630932,-0.003730,0.001295,-0.001333,0.056042,0.000,0.632435,0.631684,-0.000751,0.002544,0.001173,0.050015,0.500,0.632895,0.630223,-0.002672,0.000255,-0.000058,0.050674,0.250
1867,camera,7894375,data/1_2024/shard-000477.tar,256x256,vertical,1.1875,3.031,0.0381,-48.5,0,0,0.790452,0.789546,-0.000905,0.003365,0.000578,0.098991,0.250,0.787333,0.789486,0.002153,0.001572,-0.000347,0.071636,0.500,0.786224,0.787725,0.001501,0.002113,0.000602,0.068871,0.500
1868,camera,4158375,data/1_2024/shard-000477.tar,256x256,vertical,1.1924,1.438,0.7130,23.0,0,0,0.451181,0.456093,0.004912,0.001458,0.001552,0.052074,0.500,0.450151,0.454174,0.004024,-0.001000,0.004579,0.030338,0.250,0.448807,0.453008,0.004200,-0.000620,0.005513,0.033093,0.250
1869,camera,3141375,data/1_2024/shard-000477.tar,256x256,horizontal,1.1541,1.094,0.7059,17.5,0,0,0.810823,0.816290,0.005467,0.004633,0.005056,0.062303,0.750,0.810390,0.816575,0.006185,0.004239,0.006506,0.060519,0.250,0.810158,0.815304,0.005146,0.003898,0.007248,0.062318,0.500
1870,camera,2702375,data/1_2024/shard-000477.tar,256x256,vertical,1.1676,0.156,0.5269,2.5,0,0,0.597960,0.598709,0.000748,-0.000020,0.000313,0.005905,0.000,0.596948,0.597470,0.000522,-0.000017,0.000023,0.005788,0.500,0.598714,0.599906,0.001192,0.000009,0.000631,0.005849,0.750
1871,camera,2098375,data/1_2024/shard-000477.tar,256x256,vertical,1.1180,0.438,0.3906,-7.0,0,0,0.391337,0.391724,0.000387,-0.000465,-0.001077,0.015579,0.250,0.391533,0.392539,0.001006,-0.000377,-0.001020,0.011746,0.250,0.392090,0.393001,0.000911,-0.000455,-0.000651,0.014704,0.500
1872,camera,6055375,data/1_2024/shard-000477.tar,256x256,horizontal,1.1891,2.250,0.1604,-36.0,0,0,0.461434,0.459371,-0.002063,-0.004423,-0.002051,0.052258,0.000,0.458773,0.457292,-0.001481,-0.004091,-0.003208,0.039303,0.000,0.459268,0.457961,-0.001307,-0.004754,-0.002309,0.039906,0.000
1873,camera,7864375,data/1_2024/shard-000477.tar,256x256,horizontal,1.1891,2.062,0.8113,33.0,0,0,0.404931,0.402555,-0.002376,0.000270,-0.000634,0.036435,0.000,0.405581,0.403689,-0.001892,-0.000448,-0.000725,0.024741,0.000,0.403827,0.402129,-0.001698,-0.000611,-0.001177,0.024456,0.250
1874,camera,2606375,data/1_2024/shard-000477.tar,256x256,horizontal,1.1180,1.875,0.0312,-30.0,0,0,0.638834,0.638058,-0.000776,-0.000424,-0.001624,0.045466,0.250,0.637565,0.637715,0.000150,0.000298,-0.000206,0.037506,0.250,0.639227,0.639603,0.000375,0.000392,0.000132,0.037472,0.750
1875,camera,1089375,data/1_2024/shard-000477.tar,256x256,horizontal,1.1875,1.469,0.2762,-23.5,0,0,0.833838,0.834683,0.000844,-0.000912,0.000684,0.070335,0.250,0.834113,0.835385,0.001272,-0.000592,0.003281,0.054853,0.250,0.831473,0.834159,0.002686,0.000342,0.004775,0.059544,0.500
1876,camera,5820375,data/1_2024/shard-000477.tar,256x256,horizontal,1.1891,0.938,0.6415,15.0,0,0,0.487518,0.482481,-0.005037,0.000106,0.004442,0.043119,0.000,0.485617,0.483308,-0.002309,0.001208,0.002843,0.040033,0.250,0.482908,0.482417,-0.000491,0.002312,0.004086,0.039409,0.500
1877,camera,5180375,data/1_2024/shard-000477.tar,256x256,vertical,1.1957,0.375,0.5545,6.0,0,0,0.629466,0.630033,0.000566,-0.000861,0.033457,0.013322,0.000,0.631208,0.632684,0.001475,-0.000731,0.024661,0.012362,0.000,0.633671,0.634889,0.001218,-0.000456,0.023107,0.011376,0.000
1878,camera,1855375,data/1_2024/shard-000477.tar,256x256,vertical,1.2624,2.812,0.2039,-45.0,0,0,0.738733,0.735105,-0.003628,-0.001293,0.002531,0.088858,0.000,0.733239,0.736078,0.002839,-0.000482,0.000415,0.036974,0.250,0.731130,0.735551,0.004421,0.000103,0.000553,0.039839,0.250
1879,camera,1297375,data/1_2024/shard-000477.tar,256x256,vertical,1.1842,0.094,0.5146,1.5,0,0,0.533328,0.533758,0.000429,-0.000061,0.000222,0.006065,0.000,0.534153,0.535589,0.001436,-0.000826,-0.000090,0.016925,0.000,0.534295,0.535263,0.000968,-0.000108,0.000400,0.005014,0.000
1880,camera,609375,data/1_2024/shard-000477.tar,256x256,vertical,1.1826,0.438,0.4314,-7.0,0,0,0.751542,0.752079,0.000537,-0.001022,-0.000296,0.020849,0.000,0.746458,0.749522,0.003064,0.000174,0.000189,0.014086,0.500,0.747183,0.749776,0.002592,-0.000123,0.000413,0.013837,0.250
1881,camera,159375,data/1_2024/shard-000477.tar,256x256,horizontal,1.1541,0.406,0.4235,-6.5,0,0,0.619347,0.622230,0.002882,-0.005190,-0.003482,0.042895,0.250,0.610282,0.623923,0.013640,0.000591,0.000410,0.021537,0.500,0.606634,0.621266,0.014632,0.000693,0.001247,0.023304,0.750
1882,camera,2727375,data/1_2024/shard-000477.tar,256x256,vertical,1.1250,1.938,0.0441,-31.0,0,0,0.897049,0.901981,0.004932,0.011845,0.027396,0.105875,0.500,0.898162,0.903060,0.004898,0.010449,0.014530,0.082405,1.000,0.897886,0.902689,0.004803,0.011789,0.014647,0.084899,0.750
1883,camera,1995375,data/1_2024/shard-000477.tar,256x256,vertical,1.3419,4.281,0.1659,-68.5,0,0,0.897662,0.884820,-0.012842,0.003594,-0.014206,0.156703,0.000,0.885622,0.886670,0.001048,0.005824,-0.000886,0.095878,0.500,0.884629,0.886961,0.002332,0.007972,-0.000071,0.102191,0.500
1884,camera,3733375,data/1_2024/shard-000477.tar,256x256,vertical,1.2071,0.906,0.3761,-14.5,0,0,0.773597,0.773391,-0.000206,-0.000272,-0.000852,0.021664,0.000,0.774198,0.774296,0.000098,-0.000171,-0.000298,0.018572,0.250,0.772797,0.772665,-0.000132,0.000445,0.000122,0.020993,0.250
1885,camera,6849375,data/1_2024/shard-000477.tar,256x256,vertical,1.2103,2.344,0.1849,-37.5,0,0,0.558009,0.556484,-0.001524,-0.000525,0.003970,0.063713,0.000,0.553132,0.553494,0.000362,-0.001154,0.003424,0.036875,0.000,0.552625,0.553518,0.000893,-0.000519,0.002575,0.040722,0.000
1886,camera,5765375,data/1_2024/shard-000477.tar,256x256,vertical,1.1405,1.406,0.2078,-22.5,0,0,0.364983,0.363087,-0.001896,-0.004005,0.009072,0.055185,0.250,0.360996,0.361526,0.000530,-0.003856,0.003056,0.045800,0.250,0.362411,0.361860,-0.000551,-0.003440,0.001497,0.043705,0.250
1887,camera,8123375,data/1_2024/shard-000477.tar,256x256,vertical,1.1875,0.281,0.5429,4.5,0,0,0.191202,0.192200,0.000998,-0.000015,0.002346,0.014828,0.250,0.190868,0.191637,0.000768,0.000240,0.000945,0.010971,0.250,0.190270,0.190238,-0.000033,0.000046,0.000568,0.009757,0.250
1888,camera,8334375,data/1_2024/shard-000477.tar,256x256,vertical,1.1541,0.781,0.6471,12.5,0,0,0.666954,0.663916,-0.003037,-0.001594,0.005528,0.043835,0.250,0.671472,0.664015,-0.007457,-0.005139,-0.000650,0.048690,0.250,0.671060,0.663749,-0.007311,-0.005251,-0.000931,0.046385,0.250
1889,camera,7204375,data/1_2024/shard-000477.tar,256x256,vertical,1.1891,2.000,0.8019,32.0,0,0,0.534918,0.532605,-0.002312,-0.000758,0.000023,0.061172,0.250,0.529107,0.531160,0.002052,0.003735,0.005524,0.052843,0.750,0.529382,0.531463,0.002080,0.002225,0.004599,0.048014,0.750
1890,camera,594375,data/1_2024/shard-000477.tar,256x256,vertical,1.1659,1.688,0.2065,-27.0,0,0,0.424089,0.422546,-0.001543,-0.001443,-0.001829,0.079161,0.250,0.423812,0.420604,-0.003207,0.001637,-0.002411,0.062468,0.000,0.421511,0.416433,-0.005078,0.000559,-0.004721,0.064787,0.250
1891,camera,6564375,data/1_2024/shard-000477.tar,256x256,vertical,1.1776,0.719,0.6162,11.5,0,0,0.831772,0.831463,-0.000309,-0.000641,-0.000337,0.029586,0.500,0.831043,0.831391,0.000349,0.000369,-0.000592,0.026364,0.750,0.828210,0.829177,0.000967,0.000868,-0.001007,0.028638,0.750
1892,camera,1692375,data/1_2024/shard-000477.tar,256x256,horizontal,1.1792,0.812,0.6300,13.0,0,0,0.682822,0.682798,-0.000024,0.000436,0.000218,0.038138,0.250,0.683877,0.684172,0.000295,0.000524,0.001024,0.032025,0.250,0.683943,0.684038,0.000096,-0.000015,-0.000256,0.031598,0.250
1893,camera,5518375,data/1_2024/shard-000477.tar,256x256,vertical,1.1891,0.125,0.5189,2.0,0,0,0.454676,0.458424,0.003748,-0.000103,0.006240,0.007106,0.500,0.452091,0.456450,0.004358,-0.000018,0.003962,0.005534,0.250,0.452913,0.456680,0.003767,0.000064,0.002290,0.005218,0.500
1894,camera,5335375,data/1_2024/shard-000477.tar,256x256,vertical,1.1891,2.812,0.0755,-45.0,0,0,0.324529,0.323367,-0.001163,-0.000056,0.001527,0.066218,0.250,0.321017,0.322872,0.001855,0.001680,-0.000226,0.036502,0.250,0.322144,0.324024,0.001880,0.001418,-0.000226,0.035650,0.250
1895,camera,2975375,data/1_2024/shard-000477.tar,256x256,vertical,1.1891,2.000,0.8019,32.0,0,0,0.771925,0.777559,0.005634,0.009139,0.000037,0.130037,0.500,0.771912,0.779758,0.007846,0.007631,0.000088,0.115209,0.500,0.768763,0.776987,0.008223,0.006763,-0.000020,0.112969,0.500
1896,camera,3286375,data/1_2024/shard-000477.tar,256x256,vertical,1.3199,0.938,0.4211,-15.0,0,0,0.640583,0.641549,0.000966,-0.003208,0.002060,0.050607,0.250,0.632110,0.638076,0.005966,-0.000684,0.001294,0.023431,0.000,0.631413,0.636252,0.004840,0.000368,0.003244,0.025359,0.250
1897,camera,1917375,data/1_2024/shard-000477.tar,256x256,vertical,1.1875,2.469,0.8762,39.5,0,0,0.635936,0.639533,0.003597,0.007186,0.009780,0.069866,0.500,0.632923,0.638579,0.005656,0.004947,0.008577,0.049142,0.500,0.630540,0.638758,0.008218,0.005830,0.010642,0.051306,0.500
1898,camera,4399375,data/1_2024/shard-000477.tar,256x256,vertical,1.2247,2.250,0.7812,36.0,0,0,0.641337,0.647791,0.006454,0.009105,0.006009,0.079878,0.750,0.639986,0.643138,0.003152,0.001300,0.006002,0.052552,0.750,0.639000,0.643618,0.004618,0.003046,0.008885,0.055241,0.500
1899,camera,476375,data/1_2024/shard-000477.tar,256x256,vertical,1.1626,1.500,0.2333,-24.0,0,0,0.692717,0.694204,0.001487,0.001256,0.000945,0.068346,0.750,0.687667,0.693152,0.005485,-0.000902,-0.001158,0.045097,0.750,0.689493,0.694719,0.005226,-0.001306,-0.001795,0.045768,0.500
1900,camera,2175375,data/1_2024/shard-000477.tar,256x256,horizontal,1.3332,0.719,0.5578,11.5,0,0,0.491419,0.495180,0.003761,-0.001106,0.000984,0.025291,0.000,0.483849,0.491626,0.007777,-0.001032,0.006068,0.020705,0.000,0.481550,0.487729,0.006178,-0.000655,0.004896,0.018683,0.500
1901,camera,6784375,data/1_2024/shard-000477.tar,256x256,horizontal,1.3110,5.312,0.9620,85.0,0,0,0.355347,0.333477,-0.021870,-0.004203,-0.019420,0.161643,0.000,0.333800,0.333682,-0.000119,-0.002034,0.000819,0.060854,0.000,0.334567,0.334296,-0.000270,-0.001679,0.000415,0.059746,0.000
1902,camera,8326375,data/1_2024/shard-000477.tar,256x256,vertical,1.3229,0.562,0.4531,-9.0,0,0,0.461239,0.456379,-0.004860,0.002685,-0.005589,0.025477,0.000,0.456127,0.455848,-0.000279,0.000660,-0.001826,0.015713,0.250,0.455300,0.455034,-0.000265,0.000455,-0.002420,0.019132,0.250
1903,camera,2107375,data/1_2024/shard-000477.tar,256x256,vertical,1.3229,3.625,0.1979,-58.0,0,0,0.352008,0.337426,-0.014582,-0.002608,0.006864,0.119768,0.000,0.336767,0.339507,0.002740,0.028709,0.000392,0.122434,0.250,0.331258,0.336272,0.005015,0.033670,-0.000232,0.132070,0.250
1904,camera,6019375,data/1_2024/shard-000477.tar,256x256,vertical,1.1891,2.062,0.8113,33.0,0,0,0.601736,0.617280,0.015544,0.015845,0.026450,0.095477,0.250,0.600033,0.616358,0.016325,0.016276,0.025140,0.088778,0.500,0.601115,0.617426,0.016311,0.016361,0.017553,0.093878,0.250
1905,camera,3632375,data/1_2024/shard-000477.tar,256x256,vertical,1.2151,1.188,0.6557,19.0,0,0,0.669913,0.668688,-0.001226,-0.000683,0.004470,0.044267,0.000,0.665967,0.667496,0.001529,-0.001496,0.003362,0.027869,0.250,0.665125,0.665841,0.000716,-0.001205,0.001837,0.027962,0.250
1906,camera,1478375,data/1_2024/shard-000477.tar,256x256,vertical,1.1826,1.750,0.2255,-28.0,0,0,0.337950,0.337215,-0.000735,-0.001400,0.005113,0.052765,0.000,0.335952,0.336315,0.000362,-0.000074,0.003707,0.031491,0.250,0.340232,0.339901,-0.000331,-0.002262,0.005104,0.043215,0.000
1907,camera,1466375,data/1_2024/shard-000477.tar,256x256,vertical,1.1145,0.688,0.6774,11.0,0,0,0.738977,0.739720,0.000743,0.000289,0.001801,0.029580,0.500,0.740560,0.742930,0.002370,0.000604,0.003808,0.024443,0.750,0.738478,0.740825,0.002347,0.000842,0.004411,0.023402,0.500
1908,camera,7705375,data/1_2024/shard-000477.tar,256x256,vertical,1.1336,1.656,0.1370,-26.5,0,0,0.345203,0.343778,-0.001426,-0.000505,-0.001077,0.050705,0.500,0.342520,0.342249,-0.000271,-0.000082,0.000157,0.035639,0.250,0.343937,0.343592,-0.000345,-0.000753,-0.000664,0.035492,0.250
1909,camera,6713375,data/1_2024/shard-000477.tar,256x256,vertical,1.2247,0.312,0.5391,5.0,0,0,0.562212,0.566120,0.003908,0.001926,-0.002789,0.017259,0.250,0.567626,0.573295,0.005669,0.002308,-0.005440,0.014521,0.500,0.566053,0.572212,0.006159,0.001577,-0.003753,0.011309,1.000
1910,camera,5172375,data/1_2024/shard-000477.tar,256x256,vertical,1.3125,4.094,0.8541,65.5,0,0,0.498650,0.492317,-0.006333,0.001066,-0.005002,0.127679,0.000,0.489585,0.494073,0.004488,0.003160,0.000299,0.054075,0.750,0.490242,0.493343,0.003101,0.002527,0.000492,0.049925,1.000
1911,camera,663375,data/1_2024/shard-000477.tar,256x256,vertical,1.1336,1.906,0.0822,-30.5,0,0,0.668609,0.668386,-0.000223,0.003226,0.007099,0.048875,0.250,0.665472,0.666908,0.001436,0.003844,0.007577,0.041082,0.750,0.663918,0.664528,0.000610,0.003988,0.008226,0.041042,0.500
1912,camera,6596375,data/1_2024/shard-000477.tar,256x256,vertical,1.1891,0.688,0.6038,11.0,0,0,0.496457,0.497012,0.000555,0.000000,-0.000208,0.025833,0.250,0.494789,0.497805,0.003016,0.000233,0.000498,0.018727,0.750,0.492981,0.495685,0.002704,-0.000235,-0.000289,0.018782,0.000
1913,camera,2225375,data/1_2024/shard-000477.tar,256x256,horizontal,1.2655,4.062,0.0779,-65.0,0,0,0.638263,0.632979,-0.005284,-0.002111,-0.007703,0.137105,0.000,0.635205,0.635032,-0.000173,-0.000584,-0.000721,0.049526,0.250,0.627542,0.633724,0.006181,0.005105,0.005161,0.078213,0.250
1914,camera,6308375,data/1_2024/shard-000477.tar,256x256,vertical,1.2578,2.906,0.1879,-46.5,0,0,0.583141,0.579131,-0.004010,-0.000559,-0.003260,0.084348,0.000,0.578206,0.583064,0.004858,0.002799,0.000457,0.059477,0.500,0.575372,0.577884,0.002512,0.001461,0.000264,0.057035,0.250
1915,camera,961375,data/1_2024/shard-000477.tar,256x256,horizontal,1.1541,2.469,0.0353,-39.5,0,0,0.676222,0.676321,0.000099,0.001276,0.001854,0.079590,0.250,0.677357,0.677093,-0.000264,-0.000210,0.000488,0.066124,0.250,0.676129,0.678594,0.002465,0.002650,0.003299,0.068693,0.250
1916,camera,5413375,data/1_2024/shard-000477.tar,256x256,vertical,1.2390,1.031,0.3796,-16.5,0,0,0.542252,0.539257,-0.002994,-0.000320,0.012644,0.028909,0.000,0.538786,0.539091,0.000304,0.000180,0.000636,0.018131,0.500,0.540471,0.540336,-0.000135,0.000367,0.000655,0.019100,0.500
1917,camera,4340375,data/1_2024/shard-000477.tar,256x256,horizontal,1.1490,2.562,0.0000,-41.0,0,0,0.308168,0.308073,-0.000094,0.009055,0.005223,0.083694,0.250,0.304703,0.307725,0.003022,0.011112,0.012083,0.075950,0.500,0.303786,0.306614,0.002828,0.010507,0.010783,0.075131,0.500
1918,camera,1840375,data/1_2024/shard-000477.tar,256x256,vertical,1.2006,0.594,0.5841,9.5,0,0,0.342448,0.348552,0.006103,-0.001407,0.000532,0.026579,0.250,0.336935,0.348170,0.011235,-0.000440,0.007185,0.019222,0.250,0.333369,0.346722,0.013352,-0.000139,0.007451,0.015431,0.250
1919,camera,3814375,data/1_2024/shard-000477.tar,256x256,horizontal,1.1592,1.875,0.1591,-30.0,0,0,0.512665,0.511884,-0.000781,0.000508,0.007574,0.039624,0.000,0.510388,0.510289,-0.000099,0.001309,0.000356,0.029788,0.750,0.510692,0.510564,-0.000127,-0.000034,-0.000254,0.028851,0.500
1920,camera,1921375,data/1_2024/shard-000477.tar,256x256,horizontal,1.1233,0.844,0.7015,13.5,0,0,0.464674,0.463808,-0.000866,-0.000222,0.002175,0.025676,0.000,0.464604,0.463630,-0.000974,-0.000310,0.000586,0.028278,0.000,0.463903,0.462824,-0.001079,-0.000035,0.001634,0.030837,0.000
1921,camera,8055375,data/1_2024/shard-000477.tar,256x256,vertical,1.1575,0.781,0.6437,12.5,0,0,0.777810,0.777449,-0.000361,0.000473,0.000208,0.025638,0.250,0.777379,0.778147,0.000767,-0.000029,-0.000134,0.023557,0.250,0.775252,0.776178,0.000926,-0.000371,-0.000239,0.023817,0.250
1922,camera,2353375,data/1_2024/shard-000477.tar,256x256,vertical,1.1875,3.281,0.0000,-52.5,0,0,0.352595,0.348841,-0.003754,-0.001688,-0.003032,0.081025,0.250,0.344767,0.347391,0.002624,0.001611,0.002384,0.037946,0.500,0.346894,0.348747,0.001852,0.000914,0.001320,0.033594,0.250
1923,camera,7875375,data/1_2024/shard-000477.tar,256x256,vertical,1.2151,1.875,0.7459,30.0,0,0,0.401423,0.397097,-0.004327,-0.005038,0.003375,0.066652,0.250,0.408881,0.400510,-0.008371,-0.009777,0.001275,0.074017,0.250,0.405385,0.397277,-0.008108,-0.009809,0.002245,0.076326,0.250
1924,camera,2583375,data/1_2024/shard-000477.tar,256x256,horizontal,1.1891,1.250,0.3113,-20.0,0,0,0.679365,0.679657,0.000291,0.003453,0.005472,0.048567,0.500,0.676412,0.679491,0.003079,0.003437,0.006404,0.040848,0.750,0.675360,0.678048,0.002688,0.003074,0.007298,0.041749,0.750
1925,camera,1497375,data/1_2024/shard-000477.tar,256x256,vertical,1.1439,0.844,0.6709,13.5,0,0,0.436335,0.436229,-0.000105,0.000242,0.006653,0.020185,0.500,0.435763,0.434951,-0.000813,0.000173,0.002431,0.018203,0.000,0.436853,0.435199,-0.001654,-0.000718,0.001396,0.019843,0.250
1926,camera,341375,data/1_2024/shard-000477.tar,256x256,vertical,1.1541,0.531,0.4000,-8.5,0,0,0.548955,0.548676,-0.000279,-0.000392,0.006322,0.018472,0.500,0.548395,0.550146,0.001751,-0.000859,-0.001018,0.014603,0.000,0.544155,0.545293,0.001138,-0.000411,0.002129,0.014834,0.250
1927,camera,3142375,data/1_2024/shard-000477.tar,256x256,vertical,1.1388,0.938,0.3026,-15.0,0,0,0.665694,0.664706,-0.000989,-0.000989,-0.000915,0.036752,0.000,0.667045,0.665321,-0.001725,-0.000233,0.000104,0.030677,0.000,0.667091,0.665893,-0.001198,0.000173,0.000742,0.028001,0.250
1928,camera,5841375,data/1_2024/shard-000477.tar,256x256,vertical,1.1891,1.750,0.7642,28.0,0,0,0.710397,0.715498,0.005101,0.007958,0.016967,0.112083,0.750,0.708723,0.713995,0.005272,0.006525,0.009639,0.095027,1.000,0.706600,0.713148,0.006548,0.007020,0.011032,0.095386,1.000
1929,camera,5013375,data/1_2024/shard-000477.tar,256x256,vertical,1.1776,0.031,0.4949,-0.5,0,0,0.417213,0.419391,0.002179,-0.000024,0.001819,0.004078,0.500,0.413051,0.415632,0.002581,0.000302,0.000742,0.013533,0.500,0.413210,0.415255,0.002045,-0.000127,-0.000749,0.004175,0.000
1930,camera,6588375,data/1_2024/shard-000477.tar,256x256,vertical,1.1826,1.812,0.7843,29.0,0,0,0.520059,0.521327,0.001268,0.001293,-0.000585,0.058301,0.500,0.521062,0.524478,0.003416,0.000979,0.000370,0.042463,0.750,0.518991,0.521820,0.002829,0.000368,-0.000287,0.045233,0.750
1931,camera,6428375,data/1_2024/shard-000477.tar,256x256,vertical,1.2717,2.938,0.7975,47.0,0,0,0.674504,0.686139,0.011635,0.018358,0.015437,0.149429,0.500,0.667427,0.685136,0.017708,0.016886,0.018563,0.110686,0.750,0.667656,0.682542,0.014886,0.012343,0.015087,0.097043,1.000
1932,camera,2516375,data/1_2024/shard-000477.tar,256x256,vertical,1.2343,1.375,0.6642,22.0,0,0,0.440966,0.438493,-0.002473,-0.000889,-0.001922,0.039361,0.250,0.440036,0.440394,0.000358,0.000649,-0.001436,0.024438,0.750,0.438838,0.439544,0.000706,0.000803,-0.001465,0.025871,0.500
1933,camera,7760375,data/1_2024/shard-000477.tar,256x256,vertical,1.1875,2.094,0.1810,-33.5,0,0,0.348206,0.348294,0.000088,-0.000334,0.004093,0.052140,0.250,0.345134,0.347110,0.001976,0.001274,0.002495,0.033571,0.500,0.345063,0.347117,0.002055,0.001757,0.002625,0.033470,0.500
1934,camera,7271375,data/1_2024/shard-000477.tar,256x256,vertical,1.1422,2.062,0.9231,33.0,0,0,0.593689,0.593625,-0.000064,-0.000107,0.000596,0.063383,0.500,0.593027,0.594373,0.001345,-0.000081,-0.000395,0.052275,0.500,0.593355,0.594124,0.000769,-0.001345,-0.000858,0.047512,0.500
1935,camera,6758375,data/1_2024/shard-000477.tar,256x256,vertical,1.1180,0.250,0.4375,-4.0,0,0,0.441879,0.442256,0.000377,0.000176,0.001198,0.008698,0.750,0.441775,0.442703,0.000928,0.000117,-0.000198,0.007977,0.750,0.445284,0.446778,0.001495,-0.000409,-0.001116,0.007897,0.000
1936,camera,3722375,data/1_2024/shard-000477.tar,256x256,vertical,1.1842,2.906,0.9515,46.5,0,0,0.828192,0.824247,-0.003945,0.002098,0.009447,0.117864,0.000,0.821744,0.822633,0.000889,0.002430,0.003846,0.091662,0.750,0.821585,0.823069,0.001484,0.002496,0.004168,0.082992,0.750
1937,camera,4555375,data/1_2024/shard-000477.tar,256x256,horizontal,1.3332,0.031,0.4975,-0.5,0,0,0.772106,0.762688,-0.009418,-0.000023,-0.003456,0.003855,0.000,0.766743,0.766122,-0.000621,0.000005,-0.001448,0.003912,0.000,0.765098,0.763927,-0.001171,-0.000108,-0.001506,0.003986,0.000
1938,camera,172375,data/1_2024/shard-000477.tar,256x256,vertical,1.1842,3.219,1.0000,51.5,0,0,0.771777,0.770870,-0.000907,0.006757,0.013150,0.105943,0.500,0.766915,0.767174,0.000259,0.005139,0.005354,0.077619,0.750,0.766333,0.767078,0.000744,0.004858,0.004986,0.077459,0.750
1939,camera,5910375,data/1_2024/shard-000477.tar,256x256,vertical,1.5000,6.688,0.8344,107.0,0,0,0.380636,0.338487,-0.042149,-0.000369,-0.044562,0.191791,0.000,0.334097,0.338207,0.004109,0.003585,0.002201,0.081733,0.750,0.334195,0.333912,-0.000282,0.002131,-0.000423,0.076012,0.250
1940,camera,6918375,data/1_2024/shard-000477.tar,256x256,vertical,1.1609,0.719,0.3708,-11.5,0,0,0.712178,0.712949,0.000770,0.001077,-0.000097,0.028485,0.750,0.709552,0.708973,-0.000579,-0.000386,0.000893,0.031131,0.500,0.712546,0.712355,-0.000191,0.000426,0.000906,0.028697,0.500
1941,camera,466375,data/1_2024/shard-000477.tar,256x256,vertical,1.2167,0.719,0.4065,-11.5,0,0,0.358177,0.363016,0.004839,0.000860,0.000087,0.033551,0.500,0.351430,0.361651,0.010220,0.001323,0.000812,0.018014,0.750,0.350423,0.360808,0.010385,0.001384,0.001549,0.017187,0.500
1942,camera,6376375,data/1_2024/shard-000477.tar,256x256,horizontal,1.4443,0.188,0.5108,3.0,0,0,0.428165,0.420015,-0.008150,-0.000267,-0.009917,0.008108,0.000,0.416084,0.420128,0.004043,-0.000311,0.002157,0.008406,0.250,0.412871,0.417913,0.005042,-0.000001,0.002032,0.006891,0.250
1943,camera,3784375,data/1_2024/shard-000477.tar,256x256,vertical,1.1626,0.500,0.5889,8.0,0,0,0.446352,0.446858,0.000506,-0.000490,0.002376,0.029118,0.250,0.445639,0.447178,0.001539,0.000632,0.001995,0.018256,0.500,0.444274,0.445142,0.000868,0.000501,0.001623,0.019315,0.500
1944,camera,3371375,data/1_2024/shard-000477.tar,256x256,vertical,1.1908,0.844,0.6262,13.5,0,0,0.644145,0.643096,-0.001049,0.001274,0.005838,0.021179,0.250,0.639242,0.640470,0.001228,0.001676,-0.000698,0.018052,0.500,0.640390,0.640711,0.000321,0.000871,-0.000531,0.017093,0.250
1945,camera,2766375,data/1_2024/shard-000477.tar,256x256,horizontal,1.1575,0.281,0.4483,-4.5,0,0,0.796210,0.798791,0.002581,0.000017,0.006775,0.021242,0.250,0.795878,0.799161,0.003284,0.000704,0.003632,0.013311,1.000,0.792460,0.796375,0.003915,0.000631,0.003456,0.014885,0.750
1946,camera,1144375,data/1_2024/shard-000477.tar,256x256,horizontal,1.1541,2.344,0.9412,37.5,0,0,0.619019,0.619658,0.000639,0.008143,0.002215,0.103529,0.500,0.620792,0.621175,0.000383,0.007251,0.002084,0.077274,0.500,0.621639,0.621583,-0.000057,0.006498,0.002772,0.074299,0.500
1947,camera,1803375,data/1_2024/shard-000477.tar,256x256,vertical,1.1891,0.625,0.5943,10.0,0,0,0.563225,0.563236,0.000011,-0.000854,0.008092,0.022856,0.000,0.567477,0.567431,-0.000046,-0.000315,0.003195,0.013711,0.000,0.563939,0.563996,0.000057,-0.000341,0.002163,0.012664,0.250
1948,camera,8079375,data/1_2024/shard-000477.tar,256x256,vertical,1.1541,1.469,0.2235,-23.5,0,0,0.396634,0.395546,-0.001088,0.000607,0.001441,0.055356,0.250,0.394903,0.396610,0.001707,0.003616,0.001157,0.045784,0.500,0.394084,0.395234,0.001150,0.002702,0.000718,0.042745,0.500
1949,camera,6779375,data/1_2024/shard-000477.tar,256x256,vertical,1.1891,0.688,0.3962,-11.0,0,0,0.528012,0.528714,0.000702,0.000178,0.000158,0.018501,0.000,0.527168,0.529956,0.002787,-0.000282,-0.000267,0.018917,0.250,0.526461,0.528632,0.002171,-0.000591,-0.000374,0.019344,0.000
1950,camera,4959375,data/1_2024/shard-000477.tar,256x256,vertical,1.1302,0.469,0.3944,-7.5,0,0,0.937004,0.936626,-0.000378,-0.001276,-0.000108,0.033141,0.500,0.935951,0.936799,0.000849,-0.001334,0.001783,0.027805,0.500,0.935235,0.936054,0.000819,-0.001098,0.002120,0.024739,0.250
1951,camera,3377375,data/1_2024/shard-000477.tar,256x256,vertical,1.1908,0.469,0.4299,-7.5,0,0,0.662165,0.661951,-0.000214,-0.000104,0.001614,0.015002,0.250,0.660480,0.661425,0.000946,0.000789,0.001965,0.017188,0.750,0.657401,0.658670,0.001269,-0.000130,0.000415,0.015628,0.250
1952,camera,7343375,data/1_2024/shard-000477.tar,256x256,vertical,1.1040,1.000,0.2143,-16.0,0,0,0.617435,0.618801,0.001366,0.001477,0.000110,0.045833,0.750,0.617067,0.618671,0.001604,0.002394,0.001580,0.030805,0.750,0.618105,0.619558,0.001453,0.002099,0.001438,0.030434,0.750
1953,camera,6585375,data/1_2024/shard-000477.tar,256x256,vertical,1.1891,0.125,0.5189,2.0,0,0,0.256042,0.256750,0.000708,-0.000198,0.000291,0.005582,0.000,0.257504,0.257047,-0.000457,-0.000247,0.000598,0.005422,0.000,0.256720,0.256589,-0.000131,-0.000048,0.000877,0.004278,0.250
1954,camera,1390375,data/1_2024/shard-000477.tar,256x256,vertical,1.1891,1.688,0.2453,-27.0,0,0,0.297812,0.299075,0.001263,-0.000773,0.000340,0.043044,0.000,0.296493,0.298431,0.001938,0.000448,0.000460,0.035762,0.250,0.294859,0.296951,0.002092,0.001695,0.000296,0.040266,0.250
1955,camera,3730375,data/1_2024/shard-000477.tar,256x256,vertical,1.1891,0.438,0.4340,-7.0,0,0,0.553209,0.552222,-0.000986,-0.000368,-0.000260,0.018025,0.000,0.552445,0.552655,0.000211,0.000018,0.000035,0.015281,0.250,0.551913,0.552752,0.000839,0.000293,0.000077,0.013619,0.250
1956,camera,985375,data/1_2024/shard-000477.tar,256x256,vertical,1.1826,2.562,0.9020,41.0,0,0,0.456644,0.457356,0.000712,0.003514,0.013229,0.097082,0.250,0.450056,0.461292,0.011236,0.011286,0.023619,0.068493,0.500,0.451471,0.457573,0.006102,0.009503,0.018444,0.060717,0.500
1957,camera,746375,data/1_2024/shard-000477.tar,256x256,horizontal,1.2247,0.250,0.4688,-4.0,0,0,0.610885,0.609328,-0.001557,-0.000402,-0.001544,0.007427,0.000,0.608894,0.608890,-0.000005,-0.000465,0.001394,0.006924,0.000,0.610030,0.609444,-0.000586,-0.000473,0.001137,0.006650,0.000
1958,camera,8178375,data/1_2024/shard-000477.tar,256x256,vertical,1.2247,2.625,0.1719,-42.0,0,0,0.606840,0.601433,-0.005408,0.003807,0.014979,0.083044,0.000,0.603030,0.602794,-0.000235,0.005802,0.001398,0.062496,0.250,0.603625,0.603473,-0.000152,0.005263,0.001042,0.061666,0.500
1959,camera,3949375,data/1_2024/shard-000477.tar,256x256,vertical,1.1541,1.719,0.1765,-27.5,0,0,0.409310,0.409158,-0.000152,0.000247,0.000344,0.033038,0.250,0.408885,0.409767,0.000882,-0.000247,-0.000029,0.022928,0.250,0.406215,0.407188,0.000972,-0.000554,0.000204,0.021906,0.250
1960,camera,537375,data/1_2024/shard-000477.tar,256x256,vertical,1.1891,0.500,0.5755,8.0,0,0,0.393326,0.393598,0.000272,-0.000832,0.006856,0.027075,0.250,0.393368,0.397169,0.003801,-0.001062,0.002993,0.016900,0.000,0.392090,0.396192,0.004102,-0.000393,0.003151,0.012859,0.000
1961,camera,4924375,data/1_2024/shard-000477.tar,256x256,vertical,1.1908,1.344,0.2991,-21.5,0,0,0.564833,0.563208,-0.001625,0.000353,0.017257,0.032969,0.250,0.565686,0.567080,0.001394,-0.000164,0.000661,0.027549,0.250,0.562961,0.562796,-0.000165,0.000505,0.000391,0.028371,0.250
1962,camera,4315375,data/1_2024/shard-000477.tar,256x256,vertical,1.2167,0.531,0.5691,8.5,0,0,0.426926,0.435139,0.008213,0.004968,-0.001378,0.050658,0.250,0.426755,0.440852,0.014098,0.003343,-0.000640,0.044847,0.500,0.423429,0.438428,0.015000,0.004344,-0.001095,0.048908,0.500
1963,camera,4563375,data/1_2024/shard-000477.tar,256x256,vertical,1.1302,0.094,0.4789,-1.5,0,0,0.601379,0.600923,-0.000457,-0.000024,0.003102,0.004982,0.500,0.601221,0.600470,-0.000751,0.000047,0.000830,0.004992,0.500,0.600466,0.599310,-0.001156,0.000007,0.000618,0.004905,0.250
1964,camera,1189375,data/1_2024/shard-000477.tar,256x256,vertical,1.1709,2.594,0.0632,-41.5,0,0,0.743182,0.741283,-0.001898,0.000892,0.005175,0.087721,0.000,0.737807,0.741833,0.004026,0.003001,0.004147,0.055406,0.750,0.738259,0.742245,0.003986,0.003096,0.003168,0.043563,0.500
1965,camera,7404375,data/1_2024/shard-000477.tar,256x256,vertical,1.2915,1.344,0.3743,-21.5,0,0,0.587345,0.585203,-0.002142,0.000034,-0.002132,0.031974,0.250,0.584376,0.585502,0.001127,-0.000324,0.000889,0.028956,0.000,0.584962,0.586211,0.001250,-0.000488,0.000820,0.029426,0.000
1966,camera,670375,data/1_2024/shard-000477.tar,256x256,vertical,1.1792,2.812,0.0500,-45.0,0,0,0.466815,0.460785,-0.006030,-0.001379,-0.006269,0.068972,0.000,0.464815,0.459582,-0.005233,-0.002123,-0.003657,0.046732,0.000,0.463405,0.456756,-0.006649,-0.004246,-0.005687,0.056229,0.000
1967,camera,4213375,data/1_2024/shard-000477.tar,256x256,vertical,1.1093,1.031,0.2203,-16.5,0,0,0.571793,0.571400,-0.000393,0.000825,0.000877,0.031511,0.500,0.574024,0.574003,-0.000021,0.001717,-0.000364,0.028082,0.250,0.572585,0.572445,-0.000140,0.000725,-0.000316,0.025061,0.500
1968,camera,7757375,data/1_2024/shard-000477.tar,256x256,vertical,1.1250,0.062,0.5147,1.0,0,0,0.824305,0.824456,0.000151,-0.000147,-0.001317,0.006802,0.000,0.825379,0.825203,-0.000176,-0.000109,-0.000885,0.006249,0.000,0.824576,0.824249,-0.000327,-0.000147,-0.000116,0.009046,0.000
1969,camera,5281375,data/1_2024/shard-000477.tar,256x256,horizontal,1.1891,0.500,0.5755,8.0,0,0,0.761174,0.761475,0.000301,0.000392,0.002220,0.034707,0.250,0.759613,0.760386,0.000772,-0.000277,0.003845,0.030545,0.250,0.758880,0.760967,0.002087,0.000148,0.004378,0.033005,0.500
1970,camera,6133375,data/1_2024/shard-000477.tar,256x256,vertical,1.1891,1.562,0.7358,25.0,0,0,0.574157,0.574666,0.000509,-0.000422,0.006590,0.041034,0.500,0.568797,0.570186,0.001389,0.000326,0.011779,0.031920,0.500,0.571279,0.572246,0.000967,0.000293,0.013773,0.035429,0.500
1971,camera,7767375,data/1_2024/shard-000477.tar,256x256,vertical,1.1180,1.438,0.8594,23.0,0,0,0.624339,0.623376,-0.000963,0.000931,0.002059,0.063639,0.250,0.621949,0.622357,0.000408,0.001447,0.001441,0.049918,0.250,0.623995,0.623618,-0.000377,0.001320,0.001703,0.050434,0.250
1972,camera,4613375,data/1_2024/shard-000477.tar,256x256,vertical,1.1875,1.219,0.3143,-19.5,0,0,0.536881,0.539906,0.003025,-0.000384,0.001605,0.043449,0.250,0.532141,0.538147,0.006006,0.000373,0.000390,0.025907,0.750,0.531704,0.537958,0.006254,0.000670,0.000831,0.027200,0.750
1973,camera,3982375,data/1_2024/shard-000477.tar,256x256,vertical,1.1473,1.781,0.8519,28.5,0,0,0.672296,0.675538,0.003242,0.006623,0.000730,0.084980,0.750,0.671429,0.675615,0.004186,0.004347,0.000552,0.072984,0.750,0.670940,0.674338,0.003398,0.004566,0.000336,0.071679,0.750
1974,camera,319375,data/1_2024/shard-000477.tar,256x256,horizontal,1.2437,1.875,0.7143,30.0,0,0,0.453771,0.450290,-0.003481,-0.000238,0.008752,0.050484,0.000,0.448134,0.450968,0.002834,0.000150,0.001028,0.026092,0.250,0.450481,0.452849,0.002368,0.001018,0.000514,0.024810,0.250
1975,camera,2142375,data/1_2024/shard-000477.tar,256x256,horizontal,1.2655,2.688,0.7792,43.0,0,0,0.603900,0.599927,-0.003973,-0.000778,-0.001542,0.061433,0.000,0.598268,0.599780,0.001512,-0.000389,0.003163,0.037021,0.500,0.598200,0.599702,0.001503,-0.000045,0.004141,0.034216,0.000
1976,camera,4852375,data/1_2024/shard-000477.tar,256x256,horizontal,1.3080,4.375,0.8846,70.0,0,0,0.528849,0.509962,-0.018887,0.004943,-0.017367,0.148790,0.000,0.508351,0.508677,0.000326,0.001748,0.002162,0.056506,0.500,0.509549,0.509668,0.000119,0.000564,0.001797,0.055242,0.250
1977,camera,2149375,data/1_2024/shard-000477.tar,256x256,vertical,1.1891,1.625,0.7453,26.0,0,0,0.449848,0.452283,0.002434,0.003524,0.001925,0.056122,0.500,0.437536,0.453128,0.015592,0.014771,0.013255,0.109425,0.750,0.436826,0.453575,0.016750,0.015232,0.013728,0.111959,0.500
1978,camera,6358375,data/1_2024/shard-000477.tar,256x256,vertical,1.1524,0.688,0.3690,-11.0,0,0,0.515679,0.516012,0.000333,0.000937,0.001979,0.023961,0.250,0.515391,0.515229,-0.000162,0.000726,0.000994,0.017927,0.500,0.515655,0.514849,-0.000805,0.000524,0.000788,0.018024,0.250
1979,camera,3266375,data/1_2024/shard-000477.tar,256x256,vertical,1.2374,4.000,0.0294,-64.0,0,0,0.292950,0.280584,-0.012367,-0.006812,-0.010543,0.112972,0.000,0.281306,0.280508,-0.000797,0.000022,-0.000489,0.039326,0.250,0.281314,0.279810,-0.001504,-0.000201,-0.000758,0.040151,0.000
1980,camera,2935375,data/1_2024/shard-000477.tar,256x256,vertical,1.1609,0.719,0.6292,11.5,0,0,0.606591,0.606342,-0.000249,-0.000196,0.000656,0.032696,0.000,0.606698,0.606033,-0.000666,-0.000182,-0.000586,0.019105,0.250,0.607650,0.606833,-0.000817,-0.000558,0.000332,0.020630,0.500
1981,camera,6088375,data/1_2024/shard-000477.tar,256x256,horizontal,1.1891,1.938,0.7925,31.0,0,0,0.510104,0.511724,0.001621,0.003713,0.004974,0.068702,0.250,0.513190,0.515606,0.002416,0.001401,0.002088,0.056401,0.500,0.510437,0.512905,0.002467,0.002300,0.003204,0.053687,0.750
1982,camera,2974375,data/1_2024/shard-000477.tar,256x256,vertical,1.2151,0.375,0.4508,-6.0,0,0,0.408476,0.410517,0.002041,0.000471,0.000148,0.014039,0.250,0.407760,0.410666,0.002906,0.000141,0.000596,0.011091,0.500,0.408383,0.410935,0.002553,0.000083,0.000601,0.010087,0.500
1983,camera,2709375,data/1_2024/shard-000477.tar,256x256,vertical,1.3607,4.062,0.2018,-65.0,0,0,0.740752,0.737470,-0.003282,0.003529,-0.014311,0.159588,0.250,0.721484,0.733569,0.012085,0.015724,0.003649,0.123758,0.500,0.724234,0.736642,0.012407,0.015346,0.008205,0.126821,0.750
1984,camera,5070375,data/1_2024/shard-000477.tar,256x256,horizontal,1.1891,2.500,0.1226,-40.0,0,0,0.441785,0.440844,-0.000941,-0.000669,0.013435,0.076182,0.250,0.437988,0.439664,0.001676,0.000138,0.000353,0.048788,0.250,0.437849,0.439789,0.001940,0.001417,0.002361,0.049975,0.250
1985,camera,4454375,data/1_2024/shard-000477.tar,256x256,horizontal,1.1659,1.500,0.7609,24.0,0,0,0.468701,0.471004,0.002303,-0.000206,0.005357,0.040210,0.250,0.470164,0.472204,0.002040,-0.001456,0.001444,0.033479,0.250,0.469212,0.470689,0.001477,-0.000623,0.001500,0.029082,0.250
1986,camera,7541375,data/1_2024/shard-000477.tar,256x256,vertical,1.1891,2.938,0.9434,47.0,0,0,0.545560,0.543103,-0.002457,0.002774,-0.000273,0.076564,0.250,0.542717,0.543560,0.000843,0.002429,0.001122,0.054919,0.500,0.545768,0.543956,-0.001811,-0.000640,-0.001714,0.064631,0.500
1987,camera,50375,data/1_2024/shard-000477.tar,256x256,vertical,1.2686,1.688,0.3269,-27.0,0,0,0.387574,0.382773,-0.004801,-0.000581,-0.004876,0.033996,0.000,0.381329,0.381887,0.000558,-0.000272,-0.000461,0.021203,0.500,0.380274,0.380431,0.000157,-0.000115,-0.000954,0.022959,0.500
1988,camera,2565375,data/1_2024/shard-000477.tar,256x256,horizontal,1.4142,4.688,0.2070,-75.0,0,0,0.301093,0.268032,-0.033061,0.001871,-0.029967,0.160410,0.000,0.268774,0.269644,0.000871,0.002401,0.000399,0.058442,0.250,0.266214,0.267581,0.001367,0.002915,0.001346,0.059352,0.250
1989,camera,4702375,data/1_2024/shard-000477.tar,256x256,horizontal,1.1891,2.062,0.8113,33.0,0,0,0.517053,0.513154,-0.003899,0.000926,0.001258,0.055416,0.000,0.510650,0.511002,0.000352,0.001303,0.000654,0.049242,0.250,0.509518,0.510887,0.001369,0.001202,0.000928,0.041317,0.250
1990,camera,542375,data/1_2024/shard-000477.tar,256x256,vertical,1.1075,1.500,0.0862,-24.0,0,0,0.491614,0.493988,0.002374,0.001982,0.000136,0.039113,0.750,0.492725,0.494199,0.001473,0.001636,-0.000106,0.029445,0.500,0.492519,0.494580,0.002061,0.002449,-0.000202,0.031571,0.750
1991,camera,5758375,data/1_2024/shard-000477.tar,256x256,vertical,1.2671,0.656,0.4323,-10.5,0,0,0.564921,0.558903,-0.006018,-0.000569,-0.004256,0.019694,0.000,0.563369,0.559015,-0.004354,-0.000554,-0.003523,0.017712,0.000,0.560347,0.557407,-0.002940,-0.000473,-0.003374,0.016628,0.000
1992,camera,2573375,data/1_2024/shard-000477.tar,256x256,vertical,1.1826,0.375,0.5588,6.0,0,0,0.369405,0.370248,0.000843,0.000885,0.005673,0.022262,0.500,0.368703,0.371896,0.003194,0.000423,0.002475,0.016666,1.000,0.367283,0.371077,0.003794,0.000328,0.002809,0.014495,0.750
1993,camera,966375,data/1_2024/shard-000477.tar,256x256,vertical,1.1541,1.656,0.8118,26.5,0,0,0.556348,0.555079,-0.001269,0.000612,0.003099,0.047119,0.000,0.554239,0.553844,-0.000395,0.002623,0.004145,0.045723,0.250,0.553623,0.553997,0.000375,0.001852,0.004131,0.041679,0.500
1994,camera,6442375,data/1_2024/shard-000477.tar,256x256,vertical,1.1875,2.156,0.1714,-34.5,0,0,0.595732,0.594631,-0.001101,-0.001386,-0.000127,0.048734,0.250,0.590650,0.592733,0.002083,0.000764,0.000891,0.035578,0.750,0.590317,0.592865,0.002548,0.000976,0.001049,0.037920,0.750
1995,camera,5465375,data/1_2024/shard-000477.tar,256x256,vertical,1.3578,4.500,0.1667,-72.0,0,0,0.482686,0.465155,-0.017530,-0.001491,-0.017372,0.126126,0.000,0.463025,0.462369,-0.000657,0.000443,0.000020,0.045532,0.000,0.464249,0.464135,-0.000113,0.000557,0.000495,0.040320,0.250
1996,camera,4024375,data/1_2024/shard-000477.tar,256x256,vertical,1.1093,0.219,0.5593,3.5,0,0,0.532367,0.533712,0.001345,0.000350,-0.000386,0.008253,0.500,0.532311,0.534055,0.001744,0.000238,-0.000511,0.008531,0.500,0.528387,0.531367,0.002980,0.000159,-0.000436,0.009302,0.500
1997,camera,444375,data/1_2024/shard-000477.tar,256x256,horizontal,1.1541,1.531,0.2118,-24.5,0,0,0.654560,0.653810,-0.000751,-0.000425,-0.000505,0.052513,0.250,0.655773,0.654567,-0.001207,0.001333,-0.001133,0.040767,0.000,0.654407,0.652922,-0.001486,0.001402,-0.000606,0.043717,0.000
1998,camera,7965375,data/1_2024/shard-000477.tar,256x256,vertical,1.2200,1.656,0.7120,26.5,0,0,0.574585,0.574959,0.000374,0.002110,0.003542,0.043067,0.750,0.573735,0.575180,0.001445,0.001239,0.004565,0.041363,0.750,0.576130,0.577916,0.001786,0.002197,0.005978,0.045704,0.750
1999,camera,5964375,data/1_2024/shard-000477.tar,256x256,horizontal,1.2469,0.812,0.4085,-13.0,0,0,0.709131,0.707965,-0.001167,-0.001432,-0.000988,0.024577,0.000,0.707470,0.706773,-0.000697,-0.000805,-0.000373,0.020885,0.250,0.708902,0.706774,-0.002127,-0.001418,-0.001364,0.019566,0.000
2000,camera,2377375,data/1_2024/shard-000477.tar,256x256,vertical,1.1924,3.312,0.0093,-53.0,0,0,0.497020,0.497315,0.000295,0.007889,0.003271,0.105948,0.250,0.490841,0.495847,0.005007,0.006393,0.003722,0.073834,0.750,0.490489,0.496250,0.005761,0.005812,0.004382,0.070179,0.750
2001,camera,2322375,data/1_2024/shard-000477.tar,256x256,vertical,1.2437,3.562,0.9071,57.0,0,0,0.448453,0.443271,-0.005182,0.003769,-0.005591,0.115733,0.250,0.442855,0.442720,-0.000135,0.000608,-0.000066,0.064853,0.250,0.444341,0.442275,-0.002066,-0.000654,-0.001881,0.063097,0.000
2002,camera,4377375,data/1_2024/shard-000477.tar,256x256,vertical,1.2247,2.062,0.2422,-33.0,0,0,0.745032,0.745005,-0.000026,-0.000536,0.000623,0.061533,0.250,0.738974,0.738755,-0.000218,0.002272,0.002106,0.035609,0.250,0.743933,0.744825,0.000892,0.002051,0.001890,0.039293,0.500
2003,camera,1005375,data/1_2024/shard-000477.tar,256x256,vertical,1.2167,3.094,0.9024,49.5,0,0,0.383695,0.382508,-0.001187,0.007417,-0.002620,0.104343,0.250,0.377226,0.382958,0.005733,0.007359,0.001896,0.077201,0.250,0.377820,0.384606,0.006787,0.009112,0.001039,0.080303,0.250
2004,camera,16375,data/1_2024/shard-000477.tar,256x256,vertical,1.1891,2.125,0.8208,34.0,0,0,0.561427,0.559724,-0.001703,0.004906,0.007150,0.080272,0.000,0.557642,0.559352,0.001710,0.006521,0.007144,0.059843,0.750,0.558165,0.560293,0.002128,0.007217,0.007532,0.065972,0.500
2005,camera,2379375,data/1_2024/shard-000477.tar,256x256,vertical,1.1541,1.344,0.2471,-21.5,0,0,0.595050,0.594117,-0.000933,-0.000311,-0.000018,0.037084,0.250,0.595198,0.596493,0.001294,0.003067,0.000421,0.035765,0.750,0.593395,0.593936,0.000541,0.004331,-0.000365,0.038171,0.500
2006,camera,1340375,data/1_2024/shard-000477.tar,256x256,vertical,1.1541,0.156,0.4706,-2.5,0,0,0.509402,0.509278,-0.000125,-0.000038,0.002411,0.006258,0.250,0.509456,0.509600,0.000144,0.000101,0.000077,0.005396,0.500,0.508826,0.508829,0.000003,0.000372,0.000119,0.006373,0.500
2007,camera,4058375,data/1_2024/shard-000477.tar,256x256,vertical,1.2087,2.625,0.8559,42.0,0,0,0.370051,0.363279,-0.006772,0.000572,-0.005293,0.107885,0.000,0.361989,0.360648,-0.001341,-0.000057,-0.000403,0.069789,0.250,0.361320,0.361052,-0.000268,-0.000271,-0.000545,0.064283,0.250
2008,camera,5317375,data/1_2024/shard-000477.tar,256x256,vertical,1.1891,2.562,0.8868,41.0,0,0,0.732704,0.737844,0.005139,0.010357,-0.000149,0.105491,0.500,0.730238,0.738695,0.008456,0.009212,0.000579,0.079751,0.750,0.728481,0.734577,0.006096,0.009115,0.000678,0.082977,0.500
2009,camera,8325375,data/1_2024/shard-000477.tar,256x256,vertical,1.1541,0.219,0.4588,-3.5,0,0,0.542862,0.543949,0.001087,0.000979,0.005269,0.009779,0.250,0.544953,0.547282,0.002329,0.000660,0.002467,0.009282,0.500,0.545434,0.546753,0.001319,0.000308,0.001789,0.008983,0.500
2010,camera,3509375,data/1_2024/shard-000477.tar,256x256,vertical,1.1371,2.219,0.0267,-35.5,0,0,0.464614,0.467076,0.002462,0.014823,0.010393,0.118022,0.500,0.458758,0.462111,0.003353,0.015017,0.010374,0.098545,0.500,0.459473,0.461883,0.002410,0.013169,0.009279,0.092930,0.500
2011,camera,1652375,data/1_2024/shard-000477.tar,256x256,vertical,1.1891,3.000,0.9528,48.0,0,0,0.758271,0.759575,0.001305,0.008176,0.002353,0.083605,0.250,0.757604,0.760621,0.003017,0.005262,0.002893,0.054036,1.000,0.756240,0.758468,0.002228,0.005125,0.002673,0.052643,1.000
2012,camera,3244375,data/1_2024/shard-000477.tar,256x256,vertical,1.1642,0.094,0.4835,-1.5,0,0,0.641354,0.640828,-0.000526,-0.000130,0.001525,0.005447,0.000,0.639676,0.639721,0.000045,-0.000115,0.000888,0.005275,0.250,0.639813,0.639680,-0.000133,0.000069,0.000784,0.005194,0.500
2013,camera,2328375,data/1_2024/shard-000477.tar,256x256,horizontal,1.1302,2.219,1.0000,35.5,0,0,0.542297,0.541776,-0.000521,0.008516,0.006522,0.075536,0.250,0.537733,0.539877,0.002144,0.005739,0.008195,0.062174,0.750,0.535523,0.537972,0.002449,0.006110,0.009036,0.066132,0.750
2014,camera,886375,data/1_2024/shard-000477.tar,256x256,vertical,1.3020,1.875,0.6685,30.0,0,0,0.521263,0.520936,-0.000327,0.000003,-0.000024,0.047674,0.000,0.517204,0.520738,0.003534,0.001819,0.001530,0.032929,0.500,0.515723,0.518533,0.002809,0.003018,0.002634,0.036307,0.500
2015,camera,6391375,data/1_2024/shard-000477.tar,256x256,vertical,1.3020,5.125,0.0393,-82.0,0,0,0.533987,0.526607,-0.007381,0.001971,-0.007773,0.160933,0.250,0.518485,0.526840,0.008354,0.012551,0.009025,0.099326,1.000,0.519586,0.524895,0.005309,0.026021,0.006043,0.140444,0.750
2016,camera,4741375,data/1_2024/shard-000477.tar,256x256,vertical,1.1875,3.094,0.0286,-49.5,0,0,0.616606,0.611345,-0.005261,0.000778,-0.002301,0.108969,0.000,0.610803,0.612400,0.001597,0.003998,0.000874,0.088327,0.750,0.609101,0.610010,0.000909,0.004266,0.000201,0.088305,0.250
2017,camera,2310375,data/1_2024/shard-000477.tar,256x256,vertical,1.2640,3.969,0.9150,63.5,0,0,0.347773,0.341536,-0.006238,0.004024,-0.007124,0.122753,0.000,0.342009,0.343792,0.001783,0.002009,-0.000688,0.067605,0.500,0.339206,0.341275,0.002069,0.001780,-0.000111,0.066587,0.750
2018,camera,5012375,data/1_2024/shard-000477.tar,256x256,vertical,1.1891,1.188,0.3208,-19.0,0,0,0.813412,0.813712,0.000300,-0.001640,0.000471,0.040465,0.000,0.812456,0.813782,0.001325,-0.000832,0.000490,0.030607,0.250,0.810967,0.812711,0.001744,-0.000506,0.000394,0.033776,0.250
2019,camera,163375,data/1_2024/shard-000477.tar,256x256,horizontal,1.1541,2.531,0.0235,-40.5,0,0,0.677116,0.669125,-0.007990,-0.003252,-0.005196,0.089148,0.250,0.677404,0.673919,-0.003485,0.002043,-0.001558,0.059673,0.250,0.675893,0.672685,-0.003208,0.001076,-0.001781,0.068217,0.250
2020,camera,5923375,data/1_2024/shard-000477.tar,256x256,vertical,1.1924,1.562,0.2685,-25.0,0,0,0.619350,0.618517,-0.000832,-0.000565,0.003645,0.042425,0.000,0.616941,0.618832,0.001890,-0.001275,0.001731,0.036361,0.750,0.612822,0.615503,0.002682,-0.000333,0.002262,0.035742,0.750
2021,camera,2719375,data/1_2024/shard-000477.tar,256x256,horizontal,1.3535,5.719,0.0704,-91.5,0,0,0.647179,0.629100,-0.018079,0.007438,-0.021069,0.185208,0.250,0.621455,0.630757,0.009303,0.003899,0.004231,0.107806,0.250,0.619446,0.627381,0.007934,0.006130,0.003422,0.107796,0.500
2022,camera,4669375,data/1_2024/shard-000477.tar,256x256,vertical,1.1743,0.531,0.4124,-8.5,0,0,0.507818,0.508955,0.001137,0.001594,0.005423,0.017654,1.000,0.508158,0.510366,0.002208,0.000584,0.000854,0.014513,0.500,0.507385,0.509636,0.002251,0.000750,0.000154,0.014984,0.750
2023,camera,8332375,data/1_2024/shard-000477.tar,256x256,horizontal,1.3332,4.969,0.1005,-79.5,0,0,0.753645,0.734848,-0.018797,0.004144,-0.019559,0.144386,0.000,0.737483,0.735537,-0.001945,0.000936,-0.001952,0.079139,0.250,0.737223,0.736086,-0.001137,0.001947,-0.001184,0.076579,0.500
2024,camera,1759375,data/1_2024/shard-000477.tar,256x256,horizontal,1.1891,0.250,0.5377,4.0,0,0,0.783813,0.783244,-0.000569,0.000055,-0.000004,0.012734,0.250,0.783164,0.783347,0.000184,-0.000077,-0.000184,0.008228,0.500,0.783776,0.783786,0.000010,-0.000054,-0.000078,0.009281,0.500
2025,camera,2647375,data/1_2024/shard-000477.tar,256x256,vertical,1.1875,2.719,0.9143,43.5,0,0,0.236478,0.238733,0.002255,0.004871,-0.000633,0.084783,0.250,0.234946,0.238145,0.003198,0.003198,-0.000473,0.067217,0.500,0.234937,0.238032,0.003094,0.002724,-0.001336,0.073461,1.000
2026,camera,1925375,data/1_2024/shard-000477.tar,256x256,vertical,1.1891,3.250,0.0094,-52.0,0,0,0.392234,0.389592,-0.002641,0.000764,-0.001266,0.098642,0.250,0.387789,0.388595,0.000806,0.002349,0.001937,0.054631,0.750,0.388070,0.388818,0.000748,0.002637,0.001740,0.058601,0.750
2027,camera,1494375,data/1_2024/shard-000477.tar,256x256,vertical,1.1891,0.938,0.3585,-15.0,0,0,0.631892,0.631619,-0.000273,-0.002616,-0.001411,0.033428,0.000,0.630191,0.632990,0.002799,-0.001264,-0.000424,0.024097,0.250,0.628169,0.630463,0.002293,-0.000930,-0.000352,0.023148,0.500
2028,camera,8360375,data/1_2024/shard-000477.tar,256x256,vertical,1.3419,2.281,0.3220,-36.5,0,0,0.427805,0.422910,-0.004895,0.002794,-0.005423,0.064342,0.000,0.424499,0.423525,-0.000973,-0.000219,-0.002906,0.059678,0.250,0.422873,0.424429,0.001556,0.002214,-0.001349,0.058555,0.750
2029,camera,6025375,data/1_2024/shard-000477.tar,256x256,horizontal,1.1924,2.688,0.1019,-43.0,0,0,0.475254,0.472797,-0.002457,0.002085,-0.000776,0.062160,0.000,0.471855,0.473084,0.001229,0.003575,0.001422,0.042456,0.500,0.471435,0.472175,0.000740,0.002816,0.000830,0.045382,0.500
2030,camera,6463375,data/1_2024/shard-000477.tar,256x256,vertical,1.1842,2.281,0.1456,-36.5,0,0,0.539034,0.538953,-0.000081,0.001609,0.001112,0.064867,0.500,0.536930,0.536608,-0.000322,0.001598,0.001582,0.049528,0.250,0.536099,0.537090,0.000991,0.002823,0.002779,0.052084,0.500
2031,camera,3267375,data/1_2024/shard-000477.tar,256x256,vertical,1.1891,1.500,0.2736,-24.0,0,0,0.655994,0.659480,0.003487,0.002265,0.000364,0.041700,0.750,0.654848,0.659051,0.004203,0.000870,0.000686,0.033072,0.500,0.652877,0.656692,0.003815,0.000958,0.000787,0.035196,0.750
2032,camera,811375,data/1_2024/shard-000477.tar,256x256,vertical,1.1875,2.156,0.8286,34.5,0,0,0.486945,0.479886,-0.007060,-0.005802,-0.003587,0.078210,0.000,0.480823,0.476850,-0.003973,-0.001098,-0.001057,0.056481,0.250,0.480229,0.479155,-0.001074,-0.000970,0.000213,0.053544,0.500
2033,camera,6935375,data/1_2024/shard-000477.tar,256x256,vertical,1.2006,3.219,0.0442,-51.5,0,0,0.282472,0.279628,-0.002844,0.000691,0.001771,0.078728,0.000,0.277597,0.278459,0.000862,0.001651,0.001827,0.041360,0.500,0.278143,0.279247,0.001104,0.001091,0.001411,0.043519,0.500
2034,camera,5636375,data/1_2024/shard-000477.tar,256x256,vertical,1.1250,1.688,0.8971,27.0,0,0,0.637958,0.643625,0.005667,0.007778,0.013051,0.084375,0.750,0.643413,0.644263,0.000849,0.003240,0.003602,0.067228,0.500,0.641497,0.643291,0.001794,0.003611,0.004187,0.065481,1.000
2035,camera,3531375,data/1_2024/shard-000477.tar,256x256,vertical,1.2247,3.375,0.9219,54.0,0,0,0.544852,0.544821,-0.000030,0.004390,0.023033,0.096437,0.250,0.543014,0.544079,0.001065,-0.000392,0.005084,0.046579,0.500,0.541698,0.542513,0.000815,-0.000273,0.004824,0.048802,0.500
2036,camera,3542375,data/1_2024/shard-000477.tar,256x256,horizontal,1.1198,0.531,0.6308,8.5,0,0,0.618004,0.622593,0.004589,-0.000470,0.016626,0.035876,0.500,0.617764,0.621641,0.003877,-0.001427,0.006257,0.031606,0.250,0.614855,0.620065,0.005210,-0.001251,0.005954,0.028181,0.500
2037,camera,6601375,data/1_2024/shard-000477.tar,256x256,vertical,1.1891,2.125,0.1792,-34.0,0,0,0.303201,0.303797,0.000596,0.001318,0.002462,0.049328,0.250,0.306481,0.304829,-0.001652,0.000310,0.000082,0.037597,0.250,0.306337,0.305333,-0.001004,0.001660,0.001437,0.041556,0.500
2038,camera,604375,data/1_2024/shard-000477.tar,256x256,vertical,1.1456,1.688,0.8375,27.0,0,0,0.501745,0.499232,-0.002513,-0.001187,0.001606,0.050335,0.000,0.497947,0.498969,0.001022,0.000838,0.001432,0.036091,0.750,0.499106,0.499586,0.000480,-0.000313,0.001439,0.037555,0.500
2039,camera,4814375,data/1_2024/shard-000477.tar,256x256,vertical,1.1792,1.250,0.3000,-20.0,0,0,0.809041,0.809914,0.000873,-0.001169,0.005168,0.033739,0.250,0.809214,0.810518,0.001304,-0.001207,0.000918,0.026499,0.250,0.807877,0.809744,0.001867,-0.001550,-0.000247,0.026753,0.250
2040,camera,2443375,data/1_2024/shard-000477.tar,256x256,vertical,1.1541,1.719,0.1765,-27.5,0,0,0.563179,0.561433,-0.001746,-0.000686,0.013982,0.044415,0.000,0.564505,0.565192,0.000687,-0.001522,0.001916,0.033377,0.000,0.564623,0.565837,0.001213,-0.000479,0.002642,0.030988,0.250
2041,camera,7219375,data/1_2024/shard-000477.tar,256x256,vertical,1.1908,2.156,0.8224,34.5,0,0,0.673620,0.675978,0.002359,0.001222,0.001797,0.064149,0.500,0.677329,0.678519,0.001190,0.000086,-0.000347,0.052972,0.250,0.674742,0.677248,0.002505,0.000899,-0.000099,0.047613,0.750
2042,camera,1016375,data/1_2024/shard-000477.tar,256x256,vertical,1.1826,1.375,0.7157,22.0,0,0,0.528158,0.527971,-0.000187,-0.001525,-0.000531,0.027623,0.250,0.527680,0.529620,0.001940,0.000264,0.001028,0.024348,0.250,0.521332,0.524695,0.003363,0.001040,0.001020,0.024299,0.500
2043,camera,1974375,data/1_2024/shard-000477.tar,256x256,horizontal,1.2609,2.156,0.2715,-34.5,0,0,0.970360,0.965053,-0.005307,-0.000373,0.007274,0.045203,0.000,0.965777,0.965126,-0.000651,0.000534,0.000668,0.032316,0.250,0.966416,0.965394,-0.001021,0.000277,0.000190,0.032663,0.250
2044,camera,1307375,data/1_2024/shard-000477.tar,256x256,horizontal,1.1809,0.719,0.3861,-11.5,0,0,0.671860,0.671201,-0.000658,0.000182,0.004907,0.026266,0.000,0.673980,0.673086,-0.000893,-0.000121,0.001498,0.021217,0.000,0.674342,0.673406,-0.000935,-0.000021,0.001103,0.021017,0.000
2045,camera,6296375,data/1_2024/shard-000477.tar,256x256,horizontal,1.1990,0.250,0.5357,4.0,0,0,0.587920,0.590682,0.002762,0.001102,0.001696,0.020459,0.500,0.586368,0.590786,0.004418,0.000036,0.001974,0.011115,0.250,0.587594,0.591587,0.003994,0.000360,0.003601,0.012300,0.500
2046,camera,5133375,data/1_2024/shard-000477.tar,256x256,horizontal,1.1875,2.906,0.0571,-46.5,0,0,0.287825,0.293330,0.005505,0.011083,0.002921,0.101239,0.500,0.283959,0.289503,0.005543,0.006138,0.001398,0.054585,0.500,0.284642,0.289111,0.004469,0.005381,0.000801,0.050791,0.500
2047,camera,5449375,data/1_2024/shard-000477.tar,256x256,vertical,1.1826,3.188,1.0000,51.0,0,0,0.627383,0.635604,0.008221,0.010782,0.002232,0.109422,0.500,0.630218,0.634844,0.004626,0.006056,0.001099,0.064710,0.500,0.628612,0.634683,0.006071,0.007421,0.000163,0.073443,0.500
2048,ordinary,9990897,data/2_2026.1/shard-000084.tar,320x208,none,0.0000,0.000,0.0000,0.0,0,0,0.655274,0.655124,-0.000151,,,,0.500,0.654710,0.654587,-0.000124,,,,0.250,0.657073,0.656947,-0.000126,,,,0.250
2049,ordinary,9985848,data/2_2026.1/shard-000084.tar,320x208,none,0.0000,0.000,0.0000,0.0,0,0,0.362526,0.362495,-0.000031,,,,0.500,0.364323,0.364095,-0.000228,,,,0.250,0.360783,0.360768,-0.000015,,,,0.500
2050,ordinary,10171088,data/2_2026.1/shard-000084.tar,320x208,none,0.0000,0.000,0.0000,0.0,0,0,0.366788,0.366817,0.000029,,,,0.500,0.365119,0.365108,-0.000011,,,,0.250,0.364917,0.364892,-0.000025,,,,0.750
2051,ordinary,10157586,data/2_2026.1/shard-000084.tar,256x256,none,0.0000,0.000,0.0000,0.0,0,1,0.364570,0.364570,0.000000,,,,1.000,0.366671,0.366671,0.000000,,,,1.000,0.365453,0.365453,0.000000,,,,1.000
2052,ordinary,10425504,data/2_2026.1/shard-000084.tar,288x224,none,0.0000,0.000,0.0000,0.0,0,0,0.324591,0.325203,0.000611,,,,0.750,0.324677,0.325298,0.000621,,,,1.000,0.325917,0.326502,0.000585,,,,0.750
2053,ordinary,10413799,data/2_2026.1/shard-000084.tar,320x208,none,0.0000,0.000,0.0000,0.0,0,0,0.726121,0.724636,-0.001485,,,,0.250,0.725927,0.724664,-0.001263,,,,0.250,0.724218,0.722832,-0.001386,,,,0.000
2054,ordinary,10205388,data/2_2026.1/shard-000084.tar,224x288,none,0.0000,0.000,0.0000,0.0,0,0,0.785116,0.785207,0.000091,,,,0.750,0.784604,0.784965,0.000360,,,,0.750,0.783654,0.783873,0.000219,,,,0.500
2055,ordinary,10351911,data/2_2026.1/shard-000084.tar,256x256,none,0.0000,0.000,0.0000,0.0,0,0,0.613317,0.616027,0.002710,,,,0.750,0.613289,0.615786,0.002497,,,,1.000,0.612416,0.615063,0.002647,,,,0.750
2056,ordinary,10524902,data/2_2026.1/shard-000084.tar,336x192,none,0.0000,0.000,0.0000,0.0,0,0,0.247032,0.247896,0.000864,,,,1.000,0.249116,0.249694,0.000578,,,,0.750,0.247240,0.248057,0.000817,,,,0.750
2057,ordinary,10249929,data/2_2026.1/shard-000084.tar,256x256,none,0.0000,0.000,0.0000,0.0,0,0,0.318618,0.318686,0.000067,,,,0.750,0.321717,0.321685,-0.000032,,,,0.250,0.319810,0.319799,-0.000011,,,,0.250
2058,ordinary,10110909,data/2_2026.1/shard-000084.tar,336x192,none,0.0000,0.000,0.0000,0.0,0,0,0.404479,0.405490,0.001010,,,,0.500,0.401362,0.402392,0.001030,,,,0.500,0.400236,0.401760,0.001524,,,,0.500
2059,ordinary,9985676,data/2_2026.1/shard-000084.tar,336x192,none,0.0000,0.000,0.0000,0.0,0,0,0.458799,0.458928,0.000129,,,,0.750,0.460637,0.460557,-0.000080,,,,0.250,0.459707,0.459707,-0.000000,,,,0.500
2060,ordinary,9997638,data/2_2026.1/shard-000084.tar,224x288,none,0.0000,0.000,0.0000,0.0,0,0,0.624423,0.624492,0.000069,,,,0.250,0.628393,0.626960,-0.001432,,,,0.250,0.629490,0.627491,-0.001999,,,,0.250
2061,ordinary,10367390,data/2_2026.1/shard-000084.tar,192x336,none,0.0000,0.000,0.0000,0.0,0,0,0.638261,0.641166,0.002905,,,,1.000,0.638266,0.640805,0.002539,,,,1.000,0.637935,0.640978,0.003043,,,,1.000
2062,ordinary,9937210,data/2_2026.1/shard-000084.tar,320x208,none,0.0000,0.000,0.0000,0.0,0,0,0.555204,0.555805,0.000600,,,,1.000,0.555905,0.556051,0.000146,,,,0.750,0.555812,0.555872,0.000059,,,,0.750
2063,ordinary,10103113,data/2_2026.1/shard-000084.tar,288x224,none,0.0000,0.000,0.0000,0.0,0,0,0.714064,0.713473,-0.000590,,,,0.750,0.715069,0.714452,-0.000617,,,,0.000,0.716341,0.715749,-0.000593,,,,0.000
2064,ordinary,10294394,data/2_2026.1/shard-000084.tar,288x224,none,0.0000,0.000,0.0000,0.0,0,0,0.577664,0.577597,-0.000067,,,,0.750,0.577484,0.577558,0.000074,,,,0.750,0.573608,0.573514,-0.000094,,,,0.500
2065,ordinary,10439049,data/2_2026.1/shard-000084.tar,288x224,none,0.0000,0.000,0.0000,0.0,0,0,0.437753,0.437580,-0.000172,,,,0.000,0.438589,0.438545,-0.000043,,,,0.250,0.440377,0.440109,-0.000268,,,,0.500
2066,ordinary,10451855,data/2_2026.1/shard-000084.tar,336x192,none,0.0000,0.000,0.0000,0.0,0,0,0.353897,0.354655,0.000758,,,,0.500,0.355940,0.356806,0.000866,,,,1.000,0.356312,0.357082,0.000770,,,,0.750
2067,ordinary,10494366,data/2_2026.1/shard-000084.tar,224x288,none,0.0000,0.000,0.0000,0.0,0,0,0.650956,0.651270,0.000314,,,,0.750,0.650942,0.651207,0.000265,,,,0.750,0.651481,0.651679,0.000199,,,,0.750
2068,ordinary,10334314,data/2_2026.1/shard-000084.tar,320x208,none,0.0000,0.000,0.0000,0.0,0,0,0.432153,0.433292,0.001139,,,,0.250,0.432753,0.433674,0.000921,,,,0.500,0.431787,0.432420,0.000633,,,,0.500
2069,ordinary,10488116,data/2_2026.1/shard-000084.tar,256x256,none,0.0000,0.000,0.0000,0.0,0,1,0.377635,0.377635,0.000000,,,,1.000,0.377070,0.377070,0.000000,,,,1.000,0.376230,0.376230,0.000000,,,,1.000
2070,ordinary,10489251,data/2_2026.1/shard-000084.tar,320x208,none,0.0000,0.000,0.0000,0.0,0,0,0.572453,0.572367,-0.000086,,,,0.750,0.572807,0.572624,-0.000183,,,,0.750,0.573693,0.573688,-0.000005,,,,0.750
2071,ordinary,10449705,data/2_2026.1/shard-000084.tar,224x288,none,0.0000,0.000,0.0000,0.0,0,0,1.010727,1.012124,0.001397,,,,0.500,1.010577,1.013466,0.002890,,,,0.750,1.008955,1.011492,0.002537,,,,0.500
2072,ordinary,10237883,data/2_2026.1/shard-000084.tar,288x224,none,0.0000,0.000,0.0000,0.0,0,0,0.656938,0.656826,-0.000112,,,,0.500,0.658572,0.658311,-0.000261,,,,0.500,0.658550,0.658184,-0.000365,,,,0.500
2073,ordinary,10224740,data/2_2026.1/shard-000084.tar,288x224,none,0.0000,0.000,0.0000,0.0,0,0,0.624217,0.623854,-0.000363,,,,0.500,0.625429,0.625016,-0.000413,,,,0.250,0.626944,0.626514,-0.000430,,,,0.250
2074,ordinary,10514252,data/2_2026.1/shard-000084.tar,320x208,none,0.0000,0.000,0.0000,0.0,0,0,0.747427,0.747466,0.000039,,,,0.500,0.748315,0.748235,-0.000081,,,,0.500,0.747577,0.747572,-0.000006,,,,0.500
2075,ordinary,9929719,data/2_2026.1/shard-000084.tar,288x224,none,0.0000,0.000,0.0000,0.0,0,0,0.767428,0.767299,-0.000129,,,,0.250,0.768003,0.767792,-0.000211,,,,0.250,0.764874,0.764716,-0.000158,,,,0.500
2076,ordinary,10136333,data/2_2026.1/shard-000084.tar,320x208,none,0.0000,0.000,0.0000,0.0,0,0,0.512810,0.512736,-0.000074,,,,0.750,0.512344,0.511981,-0.000363,,,,0.250,0.511177,0.510698,-0.000479,,,,0.750
2077,ordinary,10102710,data/2_2026.1/shard-000084.tar,320x208,none,0.0000,0.000,0.0000,0.0,0,0,0.515921,0.518560,0.002639,,,,0.750,0.518210,0.521285,0.003074,,,,0.750,0.517206,0.520448,0.003242,,,,1.000
2078,ordinary,10176706,data/2_2026.1/shard-000084.tar,288x224,none,0.0000,0.000,0.0000,0.0,0,0,0.457921,0.458020,0.000100,,,,0.750,0.458325,0.458513,0.000189,,,,0.500,0.453967,0.454480,0.000513,,,,1.000
2079,ordinary,10427916,data/2_2026.1/shard-000084.tar,208x320,none,0.0000,0.000,0.0000,0.0,0,0,0.679752,0.679697,-0.000055,,,,0.250,0.681401,0.681193,-0.000208,,,,0.500,0.682020,0.681671,-0.000348,,,,0.750
2080,ordinary,10443923,data/2_2026.1/shard-000084.tar,288x224,none,0.0000,0.000,0.0000,0.0,0,0,0.548664,0.547830,-0.000834,,,,0.500,0.548744,0.548473,-0.000271,,,,0.500,0.546177,0.544579,-0.001598,,,,0.250
2081,ordinary,9996786,data/2_2026.1/shard-000084.tar,320x208,none,0.0000,0.000,0.0000,0.0,0,0,0.506202,0.505064,-0.001139,,,,0.250,0.506654,0.504990,-0.001664,,,,0.000,0.508221,0.506427,-0.001794,,,,0.250
2082,ordinary,10459505,data/2_2026.1/shard-000084.tar,320x208,none,0.0000,0.000,0.0000,0.0,0,0,0.261486,0.262520,0.001034,,,,0.500,0.262087,0.263475,0.001388,,,,0.750,0.256122,0.256815,0.000694,,,,0.750
2083,ordinary,9989859,data/2_2026.1/shard-000084.tar,336x192,none,0.0000,0.000,0.0000,0.0,0,0,0.366310,0.367025,0.000715,,,,0.500,0.366387,0.367166,0.000779,,,,1.000,0.364314,0.365166,0.000851,,,,0.750
2084,ordinary,10144626,data/2_2026.1/shard-000084.tar,336x192,none,0.0000,0.000,0.0000,0.0,0,0,0.459086,0.459812,0.000726,,,,0.250,0.458513,0.458562,0.000049,,,,0.250,0.460081,0.460296,0.000215,,,,0.250
2085,ordinary,10247168,data/2_2026.1/shard-000084.tar,208x320,none,0.0000,0.000,0.0000,0.0,0,0,0.383685,0.383891,0.000206,,,,0.750,0.384579,0.384538,-0.000040,,,,0.250,0.385616,0.385582,-0.000034,,,,0.250
2086,ordinary,10042231,data/2_2026.1/shard-000084.tar,288x224,none,0.0000,0.000,0.0000,0.0,0,0,0.547057,0.547436,0.000379,,,,1.000,0.548202,0.549047,0.000845,,,,0.750,0.547522,0.547890,0.000368,,,,0.500
2087,ordinary,10429488,data/2_2026.1/shard-000084.tar,288x224,none,0.0000,0.000,0.0000,0.0,0,0,0.425236,0.424996,-0.000240,,,,0.500,0.424680,0.424652,-0.000028,,,,0.750,0.425391,0.425305,-0.000086,,,,0.750
2088,ordinary,10509169,data/2_2026.1/shard-000084.tar,208x320,none,0.0000,0.000,0.0000,0.0,0,0,0.661614,0.662322,0.000707,,,,1.000,0.664664,0.664981,0.000317,,,,0.250,0.662973,0.663522,0.000549,,,,0.500
2089,ordinary,10232760,data/2_2026.1/shard-000084.tar,336x192,none,0.0000,0.000,0.0000,0.0,0,0,0.263378,0.263285,-0.000093,,,,0.500,0.263460,0.263365,-0.000095,,,,0.500,0.264017,0.264131,0.000114,,,,0.500
2090,ordinary,10469863,data/2_2026.1/shard-000084.tar,288x224,none,0.0000,0.000,0.0000,0.0,0,0,0.679394,0.680885,0.001491,,,,1.000,0.685414,0.686329,0.000915,,,,0.750,0.682749,0.683289,0.000540,,,,0.500
2091,ordinary,9999556,data/2_2026.1/shard-000084.tar,336x192,none,0.0000,0.000,0.0000,0.0,0,0,0.773027,0.773415,0.000388,,,,0.500,0.773009,0.773740,0.000730,,,,1.000,0.773558,0.774209,0.000652,,,,1.000
2092,ordinary,9966769,data/2_2026.1/shard-000084.tar,288x224,none,0.0000,0.000,0.0000,0.0,0,0,0.614899,0.614987,0.000088,,,,1.000,0.616135,0.616277,0.000142,,,,1.000,0.616251,0.616414,0.000163,,,,1.000
2093,ordinary,10243698,data/2_2026.1/shard-000084.tar,336x192,none,0.0000,0.000,0.0000,0.0,0,0,0.565103,0.565064,-0.000039,,,,0.250,0.566905,0.566972,0.000067,,,,0.750,0.567223,0.566931,-0.000291,,,,0.250
2094,ordinary,10490083,data/2_2026.1/shard-000084.tar,320x208,none,0.0000,0.000,0.0000,0.0,0,0,0.588917,0.591130,0.002213,,,,0.750,0.588852,0.591097,0.002245,,,,1.000,0.586673,0.588434,0.001761,,,,1.000
2095,ordinary,10213334,data/2_2026.1/shard-000084.tar,256x256,none,0.0000,0.000,0.0000,0.0,0,1,0.574007,0.574007,0.000000,,,,1.000,0.575555,0.575587,0.000032,,,,1.000,0.575420,0.575420,0.000000,,,,1.000
2096,ordinary,10325971,data/2_2026.1/shard-000084.tar,288x224,none,0.0000,0.000,0.0000,0.0,0,0,0.610371,0.610992,0.000621,,,,0.750,0.610209,0.610684,0.000475,,,,1.000,0.609010,0.609635,0.000625,,,,0.750
2097,ordinary,10450618,data/2_2026.1/shard-000084.tar,192x336,none,0.0000,0.000,0.0000,0.0,0,0,0.593364,0.593940,0.000576,,,,0.500,0.593428,0.594001,0.000573,,,,1.000,0.593768,0.594305,0.000537,,,,0.750
2098,ordinary,10202640,data/2_2026.1/shard-000084.tar,288x224,none,0.0000,0.000,0.0000,0.0,0,0,0.656335,0.657746,0.001411,,,,1.000,0.656769,0.658092,0.001323,,,,1.000,0.656028,0.656831,0.000803,,,,0.750
2099,ordinary,10383663,data/2_2026.1/shard-000084.tar,320x208,none,0.0000,0.000,0.0000,0.0,0,0,0.723382,0.723342,-0.000039,,,,0.500,0.720302,0.720412,0.000110,,,,0.750,0.719366,0.720397,0.001032,,,,1.000
2100,ordinary,10405915,data/2_2026.1/shard-000084.tar,288x224,none,0.0000,0.000,0.0000,0.0,0,0,0.292568,0.292538,-0.000030,,,,0.250,0.294431,0.294483,0.000052,,,,0.500,0.293744,0.293842,0.000098,,,,0.500
2101,ordinary,9963132,data/2_2026.1/shard-000084.tar,256x256,none,0.0000,0.000,0.0000,0.0,0,1,0.358825,0.358825,-0.000001,,,,0.750,0.359731,0.359727,-0.000004,,,,0.750,0.358305,0.358305,0.000000,,,,1.000
2102,ordinary,10546757,data/2_2026.1/shard-000084.tar,320x208,none,0.0000,0.000,0.0000,0.0,0,0,0.492764,0.489623,-0.003141,,,,0.250,0.492803,0.490601,-0.002202,,,,0.000,0.492131,0.488656,-0.003475,,,,0.250
2103,ordinary,10309992,data/2_2026.1/shard-000084.tar,192x336,none,0.0000,0.000,0.0000,0.0,0,0,0.786963,0.787126,0.000163,,,,0.750,0.787399,0.787552,0.000153,,,,0.500,0.787090,0.787116,0.000026,,,,0.500
2104,ordinary,10489610,data/2_2026.1/shard-000084.tar,192x336,none,0.0000,0.000,0.0000,0.0,0,0,0.826030,0.825948,-0.000082,,,,0.500,0.827403,0.827666,0.000263,,,,1.000,0.826666,0.826831,0.000165,,,,0.500
2105,ordinary,9969174,data/2_2026.1/shard-000084.tar,256x256,none,0.0000,0.000,0.0000,0.0,0,0,0.511339,0.511556,0.000218,,,,0.750,0.509877,0.510063,0.000186,,,,0.250,0.508496,0.508550,0.000055,,,,0.500
2106,ordinary,10342088,data/2_2026.1/shard-000084.tar,176x368,none,0.0000,0.000,0.0000,0.0,0,0,0.936721,0.936476,-0.000244,,,,0.250,0.935923,0.935587,-0.000336,,,,0.250,0.936852,0.936874,0.000023,,,,0.500
2107,ordinary,10477405,data/2_2026.1/shard-000084.tar,320x208,none,0.0000,0.000,0.0000,0.0,0,0,0.586838,0.587794,0.000957,,,,0.750,0.588006,0.589115,0.001108,,,,1.000,0.585508,0.586471,0.000963,,,,0.500
2108,ordinary,10121829,data/2_2026.1/shard-000084.tar,176x368,none,0.0000,0.000,0.0000,0.0,0,0,0.753063,0.753783,0.000720,,,,0.750,0.756159,0.756604,0.000445,,,,1.000,0.754137,0.754765,0.000628,,,,1.000
2109,ordinary,10519003,data/2_2026.1/shard-000084.tar,192x336,none,0.0000,0.000,0.0000,0.0,0,0,0.620293,0.621330,0.001037,,,,0.750,0.617630,0.618678,0.001047,,,,1.000,0.619171,0.620219,0.001048,,,,0.500
2110,ordinary,10403958,data/2_2026.1/shard-000084.tar,288x224,none,0.0000,0.000,0.0000,0.0,0,0,0.592423,0.592635,0.000211,,,,0.500,0.594416,0.595028,0.000612,,,,0.500,0.593720,0.594294,0.000575,,,,0.750
2111,ordinary,10221307,data/2_2026.1/shard-000084.tar,240x272,none,0.0000,0.000,0.0000,0.0,0,0,0.446266,0.447328,0.001061,,,,0.500,0.446423,0.447652,0.001229,,,,0.500,0.449297,0.450468,0.001172,,,,0.500
2112,ordinary,9935841,data/2_2026.1/shard-000084.tar,320x208,none,0.0000,0.000,0.0000,0.0,0,0,0.929981,0.930585,0.000603,,,,0.500,0.928929,0.929310,0.000381,,,,0.500,0.928571,0.928943,0.000372,,,,0.500
2113,ordinary,10521215,data/2_2026.1/shard-000084.tar,288x224,none,0.0000,0.000,0.0000,0.0,0,0,0.655729,0.656940,0.001212,,,,0.250,0.658907,0.660412,0.001506,,,,0.750,0.657767,0.659210,0.001443,,,,0.750
2114,ordinary,10450332,data/2_2026.1/shard-000084.tar,288x224,none,0.0000,0.000,0.0000,0.0,0,0,0.456330,0.456501,0.000171,,,,0.750,0.455063,0.455070,0.000007,,,,0.500,0.457628,0.457725,0.000096,,,,0.750
2115,ordinary,10210215,data/2_2026.1/shard-000084.tar,288x224,none,0.0000,0.000,0.0000,0.0,0,0,0.302171,0.302944,0.000773,,,,1.000,0.303686,0.304461,0.000775,,,,1.000,0.303029,0.303592,0.000563,,,,1.000
2116,ordinary,10225012,data/2_2026.1/shard-000084.tar,288x224,none,0.0000,0.000,0.0000,0.0,0,0,0.523026,0.523123,0.000098,,,,0.500,0.524397,0.524545,0.000147,,,,0.500,0.523719,0.524151,0.000432,,,,0.750
2117,ordinary,10536685,data/2_2026.1/shard-000084.tar,224x288,none,0.0000,0.000,0.0000,0.0,0,0,0.679231,0.679963,0.000732,,,,0.750,0.679670,0.680562,0.000892,,,,0.750,0.680453,0.681053,0.000600,,,,0.750
2118,ordinary,10300703,data/2_2026.1/shard-000084.tar,288x224,none,0.0000,0.000,0.0000,0.0,0,0,0.572629,0.576086,0.003456,,,,1.000,0.570943,0.574596,0.003653,,,,1.000,0.571710,0.574766,0.003056,,,,1.000
2119,ordinary,9983944,data/2_2026.1/shard-000084.tar,320x208,none,0.0000,0.000,0.0000,0.0,0,0,0.529588,0.528223,-0.001365,,,,0.750,0.528553,0.527614,-0.000939,,,,0.500,0.527314,0.526512,-0.000802,,,,0.750
2120,ordinary,10102100,data/2_2026.1/shard-000084.tar,288x224,none,0.0000,0.000,0.0000,0.0,0,0,0.562292,0.562821,0.000528,,,,0.750,0.561842,0.562241,0.000399,,,,1.000,0.563330,0.563684,0.000354,,,,0.750
2121,ordinary,10180078,data/2_2026.1/shard-000084.tar,224x288,none,0.0000,0.000,0.0000,0.0,0,0,0.493440,0.493443,0.000003,,,,0.500,0.489196,0.489204,0.000008,,,,0.250,0.493263,0.493482,0.000219,,,,0.500
2122,ordinary,10157076,data/2_2026.1/shard-000084.tar,224x288,none,0.0000,0.000,0.0000,0.0,0,0,0.729225,0.730203,0.000978,,,,0.750,0.729966,0.730611,0.000645,,,,0.750,0.729520,0.730256,0.000736,,,,0.500
2123,ordinary,10105221,data/2_2026.1/shard-000084.tar,288x224,none,0.0000,0.000,0.0000,0.0,0,0,0.616518,0.620415,0.003897,,,,1.000,0.615730,0.620330,0.004600,,,,1.000,0.612605,0.617251,0.004646,,,,1.000
2124,ordinary,10021207,data/2_2026.1/shard-000084.tar,288x224,none,0.0000,0.000,0.0000,0.0,0,0,0.541379,0.542844,0.001464,,,,1.000,0.542220,0.543943,0.001723,,,,0.500,0.541662,0.543395,0.001733,,,,1.000
2125,ordinary,10024307,data/2_2026.1/shard-000084.tar,224x288,none,0.0000,0.000,0.0000,0.0,0,0,0.646149,0.645914,-0.000234,,,,0.250,0.647071,0.647045,-0.000027,,,,0.250,0.644929,0.644848,-0.000081,,,,0.250
2126,ordinary,10435733,data/2_2026.1/shard-000084.tar,272x240,none,0.0000,0.000,0.0000,0.0,0,0,0.454282,0.454419,0.000137,,,,0.500,0.451978,0.452067,0.000089,,,,0.250,0.449828,0.449875,0.000047,,,,0.500
2127,ordinary,10008683,data/2_2026.1/shard-000084.tar,256x256,none,0.0000,0.000,0.0000,0.0,0,0,0.600634,0.600672,0.000038,,,,0.500,0.602995,0.603056,0.000061,,,,0.500,0.602495,0.602671,0.000176,,,,0.750
2128,ordinary,10500624,data/2_2026.1/shard-000084.tar,336x192,none,0.0000,0.000,0.0000,0.0,0,0,0.438341,0.438473,0.000132,,,,0.500,0.436150,0.436279,0.000130,,,,0.500,0.433579,0.433943,0.000364,,,,0.750
2129,ordinary,10216597,data/2_2026.1/shard-000084.tar,208x320,none,0.0000,0.000,0.0000,0.0,0,0,0.882008,0.882663,0.000655,,,,0.750,0.882639,0.883674,0.001035,,,,1.000,0.880662,0.881763,0.001100,,,,1.000
2130,ordinary,10044892,data/2_2026.1/shard-000084.tar,288x224,none,0.0000,0.000,0.0000,0.0,0,0,0.689237,0.690116,0.000879,,,,0.750,0.691524,0.690873,-0.000650,,,,0.750,0.686583,0.687515,0.000933,,,,0.750
2131,ordinary,10057735,data/2_2026.1/shard-000084.tar,272x240,none,0.0000,0.000,0.0000,0.0,0,0,0.378618,0.378959,0.000342,,,,0.750,0.379046,0.379848,0.000802,,,,0.500,0.377034,0.377788,0.000755,,,,1.000
2132,ordinary,9995347,data/2_2026.1/shard-000084.tar,320x208,none,0.0000,0.000,0.0000,0.0,0,0,0.685434,0.683589,-0.001845,,,,0.750,0.688853,0.686979,-0.001874,,,,0.500,0.685605,0.683503,-0.002102,,,,0.250
2133,ordinary,10032395,data/2_2026.1/shard-000084.tar,288x224,none,0.0000,0.000,0.0000,0.0,0,0,0.359999,0.360656,0.000657,,,,1.000,0.362846,0.363194,0.000348,,,,0.500,0.361200,0.361588,0.000389,,,,1.000
2134,ordinary,10057932,data/2_2026.1/shard-000084.tar,288x224,none,0.0000,0.000,0.0000,0.0,0,0,0.284122,0.284846,0.000724,,,,1.000,0.280641,0.281397,0.000756,,,,0.750,0.279036,0.279662,0.000627,,,,0.500
2135,ordinary,9934756,data/2_2026.1/shard-000084.tar,288x224,none,0.0000,0.000,0.0000,0.0,0,0,0.412404,0.412366,-0.000038,,,,0.250,0.413628,0.413697,0.000069,,,,0.750,0.415742,0.415714,-0.000028,,,,0.500
2136,ordinary,10448634,data/2_2026.1/shard-000084.tar,176x368,none,0.0000,0.000,0.0000,0.0,0,0,0.811486,0.811851,0.000364,,,,0.500,0.812396,0.812615,0.000219,,,,0.750,0.811132,0.811512,0.000380,,,,1.000
2137,ordinary,9968668,data/2_2026.1/shard-000084.tar,288x224,none,0.0000,0.000,0.0000,0.0,0,0,0.740784,0.741945,0.001161,,,,1.000,0.741615,0.742428,0.000812,,,,1.000,0.742943,0.744197,0.001254,,,,1.000
2138,ordinary,10171907,data/2_2026.1/shard-000084.tar,320x208,none,0.0000,0.000,0.0000,0.0,0,0,0.597957,0.597861,-0.000096,,,,0.250,0.600576,0.600454,-0.000122,,,,0.250,0.599307,0.599215,-0.000092,,,,0.000
2139,ordinary,10313889,data/2_2026.1/shard-000084.tar,288x224,none,0.0000,0.000,0.0000,0.0,0,0,0.545311,0.546105,0.000794,,,,0.750,0.545203,0.546047,0.000844,,,,0.750,0.543754,0.544601,0.000847,,,,0.750
2140,ordinary,10292996,data/2_2026.1/shard-000084.tar,256x256,none,0.0000,0.000,0.0000,0.0,0,0,0.495449,0.495841,0.000391,,,,1.000,0.498585,0.498967,0.000382,,,,0.750,0.496895,0.497224,0.000329,,,,0.750
2141,ordinary,10412001,data/2_2026.1/shard-000084.tar,272x240,none,0.0000,0.000,0.0000,0.0,0,0,0.692406,0.691281,-0.001124,,,,0.250,0.694293,0.693551,-0.000743,,,,0.500,0.692979,0.691787,-0.001192,,,,0.250
2142,ordinary,10224049,data/2_2026.1/shard-000084.tar,288x224,none,0.0000,0.000,0.0000,0.0,0,0,0.636415,0.636589,0.000174,,,,0.500,0.637071,0.637350,0.000279,,,,1.000,0.635272,0.635426,0.000154,,,,0.750
2143,ordinary,9980846,data/2_2026.1/shard-000084.tar,192x336,none,0.0000,0.000,0.0000,0.0,0,0,0.904228,0.904324,0.000096,,,,0.500,0.904191,0.904391,0.000201,,,,1.000,0.902974,0.903127,0.000153,,,,0.750
2144,ordinary,10424633,data/2_2026.1/shard-000084.tar,272x240,none,0.0000,0.000,0.0000,0.0,0,0,0.563226,0.562836,-0.000390,,,,0.250,0.561112,0.561133,0.000022,,,,0.250,0.562211,0.562038,-0.000173,,,,0.250
2145,ordinary,10280786,data/2_2026.1/shard-000084.tar,288x224,none,0.0000,0.000,0.0000,0.0,0,0,0.716699,0.717074,0.000375,,,,0.750,0.718546,0.719123,0.000577,,,,1.000,0.718697,0.719093,0.000395,,,,0.750
2146,ordinary,10031747,data/2_2026.1/shard-000084.tar,256x256,none,0.0000,0.000,0.0000,0.0,0,1,0.384907,0.384905,-0.000003,,,,0.750,0.381251,0.381255,0.000005,,,,0.750,0.379813,0.379844,0.000031,,,,0.750
2147,ordinary,10057814,data/2_2026.1/shard-000084.tar,368x176,none,0.0000,0.000,0.0000,0.0,0,0,0.515754,0.515794,0.000041,,,,0.750,0.515272,0.515360,0.000088,,,,0.750,0.515434,0.515606,0.000172,,,,0.500
2148,ordinary,10280871,data/2_2026.1/shard-000084.tar,256x256,none,0.0000,0.000,0.0000,0.0,0,1,0.382771,0.382771,0.000000,,,,1.000,0.382899,0.382899,0.000000,,,,1.000,0.383736,0.383736,0.000000,,,,1.000
2149,ordinary,10493164,data/2_2026.1/shard-000084.tar,288x224,none,0.0000,0.000,0.0000,0.0,0,0,0.603509,0.605723,0.002214,,,,0.750,0.601812,0.604362,0.002550,,,,0.750,0.599810,0.601807,0.001997,,,,0.500
2150,ordinary,10347873,data/2_2026.1/shard-000084.tar,256x256,none,0.0000,0.000,0.0000,0.0,0,0,0.580785,0.581067,0.000282,,,,0.750,0.578460,0.578796,0.000337,,,,1.000,0.581390,0.581525,0.000134,,,,0.500
2151,ordinary,10479805,data/2_2026.1/shard-000084.tar,240x272,none,0.0000,0.000,0.0000,0.0,0,0,0.477915,0.480002,0.002087,,,,1.000,0.475982,0.477899,0.001917,,,,1.000,0.476105,0.477801,0.001696,,,,0.750
2152,ordinary,10217530,data/2_2026.1/shard-000084.tar,320x208,none,0.0000,0.000,0.0000,0.0,0,0,0.303729,0.304669,0.000940,,,,0.750,0.310133,0.310957,0.000824,,,,0.750,0.303755,0.304816,0.001062,,,,0.750
2153,ordinary,10443405,data/2_2026.1/shard-000084.tar,256x256,none,0.0000,0.000,0.0000,0.0,0,0,0.816706,0.816054,-0.000652,,,,0.250,0.815633,0.815401,-0.000232,,,,0.500,0.818638,0.818338,-0.000300,,,,0.500
2154,ordinary,10206294,data/2_2026.1/shard-000084.tar,192x336,none,0.0000,0.000,0.0000,0.0,0,0,0.540189,0.541603,0.001414,,,,0.500,0.539691,0.540431,0.000740,,,,0.250,0.541542,0.541930,0.000388,,,,0.500
2155,ordinary,10131382,data/2_2026.1/shard-000084.tar,368x176,none,0.0000,0.000,0.0000,0.0,0,0,0.353459,0.353299,-0.000160,,,,0.750,0.353073,0.352934,-0.000139,,,,0.250,0.353933,0.353874,-0.000058,,,,0.750
2156,ordinary,10118412,data/2_2026.1/shard-000084.tar,320x208,none,0.0000,0.000,0.0000,0.0,0,0,0.467858,0.468258,0.000400,,,,0.750,0.470013,0.469957,-0.000055,,,,0.500,0.467609,0.467799,0.000190,,,,0.750
2157,ordinary,10247403,data/2_2026.1/shard-000084.tar,240x272,none,0.0000,0.000,0.0000,0.0,0,0,0.550465,0.551376,0.000910,,,,1.000,0.551212,0.551571,0.000359,,,,1.000,0.548198,0.549278,0.001080,,,,1.000
2158,ordinary,10156331,data/2_2026.1/shard-000084.tar,288x224,none,0.0000,0.000,0.0000,0.0,0,0,0.562035,0.561684,-0.000351,,,,0.250,0.562934,0.562635,-0.000299,,,,0.250,0.561892,0.561495,-0.000397,,,,0.500
2159,ordinary,10487917,data/2_2026.1/shard-000084.tar,240x272,none,0.0000,0.000,0.0000,0.0,0,0,0.683077,0.683038,-0.000039,,,,0.500,0.684040,0.683864,-0.000176,,,,0.500,0.685888,0.685638,-0.000250,,,,0.500
2160,ordinary,10427499,data/2_2026.1/shard-000084.tar,288x224,none,0.0000,0.000,0.0000,0.0,0,0,0.711851,0.711995,0.000144,,,,0.500,0.709169,0.709198,0.000030,,,,0.500,0.711234,0.711061,-0.000173,,,,0.000
2161,ordinary,10430710,data/2_2026.1/shard-000084.tar,256x256,none,0.0000,0.000,0.0000,0.0,0,0,0.348657,0.348154,-0.000504,,,,0.000,0.348145,0.347891,-0.000254,,,,0.000,0.345874,0.345547,-0.000327,,,,0.000
2162,ordinary,10527753,data/2_2026.1/shard-000084.tar,208x320,none,0.0000,0.000,0.0000,0.0,0,0,0.735667,0.736213,0.000546,,,,1.000,0.735797,0.736350,0.000553,,,,1.000,0.735602,0.736456,0.000854,,,,1.000
2163,ordinary,10231610,data/2_2026.1/shard-000084.tar,320x208,none,0.0000,0.000,0.0000,0.0,0,0,0.392447,0.392417,-0.000031,,,,0.250,0.394156,0.393956,-0.000199,,,,0.500,0.394787,0.394434,-0.000354,,,,0.250
2164,ordinary,10090165,data/2_2026.1/shard-000084.tar,208x320,none,0.0000,0.000,0.0000,0.0,0,0,0.509920,0.510186,0.000267,,,,0.500,0.511497,0.511819,0.000322,,,,0.750,0.512513,0.512779,0.000266,,,,1.000
2165,ordinary,10481733,data/2_2026.1/shard-000084.tar,288x224,none,0.0000,0.000,0.0000,0.0,0,0,0.530492,0.530189,-0.000303,,,,0.250,0.530914,0.530696,-0.000218,,,,0.250,0.529771,0.529511,-0.000260,,,,0.250
2166,ordinary,10451574,data/2_2026.1/shard-000084.tar,320x208,none,0.0000,0.000,0.0000,0.0,0,0,0.589076,0.590615,0.001538,,,,0.750,0.589726,0.591068,0.001342,,,,0.750,0.590622,0.591969,0.001347,,,,1.000
2167,ordinary,10316812,data/2_2026.1/shard-000084.tar,288x224,none,0.0000,0.000,0.0000,0.0,0,0,0.561386,0.560751,-0.000634,,,,0.500,0.563028,0.562526,-0.000502,,,,0.500,0.561192,0.560369,-0.000823,,,,0.500
2168,ordinary,10287877,data/2_2026.1/shard-000084.tar,256x256,none,0.0000,0.000,0.0000,0.0,0,1,0.674578,0.674578,0.000000,,,,1.000,0.676095,0.676095,0.000000,,,,1.000,0.676792,0.676792,0.000000,,,,1.000
2169,ordinary,10413161,data/2_2026.1/shard-000084.tar,320x208,none,0.0000,0.000,0.0000,0.0,0,0,0.432548,0.433036,0.000488,,,,0.250,0.432089,0.431920,-0.000169,,,,0.250,0.432068,0.431858,-0.000210,,,,0.250
2170,ordinary,10282052,data/2_2026.1/shard-000084.tar,320x208,none,0.0000,0.000,0.0000,0.0,0,0,0.273970,0.273646,-0.000323,,,,0.500,0.273245,0.273034,-0.000211,,,,0.500,0.274174,0.273739,-0.000435,,,,0.500
2171,ordinary,10134863,data/2_2026.1/shard-000084.tar,320x208,none,0.0000,0.000,0.0000,0.0,0,0,0.835952,0.836916,0.000964,,,,0.750,0.835512,0.836229,0.000716,,,,1.000,0.833741,0.834760,0.001020,,,,0.750
2172,ordinary,9984514,data/2_2026.1/shard-000084.tar,256x256,none,0.0000,0.000,0.0000,0.0,0,0,0.579145,0.579223,0.000078,,,,1.000,0.579197,0.579167,-0.000029,,,,0.500,0.579014,0.578957,-0.000057,,,,0.500
2173,ordinary,10206281,data/2_2026.1/shard-000084.tar,288x224,none,0.0000,0.000,0.0000,0.0,0,0,0.835955,0.836001,0.000047,,,,0.500,0.835397,0.835461,0.000064,,,,0.500,0.835178,0.835016,-0.000162,,,,0.500
2174,ordinary,10432497,data/2_2026.1/shard-000084.tar,272x240,none,0.0000,0.000,0.0000,0.0,0,0,0.301294,0.301299,0.000005,,,,0.750,0.300459,0.300619,0.000161,,,,0.750,0.299289,0.299360,0.000070,,,,0.500
2175,ordinary,10130643,data/2_2026.1/shard-000084.tar,320x208,none,0.0000,0.000,0.0000,0.0,0,0,0.442583,0.442926,0.000342,,,,0.500,0.442116,0.441896,-0.000219,,,,0.500,0.443563,0.443078,-0.000485,,,,0.500
2176,ordinary,10086799,data/2_2026.1/shard-000084.tar,320x208,none,0.0000,0.000,0.0000,0.0,0,0,0.519168,0.519747,0.000579,,,,1.000,0.519895,0.520206,0.000311,,,,0.750,0.520406,0.520929,0.000523,,,,0.750
2177,ordinary,10273143,data/2_2026.1/shard-000084.tar,320x208,none,0.0000,0.000,0.0000,0.0,0,0,0.437987,0.439126,0.001140,,,,0.500,0.438958,0.440383,0.001424,,,,0.500,0.440882,0.442496,0.001614,,,,0.500
2178,ordinary,10436698,data/2_2026.1/shard-000084.tar,272x240,none,0.0000,0.000,0.0000,0.0,0,0,0.561641,0.561528,-0.000113,,,,0.000,0.560954,0.560596,-0.000358,,,,0.250,0.558606,0.558469,-0.000138,,,,0.250
2179,ordinary,10197452,data/2_2026.1/shard-000084.tar,288x224,none,0.0000,0.000,0.0000,0.0,0,0,0.791834,0.791392,-0.000442,,,,0.500,0.790297,0.789955,-0.000341,,,,0.250,0.792898,0.792271,-0.000626,,,,0.000
2180,ordinary,10520228,data/2_2026.1/shard-000084.tar,288x224,none,0.0000,0.000,0.0000,0.0,0,0,0.561850,0.563191,0.001341,,,,1.000,0.563388,0.565642,0.002253,,,,1.000,0.562902,0.564187,0.001285,,,,1.000
2181,ordinary,10047153,data/2_2026.1/shard-000084.tar,320x208,none,0.0000,0.000,0.0000,0.0,0,0,0.751569,0.751811,0.000241,,,,1.000,0.749620,0.749960,0.000340,,,,0.750,0.748563,0.748595,0.000032,,,,0.250
2182,ordinary,10536001,data/2_2026.1/shard-000084.tar,320x208,none,0.0000,0.000,0.0000,0.0,0,0,0.692144,0.692735,0.000591,,,,0.750,0.695603,0.696229,0.000626,,,,1.000,0.693357,0.694127,0.000770,,,,1.000
2183,ordinary,10006726,data/2_2026.1/shard-000084.tar,288x224,none,0.0000,0.000,0.0000,0.0,0,0,0.449025,0.452007,0.002982,,,,0.750,0.452865,0.455055,0.002189,,,,0.500,0.449414,0.452393,0.002979,,,,0.750
2184,ordinary,10023855,data/2_2026.1/shard-000084.tar,240x272,none,0.0000,0.000,0.0000,0.0,0,0,0.433262,0.433676,0.000414,,,,0.500,0.432927,0.433220,0.000293,,,,0.500,0.435749,0.436235,0.000486,,,,0.750
2185,ordinary,10491114,data/2_2026.1/shard-000084.tar,336x192,none,0.0000,0.000,0.0000,0.0,0,0,0.625538,0.625431,-0.000107,,,,0.250,0.623166,0.623197,0.000031,,,,0.750,0.622069,0.621953,-0.000116,,,,0.250
2186,ordinary,10361663,data/2_2026.1/shard-000084.tar,288x224,none,0.0000,0.000,0.0000,0.0,0,0,0.460311,0.460916,0.000605,,,,1.000,0.460913,0.461579,0.000666,,,,1.000,0.460832,0.461419,0.000587,,,,0.750
2187,ordinary,10245185,data/2_2026.1/shard-000084.tar,288x224,none,0.0000,0.000,0.0000,0.0,0,0,0.699637,0.698873,-0.000765,,,,0.250,0.698945,0.696719,-0.002225,,,,0.250,0.698583,0.696754,-0.001829,,,,0.250
2188,ordinary,10093934,data/2_2026.1/shard-000084.tar,288x224,none,0.0000,0.000,0.0000,0.0,0,0,0.454731,0.454839,0.000109,,,,0.750,0.457252,0.457134,-0.000119,,,,0.500,0.454857,0.454976,0.000119,,,,0.750
2189,ordinary,10367495,data/2_2026.1/shard-000084.tar,320x208,none,0.0000,0.000,0.0000,0.0,0,0,0.763192,0.763404,0.000212,,,,0.500,0.764705,0.765207,0.000502,,,,0.750,0.762394,0.763206,0.000812,,,,1.000
2190,ordinary,10389057,data/2_2026.1/shard-000084.tar,288x224,none,0.0000,0.000,0.0000,0.0,0,0,0.755168,0.755435,0.000267,,,,0.750,0.755564,0.756007,0.000443,,,,1.000,0.754609,0.754828,0.000219,,,,0.500
2191,ordinary,9967435,data/2_2026.1/shard-000084.tar,192x336,none,0.0000,0.000,0.0000,0.0,0,0,0.674853,0.675170,0.000317,,,,0.750,0.674221,0.674319,0.000099,,,,0.250,0.672731,0.672889,0.000158,,,,0.750
2192,ordinary,10498390,data/2_2026.1/shard-000084.tar,288x224,none,0.0000,0.000,0.0000,0.0,0,0,0.398503,0.400215,0.001711,,,,1.000,0.399759,0.401967,0.002208,,,,0.750,0.399013,0.400560,0.001547,,,,0.750
2193,ordinary,10389974,data/2_2026.1/shard-000084.tar,336x192,none,0.0000,0.000,0.0000,0.0,0,0,0.513377,0.514416,0.001039,,,,1.000,0.513978,0.514410,0.000432,,,,1.000,0.513417,0.514317,0.000900,,,,1.000
2194,ordinary,10478142,data/2_2026.1/shard-000084.tar,208x320,none,0.0000,0.000,0.0000,0.0,0,0,0.746061,0.746602,0.000541,,,,0.750,0.745740,0.746467,0.000727,,,,1.000,0.747740,0.748155,0.000416,,,,0.500
2195,ordinary,10072640,data/2_2026.1/shard-000084.tar,288x224,none,0.0000,0.000,0.0000,0.0,0,0,0.310990,0.310809,-0.000181,,,,0.750,0.312213,0.312234,0.000021,,,,0.750,0.314940,0.314826,-0.000115,,,,0.750
2196,ordinary,10536880,data/2_2026.1/shard-000084.tar,288x224,none,0.0000,0.000,0.0000,0.0,0,0,0.342104,0.341523,-0.000581,,,,0.250,0.341363,0.340238,-0.001126,,,,0.500,0.346592,0.345929,-0.000663,,,,0.500
2197,ordinary,10206459,data/2_2026.1/shard-000084.tar,368x176,none,0.0000,0.000,0.0000,0.0,0,0,0.723742,0.723193,-0.000548,,,,0.500,0.721972,0.721592,-0.000380,,,,0.750,0.722546,0.722538,-0.000008,,,,0.750
2198,ordinary,10149149,data/2_2026.1/shard-000084.tar,320x208,none,0.0000,0.000,0.0000,0.0,0,0,0.504220,0.504180,-0.000040,,,,0.250,0.503374,0.503472,0.000098,,,,0.750,0.505346,0.505392,0.000046,,,,0.500
2199,ordinary,10418933,data/2_2026.1/shard-000084.tar,256x256,none,0.0000,0.000,0.0000,0.0,0,0,0.495752,0.495424,-0.000328,,,,0.250,0.494363,0.494564,0.000201,,,,0.750,0.493617,0.493534,-0.000083,,,,0.500
2200,ordinary,10349679,data/2_2026.1/shard-000084.tar,288x224,none,0.0000,0.000,0.0000,0.0,0,0,0.379366,0.379388,0.000022,,,,0.750,0.380363,0.380365,0.000003,,,,0.750,0.379035,0.379101,0.000067,,,,0.750
2201,ordinary,10216126,data/2_2026.1/shard-000084.tar,320x208,none,0.0000,0.000,0.0000,0.0,0,0,0.861000,0.861852,0.000851,,,,0.750,0.861747,0.863242,0.001495,,,,0.750,0.859584,0.860570,0.000986,,,,1.000
2202,ordinary,10340172,data/2_2026.1/shard-000084.tar,208x320,none,0.0000,0.000,0.0000,0.0,0,0,0.699378,0.699067,-0.000311,,,,0.500,0.697686,0.697586,-0.000100,,,,0.500,0.698375,0.698222,-0.000153,,,,0.500
2203,ordinary,10502956,data/2_2026.1/shard-000084.tar,288x224,none,0.0000,0.000,0.0000,0.0,0,0,0.509355,0.510134,0.000779,,,,0.500,0.512232,0.512804,0.000572,,,,0.750,0.509691,0.510097,0.000406,,,,0.750
2204,ordinary,10052890,data/2_2026.1/shard-000084.tar,288x224,none,0.0000,0.000,0.0000,0.0,0,0,0.611689,0.611463,-0.000226,,,,0.000,0.613103,0.612826,-0.000277,,,,0.250,0.609989,0.609626,-0.000363,,,,0.000
2205,ordinary,10306728,data/2_2026.1/shard-000084.tar,256x256,none,0.0000,0.000,0.0000,0.0,0,1,0.712598,0.712598,0.000000,,,,1.000,0.709365,0.709365,0.000000,,,,1.000,0.710459,0.710459,0.000000,,,,1.000
2206,ordinary,10204833,data/2_2026.1/shard-000084.tar,320x208,none,0.0000,0.000,0.0000,0.0,0,0,0.651253,0.651128,-0.000125,,,,0.500,0.653279,0.653188,-0.000091,,,,0.750,0.657933,0.657846,-0.000088,,,,0.750
2207,ordinary,9941210,data/2_2026.1/shard-000084.tar,224x288,none,0.0000,0.000,0.0000,0.0,0,0,0.671106,0.671234,0.000128,,,,0.750,0.670767,0.671187,0.000420,,,,0.750,0.670889,0.670963,0.000074,,,,0.750
2208,ordinary,10337968,data/2_2026.1/shard-000084.tar,320x208,none,0.0000,0.000,0.0000,0.0,0,0,0.791872,0.795948,0.004076,,,,1.000,0.792987,0.796533,0.003546,,,,0.750,0.791258,0.794631,0.003373,,,,1.000
2209,ordinary,10237482,data/2_2026.1/shard-000084.tar,272x240,none,0.0000,0.000,0.0000,0.0,0,0,0.596450,0.596750,0.000300,,,,0.250,0.597820,0.597895,0.000074,,,,0.750,0.596456,0.596765,0.000309,,,,0.500
2210,ordinary,10411443,data/2_2026.1/shard-000084.tar,256x256,none,0.0000,0.000,0.0000,0.0,0,1,0.668741,0.668741,0.000000,,,,1.000,0.668734,0.668734,0.000000,,,,1.000,0.668434,0.668434,0.000000,,,,1.000
2211,ordinary,10391588,data/2_2026.1/shard-000084.tar,240x272,none,0.0000,0.000,0.0000,0.0,0,0,0.459884,0.459963,0.000078,,,,0.750,0.458885,0.458867,-0.000018,,,,0.500,0.459892,0.459948,0.000055,,,,0.750
2212,ordinary,10366154,data/2_2026.1/shard-000084.tar,288x224,none,0.0000,0.000,0.0000,0.0,0,0,0.384892,0.384897,0.000005,,,,0.750,0.382800,0.382935,0.000135,,,,1.000,0.383589,0.383621,0.000032,,,,0.750
2213,ordinary,10084807,data/2_2026.1/shard-000084.tar,288x224,none,0.0000,0.000,0.0000,0.0,0,0,0.818909,0.818417,-0.000492,,,,0.250,0.818350,0.817812,-0.000539,,,,0.500,0.817299,0.816649,-0.000650,,,,0.500
2214,ordinary,10071499,data/2_2026.1/shard-000084.tar,320x208,none,0.0000,0.000,0.0000,0.0,0,0,0.566114,0.566196,0.000082,,,,0.750,0.566933,0.566356,-0.000577,,,,0.750,0.571129,0.570680,-0.000450,,,,0.750
2215,ordinary,10540480,data/2_2026.1/shard-000084.tar,448x144,none,0.0000,0.000,0.0000,0.0,0,0,0.535991,0.536079,0.000088,,,,0.500,0.537041,0.537098,0.000057,,,,0.500,0.536073,0.536020,-0.000053,,,,0.500
2216,ordinary,10116830,data/2_2026.1/shard-000084.tar,256x256,none,0.0000,0.000,0.0000,0.0,0,0,0.535842,0.535484,-0.000358,,,,0.500,0.536089,0.535626,-0.000463,,,,0.000,0.536951,0.536624,-0.000327,,,,0.250
2217,ordinary,10085202,data/2_2026.1/shard-000084.tar,256x256,none,0.0000,0.000,0.0000,0.0,0,0,0.243913,0.243990,0.000078,,,,0.500,0.244786,0.244994,0.000207,,,,0.750,0.243885,0.243998,0.000113,,,,0.500
2218,ordinary,10322978,data/2_2026.1/shard-000084.tar,320x208,none,0.0000,0.000,0.0000,0.0,0,0,0.351592,0.354787,0.003195,,,,0.500,0.351983,0.353843,0.001860,,,,0.500,0.351578,0.353392,0.001814,,,,0.500
2219,ordinary,10112916,data/2_2026.1/shard-000084.tar,256x256,none,0.0000,0.000,0.0000,0.0,0,1,0.175332,0.175332,0.000000,,,,1.000,0.177574,0.177574,0.000000,,,,1.000,0.174973,0.174973,0.000000,,,,1.000
2220,ordinary,10404849,data/2_2026.1/shard-000084.tar,288x224,none,0.0000,0.000,0.0000,0.0,0,0,0.634160,0.633943,-0.000218,,,,0.250,0.638335,0.638163,-0.000172,,,,0.750,0.636985,0.636824,-0.000161,,,,0.750
2221,ordinary,10155192,data/2_2026.1/shard-000084.tar,320x208,none,0.0000,0.000,0.0000,0.0,0,0,0.479895,0.479239,-0.000656,,,,0.500,0.481664,0.481139,-0.000525,,,,0.750,0.478718,0.477955,-0.000763,,,,0.500
2222,ordinary,10526447,data/2_2026.1/shard-000084.tar,288x224,none,0.0000,0.000,0.0000,0.0,0,0,0.640410,0.640520,0.000111,,,,0.500,0.641760,0.641910,0.000150,,,,0.750,0.643511,0.643617,0.000105,,,,0.500
2223,ordinary,10471485,data/2_2026.1/shard-000084.tar,320x208,none,0.0000,0.000,0.0000,0.0,0,0,0.664992,0.665158,0.000166,,,,0.750,0.663355,0.663705,0.000349,,,,0.750,0.663093,0.663301,0.000209,,,,0.750
2224,ordinary,9967315,data/2_2026.1/shard-000084.tar,320x208,none,0.0000,0.000,0.0000,0.0,0,0,0.566981,0.567973,0.000992,,,,1.000,0.566703,0.567387,0.000684,,,,0.750,0.566524,0.567799,0.001275,,,,1.000
2225,ordinary,9991476,data/2_2026.1/shard-000084.tar,288x224,none,0.0000,0.000,0.0000,0.0,0,0,0.657937,0.657026,-0.000912,,,,0.000,0.656620,0.655212,-0.001408,,,,0.000,0.655859,0.654620,-0.001239,,,,0.250
2226,ordinary,10044289,data/2_2026.1/shard-000084.tar,320x208,none,0.0000,0.000,0.0000,0.0,0,0,0.472415,0.472304,-0.000111,,,,0.500,0.476018,0.475916,-0.000102,,,,0.500,0.474788,0.474393,-0.000395,,,,0.250
2227,ordinary,10080144,data/2_2026.1/shard-000084.tar,320x208,none,0.0000,0.000,0.0000,0.0,0,0,0.526346,0.527053,0.000707,,,,0.500,0.526162,0.526631,0.000469,,,,0.500,0.525321,0.526016,0.000695,,,,0.750
2228,ordinary,10399119,data/2_2026.1/shard-000084.tar,320x208,none,0.0000,0.000,0.0000,0.0,0,0,0.521309,0.522071,0.000762,,,,0.500,0.521018,0.521882,0.000863,,,,1.000,0.517318,0.518022,0.000704,,,,1.000
2229,ordinary,10255312,data/2_2026.1/shard-000084.tar,320x208,none,0.0000,0.000,0.0000,0.0,0,0,0.645777,0.645825,0.000048,,,,0.250,0.645532,0.645482,-0.000051,,,,0.250,0.647139,0.646991,-0.000147,,,,0.250
2230,ordinary,10495785,data/2_2026.1/shard-000084.tar,320x208,none,0.0000,0.000,0.0000,0.0,0,0,0.586035,0.585747,-0.000287,,,,0.250,0.586983,0.587195,0.000212,,,,0.500,0.586789,0.587481,0.000692,,,,0.250
2231,ordinary,10297689,data/2_2026.1/shard-000084.tar,320x208,none,0.0000,0.000,0.0000,0.0,0,0,0.540320,0.541403,0.001082,,,,0.750,0.541455,0.542957,0.001502,,,,1.000,0.545090,0.546159,0.001069,,,,0.750
2232,ordinary,10092095,data/2_2026.1/shard-000084.tar,224x288,none,0.0000,0.000,0.0000,0.0,0,0,0.584299,0.584256,-0.000043,,,,0.250,0.582824,0.582827,0.000003,,,,0.250,0.585214,0.585161,-0.000053,,,,0.500
2233,ordinary,10031428,data/2_2026.1/shard-000084.tar,288x224,none,0.0000,0.000,0.0000,0.0,0,0,0.328764,0.328866,0.000102,,,,0.750,0.331740,0.332016,0.000276,,,,0.750,0.333407,0.333635,0.000228,,,,0.750
2234,ordinary,10539652,data/2_2026.1/shard-000084.tar,192x336,none,0.0000,0.000,0.0000,0.0,0,0,0.655272,0.655251,-0.000021,,,,0.500,0.657371,0.657195,-0.000175,,,,0.250,0.657641,0.657537,-0.000104,,,,0.250
2235,ordinary,10293155,data/2_2026.1/shard-000084.tar,320x208,none,0.0000,0.000,0.0000,0.0,0,0,0.750437,0.751032,0.000595,,,,0.750,0.746497,0.746882,0.000385,,,,0.750,0.747155,0.747828,0.000673,,,,0.500
2236,ordinary,10419622,data/2_2026.1/shard-000084.tar,368x176,none,0.0000,0.000,0.0000,0.0,0,0,0.390732,0.391303,0.000571,,,,0.750,0.391854,0.392292,0.000437,,,,0.750,0.390347,0.390918,0.000571,,,,0.750
2237,ordinary,10077301,data/2_2026.1/shard-000084.tar,224x288,none,0.0000,0.000,0.0000,0.0,0,0,0.684178,0.687776,0.003599,,,,0.750,0.687263,0.689894,0.002631,,,,0.500,0.687232,0.690822,0.003591,,,,0.500
2238,ordinary,10095477,data/2_2026.1/shard-000084.tar,272x240,none,0.0000,0.000,0.0000,0.0,0,0,0.526296,0.526423,0.000127,,,,0.500,0.526393,0.526760,0.000367,,,,0.750,0.526934,0.527279,0.000345,,,,0.750
2239,ordinary,10298272,data/2_2026.1/shard-000084.tar,288x224,none,0.0000,0.000,0.0000,0.0,0,0,0.583689,0.584169,0.000479,,,,0.750,0.581994,0.582440,0.000446,,,,1.000,0.580527,0.581113,0.000586,,,,1.000
2240,ordinary,9938833,data/2_2026.1/shard-000084.tar,288x224,none,0.0000,0.000,0.0000,0.0,0,0,0.816666,0.817561,0.000895,,,,0.750,0.815943,0.817056,0.001113,,,,1.000,0.814556,0.815773,0.001217,,,,1.000
2241,ordinary,10468239,data/2_2026.1/shard-000084.tar,320x208,none,0.0000,0.000,0.0000,0.0,0,0,0.696878,0.699029,0.002151,,,,0.750,0.695352,0.696966,0.001615,,,,0.750,0.696089,0.697371,0.001282,,,,0.750
2242,ordinary,10190795,data/2_2026.1/shard-000084.tar,208x320,none,0.0000,0.000,0.0000,0.0,0,0,0.616418,0.616331,-0.000087,,,,0.250,0.611826,0.612174,0.000348,,,,0.500,0.614726,0.615008,0.000282,,,,0.500
2243,ordinary,10103728,data/2_2026.1/shard-000084.tar,224x288,none,0.0000,0.000,0.0000,0.0,0,0,0.805380,0.805908,0.000529,,,,0.750,0.804346,0.804902,0.000556,,,,0.750,0.803712,0.804395,0.000683,,,,0.750
2244,ordinary,10077215,data/2_2026.1/shard-000084.tar,288x224,none,0.0000,0.000,0.0000,0.0,0,0,0.766977,0.766852,-0.000126,,,,0.250,0.767372,0.767345,-0.000027,,,,0.500,0.768723,0.768767,0.000044,,,,0.500
2245,ordinary,10002304,data/2_2026.1/shard-000084.tar,256x256,none,0.0000,0.000,0.0000,0.0,0,1,0.377606,0.377606,0.000000,,,,1.000,0.377567,0.377567,0.000000,,,,1.000,0.376375,0.376375,0.000000,,,,1.000
2246,ordinary,10185005,data/2_2026.1/shard-000084.tar,288x224,none,0.0000,0.000,0.0000,0.0,0,0,0.484450,0.484400,-0.000050,,,,0.750,0.483006,0.483016,0.000010,,,,0.500,0.481410,0.481631,0.000221,,,,0.750
2247,ordinary,10451838,data/2_2026.1/shard-000084.tar,320x208,none,0.0000,0.000,0.0000,0.0,0,0,0.491046,0.496405,0.005360,,,,0.750,0.489863,0.495905,0.006042,,,,0.750,0.488132,0.494950,0.006817,,,,1.000
2248,ordinary,10301385,data/2_2026.1/shard-000084.tar,288x224,none,0.0000,0.000,0.0000,0.0,0,0,0.602801,0.602361,-0.000440,,,,0.000,0.603665,0.603499,-0.000165,,,,0.250,0.603063,0.603049,-0.000014,,,,0.750
2249,ordinary,10258007,data/2_2026.1/shard-000084.tar,288x224,none,0.0000,0.000,0.0000,0.0,0,0,0.778910,0.779336,0.000427,,,,0.250,0.780102,0.780022,-0.000080,,,,0.250,0.780059,0.779917,-0.000142,,,,0.250
2250,ordinary,9916368,data/2_2026.1/shard-000084.tar,288x224,none,0.0000,0.000,0.0000,0.0,0,0,0.781756,0.782285,0.000529,,,,1.000,0.781979,0.782432,0.000454,,,,1.000,0.781446,0.782079,0.000633,,,,1.000
2251,ordinary,10410416,data/2_2026.1/shard-000084.tar,208x320,none,0.0000,0.000,0.0000,0.0,0,0,0.782467,0.783302,0.000834,,,,0.750,0.779575,0.780776,0.001201,,,,0.750,0.779059,0.780132,0.001073,,,,0.750
2252,ordinary,10239797,data/2_2026.1/shard-000084.tar,288x224,none,0.0000,0.000,0.0000,0.0,0,0,0.294133,0.294225,0.000091,,,,0.750,0.294808,0.295442,0.000634,,,,1.000,0.291451,0.291681,0.000230,,,,1.000
2253,ordinary,10043698,data/2_2026.1/shard-000084.tar,224x288,none,0.0000,0.000,0.0000,0.0,0,0,0.699112,0.699249,0.000137,,,,0.750,0.698966,0.699040,0.000074,,,,0.500,0.697758,0.697770,0.000012,,,,0.750
2254,ordinary,10241074,data/2_2026.1/shard-000084.tar,256x256,none,0.0000,0.000,0.0000,0.0,0,0,0.433490,0.433538,0.000048,,,,0.750,0.433818,0.434107,0.000289,,,,1.000,0.434695,0.434905,0.000210,,,,0.750
2255,ordinary,10197808,data/2_2026.1/shard-000084.tar,272x240,none,0.0000,0.000,0.0000,0.0,0,0,0.531719,0.531603,-0.000116,,,,0.750,0.532317,0.532528,0.000211,,,,0.750,0.530713,0.530010,-0.000703,,,,0.750
2256,ordinary,10421358,data/2_2026.1/shard-000084.tar,288x224,none,0.0000,0.000,0.0000,0.0,0,0,0.612976,0.612594,-0.000381,,,,0.000,0.612176,0.611849,-0.000327,,,,0.000,0.612800,0.612542,-0.000257,,,,0.000
2257,ordinary,10306828,data/2_2026.1/shard-000084.tar,256x256,none,0.0000,0.000,0.0000,0.0,0,0,0.317734,0.317687,-0.000046,,,,0.250,0.318769,0.318685,-0.000084,,,,0.250,0.316793,0.316657,-0.000136,,,,0.000
2258,ordinary,10316714,data/2_2026.1/shard-000084.tar,288x224,none,0.0000,0.000,0.0000,0.0,0,0,0.523593,0.529087,0.005494,,,,0.750,0.522580,0.528795,0.006215,,,,0.750,0.523410,0.530005,0.006595,,,,0.500
2259,ordinary,10439931,data/2_2026.1/shard-000084.tar,336x192,none,0.0000,0.000,0.0000,0.0,0,0,0.499620,0.500018,0.000398,,,,1.000,0.499700,0.500056,0.000356,,,,1.000,0.499055,0.499485,0.000430,,,,1.000
2260,ordinary,10233530,data/2_2026.1/shard-000084.tar,192x336,none,0.0000,0.000,0.0000,0.0,0,0,0.665910,0.665484,-0.000426,,,,0.250,0.666405,0.666272,-0.000133,,,,0.250,0.668866,0.668677,-0.000189,,,,0.250
2261,ordinary,10013158,data/2_2026.1/shard-000084.tar,320x208,none,0.0000,0.000,0.0000,0.0,0,0,0.518310,0.524310,0.005999,,,,1.000,0.517231,0.522848,0.005617,,,,0.750,0.518875,0.525326,0.006451,,,,1.000
2262,ordinary,10484533,data/2_2026.1/shard-000084.tar,320x208,none,0.0000,0.000,0.0000,0.0,0,0,0.762015,0.763081,0.001066,,,,0.750,0.760650,0.761390,0.000740,,,,0.500,0.759102,0.760238,0.001136,,,,0.750
2263,ordinary,10542750,data/2_2026.1/shard-000084.tar,320x208,none,0.0000,0.000,0.0000,0.0,0,0,0.401627,0.401692,0.000065,,,,0.750,0.402349,0.402423,0.000074,,,,0.750,0.401811,0.401825,0.000014,,,,0.750
2264,ordinary,9994935,data/2_2026.1/shard-000084.tar,336x192,none,0.0000,0.000,0.0000,0.0,0,0,0.445394,0.443042,-0.002353,,,,0.500,0.446951,0.445039,-0.001912,,,,0.500,0.443867,0.441846,-0.002021,,,,0.250
2265,ordinary,10141038,data/2_2026.1/shard-000084.tar,224x288,none,0.0000,0.000,0.0000,0.0,0,0,0.382977,0.382974,-0.000003,,,,0.500,0.381985,0.382249,0.000264,,,,1.000,0.381802,0.381785,-0.000017,,,,0.500
2266,ordinary,10301974,data/2_2026.1/shard-000084.tar,224x288,none,0.0000,0.000,0.0000,0.0,0,0,0.352492,0.352312,-0.000180,,,,0.500,0.351394,0.351209,-0.000185,,,,0.250,0.350350,0.350257,-0.000094,,,,0.500
2267,ordinary,10161366,data/2_2026.1/shard-000084.tar,320x208,none,0.0000,0.000,0.0000,0.0,0,0,0.422520,0.422752,0.000232,,,,0.750,0.422753,0.422938,0.000185,,,,0.750,0.423670,0.423991,0.000321,,,,0.500
2268,ordinary,10442713,data/2_2026.1/shard-000084.tar,320x208,none,0.0000,0.000,0.0000,0.0,0,0,0.538190,0.538979,0.000789,,,,0.500,0.537218,0.538146,0.000928,,,,0.500,0.535168,0.536044,0.000876,,,,0.750
2269,ordinary,10007967,data/2_2026.1/shard-000084.tar,272x240,none,0.0000,0.000,0.0000,0.0,0,0,0.852504,0.854070,0.001566,,,,1.000,0.856320,0.857502,0.001181,,,,1.000,0.853899,0.855158,0.001259,,,,1.000
2270,ordinary,10047299,data/2_2026.1/shard-000084.tar,320x208,none,0.0000,0.000,0.0000,0.0,0,0,0.723225,0.727206,0.003981,,,,1.000,0.724891,0.727801,0.002910,,,,1.000,0.722420,0.725699,0.003278,,,,1.000
2271,ordinary,10144534,data/2_2026.1/shard-000084.tar,288x224,none,0.0000,0.000,0.0000,0.0,0,0,0.661571,0.661911,0.000340,,,,0.500,0.660716,0.660740,0.000023,,,,0.750,0.662709,0.662873,0.000164,,,,1.000
2272,ordinary,10283765,data/2_2026.1/shard-000084.tar,288x224,none,0.0000,0.000,0.0000,0.0,0,0,0.713586,0.713637,0.000052,,,,0.500,0.715007,0.714893,-0.000114,,,,0.250,0.714583,0.714545,-0.000037,,,,0.500
2273,ordinary,10430935,data/2_2026.1/shard-000084.tar,256x256,none,0.0000,0.000,0.0000,0.0,0,0,0.479216,0.479173,-0.000043,,,,0.750,0.481238,0.481258,0.000020,,,,0.750,0.479344,0.479546,0.000201,,,,0.750
2274,ordinary,10438237,data/2_2026.1/shard-000084.tar,224x288,none,0.0000,0.000,0.0000,0.0,0,0,0.483197,0.486832,0.003634,,,,0.750,0.483501,0.488879,0.005378,,,,1.000,0.480441,0.486334,0.005892,,,,0.750
2275,ordinary,10406536,data/2_2026.1/shard-000084.tar,192x336,none,0.0000,0.000,0.0000,0.0,0,0,0.806875,0.806637,-0.000238,,,,0.250,0.807451,0.807473,0.000022,,,,0.500,0.806413,0.806194,-0.000218,,,,0.250
2276,ordinary,10045407,data/2_2026.1/shard-000084.tar,240x272,none,0.0000,0.000,0.0000,0.0,0,0,0.904425,0.904380,-0.000045,,,,0.000,0.904283,0.904353,0.000070,,,,1.000,0.903735,0.903625,-0.000110,,,,0.250
2277,ordinary,10412803,data/2_2026.1/shard-000084.tar,208x320,none,0.0000,0.000,0.0000,0.0,0,0,0.708349,0.707904,-0.000445,,,,0.500,0.710032,0.709854,-0.000179,,,,0.750,0.710293,0.709947,-0.000346,,,,0.500
2278,ordinary,9998557,data/2_2026.1/shard-000084.tar,288x224,none,0.0000,0.000,0.0000,0.0,0,0,0.839606,0.842124,0.002518,,,,1.000,0.839277,0.841221,0.001944,,,,1.000,0.838941,0.840615,0.001674,,,,1.000
2279,ordinary,9998035,data/2_2026.1/shard-000084.tar,288x224,none,0.0000,0.000,0.0000,0.0,0,0,0.729519,0.729545,0.000027,,,,0.250,0.727271,0.727578,0.000306,,,,0.500,0.727107,0.727362,0.000254,,,,0.500
2280,ordinary,10297725,data/2_2026.1/shard-000084.tar,272x240,none,0.0000,0.000,0.0000,0.0,0,0,0.663237,0.666582,0.003345,,,,0.750,0.662175,0.665153,0.002977,,,,0.750,0.662585,0.666029,0.003444,,,,0.750
2281,ordinary,10014966,data/2_2026.1/shard-000084.tar,272x240,none,0.0000,0.000,0.0000,0.0,0,0,0.204978,0.204133,-0.000845,,,,0.250,0.206444,0.205606,-0.000838,,,,0.000,0.207172,0.206446,-0.000726,,,,0.000
2282,ordinary,10164457,data/2_2026.1/shard-000084.tar,448x144,none,0.0000,0.000,0.0000,0.0,0,0,0.531282,0.531471,0.000189,,,,0.750,0.531798,0.531939,0.000141,,,,0.750,0.531504,0.531524,0.000019,,,,0.500
2283,ordinary,10148358,data/2_2026.1/shard-000084.tar,208x320,none,0.0000,0.000,0.0000,0.0,0,0,0.806604,0.807213,0.000609,,,,0.750,0.806798,0.807096,0.000298,,,,0.750,0.806000,0.805767,-0.000233,,,,0.250
2284,ordinary,10227749,data/2_2026.1/shard-000084.tar,320x208,none,0.0000,0.000,0.0000,0.0,0,0,0.405152,0.407527,0.002374,,,,0.500,0.400710,0.402209,0.001499,,,,0.750,0.406310,0.407955,0.001646,,,,0.500
2285,ordinary,10100842,data/2_2026.1/shard-000084.tar,288x224,none,0.0000,0.000,0.0000,0.0,0,0,0.820991,0.821239,0.000248,,,,0.750,0.819577,0.820098,0.000520,,,,1.000,0.818459,0.818362,-0.000097,,,,0.500
2286,ordinary,9985253,data/2_2026.1/shard-000084.tar,288x224,none,0.0000,0.000,0.0000,0.0,0,0,0.708491,0.709204,0.000713,,,,0.750,0.706449,0.707150,0.000701,,,,1.000,0.706257,0.706957,0.000700,,,,0.750
2287,ordinary,10015146,data/2_2026.1/shard-000084.tar,288x224,none,0.0000,0.000,0.0000,0.0,0,0,0.323003,0.323976,0.000972,,,,0.500,0.324156,0.325477,0.001321,,,,0.500,0.323334,0.324708,0.001374,,,,0.500
2288,ordinary,10234656,data/2_2026.1/shard-000084.tar,288x224,none,0.0000,0.000,0.0000,0.0,0,0,0.621665,0.621618,-0.000047,,,,0.250,0.624153,0.624106,-0.000047,,,,0.500,0.622489,0.622422,-0.000067,,,,0.500
2289,ordinary,10100729,data/2_2026.1/shard-000084.tar,224x288,none,0.0000,0.000,0.0000,0.0,0,0,0.756065,0.756889,0.000825,,,,0.500,0.755211,0.756222,0.001011,,,,0.500,0.756379,0.757504,0.001125,,,,0.500
2290,ordinary,10478633,data/2_2026.1/shard-000084.tar,224x288,none,0.0000,0.000,0.0000,0.0,0,0,0.966660,0.966888,0.000228,,,,0.750,0.967244,0.967738,0.000494,,,,1.000,0.967616,0.968081,0.000465,,,,1.000
2291,ordinary,9949272,data/2_2026.1/shard-000084.tar,224x288,none,0.0000,0.000,0.0000,0.0,0,0,0.821434,0.821596,0.000162,,,,0.750,0.822885,0.823299,0.000414,,,,0.750,0.823601,0.823943,0.000342,,,,1.000
2292,ordinary,10442620,data/2_2026.1/shard-000084.tar,336x192,none,0.0000,0.000,0.0000,0.0,0,0,0.343734,0.343706,-0.000028,,,,0.250,0.343085,0.343186,0.000101,,,,0.500,0.343885,0.343939,0.000053,,,,0.250
2293,ordinary,10379726,data/2_2026.1/shard-000084.tar,256x256,none,0.0000,0.000,0.0000,0.0,0,1,0.660602,0.660602,0.000000,,,,1.000,0.659277,0.659277,0.000000,,,,1.000,0.661616,0.661616,0.000000,,,,1.000
2294,ordinary,9942408,data/2_2026.1/shard-000084.tar,320x208,none,0.0000,0.000,0.0000,0.0,0,0,0.427178,0.427111,-0.000066,,,,0.750,0.426399,0.426448,0.000049,,,,0.750,0.427528,0.427488,-0.000040,,,,0.500
2295,ordinary,10238803,data/2_2026.1/shard-000084.tar,288x224,none,0.0000,0.000,0.0000,0.0,0,0,0.644453,0.644149,-0.000304,,,,0.250,0.646991,0.646498,-0.000493,,,,0.500,0.642581,0.642370,-0.000211,,,,0.250
2296,ordinary,10200937,data/2_2026.1/shard-000084.tar,288x224,none,0.0000,0.000,0.0000,0.0,0,0,0.628861,0.629728,0.000868,,,,0.750,0.634126,0.634907,0.000781,,,,0.500,0.632826,0.633691,0.000865,,,,0.750
2297,ordinary,10305322,data/2_2026.1/shard-000084.tar,320x208,none,0.0000,0.000,0.0000,0.0,0,0,0.624097,0.625266,0.001169,,,,0.750,0.624002,0.625326,0.001324,,,,0.750,0.622457,0.623517,0.001060,,,,0.500
2298,ordinary,10417756,data/2_2026.1/shard-000084.tar,320x208,none,0.0000,0.000,0.0000,0.0,0,0,0.813916,0.814850,0.000933,,,,0.750,0.812259,0.813124,0.000865,,,,0.750,0.814333,0.815036,0.000703,,,,0.750
2299,ordinary,10508901,data/2_2026.1/shard-000084.tar,336x192,none,0.0000,0.000,0.0000,0.0,0,0,0.379872,0.379930,0.000058,,,,0.500,0.378299,0.378311,0.000012,,,,0.500,0.378996,0.378947,-0.000049,,,,0.500
2300,ordinary,10023280,data/2_2026.1/shard-000084.tar,320x208,none,0.0000,0.000,0.0000,0.0,0,0,0.387365,0.386487,-0.000878,,,,0.250,0.391308,0.390764,-0.000543,,,,0.250,0.390134,0.389850,-0.000284,,,,0.500
2301,ordinary,10309678,data/2_2026.1/shard-000084.tar,320x208,none,0.0000,0.000,0.0000,0.0,0,0,0.677965,0.677715,-0.000251,,,,0.000,0.676468,0.676495,0.000028,,,,0.500,0.676406,0.676264,-0.000141,,,,0.000
2302,ordinary,10122866,data/2_2026.1/shard-000084.tar,256x256,none,0.0000,0.000,0.0000,0.0,0,0,0.488959,0.488322,-0.000637,,,,0.750,0.491636,0.491099,-0.000537,,,,0.500,0.490933,0.490625,-0.000308,,,,0.750
2303,ordinary,10462882,data/2_2026.1/shard-000084.tar,288x224,none,0.0000,0.000,0.0000,0.0,0,0,0.748260,0.748422,0.000162,,,,0.750,0.750406,0.750612,0.000206,,,,0.750,0.747895,0.747916,0.000021,,,,0.500
2304,ordinary,10403530,data/2_2026.1/shard-000084.tar,272x240,none,0.0000,0.000,0.0000,0.0,0,0,0.680287,0.680784,0.000497,,,,0.250,0.680862,0.681192,0.000331,,,,0.250,0.681344,0.681783,0.000440,,,,0.250
2305,ordinary,9999191,data/2_2026.1/shard-000084.tar,288x224,none,0.0000,0.000,0.0000,0.0,0,0,0.365827,0.366855,0.001028,,,,0.750,0.365603,0.366460,0.000856,,,,0.750,0.365396,0.366377,0.000981,,,,0.750
2306,ordinary,10227484,data/2_2026.1/shard-000084.tar,288x224,none,0.0000,0.000,0.0000,0.0,0,0,0.811051,0.809458,-0.001593,,,,0.250,0.810258,0.808650,-0.001608,,,,0.000,0.807942,0.806403,-0.001539,,,,0.000
2307,ordinary,10382150,data/2_2026.1/shard-000084.tar,256x256,none,0.0000,0.000,0.0000,0.0,0,0,0.480767,0.480784,0.000017,,,,0.500,0.478761,0.478777,0.000017,,,,0.750,0.483271,0.483269,-0.000001,,,,0.750
2308,ordinary,10373927,data/2_2026.1/shard-000084.tar,288x224,none,0.0000,0.000,0.0000,0.0,0,0,0.733385,0.734133,0.000747,,,,0.750,0.734115,0.734673,0.000559,,,,0.500,0.734381,0.735422,0.001041,,,,0.500
2309,ordinary,10010650,data/2_2026.1/shard-000084.tar,176x368,none,0.0000,0.000,0.0000,0.0,0,0,0.457267,0.458287,0.001020,,,,1.000,0.456345,0.457307,0.000963,,,,1.000,0.458512,0.459403,0.000892,,,,1.000
2310,ordinary,10443124,data/2_2026.1/shard-000084.tar,192x336,none,0.0000,0.000,0.0000,0.0,0,0,0.546823,0.546940,0.000117,,,,0.500,0.544433,0.544536,0.000103,,,,0.750,0.544878,0.545038,0.000160,,,,0.750
2311,ordinary,10297903,data/2_2026.1/shard-000084.tar,288x224,none,0.0000,0.000,0.0000,0.0,0,0,0.644911,0.644985,0.000074,,,,0.500,0.644608,0.644712,0.000104,,,,1.000,0.643955,0.643955,-0.000000,,,,0.500
2312,ordinary,10048823,data/2_2026.1/shard-000084.tar,256x256,none,0.0000,0.000,0.0000,0.0,0,1,0.322759,0.322759,0.000000,,,,1.000,0.323660,0.323660,0.000000,,,,1.000,0.320372,0.320372,0.000000,,,,1.000
2313,ordinary,10243651,data/2_2026.1/shard-000084.tar,288x224,none,0.0000,0.000,0.0000,0.0,0,0,0.722008,0.722790,0.000782,,,,0.750,0.723946,0.724774,0.000828,,,,0.750,0.724968,0.725839,0.000871,,,,1.000
2314,ordinary,10312234,data/2_2026.1/shard-000084.tar,320x208,none,0.0000,0.000,0.0000,0.0,0,0,0.792124,0.794810,0.002685,,,,1.000,0.792717,0.795119,0.002402,,,,0.750,0.790212,0.792870,0.002658,,,,1.000
2315,ordinary,10403252,data/2_2026.1/shard-000084.tar,320x208,none,0.0000,0.000,0.0000,0.0,0,0,0.751138,0.750452,-0.000686,,,,0.750,0.746451,0.746478,0.000027,,,,0.500,0.747916,0.747611,-0.000305,,,,0.750
2316,ordinary,10079924,data/2_2026.1/shard-000084.tar,288x224,none,0.0000,0.000,0.0000,0.0,0,0,0.746566,0.746397,-0.000169,,,,0.000,0.746386,0.746463,0.000077,,,,0.750,0.745400,0.745619,0.000219,,,,0.500
2317,ordinary,10163981,data/2_2026.1/shard-000084.tar,192x336,none,0.0000,0.000,0.0000,0.0,0,0,0.684616,0.684729,0.000113,,,,0.750,0.686440,0.686522,0.000082,,,,0.750,0.683527,0.683635,0.000108,,,,0.750
2318,ordinary,10052387,data/2_2026.1/shard-000084.tar,208x320,none,0.0000,0.000,0.0000,0.0,0,0,0.666203,0.665939,-0.000264,,,,0.250,0.666063,0.666058,-0.000004,,,,0.750,0.666719,0.666677,-0.000042,,,,0.500
2319,ordinary,10035938,data/2_2026.1/shard-000084.tar,288x224,none,0.0000,0.000,0.0000,0.0,0,0,0.549812,0.550187,0.000375,,,,0.750,0.549814,0.550151,0.000338,,,,0.500,0.547371,0.547761,0.000390,,,,0.500
2320,ordinary,10287960,data/2_2026.1/shard-000084.tar,320x208,none,0.0000,0.000,0.0000,0.0,0,0,0.925215,0.924958,-0.000258,,,,0.500,0.926689,0.925703,-0.000986,,,,0.000,0.924987,0.924132,-0.000855,,,,0.500
2321,ordinary,10307599,data/2_2026.1/shard-000084.tar,256x256,none,0.0000,0.000,0.0000,0.0,0,0,0.341338,0.341574,0.000236,,,,0.750,0.340562,0.340576,0.000013,,,,0.500,0.340889,0.340951,0.000062,,,,0.250
2322,ordinary,10372378,data/2_2026.1/shard-000084.tar,320x208,none,0.0000,0.000,0.0000,0.0,0,0,0.297525,0.297396,-0.000128,,,,0.250,0.299329,0.299334,0.000005,,,,0.500,0.297898,0.297899,0.000001,,,,0.500
2323,ordinary,10298126,data/2_2026.1/shard-000084.tar,320x208,none,0.0000,0.000,0.0000,0.0,0,0,0.536671,0.535684,-0.000988,,,,0.000,0.535719,0.535218,-0.000501,,,,0.750,0.533060,0.532056,-0.001005,,,,0.000
2324,ordinary,9974983,data/2_2026.1/shard-000084.tar,288x224,none,0.0000,0.000,0.0000,0.0,0,0,0.558248,0.558931,0.000683,,,,0.750,0.554942,0.555459,0.000518,,,,0.250,0.556732,0.557114,0.000382,,,,0.250
2325,ordinary,10395526,data/2_2026.1/shard-000084.tar,224x288,none,0.0000,0.000,0.0000,0.0,0,0,0.466784,0.466597,-0.000187,,,,0.250,0.469925,0.470167,0.000243,,,,1.000,0.467998,0.468087,0.000090,,,,0.750
2326,ordinary,10182893,data/2_2026.1/shard-000084.tar,320x208,none,0.0000,0.000,0.0000,0.0,0,0,0.513299,0.517283,0.003984,,,,0.750,0.513560,0.515984,0.002424,,,,1.000,0.511889,0.514207,0.002318,,,,1.000
2327,ordinary,10170711,data/2_2026.1/shard-000084.tar,320x208,none,0.0000,0.000,0.0000,0.0,0,0,0.540038,0.540050,0.000012,,,,0.750,0.539357,0.539232,-0.000126,,,,0.500,0.540350,0.539794,-0.000555,,,,0.500
2328,ordinary,9938736,data/2_2026.1/shard-000084.tar,320x208,none,0.0000,0.000,0.0000,0.0,0,0,0.542627,0.543172,0.000545,,,,0.500,0.542315,0.542933,0.000617,,,,0.500,0.542760,0.543468,0.000708,,,,0.500
2329,ordinary,10214970,data/2_2026.1/shard-000084.tar,288x224,none,0.0000,0.000,0.0000,0.0,0,0,0.546639,0.559204,0.012565,,,,1.000,0.548306,0.565601,0.017295,,,,1.000,0.548389,0.561736,0.013347,,,,1.000
2330,ordinary,10468689,data/2_2026.1/shard-000084.tar,208x320,none,0.0000,0.000,0.0000,0.0,0,0,0.395855,0.395814,-0.000041,,,,0.250,0.397158,0.396567,-0.000592,,,,0.500,0.397070,0.396864,-0.000206,,,,0.750
2331,ordinary,10254920,data/2_2026.1/shard-000084.tar,288x224,none,0.0000,0.000,0.0000,0.0,0,0,0.283024,0.282808,-0.000216,,,,0.500,0.282790,0.282525,-0.000265,,,,0.250,0.281309,0.281086,-0.000223,,,,0.250
2332,ordinary,10527584,data/2_2026.1/shard-000084.tar,320x208,none,0.0000,0.000,0.0000,0.0,0,0,0.372499,0.372411,-0.000087,,,,0.500,0.373629,0.373592,-0.000037,,,,0.250,0.372295,0.372197,-0.000098,,,,0.500
2333,ordinary,10291098,data/2_2026.1/shard-000084.tar,320x208,none,0.0000,0.000,0.0000,0.0,0,0,0.696588,0.696752,0.000165,,,,0.750,0.697947,0.698387,0.000440,,,,0.750,0.695801,0.696142,0.000341,,,,0.500
2334,ordinary,10480218,data/2_2026.1/shard-000084.tar,368x176,none,0.0000,0.000,0.0000,0.0,0,0,0.479819,0.479683,-0.000136,,,,0.750,0.480876,0.481032,0.000155,,,,0.750,0.481573,0.481411,-0.000162,,,,0.500
2335,ordinary,9922470,data/2_2026.1/shard-000084.tar,336x192,none,0.0000,0.000,0.0000,0.0,0,0,0.304911,0.304943,0.000032,,,,0.500,0.304211,0.304232,0.000021,,,,0.750,0.303332,0.303312,-0.000020,,,,0.750
2336,ordinary,9997495,data/2_2026.1/shard-000084.tar,288x224,none,0.0000,0.000,0.0000,0.0,0,0,0.370850,0.370972,0.000122,,,,0.750,0.373870,0.373870,-0.000001,,,,0.500,0.370495,0.370368,-0.000127,,,,0.750
2337,ordinary,10117719,data/2_2026.1/shard-000084.tar,288x224,none,0.0000,0.000,0.0000,0.0,0,0,0.421538,0.421416,-0.000122,,,,0.250,0.423971,0.424066,0.000095,,,,0.250,0.423762,0.423578,-0.000184,,,,0.000
2338,ordinary,10156906,data/2_2026.1/shard-000084.tar,416x160,none,0.0000,0.000,0.0000,0.0,0,0,0.711902,0.715271,0.003369,,,,1.000,0.710178,0.713115,0.002937,,,,0.750,0.710694,0.714117,0.003423,,,,1.000
2339,ordinary,10330969,data/2_2026.1/shard-000084.tar,224x288,none,0.0000,0.000,0.0000,0.0,0,0,0.843953,0.847022,0.003069,,,,0.750,0.839959,0.844791,0.004833,,,,0.750,0.838489,0.841461,0.002971,,,,0.750
2340,ordinary,10301568,data/2_2026.1/shard-000084.tar,320x208,none,0.0000,0.000,0.0000,0.0,0,0,0.542404,0.544181,0.001776,,,,0.500,0.542120,0.543370,0.001250,,,,0.500,0.540646,0.542266,0.001620,,,,0.500
2341,ordinary,9920858,data/2_2026.1/shard-000084.tar,320x208,none,0.0000,0.000,0.0000,0.0,0,0,0.775584,0.776464,0.000880,,,,0.750,0.776747,0.777500,0.000754,,,,0.750,0.776822,0.777710,0.000888,,,,0.750
2342,ordinary,10256586,data/2_2026.1/shard-000084.tar,320x208,none,0.0000,0.000,0.0000,0.0,0,0,0.624147,0.624077,-0.000070,,,,0.250,0.623753,0.623692,-0.000060,,,,0.250,0.623466,0.623369,-0.000097,,,,0.250
2343,ordinary,10514270,data/2_2026.1/shard-000084.tar,336x192,none,0.0000,0.000,0.0000,0.0,0,0,0.448106,0.448147,0.000041,,,,0.500,0.446217,0.446247,0.000030,,,,0.500,0.446345,0.446441,0.000096,,,,0.750
2344,ordinary,10440055,data/2_2026.1/shard-000084.tar,288x224,none,0.0000,0.000,0.0000,0.0,0,0,0.656899,0.658338,0.001439,,,,1.000,0.660748,0.662547,0.001799,,,,0.750,0.658748,0.660377,0.001629,,,,1.000
2345,ordinary,10361176,data/2_2026.1/shard-000084.tar,256x256,none,0.0000,0.000,0.0000,0.0,0,1,0.262825,0.262825,0.000000,,,,1.000,0.264016,0.264015,-0.000001,,,,0.750,0.261294,0.261294,-0.000000,,,,0.750
2346,ordinary,10204930,data/2_2026.1/shard-000084.tar,288x224,none,0.0000,0.000,0.0000,0.0,0,0,0.507395,0.507433,0.000037,,,,0.500,0.506487,0.506623,0.000136,,,,0.500,0.505425,0.505356,-0.000069,,,,0.500
2347,ordinary,10003440,data/2_2026.1/shard-000084.tar,256x256,none,0.0000,0.000,0.0000,0.0,0,0,0.935234,0.935268,0.000034,,,,0.750,0.935463,0.935471,0.000008,,,,0.500,0.935620,0.935529,-0.000091,,,,0.500
2348,ordinary,9912566,data/2_2026.1/shard-000084.tar,256x256,none,0.0000,0.000,0.0000,0.0,0,1,0.772758,0.772758,0.000000,,,,1.000,0.771654,0.771654,0.000000,,,,1.000,0.772906,0.772906,0.000000,,,,1.000
2349,ordinary,10373079,data/2_2026.1/shard-000084.tar,288x224,none,0.0000,0.000,0.0000,0.0,0,0,0.477049,0.476209,-0.000840,,,,0.250,0.477999,0.477336,-0.000663,,,,0.000,0.477918,0.477224,-0.000694,,,,0.250
2350,ordinary,9914261,data/2_2026.1/shard-000084.tar,256x256,none,0.0000,0.000,0.0000,0.0,0,0,0.571352,0.571545,0.000193,,,,1.000,0.569715,0.569922,0.000207,,,,0.750,0.568504,0.568872,0.000369,,,,1.000
2351,ordinary,10184141,data/2_2026.1/shard-000084.tar,288x224,none,0.0000,0.000,0.0000,0.0,0,0,0.632740,0.634030,0.001290,,,,1.000,0.635423,0.637278,0.001855,,,,1.000,0.637382,0.638813,0.001431,,,,1.000
2352,ordinary,10348903,data/2_2026.1/shard-000084.tar,320x208,none,0.0000,0.000,0.0000,0.0,0,0,0.612883,0.613229,0.000346,,,,0.750,0.615516,0.615734,0.000218,,,,0.500,0.615332,0.615670,0.000339,,,,0.750
2353,ordinary,10353667,data/2_2026.1/shard-000084.tar,224x288,none,0.0000,0.000,0.0000,0.0,0,0,0.546644,0.546830,0.000186,,,,0.500,0.548510,0.548459,-0.000051,,,,0.250,0.547761,0.547691,-0.000070,,,,0.250
2354,ordinary,10305304,data/2_2026.1/shard-000084.tar,320x208,none,0.0000,0.000,0.0000,0.0,0,0,0.564324,0.565746,0.001422,,,,0.500,0.565338,0.566524,0.001186,,,,0.500,0.564561,0.565742,0.001181,,,,0.750
2355,ordinary,10489045,data/2_2026.1/shard-000084.tar,224x288,none,0.0000,0.000,0.0000,0.0,0,0,0.696063,0.696810,0.000747,,,,0.750,0.701434,0.701834,0.000400,,,,0.750,0.701963,0.702545,0.000582,,,,0.750
2356,ordinary,10499194,data/2_2026.1/shard-000084.tar,240x272,none,0.0000,0.000,0.0000,0.0,0,0,0.423488,0.423764,0.000276,,,,1.000,0.424870,0.425421,0.000551,,,,1.000,0.423945,0.424343,0.000397,,,,1.000
2357,ordinary,10205516,data/2_2026.1/shard-000084.tar,288x224,none,0.0000,0.000,0.0000,0.0,0,0,0.652002,0.652031,0.000029,,,,0.750,0.652971,0.652949,-0.000022,,,,0.750,0.652190,0.652152,-0.000038,,,,0.250
2358,ordinary,10146054,data/2_2026.1/shard-000084.tar,224x288,none,0.0000,0.000,0.0000,0.0,0,0,0.313541,0.316196,0.002655,,,,0.750,0.314471,0.319605,0.005134,,,,0.750,0.313367,0.315218,0.001851,,,,0.750
2359,ordinary,10368878,data/2_2026.1/shard-000084.tar,320x208,none,0.0000,0.000,0.0000,0.0,0,0,0.606795,0.606586,-0.000210,,,,0.500,0.608111,0.607754,-0.000357,,,,0.500,0.605832,0.605739,-0.000092,,,,0.500
2360,ordinary,10417447,data/2_2026.1/shard-000084.tar,320x208,none,0.0000,0.000,0.0000,0.0,0,0,0.400942,0.400899,-0.000043,,,,0.500,0.399578,0.399640,0.000063,,,,0.500,0.398964,0.398966,0.000002,,,,0.500
2361,ordinary,10541510,data/2_2026.1/shard-000084.tar,320x208,none,0.0000,0.000,0.0000,0.0,0,0,0.290242,0.290973,0.000731,,,,1.000,0.292161,0.292440,0.000279,,,,1.000,0.291646,0.292497,0.000851,,,,1.000
2362,ordinary,10283812,data/2_2026.1/shard-000084.tar,288x224,none,0.0000,0.000,0.0000,0.0,0,0,0.528947,0.528642,-0.000305,,,,0.000,0.528269,0.528372,0.000103,,,,0.750,0.528021,0.528031,0.000009,,,,0.500
2363,ordinary,10154794,data/2_2026.1/shard-000084.tar,288x224,none,0.0000,0.000,0.0000,0.0,0,0,0.501229,0.501150,-0.000080,,,,0.250,0.501908,0.501816,-0.000091,,,,0.250,0.499869,0.500002,0.000133,,,,1.000
2364,ordinary,10493505,data/2_2026.1/shard-000084.tar,288x224,none,0.0000,0.000,0.0000,0.0,0,0,0.700234,0.698873,-0.001361,,,,0.750,0.700658,0.699861,-0.000797,,,,0.500,0.698908,0.698286,-0.000622,,,,0.500
2365,ordinary,10111924,data/2_2026.1/shard-000084.tar,288x224,none,0.0000,0.000,0.0000,0.0,0,0,0.549647,0.550348,0.000701,,,,0.750,0.548757,0.549943,0.001186,,,,0.750,0.548742,0.549910,0.001168,,,,0.500
2366,ordinary,10445270,data/2_2026.1/shard-000084.tar,336x192,none,0.0000,0.000,0.0000,0.0,0,0,0.770922,0.772173,0.001251,,,,0.750,0.771935,0.773150,0.001215,,,,0.500,0.769898,0.771063,0.001165,,,,0.500
2367,ordinary,10146464,data/2_2026.1/shard-000084.tar,288x224,none,0.0000,0.000,0.0000,0.0,0,0,0.695877,0.696272,0.000395,,,,0.750,0.694616,0.694750,0.000134,,,,0.750,0.692433,0.692600,0.000167,,,,0.500
2368,ordinary,10426999,data/2_2026.1/shard-000084.tar,256x256,none,0.0000,0.000,0.0000,0.0,0,0,0.378893,0.378787,-0.000107,,,,0.500,0.382652,0.382944,0.000292,,,,0.500,0.379694,0.380601,0.000906,,,,0.500
2369,ordinary,10053996,data/2_2026.1/shard-000084.tar,320x208,none,0.0000,0.000,0.0000,0.0,0,0,0.568914,0.570195,0.001281,,,,0.500,0.568360,0.569327,0.000967,,,,0.500,0.569554,0.570729,0.001176,,,,0.500
2370,ordinary,10151916,data/2_2026.1/shard-000084.tar,320x208,none,0.0000,0.000,0.0000,0.0,0,0,0.614262,0.614319,0.000057,,,,0.750,0.613346,0.613384,0.000038,,,,0.750,0.610549,0.610430,-0.000119,,,,0.250
2371,ordinary,10207168,data/2_2026.1/shard-000084.tar,208x320,none,0.0000,0.000,0.0000,0.0,0,0,0.310083,0.310214,0.000130,,,,0.750,0.308666,0.308957,0.000291,,,,0.500,0.308766,0.308792,0.000026,,,,0.500
2372,ordinary,10354963,data/2_2026.1/shard-000084.tar,256x256,none,0.0000,0.000,0.0000,0.0,0,1,0.710921,0.710921,0.000000,,,,1.000,0.712443,0.712443,0.000000,,,,1.000,0.712643,0.712643,0.000000,,,,1.000
2373,ordinary,10319753,data/2_2026.1/shard-000084.tar,240x272,none,0.0000,0.000,0.0000,0.0,0,0,0.539704,0.539677,-0.000027,,,,0.500,0.540861,0.540611,-0.000250,,,,0.500,0.537962,0.537813,-0.000150,,,,0.000
2374,ordinary,10421534,data/2_2026.1/shard-000084.tar,256x256,none,0.0000,0.000,0.0000,0.0,0,1,0.419947,0.419947,0.000000,,,,1.000,0.421469,0.421469,0.000000,,,,1.000,0.421234,0.421234,0.000000,,,,1.000
2375,ordinary,10343024,data/2_2026.1/shard-000084.tar,240x272,none,0.0000,0.000,0.0000,0.0,0,0,0.363525,0.363799,0.000274,,,,0.500,0.361895,0.361506,-0.000389,,,,0.750,0.361848,0.361881,0.000033,,,,0.500
2376,ordinary,10423635,data/2_2026.1/shard-000084.tar,336x192,none,0.0000,0.000,0.0000,0.0,0,0,0.647933,0.647612,-0.000321,,,,0.500,0.647440,0.646748,-0.000692,,,,0.250,0.647982,0.647815,-0.000167,,,,0.500
2377,ordinary,10124455,data/2_2026.1/shard-000084.tar,208x320,none,0.0000,0.000,0.0000,0.0,0,0,0.669361,0.669851,0.000490,,,,0.750,0.671130,0.671047,-0.000083,,,,0.500,0.669713,0.670004,0.000291,,,,0.500
2378,ordinary,10324638,data/2_2026.1/shard-000084.tar,336x192,none,0.0000,0.000,0.0000,0.0,0,0,0.530888,0.530765,-0.000122,,,,0.500,0.531550,0.531485,-0.000066,,,,0.500,0.531611,0.531574,-0.000037,,,,0.750
2379,ordinary,10277130,data/2_2026.1/shard-000084.tar,288x224,none,0.0000,0.000,0.0000,0.0,0,0,0.584863,0.584919,0.000056,,,,0.750,0.584915,0.585047,0.000132,,,,1.000,0.583550,0.583538,-0.000012,,,,0.500
2380,ordinary,10309935,data/2_2026.1/shard-000084.tar,288x224,none,0.0000,0.000,0.0000,0.0,0,0,0.288990,0.288991,0.000001,,,,0.250,0.289396,0.289251,-0.000146,,,,0.250,0.287965,0.287921,-0.000044,,,,0.250
2381,ordinary,9969725,data/2_2026.1/shard-000084.tar,288x224,none,0.0000,0.000,0.0000,0.0,0,0,0.364627,0.364966,0.000339,,,,1.000,0.364078,0.364307,0.000229,,,,0.750,0.363128,0.363381,0.000253,,,,1.000
2382,ordinary,10540220,data/2_2026.1/shard-000084.tar,336x192,none,0.0000,0.000,0.0000,0.0,0,0,0.538626,0.539658,0.001032,,,,0.500,0.537248,0.538941,0.001693,,,,1.000,0.537605,0.539428,0.001823,,,,0.750
2383,ordinary,10037581,data/2_2026.1/shard-000084.tar,320x208,none,0.0000,0.000,0.0000,0.0,0,0,0.487888,0.487094,-0.000794,,,,0.000,0.488079,0.487090,-0.000988,,,,0.250,0.488488,0.487826,-0.000662,,,,0.250
2384,ordinary,9962022,data/2_2026.1/shard-000084.tar,192x336,none,0.0000,0.000,0.0000,0.0,0,0,0.695578,0.695145,-0.000432,,,,0.250,0.695777,0.695305,-0.000472,,,,0.250,0.694312,0.693950,-0.000361,,,,0.250
2385,ordinary,10287082,data/2_2026.1/shard-000084.tar,176x368,none,0.0000,0.000,0.0000,0.0,0,0,0.793623,0.793687,0.000064,,,,0.500,0.795213,0.795211,-0.000002,,,,0.250,0.794330,0.794356,0.000026,,,,0.750
2386,ordinary,10510405,data/2_2026.1/shard-000084.tar,272x240,none,0.0000,0.000,0.0000,0.0,0,0,0.719983,0.720237,0.000254,,,,0.750,0.720491,0.720694,0.000203,,,,0.750,0.722274,0.722410,0.000136,,,,0.750
2387,ordinary,10211538,data/2_2026.1/shard-000084.tar,256x256,none,0.0000,0.000,0.0000,0.0,0,0,0.698088,0.698133,0.000046,,,,0.750,0.696583,0.696765,0.000182,,,,0.750,0.697844,0.697757,-0.000087,,,,0.250
2388,ordinary,10419021,data/2_2026.1/shard-000084.tar,256x256,none,0.0000,0.000,0.0000,0.0,0,1,0.536056,0.536056,0.000000,,,,1.000,0.536185,0.536185,0.000000,,,,1.000,0.534758,0.534758,0.000000,,,,1.000
2389,ordinary,10209460,data/2_2026.1/shard-000084.tar,320x208,none,0.0000,0.000,0.0000,0.0,0,0,0.600115,0.599990,-0.000124,,,,0.500,0.599815,0.599903,0.000088,,,,0.500,0.595169,0.595025,-0.000144,,,,0.500
2390,ordinary,10247926,data/2_2026.1/shard-000084.tar,208x320,none,0.0000,0.000,0.0000,0.0,0,0,0.567048,0.567459,0.000412,,,,0.750,0.570698,0.570975,0.000277,,,,1.000,0.569866,0.570249,0.000383,,,,0.750
2391,ordinary,9955306,data/2_2026.1/shard-000084.tar,336x192,none,0.0000,0.000,0.0000,0.0,0,0,0.333084,0.333149,0.000065,,,,0.750,0.333394,0.334153,0.000759,,,,1.000,0.331568,0.331987,0.000419,,,,1.000
2392,ordinary,10032332,data/2_2026.1/shard-000084.tar,224x288,none,0.0000,0.000,0.0000,0.0,0,0,0.554324,0.554938,0.000613,,,,0.500,0.555260,0.555969,0.000709,,,,0.750,0.552276,0.553022,0.000746,,,,0.750
2393,ordinary,10018373,data/2_2026.1/shard-000084.tar,240x272,none,0.0000,0.000,0.0000,0.0,0,0,0.456128,0.456146,0.000018,,,,0.750,0.457171,0.457261,0.000090,,,,0.750,0.458579,0.458615,0.000036,,,,0.750
2394,ordinary,9935626,data/2_2026.1/shard-000084.tar,288x224,none,0.0000,0.000,0.0000,0.0,0,0,0.634479,0.634717,0.000239,,,,1.000,0.634262,0.634463,0.000201,,,,1.000,0.636287,0.636392,0.000105,,,,0.750
2395,ordinary,10411880,data/2_2026.1/shard-000084.tar,224x288,none,0.0000,0.000,0.0000,0.0,0,0,0.829512,0.828893,-0.000619,,,,0.500,0.830241,0.829763,-0.000478,,,,0.250,0.828851,0.828477,-0.000374,,,,0.750
2396,ordinary,10326210,data/2_2026.1/shard-000084.tar,192x336,none,0.0000,0.000,0.0000,0.0,0,0,0.878536,0.878608,0.000072,,,,0.750,0.879131,0.879072,-0.000059,,,,0.500,0.877284,0.877513,0.000229,,,,0.750
2397,ordinary,10134434,data/2_2026.1/shard-000084.tar,288x224,none,0.0000,0.000,0.0000,0.0,0,0,0.433094,0.433359,0.000265,,,,0.500,0.434424,0.434747,0.000323,,,,0.500,0.430771,0.431297,0.000526,,,,0.250
2398,ordinary,10008051,data/2_2026.1/shard-000084.tar,272x240,none,0.0000,0.000,0.0000,0.0,0,0,0.689375,0.690451,0.001076,,,,0.750,0.690404,0.691089,0.000685,,,,0.750,0.688401,0.689287,0.000886,,,,0.750
2399,ordinary,9956993,data/2_2026.1/shard-000084.tar,272x240,none,0.0000,0.000,0.0000,0.0,0,0,0.706581,0.706752,0.000170,,,,1.000,0.706769,0.706723,-0.000045,,,,0.250,0.705485,0.705639,0.000154,,,,1.000
2400,ordinary,10305433,data/2_2026.1/shard-000084.tar,160x416,none,0.0000,0.000,0.0000,0.0,0,0,0.861540,0.862524,0.000984,,,,0.750,0.863223,0.864222,0.000999,,,,0.750,0.863246,0.863907,0.000661,,,,0.750
2401,ordinary,10090766,data/2_2026.1/shard-000084.tar,336x192,none,0.0000,0.000,0.0000,0.0,0,0,0.413245,0.413227,-0.000018,,,,0.750,0.409963,0.410110,0.000147,,,,0.750,0.410122,0.410164,0.000043,,,,0.750
2402,ordinary,10223429,data/2_2026.1/shard-000084.tar,256x256,none,0.0000,0.000,0.0000,0.0,0,0,0.638401,0.638477,0.000076,,,,0.500,0.638970,0.638754,-0.000216,,,,0.250,0.639762,0.639527,-0.000234,,,,0.500
2403,ordinary,10374556,data/2_2026.1/shard-000084.tar,272x240,none,0.0000,0.000,0.0000,0.0,0,0,0.432347,0.432075,-0.000272,,,,0.250,0.432180,0.432393,0.000213,,,,0.500,0.433708,0.433569,-0.000139,,,,0.500
2404,ordinary,10351274,data/2_2026.1/shard-000084.tar,288x224,none,0.0000,0.000,0.0000,0.0,0,0,0.276631,0.276947,0.000316,,,,1.000,0.275471,0.275694,0.000223,,,,0.750,0.274484,0.274694,0.000211,,,,0.500
2405,ordinary,10268862,data/2_2026.1/shard-000084.tar,320x208,none,0.0000,0.000,0.0000,0.0,0,0,0.501816,0.501753,-0.000063,,,,0.750,0.502434,0.502279,-0.000156,,,,0.500,0.502254,0.502725,0.000472,,,,0.750
2406,ordinary,10258449,data/2_2026.1/shard-000084.tar,256x256,none,0.0000,0.000,0.0000,0.0,0,1,0.295230,0.295230,0.000000,,,,1.000,0.295650,0.295650,0.000000,,,,1.000,0.295742,0.295742,0.000000,,,,1.000
2407,ordinary,9954004,data/2_2026.1/shard-000084.tar,224x288,none,0.0000,0.000,0.0000,0.0,0,0,0.351190,0.351415,0.000224,,,,0.500,0.352284,0.352802,0.000518,,,,0.750,0.353380,0.353821,0.000441,,,,0.750
2408,ordinary,10035028,data/2_2026.1/shard-000084.tar,336x192,none,0.0000,0.000,0.0000,0.0,0,0,0.860578,0.861018,0.000441,,,,0.750,0.862893,0.863192,0.000299,,,,0.500,0.860883,0.861115,0.000231,,,,0.500
2409,ordinary,9921168,data/2_2026.1/shard-000084.tar,320x208,none,0.0000,0.000,0.0000,0.0,0,0,0.847060,0.847169,0.000109,,,,0.750,0.848785,0.848711,-0.000074,,,,0.250,0.848058,0.848008,-0.000050,,,,0.750
2410,ordinary,10146220,data/2_2026.1/shard-000084.tar,240x272,none,0.0000,0.000,0.0000,0.0,0,0,0.615267,0.615363,0.000096,,,,0.750,0.617548,0.617454,-0.000094,,,,0.250,0.614800,0.614873,0.000073,,,,0.750
2411,ordinary,9959132,data/2_2026.1/shard-000084.tar,288x224,none,0.0000,0.000,0.0000,0.0,0,0,0.306872,0.307285,0.000413,,,,0.750,0.305220,0.305552,0.000332,,,,1.000,0.305143,0.305404,0.000262,,,,0.500
2412,ordinary,10506553,data/2_2026.1/shard-000084.tar,288x224,none,0.0000,0.000,0.0000,0.0,0,0,0.694696,0.699418,0.004722,,,,0.500,0.693242,0.696611,0.003369,,,,0.750,0.694057,0.698865,0.004808,,,,1.000
2413,ordinary,10455164,data/2_2026.1/shard-000084.tar,288x224,none,0.0000,0.000,0.0000,0.0,0,0,0.402445,0.411431,0.008986,,,,0.750,0.404486,0.413558,0.009071,,,,1.000,0.401055,0.410329,0.009274,,,,1.000
2414,ordinary,10477283,data/2_2026.1/shard-000084.tar,256x256,none,0.0000,0.000,0.0000,0.0,0,1,0.763976,0.763976,0.000000,,,,1.000,0.761831,0.761831,0.000000,,,,1.000,0.764578,0.764578,0.000000,,,,1.000
2415,ordinary,10487030,data/2_2026.1/shard-000084.tar,288x224,none,0.0000,0.000,0.0000,0.0,0,0,0.565885,0.566138,0.000253,,,,0.750,0.566141,0.566242,0.000101,,,,0.750,0.566151,0.566339,0.000188,,,,1.000
2416,ordinary,10386437,data/2_2026.1/shard-000084.tar,320x208,none,0.0000,0.000,0.0000,0.0,0,0,0.772721,0.773310,0.000589,,,,0.500,0.772679,0.772965,0.000286,,,,0.750,0.773011,0.772333,-0.000678,,,,0.250
2417,ordinary,10344998,data/2_2026.1/shard-000084.tar,256x256,none,0.0000,0.000,0.0000,0.0,0,1,0.466816,0.466816,0.000000,,,,1.000,0.468223,0.468258,0.000035,,,,1.000,0.466421,0.466395,-0.000026,,,,0.750
2418,ordinary,10177823,data/2_2026.1/shard-000084.tar,288x224,none,0.0000,0.000,0.0000,0.0,0,0,0.444879,0.444877,-0.000002,,,,0.750,0.445156,0.445199,0.000043,,,,1.000,0.444151,0.444286,0.000135,,,,0.750
2419,ordinary,10301485,data/2_2026.1/shard-000084.tar,288x224,none,0.0000,0.000,0.0000,0.0,0,0,0.511916,0.512182,0.000266,,,,0.750,0.515992,0.516259,0.000267,,,,0.750,0.514845,0.515226,0.000381,,,,1.000
2420,ordinary,10307025,data/2_2026.1/shard-000084.tar,320x208,none,0.0000,0.000,0.0000,0.0,0,0,0.606418,0.612044,0.005627,,,,1.000,0.607351,0.611828,0.004476,,,,1.000,0.609384,0.614754,0.005370,,,,1.000
2421,ordinary,9931235,data/2_2026.1/shard-000084.tar,320x208,none,0.0000,0.000,0.0000,0.0,0,0,0.550795,0.550096,-0.000699,,,,0.250,0.551938,0.551532,-0.000406,,,,0.250,0.549893,0.548827,-0.001067,,,,0.250
2422,ordinary,10451689,data/2_2026.1/shard-000084.tar,288x224,none,0.0000,0.000,0.0000,0.0,0,0,0.559454,0.575639,0.016185,,,,1.000,0.558659,0.581495,0.022835,,,,1.000,0.559007,0.576584,0.017577,,,,1.000
2423,ordinary,10186122,data/2_2026.1/shard-000084.tar,288x224,none,0.0000,0.000,0.0000,0.0,0,0,0.690449,0.690470,0.000021,,,,0.250,0.689312,0.689344,0.000033,,,,0.500,0.690770,0.690589,-0.000181,,,,0.250
2424,ordinary,10234683,data/2_2026.1/shard-000084.tar,368x176,none,0.0000,0.000,0.0000,0.0,0,0,0.277504,0.277487,-0.000017,,,,0.750,0.278676,0.278655,-0.000021,,,,0.500,0.278733,0.278524,-0.000210,,,,0.250
2425,ordinary,10430361,data/2_2026.1/shard-000084.tar,288x224,none,0.0000,0.000,0.0000,0.0,0,0,0.368774,0.368835,0.000061,,,,0.500,0.368729,0.368759,0.000030,,,,0.500,0.369308,0.369407,0.000099,,,,1.000
2426,ordinary,10436614,data/2_2026.1/shard-000084.tar,336x192,none,0.0000,0.000,0.0000,0.0,0,0,0.355693,0.362222,0.006528,,,,1.000,0.356216,0.362232,0.006016,,,,0.750,0.357175,0.363102,0.005927,,,,0.750
2427,ordinary,10463810,data/2_2026.1/shard-000084.tar,336x192,none,0.0000,0.000,0.0000,0.0,0,0,0.547633,0.547700,0.000067,,,,1.000,0.549205,0.549211,0.000005,,,,0.500,0.545364,0.545418,0.000055,,,,0.750
2428,ordinary,10113292,data/2_2026.1/shard-000084.tar,368x176,none,0.0000,0.000,0.0000,0.0,0,0,0.744223,0.744036,-0.000187,,,,0.500,0.742803,0.742965,0.000161,,,,0.750,0.742427,0.742329,-0.000098,,,,0.000
2429,ordinary,10547372,data/2_2026.1/shard-000084.tar,336x192,none,0.0000,0.000,0.0000,0.0,0,0,0.802852,0.802618,-0.000234,,,,0.500,0.802973,0.802864,-0.000109,,,,0.500,0.803875,0.803753,-0.000122,,,,0.500
2430,ordinary,10360915,data/2_2026.1/shard-000084.tar,320x208,none,0.0000,0.000,0.0000,0.0,0,0,0.556148,0.553292,-0.002856,,,,0.250,0.554714,0.552987,-0.001727,,,,0.500,0.555587,0.553953,-0.001634,,,,0.250
2431,ordinary,10359937,data/2_2026.1/shard-000084.tar,320x208,none,0.0000,0.000,0.0000,0.0,0,0,0.570894,0.571912,0.001019,,,,0.750,0.572169,0.573066,0.000897,,,,0.750,0.570401,0.570921,0.000519,,,,0.750
2432,ordinary,10524620,data/2_2026.1/shard-000084.tar,320x208,none,0.0000,0.000,0.0000,0.0,0,0,0.457605,0.458597,0.000991,,,,0.500,0.458690,0.459813,0.001123,,,,0.750,0.459004,0.459923,0.000920,,,,0.750
2433,ordinary,10225044,data/2_2026.1/shard-000084.tar,256x256,none,0.0000,0.000,0.0000,0.0,0,0,0.647163,0.646509,-0.000653,,,,0.250,0.647703,0.647032,-0.000671,,,,0.500,0.645699,0.645171,-0.000528,,,,0.500
2434,ordinary,10469798,data/2_2026.1/shard-000084.tar,320x208,none,0.0000,0.000,0.0000,0.0,0,0,0.770370,0.771989,0.001620,,,,0.750,0.772115,0.773608,0.001493,,,,1.000,0.770923,0.772795,0.001872,,,,1.000
2447,ordinary,10126550,data/2_2026.1/shard-000084.tar,256x256,none,0.0000,0.000,0.0000,0.0,0,1,0.538398,0.538398,0.000000,,,,1.000,0.535277,0.535277,0.000000,,,,1.000,0.535678,0.535678,0.000000,,,,1.000
2448,ordinary,10443326,data/2_2026.1/shard-000084.tar,256x256,none,0.0000,0.000,0.0000,0.0,0,1,0.557318,0.557318,0.000000,,,,1.000,0.558484,0.558484,0.000000,,,,1.000,0.556887,0.556887,0.000000,,,,1.000
2531,ordinary,10399594,data/2_2026.1/shard-000084.tar,256x256,none,0.0000,0.000,0.0000,0.0,0,1,0.339294,0.339294,0.000000,,,,1.000,0.338497,0.338497,0.000000,,,,1.000,0.339847,0.339847,0.000000,,,,1.000
2563,ordinary,10497595,data/2_2026.1/shard-000084.tar,256x256,none,0.0000,0.000,0.0000,0.0,0,1,0.468313,0.468313,0.000000,,,,1.000,0.466412,0.466412,0.000000,,,,1.000,0.468378,0.468378,0.000000,,,,1.000
2567,ordinary,10363595,data/2_2026.1/shard-000084.tar,256x256,none,0.0000,0.000,0.0000,0.0,0,1,0.567754,0.567754,0.000000,,,,1.000,0.569341,0.569341,0.000000,,,,1.000,0.569567,0.569567,0.000000,,,,1.000
2597,ordinary,10398010,data/2_2026.1/shard-000084.tar,256x256,none,0.0000,0.000,0.0000,0.0,0,1,0.556929,0.556929,0.000000,,,,1.000,0.558956,0.558956,0.000000,,,,1.000,0.558288,0.558288,0.000000,,,,1.000
2617,ordinary,10436834,data/2_2026.1/shard-000084.tar,256x256,none,0.0000,0.000,0.0000,0.0,0,1,0.707635,0.707635,0.000000,,,,1.000,0.709610,0.709610,0.000000,,,,1.000,0.708421,0.708421,0.000000,,,,1.000
2628,ordinary,10285126,data/2_2026.1/shard-000084.tar,320x208,none,0.0000,0.000,0.0000,0.0,0,1,0.698416,0.698416,0.000000,,,,1.000,0.698667,0.698667,0.000000,,,,1.000,0.697676,0.697676,0.000000,,,,1.000
2633,ordinary,10300053,data/2_2026.1/shard-000084.tar,256x256,none,0.0000,0.000,0.0000,0.0,0,1,0.577294,0.577294,0.000000,,,,1.000,0.577352,0.577352,0.000000,,,,1.000,0.576055,0.576055,0.000000,,,,1.000
2657,ordinary,10037216,data/2_2026.1/shard-000084.tar,256x256,none,0.0000,0.000,0.0000,0.0,0,1,0.456106,0.456106,0.000000,,,,1.000,0.457512,0.457512,0.000000,,,,1.000,0.458191,0.458191,0.000000,,,,1.000
2662,ordinary,10413232,data/2_2026.1/shard-000084.tar,256x256,none,0.0000,0.000,0.0000,0.0,0,1,0.276712,0.276712,0.000000,,,,1.000,0.276947,0.276947,0.000000,,,,1.000,0.276799,0.276799,0.000000,,,,1.000
2670,ordinary,10381172,data/2_2026.1/shard-000084.tar,256x256,none,0.0000,0.000,0.0000,0.0,0,1,0.265648,0.265648,-0.000000,,,,0.750,0.263306,0.263307,0.000000,,,,1.000,0.264182,0.264182,0.000000,,,,1.000
2700,ordinary,10081884,data/2_2026.1/shard-000084.tar,256x256,none,0.0000,0.000,0.0000,0.0,0,1,0.666420,0.666420,0.000000,,,,1.000,0.668890,0.668890,0.000000,,,,1.000,0.668067,0.668067,0.000000,,,,1.000
2715,ordinary,10458571,data/2_2026.1/shard-000084.tar,256x256,none,0.0000,0.000,0.0000,0.0,0,1,0.274399,0.274416,0.000017,,,,1.000,0.274177,0.274194,0.000017,,,,1.000,0.275791,0.275801,0.000010,,,,1.000
2719,ordinary,10145177,data/2_2026.1/shard-000084.tar,256x256,none,0.0000,0.000,0.0000,0.0,0,1,0.376007,0.376007,0.000000,,,,1.000,0.377276,0.377276,0.000000,,,,1.000,0.374157,0.374157,0.000000,,,,1.000
2720,ordinary,10184886,data/2_2026.1/shard-000084.tar,288x224,none,0.0000,0.000,0.0000,0.0,0,1,0.643812,0.643812,0.000000,,,,1.000,0.643169,0.643169,0.000000,,,,1.000,0.641820,0.641820,0.000000,,,,1.000
2722,ordinary,9923403,data/2_2026.1/shard-000084.tar,256x256,none,0.0000,0.000,0.0000,0.0,0,1,0.695757,0.695757,0.000000,,,,1.000,0.696703,0.696703,0.000000,,,,1.000,0.696861,0.696861,0.000000,,,,1.000
2751,ordinary,10170319,data/2_2026.1/shard-000084.tar,256x256,none,0.0000,0.000,0.0000,0.0,0,1,0.393532,0.393532,0.000000,,,,1.000,0.395007,0.395007,0.000000,,,,1.000,0.392597,0.392597,0.000000,,,,1.000
2793,ordinary,10248553,data/2_2026.1/shard-000084.tar,256x256,none,0.0000,0.000,0.0000,0.0,0,1,0.340132,0.340132,0.000000,,,,1.000,0.338461,0.338442,-0.000019,,,,0.750,0.338288,0.338288,0.000000,,,,1.000
2803,ordinary,10161267,data/2_2026.1/shard-000084.tar,336x192,none,0.0000,0.000,0.0000,0.0,0,1,0.257765,0.257765,0.000000,,,,1.000,0.255899,0.255899,0.000000,,,,1.000,0.255820,0.255820,0.000000,,,,1.000
2804,ordinary,10441295,data/2_2026.1/shard-000084.tar,256x256,none,0.0000,0.000,0.0000,0.0,0,1,0.331310,0.331345,0.000035,,,,1.000,0.329428,0.329418,-0.000010,,,,0.750,0.328915,0.328915,0.000000,,,,1.000
2813,ordinary,10278805,data/2_2026.1/shard-000084.tar,256x256,none,0.0000,0.000,0.0000,0.0,0,1,0.369095,0.369095,0.000000,,,,1.000,0.370106,0.370106,0.000000,,,,1.000,0.369658,0.369658,0.000000,,,,1.000
2819,ordinary,10103498,data/2_2026.1/shard-000084.tar,256x256,none,0.0000,0.000,0.0000,0.0,0,1,0.550527,0.550527,0.000000,,,,1.000,0.547248,0.547248,0.000000,,,,1.000,0.549438,0.549438,0.000000,,,,1.000
2824,ordinary,10230100,data/2_2026.1/shard-000084.tar,256x256,none,0.0000,0.000,0.0000,0.0,0,1,0.505193,0.505193,0.000000,,,,1.000,0.501201,0.501201,0.000000,,,,1.000,0.503140,0.503140,0.000000,,,,1.000
2827,ordinary,10214366,data/2_2026.1/shard-000084.tar,256x256,none,0.0000,0.000,0.0000,0.0,0,1,0.849899,0.849899,0.000000,,,,1.000,0.850427,0.850427,0.000000,,,,1.000,0.849131,0.849131,0.000000,,,,1.000
2833,ordinary,10198570,data/2_2026.1/shard-000084.tar,256x256,none,0.0000,0.000,0.0000,0.0,0,1,0.317077,0.317077,0.000000,,,,1.000,0.315560,0.315560,0.000000,,,,1.000,0.315990,0.315990,0.000000,,,,1.000
2836,ordinary,10167139,data/2_2026.1/shard-000084.tar,256x256,none,0.0000,0.000,0.0000,0.0,0,1,0.370104,0.370104,0.000000,,,,1.000,0.372010,0.372010,0.000000,,,,1.000,0.370943,0.370943,0.000000,,,,1.000
2847,ordinary,10156928,data/2_2026.1/shard-000084.tar,288x224,none,0.0000,0.000,0.0000,0.0,0,1,0.513333,0.513336,0.000003,,,,1.000,0.511892,0.511854,-0.000038,,,,0.500,0.513635,0.513623,-0.000012,,,,0.500
2864,ordinary,10219647,data/2_2026.1/shard-000084.tar,288x224,none,0.0000,0.000,0.0000,0.0,0,1,0.314742,0.314742,0.000000,,,,1.000,0.320651,0.320651,0.000000,,,,1.000,0.315705,0.315705,0.000000,,,,1.000
2878,ordinary,10214918,data/2_2026.1/shard-000084.tar,256x256,none,0.0000,0.000,0.0000,0.0,0,1,0.727795,0.727795,0.000000,,,,1.000,0.730517,0.730517,0.000000,,,,1.000,0.728321,0.728321,0.000000,,,,1.000
2882,ordinary,10374578,data/2_2026.1/shard-000084.tar,256x256,none,0.0000,0.000,0.0000,0.0,0,1,0.654040,0.654040,0.000000,,,,1.000,0.653510,0.653510,0.000000,,,,1.000,0.654977,0.654977,0.000000,,,,1.000
2884,ordinary,10129084,data/2_2026.1/shard-000084.tar,256x256,none,0.0000,0.000,0.0000,0.0,0,1,0.297410,0.297410,0.000000,,,,1.000,0.296273,0.296273,0.000000,,,,1.000,0.296291,0.296291,0.000000,,,,1.000
2955,ordinary,6016503,data/1_2024/shard-000477.tar,256x256,none,0.0000,0.000,0.0000,0.0,0,1,0.328711,0.328677,-0.000034,,,,0.750,0.328906,0.328906,0.000000,,,,1.000,0.329280,0.329280,0.000000,,,,1.000
2958,ordinary,2399503,data/1_2024/shard-000477.tar,256x256,none,0.0000,0.000,0.0000,0.0,0,1,0.631950,0.631950,0.000000,,,,1.000,0.633986,0.633992,0.000006,,,,1.000,0.632985,0.632985,0.000000,,,,1.000
2961,ordinary,8055503,data/1_2024/shard-000477.tar,256x256,none,0.0000,0.000,0.0000,0.0,0,1,0.594245,0.594245,0.000000,,,,1.000,0.592770,0.592770,0.000000,,,,1.000,0.590926,0.590926,0.000000,,,,1.000
2982,ordinary,4752503,data/1_2024/shard-000477.tar,256x256,none,0.0000,0.000,0.0000,0.0,0,1,0.243380,0.243380,0.000000,,,,1.000,0.241146,0.241146,0.000000,,,,1.000,0.243380,0.243380,0.000000,,,,1.000
2991,ordinary,1499503,data/1_2024/shard-000477.tar,288x224,none,0.0000,0.000,0.0000,0.0,0,1,0.500151,0.500179,0.000028,,,,0.750,0.503611,0.503611,0.000000,,,,1.000,0.501945,0.501947,0.000001,,,,1.000
3007,ordinary,7347503,data/1_2024/shard-000477.tar,256x256,none,0.0000,0.000,0.0000,0.0,0,1,0.376655,0.376655,0.000000,,,,1.000,0.375547,0.375547,0.000000,,,,1.000,0.375492,0.375492,0.000000,,,,1.000
3016,ordinary,517503,data/1_2024/shard-000477.tar,256x256,none,0.0000,0.000,0.0000,0.0,0,1,0.724714,0.724714,0.000000,,,,1.000,0.725210,0.725210,0.000000,,,,1.000,0.723892,0.723892,0.000000,,,,1.000
3017,ordinary,1781503,data/1_2024/shard-000477.tar,256x256,none,0.0000,0.000,0.0000,0.0,0,1,0.735220,0.735220,0.000000,,,,1.000,0.735713,0.735713,0.000000,,,,1.000,0.736177,0.736177,0.000000,,,,1.000
3026,ordinary,5799503,data/1_2024/shard-000477.tar,256x256,none,0.0000,0.000,0.0000,0.0,0,1,0.474985,0.474985,0.000000,,,,1.000,0.474216,0.474274,0.000058,,,,1.000,0.478840,0.478839,-0.000001,,,,0.750
3058,ordinary,3305503,data/1_2024/shard-000477.tar,256x256,none,0.0000,0.000,0.0000,0.0,0,1,0.544539,0.544539,0.000000,,,,1.000,0.544690,0.544690,0.000000,,,,1.000,0.544787,0.544787,0.000000,,,,1.000
3090,ordinary,6598503,data/1_2024/shard-000477.tar,256x256,none,0.0000,0.000,0.0000,0.0,0,1,0.578319,0.578319,0.000000,,,,1.000,0.577946,0.577946,0.000000,,,,1.000,0.575735,0.575735,0.000000,,,,1.000
3096,ordinary,6408503,data/1_2024/shard-000477.tar,256x256,none,0.0000,0.000,0.0000,0.0,0,1,0.453552,0.453552,0.000000,,,,1.000,0.454732,0.454732,0.000000,,,,1.000,0.453922,0.453922,0.000000,,,,1.000
3101,ordinary,1343503,data/1_2024/shard-000477.tar,256x256,none,0.0000,0.000,0.0000,0.0,0,1,0.400141,0.400141,0.000000,,,,1.000,0.400307,0.400293,-0.000014,,,,0.750,0.399007,0.399007,0.000000,,,,1.000
3111,ordinary,2553503,data/1_2024/shard-000477.tar,256x256,none,0.0000,0.000,0.0000,0.0,0,1,0.365185,0.365185,0.000000,,,,1.000,0.365389,0.365389,0.000000,,,,1.000,0.365661,0.365661,0.000000,,,,1.000
3124,ordinary,3998503,data/1_2024/shard-000477.tar,256x256,none,0.0000,0.000,0.0000,0.0,0,1,0.428337,0.428337,0.000000,,,,1.000,0.429261,0.429261,0.000000,,,,1.000,0.425745,0.425745,0.000000,,,,1.000
3135,ordinary,168503,data/1_2024/shard-000477.tar,256x256,none,0.0000,0.000,0.0000,0.0,0,1,0.304931,0.304931,0.000000,,,,1.000,0.305246,0.305247,0.000001,,,,1.000,0.303559,0.303552,-0.000007,,,,0.750
3141,ordinary,2275503,data/1_2024/shard-000477.tar,256x256,none,0.0000,0.000,0.0000,0.0,0,1,0.298024,0.298024,0.000000,,,,1.000,0.299426,0.299426,0.000000,,,,1.000,0.298386,0.298386,0.000000,,,,1.000
3146,ordinary,7115503,data/1_2024/shard-000477.tar,256x256,none,0.0000,0.000,0.0000,0.0,0,1,0.871565,0.871565,0.000000,,,,1.000,0.870856,0.870856,0.000000,,,,1.000,0.869190,0.869190,0.000000,,,,1.000
3152,ordinary,5124503,data/1_2024/shard-000477.tar,256x256,none,0.0000,0.000,0.0000,0.0,0,1,0.188803,0.188800,-0.000003,,,,0.750,0.186586,0.186559,-0.000027,,,,0.500,0.189189,0.189200,0.000011,,,,1.000
3154,ordinary,7748503,data/1_2024/shard-000477.tar,256x256,none,0.0000,0.000,0.0000,0.0,0,1,0.548560,0.548560,0.000000,,,,1.000,0.549143,0.549143,0.000000,,,,1.000,0.549713,0.549713,0.000000,,,,1.000
3171,ordinary,3823503,data/1_2024/shard-000477.tar,256x256,none,0.0000,0.000,0.0000,0.0,0,1,0.406990,0.406990,0.000000,,,,1.000,0.407316,0.407316,0.000000,,,,1.000,0.406710,0.406710,0.000000,,,,1.000
3199,ordinary,722503,data/1_2024/shard-000477.tar,256x256,none,0.0000,0.000,0.0000,0.0,0,1,0.966782,0.966782,0.000000,,,,1.000,0.968809,0.968809,0.000000,,,,1.000,0.969536,0.969536,0.000000,,,,1.000
3226,ordinary,6716503,data/1_2024/shard-000477.tar,256x256,none,0.0000,0.000,0.0000,0.0,0,1,0.384430,0.384430,0.000000,,,,1.000,0.384430,0.384430,0.000000,,,,1.000,0.383521,0.383521,0.000000,,,,1.000
3227,ordinary,6541503,data/1_2024/shard-000477.tar,256x256,none,0.0000,0.000,0.0000,0.0,0,1,0.735035,0.735004,-0.000031,,,,0.750,0.736663,0.736663,0.000000,,,,1.000,0.735417,0.735403,-0.000014,,,,0.750
3229,ordinary,475503,data/1_2024/shard-000477.tar,256x256,none,0.0000,0.000,0.0000,0.0,0,1,0.672831,0.672831,0.000000,,,,1.000,0.671812,0.671812,0.000000,,,,1.000,0.670251,0.670251,0.000000,,,,1.000
3240,ordinary,2000503,data/1_2024/shard-000477.tar,256x256,none,0.0000,0.000,0.0000,0.0,0,1,0.380807,0.380807,0.000000,,,,1.000,0.379373,0.379373,0.000000,,,,1.000,0.382265,0.382265,0.000000,,,,1.000
3246,ordinary,4526503,data/1_2024/shard-000477.tar,256x256,none,0.0000,0.000,0.0000,0.0,0,1,0.451189,0.451189,0.000000,,,,1.000,0.453074,0.453074,0.000000,,,,1.000,0.450633,0.450633,0.000000,,,,1.000
3256,ordinary,1743503,data/1_2024/shard-000477.tar,256x256,none,0.0000,0.000,0.0000,0.0,0,1,0.228689,0.228689,0.000000,,,,1.000,0.229999,0.229978,-0.000020,,,,0.750,0.228935,0.228935,0.000000,,,,1.000
3262,ordinary,2389503,data/1_2024/shard-000477.tar,256x256,none,0.0000,0.000,0.0000,0.0,0,1,0.734091,0.734091,0.000000,,,,1.000,0.733875,0.733875,0.000000,,,,1.000,0.734319,0.734319,0.000000,,,,1.000
3278,ordinary,501503,data/1_2024/shard-000477.tar,256x256,none,0.0000,0.000,0.0000,0.0,0,1,0.330429,0.330429,0.000000,,,,1.000,0.330958,0.330958,0.000000,,,,1.000,0.330405,0.330405,0.000000,,,,1.000
3290,ordinary,7089503,data/1_2024/shard-000477.tar,256x256,none,0.0000,0.000,0.0000,0.0,0,1,0.560176,0.560176,0.000000,,,,1.000,0.560317,0.560317,0.000000,,,,1.000,0.558559,0.558559,0.000000,,,,1.000
3291,ordinary,554503,data/1_2024/shard-000477.tar,256x256,none,0.0000,0.000,0.0000,0.0,0,1,0.447815,0.447815,0.000000,,,,1.000,0.446121,0.446121,0.000000,,,,1.000,0.447192,0.447192,0.000000,,,,1.000
3292,ordinary,2468503,data/1_2024/shard-000477.tar,256x256,none,0.0000,0.000,0.0000,0.0,0,1,0.178148,0.178148,0.000000,,,,1.000,0.179276,0.179276,0.000000,,,,1.000,0.179062,0.179062,0.000000,,,,1.000
3293,ordinary,4370503,data/1_2024/shard-000477.tar,256x256,none,0.0000,0.000,0.0000,0.0,0,1,0.543689,0.543689,0.000000,,,,1.000,0.543092,0.543092,0.000000,,,,1.000,0.542742,0.542742,0.000000,,,,1.000
3311,ordinary,1144503,data/1_2024/shard-000477.tar,256x256,none,0.0000,0.000,0.0000,0.0,0,1,0.516445,0.516442,-0.000003,,,,0.750,0.518407,0.518365,-0.000042,,,,0.250,0.514340,0.514340,0.000000,,,,1.000
3314,ordinary,1364503,data/1_2024/shard-000477.tar,256x256,none,0.0000,0.000,0.0000,0.0,0,1,0.500539,0.500513,-0.000026,,,,0.500,0.501703,0.501703,0.000000,,,,1.000,0.499967,0.499967,0.000000,,,,1.000
3322,ordinary,7093503,data/1_2024/shard-000477.tar,256x256,none,0.0000,0.000,0.0000,0.0,0,1,0.416438,0.416438,0.000000,,,,1.000,0.415836,0.415836,0.000000,,,,1.000,0.418417,0.418417,0.000000,,,,1.000
3332,ordinary,7811503,data/1_2024/shard-000477.tar,256x256,none,0.0000,0.000,0.0000,0.0,0,1,0.302313,0.302313,0.000000,,,,1.000,0.302597,0.302597,0.000000,,,,1.000,0.301359,0.301359,0.000000,,,,1.000
3337,ordinary,2466503,data/1_2024/shard-000477.tar,256x256,none,0.0000,0.000,0.0000,0.0,0,1,0.481655,0.481655,0.000000,,,,1.000,0.480422,0.480422,0.000000,,,,1.000,0.480910,0.480910,0.000000,,,,1.000
3384,ordinary,7860503,data/1_2024/shard-000477.tar,256x256,none,0.0000,0.000,0.0000,0.0,0,1,0.378700,0.378700,0.000000,,,,1.000,0.377217,0.377217,0.000000,,,,1.000,0.377198,0.377198,0.000000,,,,1.000
3390,ordinary,7310503,data/1_2024/shard-000477.tar,256x256,none,0.0000,0.000,0.0000,0.0,0,1,0.499712,0.499712,0.000000,,,,1.000,0.499375,0.499375,0.000000,,,,1.000,0.497851,0.497851,0.000000,,,,1.000
3408,ordinary,8315503,data/1_2024/shard-000477.tar,256x256,none,0.0000,0.000,0.0000,0.0,0,1,0.395667,0.395667,0.000000,,,,1.000,0.396564,0.396564,0.000000,,,,1.000,0.397411,0.397411,0.000000,,,,1.000
3409,ordinary,7865503,data/1_2024/shard-000477.tar,256x256,none,0.0000,0.000,0.0000,0.0,0,1,0.378761,0.378761,0.000000,,,,1.000,0.375452,0.375452,0.000000,,,,1.000,0.376255,0.376255,0.000000,,,,1.000
3412,ordinary,4167503,data/1_2024/shard-000477.tar,256x256,none,0.0000,0.000,0.0000,0.0,0,1,0.782545,0.782545,0.000000,,,,1.000,0.782029,0.782029,0.000000,,,,1.000,0.779967,0.779967,0.000000,,,,1.000
3414,ordinary,2487503,data/1_2024/shard-000477.tar,256x256,none,0.0000,0.000,0.0000,0.0,0,1,0.432600,0.432604,0.000004,,,,1.000,0.437943,0.438001,0.000058,,,,1.000,0.432283,0.432277,-0.000006,,,,0.750
3429,ordinary,3482503,data/1_2024/shard-000477.tar,256x256,none,0.0000,0.000,0.0000,0.0,0,1,0.448486,0.448486,0.000000,,,,1.000,0.447852,0.447852,0.000000,,,,1.000,0.449218,0.449218,0.000000,,,,1.000
3449,ordinary,885503,data/1_2024/shard-000477.tar,256x256,none,0.0000,0.000,0.0000,0.0,0,1,0.514680,0.514680,0.000000,,,,1.000,0.511642,0.511642,0.000000,,,,1.000,0.512423,0.512423,0.000000,,,,1.000
3450,ordinary,2674503,data/1_2024/shard-000477.tar,256x256,none,0.0000,0.000,0.0000,0.0,0,1,0.112611,0.112611,0.000000,,,,1.000,0.110533,0.110533,0.000000,,,,1.000,0.110025,0.110025,0.000000,,,,1.000
3459,ordinary,5733503,data/1_2024/shard-000477.tar,256x256,none,0.0000,0.000,0.0000,0.0,0,1,0.216714,0.216714,0.000000,,,,1.000,0.215620,0.215620,0.000000,,,,1.000,0.216766,0.216766,0.000000,,,,1.000
3475,ordinary,1480503,data/1_2024/shard-000477.tar,256x256,none,0.0000,0.000,0.0000,0.0,0,1,0.599835,0.599835,0.000000,,,,1.000,0.599696,0.599696,0.000000,,,,1.000,0.599396,0.599396,0.000000,,,,1.000
3529,ordinary,4686503,data/1_2024/shard-000477.tar,256x256,none,0.0000,0.000,0.0000,0.0,0,1,0.712053,0.712053,0.000000,,,,1.000,0.711674,0.711674,0.000000,,,,1.000,0.712470,0.712470,0.000000,,,,1.000
3534,ordinary,6492503,data/1_2024/shard-000477.tar,256x256,none,0.0000,0.000,0.0000,0.0,0,1,0.198869,0.198869,0.000000,,,,1.000,0.198007,0.198007,0.000000,,,,1.000,0.198544,0.198544,0.000000,,,,1.000
3568,ordinary,6201503,data/1_2024/shard-000477.tar,256x256,none,0.0000,0.000,0.0000,0.0,0,1,0.460954,0.460954,0.000000,,,,1.000,0.460076,0.460076,0.000000,,,,1.000,0.456486,0.456486,0.000000,,,,1.000
3587,ordinary,3215503,data/1_2024/shard-000477.tar,256x256,none,0.0000,0.000,0.0000,0.0,0,1,0.620031,0.620031,0.000000,,,,1.000,0.619754,0.619754,0.000000,,,,1.000,0.618057,0.618057,0.000000,,,,1.000
3592,ordinary,4005503,data/1_2024/shard-000477.tar,256x256,none,0.0000,0.000,0.0000,0.0,0,1,0.378631,0.378631,0.000000,,,,1.000,0.379415,0.379415,0.000000,,,,1.000,0.381038,0.381038,0.000000,,,,1.000
3624,ordinary,8220503,data/1_2024/shard-000477.tar,256x256,none,0.0000,0.000,0.0000,0.0,0,1,0.542818,0.542818,0.000000,,,,1.000,0.541744,0.541744,0.000000,,,,1.000,0.542495,0.542495,0.000000,,,,1.000
3658,ordinary,4492503,data/1_2024/shard-000477.tar,256x256,none,0.0000,0.000,0.0000,0.0,0,1,0.389347,0.389347,0.000000,,,,1.000,0.390455,0.390455,0.000000,,,,1.000,0.389438,0.389438,0.000000,,,,1.000
3659,ordinary,2694503,data/1_2024/shard-000477.tar,256x256,none,0.0000,0.000,0.0000,0.0,0,1,0.565122,0.565122,0.000000,,,,1.000,0.564987,0.564987,0.000000,,,,1.000,0.564745,0.564745,0.000000,,,,1.000
3705,ordinary,8256503,data/1_2024/shard-000477.tar,256x256,none,0.0000,0.000,0.0000,0.0,0,1,0.369415,0.369415,0.000000,,,,1.000,0.369333,0.369333,0.000000,,,,1.000,0.368201,0.368201,0.000000,,,,1.000
3730,ordinary,509503,data/1_2024/shard-000477.tar,256x256,none,0.0000,0.000,0.0000,0.0,0,1,0.756586,0.756586,0.000000,,,,1.000,0.754404,0.754404,0.000000,,,,1.000,0.757528,0.757528,0.000000,,,,1.000
3733,ordinary,1088503,data/1_2024/shard-000477.tar,256x256,none,0.0000,0.000,0.0000,0.0,0,1,0.412945,0.412945,0.000000,,,,1.000,0.412098,0.412098,0.000000,,,,1.000,0.411889,0.411889,0.000000,,,,1.000
3739,ordinary,1525503,data/1_2024/shard-000477.tar,256x256,none,0.0000,0.000,0.0000,0.0,0,1,0.627528,0.627528,0.000000,,,,1.000,0.628986,0.628986,0.000000,,,,1.000,0.627131,0.627131,0.000000,,,,1.000
3790,ordinary,3055503,data/1_2024/shard-000477.tar,256x256,none,0.0000,0.000,0.0000,0.0,0,1,0.255024,0.255024,0.000000,,,,1.000,0.253964,0.253964,0.000000,,,,1.000,0.255782,0.255782,0.000000,,,,1.000
3811,ordinary,1926503,data/1_2024/shard-000477.tar,256x256,none,0.0000,0.000,0.0000,0.0,0,1,0.486044,0.486044,0.000000,,,,1.000,0.486740,0.486740,0.000000,,,,1.000,0.487732,0.487732,0.000000,,,,1.000
3823,ordinary,7165503,data/1_2024/shard-000477.tar,256x256,none,0.0000,0.000,0.0000,0.0,0,1,0.791327,0.791327,0.000000,,,,1.000,0.789930,0.789930,0.000000,,,,1.000,0.790444,0.790444,0.000000,,,,1.000
3824,ordinary,1125503,data/1_2024/shard-000477.tar,256x256,none,0.0000,0.000,0.0000,0.0,0,1,0.495229,0.495229,0.000000,,,,1.000,0.495892,0.495892,0.000000,,,,1.000,0.496582,0.496582,0.000000,,,,1.000
3846,ordinary,6091503,data/1_2024/shard-000477.tar,256x256,none,0.0000,0.000,0.0000,0.0,0,1,0.577746,0.577746,0.000000,,,,1.000,0.577734,0.577734,0.000000,,,,1.000,0.575868,0.575868,0.000000,,,,1.000
3856,ordinary,1261503,data/1_2024/shard-000477.tar,256x256,none,0.0000,0.000,0.0000,0.0,0,1,0.866231,0.866231,0.000000,,,,1.000,0.867042,0.867062,0.000020,,,,0.750,0.866723,0.866723,0.000000,,,,1.000
3864,ordinary,1217503,data/1_2024/shard-000477.tar,256x256,none,0.0000,0.000,0.0000,0.0,0,1,0.425259,0.425246,-0.000014,,,,0.750,0.425334,0.425292,-0.000043,,,,0.500,0.424418,0.424416,-0.000002,,,,0.750
3874,ordinary,5597503,data/1_2024/shard-000477.tar,256x256,none,0.0000,0.000,0.0000,0.0,0,1,0.502675,0.502675,0.000000,,,,1.000,0.499979,0.499979,0.000000,,,,1.000,0.502330,0.502330,0.000000,,,,1.000
3886,ordinary,681503,data/1_2024/shard-000477.tar,256x256,none,0.0000,0.000,0.0000,0.0,0,1,0.467685,0.467694,0.000009,,,,1.000,0.468682,0.468711,0.000029,,,,0.750,0.469022,0.469028,0.000005,,,,0.750
3896,ordinary,604503,data/1_2024/shard-000477.tar,256x256,none,0.0000,0.000,0.0000,0.0,0,1,0.677650,0.677650,0.000000,,,,1.000,0.677425,0.677425,0.000000,,,,1.000,0.679424,0.679424,0.000000,,,,1.000
3902,ordinary,2394503,data/1_2024/shard-000477.tar,256x256,none,0.0000,0.000,0.0000,0.0,0,1,0.500726,0.500726,0.000000,,,,1.000,0.501746,0.501746,0.000000,,,,1.000,0.502401,0.502401,0.000000,,,,1.000
3919,ordinary,595503,data/1_2024/shard-000477.tar,256x256,none,0.0000,0.000,0.0000,0.0,0,1,0.131382,0.131382,0.000000,,,,1.000,0.131577,0.131577,0.000000,,,,1.000,0.130601,0.130601,0.000000,,,,1.000
3931,ordinary,3230503,data/1_2024/shard-000477.tar,256x256,none,0.0000,0.000,0.0000,0.0,0,1,0.217189,0.217189,0.000000,,,,1.000,0.217196,0.217196,0.000000,,,,1.000,0.217245,0.217245,0.000000,,,,1.000
3940,ordinary,2464503,data/1_2024/shard-000477.tar,256x256,none,0.0000,0.000,0.0000,0.0,0,1,0.482930,0.482930,0.000000,,,,1.000,0.481675,0.481675,0.000000,,,,1.000,0.482661,0.482661,0.000000,,,,1.000
3954,ordinary,4536503,data/1_2024/shard-000477.tar,256x256,none,0.0000,0.000,0.0000,0.0,0,1,0.475657,0.475657,0.000000,,,,1.000,0.474865,0.474865,0.000000,,,,1.000,0.474222,0.474222,0.000000,,,,1.000
3960,ordinary,5326503,data/1_2024/shard-000477.tar,256x256,none,0.0000,0.000,0.0000,0.0,0,1,0.434738,0.434738,0.000000,,,,1.000,0.433891,0.433891,0.000000,,,,1.000,0.436013,0.436013,0.000000,,,,1.000
3967,ordinary,3400503,data/1_2024/shard-000477.tar,256x256,none,0.0000,0.000,0.0000,0.0,0,1,0.260699,0.260699,0.000000,,,,1.000,0.260391,0.260391,0.000000,,,,1.000,0.260561,0.260561,0.000000,,,,1.000
3970,ordinary,414503,data/1_2024/shard-000477.tar,256x256,none,0.0000,0.000,0.0000,0.0,0,1,0.480412,0.480412,0.000000,,,,1.000,0.477911,0.477911,0.000000,,,,1.000,0.480849,0.480849,0.000000,,,,1.000
3973,ordinary,4140503,data/1_2024/shard-000477.tar,256x256,none,0.0000,0.000,0.0000,0.0,0,1,0.621040,0.621040,0.000000,,,,1.000,0.619564,0.619564,0.000000,,,,1.000,0.620961,0.620961,0.000000,,,,1.000
3976,ordinary,4132503,data/1_2024/shard-000477.tar,256x256,none,0.0000,0.000,0.0000,0.0,0,1,0.402798,0.402798,0.000000,,,,1.000,0.399266,0.399266,0.000000,,,,1.000,0.399647,0.399647,0.000000,,,,1.000
3981,ordinary,5450503,data/1_2024/shard-000477.tar,256x256,none,0.0000,0.000,0.0000,0.0,0,1,0.413798,0.413798,0.000000,,,,1.000,0.414339,0.414339,0.000000,,,,1.000,0.413566,0.413566,0.000000,,,,1.000
3984,ordinary,6830503,data/1_2024/shard-000477.tar,256x256,none,0.0000,0.000,0.0000,0.0,0,1,0.563197,0.563197,0.000000,,,,1.000,0.561521,0.561521,0.000000,,,,1.000,0.563525,0.563525,0.000000,,,,1.000
4001,ordinary,2296503,data/1_2024/shard-000477.tar,256x256,none,0.0000,0.000,0.0000,0.0,0,1,0.594122,0.594122,0.000000,,,,1.000,0.598106,0.598106,0.000000,,,,1.000,0.595096,0.595096,0.000000,,,,1.000
4011,ordinary,780503,data/1_2024/shard-000477.tar,256x256,none,0.0000,0.000,0.0000,0.0,0,1,0.520037,0.520037,0.000000,,,,1.000,0.518921,0.518921,0.000000,,,,1.000,0.520206,0.520206,0.000000,,,,1.000
4016,ordinary,3802503,data/1_2024/shard-000477.tar,256x256,none,0.0000,0.000,0.0000,0.0,0,1,0.434904,0.434904,0.000000,,,,1.000,0.437428,0.437428,0.000000,,,,1.000,0.436445,0.436445,0.000000,,,,1.000
4022,ordinary,6505503,data/1_2024/shard-000477.tar,256x256,none,0.0000,0.000,0.0000,0.0,0,1,0.540826,0.540826,0.000000,,,,1.000,0.542105,0.542105,0.000000,,,,1.000,0.541872,0.541872,0.000000,,,,1.000
4026,ordinary,7762503,data/1_2024/shard-000477.tar,256x256,none,0.0000,0.000,0.0000,0.0,0,1,0.554276,0.554276,0.000000,,,,1.000,0.552234,0.552234,0.000000,,,,1.000,0.549875,0.549875,0.000000,,,,1.000
4066,ordinary,879503,data/1_2024/shard-000477.tar,256x256,none,0.0000,0.000,0.0000,0.0,0,1,0.212267,0.212267,0.000000,,,,1.000,0.211304,0.211304,0.000000,,,,1.000,0.211024,0.211024,0.000000,,,,1.000
4072,ordinary,7404503,data/1_2024/shard-000477.tar,256x256,none,0.0000,0.000,0.0000,0.0,0,1,0.363478,0.363461,-0.000016,,,,0.750,0.363576,0.363582,0.000007,,,,0.750,0.363854,0.363850,-0.000005,,,,0.750
4073,ordinary,6671503,data/1_2024/shard-000477.tar,256x256,none,0.0000,0.000,0.0000,0.0,0,1,0.311363,0.311363,0.000000,,,,1.000,0.309151,0.309151,0.000000,,,,1.000,0.312195,0.312195,0.000000,,,,1.000
4075,ordinary,479503,data/1_2024/shard-000477.tar,256x256,none,0.0000,0.000,0.0000,0.0,0,1,0.500750,0.500750,0.000000,,,,1.000,0.497978,0.497978,0.000000,,,,1.000,0.498450,0.498450,0.000000,,,,1.000
