pair_id,source_shard,sample_id,original_side,zoom_band,k_start,k_end,available,full_height,signed_shift_start,latent_shift,latent_band,in_balanced_subset,content_asymmetry,m_top_pre_A,m_top_pre_B,m_top_control_A,m_top_control_B,m_top_treatment_A,m_top_treatment_B,m_bot_pre_A,m_bot_pre_B,m_bot_control_A,m_bot_control_B,m_bot_treatment_A,m_bot_treatment_B,f_top_pre_A,f_top_pre_B,f_top_control_A,f_top_control_B,f_top_treatment_A,f_top_treatment_B,f_bot_pre_A,f_bot_pre_B,f_bot_control_A,f_bot_control_B,f_bot_treatment_A,f_bot_treatment_B,i_top_C0/T0,i_top_C0/T1,i_top_C1/T0,i_top_C1/T1,i_bot_C0/T0,i_bot_C0/T1,i_bot_C1/T0,i_bot_C1/T1,i_g_C0/T0,i_g_C0/T1,i_g_C1/T0,i_g_C1/T1
0,data/1_2024/shard-000477.tar,6503,START,medium,29,111,140,396,-41,2.5625,2to4,False,0.012757628999999999,0.00040368735790252686,0.00040368735790252686,0.00061121582984924316,0.00061121582984924316,0.00073765218257904053,0.00065575540065765381,0.0063965320587158203,0.0063965320587158203,0.0063157379627227783,0.0063157379627227783,0.0062720924615859985,0.0063686072826385498,0,0,0,0,0,0,0,0,0,0,0,0,0.00012643635272979736,4.4539570808410645e-05,0.00012643635272979736,4.4539570808410645e-05,-4.3645501136779785e-05,5.2869319915771484e-05,-4.3645501136779785e-05,5.2869319915771484e-05,0.00017008185386657715,-8.3297491073608398e-06,0.00017008185386657715,-8.3297491073608398e-06
1,data/1_2024/shard-000477.tar,13503,END,mild,21,88,109,365,-33.5,2.09375,2to4,True,0.005147703,0.00043080002069473267,0.00043080002069473267,0.00048805028200149536,0.00048805028200149536,0.00043396651744842529,0.00043396651744842529,0.003637164831161499,0.003637164831161499,0.0035362094640731812,0.0035362094640731812,0.0037637203931808472,0.0037637203931808472,0,0,0,0,0,0,0,0,0,0,0,0,-5.4083764553070068e-05,-5.4083764553070068e-05,-5.4083764553070068e-05,-5.4083764553070068e-05,0.00022751092910766602,0.00022751092910766602,0.00022751092910766602,0.00022751092910766602,-0.00028159469366073608,-0.00028159469366073608,-0.00028159469366073608,-0.00028159469366073608
2,data/1_2024/shard-000477.tar,16375,END,mild,19,87,106,362,-34,2.125,2to4,True,0.0018197599999999999,0.0051891803741455078,0.0051891803741455078,0.0057248175144195557,0.0057248175144195557,0.0046618729829788208,0.0046618729829788208,0.0030908957123756409,0.0030908957123756409,0.0026738643646240234,0.0026738643646240234,0.0036186426877975464,0.0036186426877975464,0,0,0,0,0,0,0,0,0,0,0,0,-0.0010629445314407349,-0.0010629445314407349,-0.0010629445314407349,-0.0010629445314407349,0.00094477832317352295,0.00094477832317352295,0.00094477832317352295,0.00094477832317352295,-0.0020077228546142578,-0.0020077228546142578,-0.0020077228546142578,-0.0020077228546142578
3,data/1_2024/shard-000477.tar,30375,START,medium,21,111,132,388,-45,2.8125,2to4,True,0.001411196,0.0016152597963809967,0.0016152597963809967,0.0025997571647167206,0.0025297552347183228,0.0024937577545642853,0.0024937577545642853,0.020303666591644287,0.020303666591644287,0.02043784037232399,0.02027709037065506,0.017091020941734314,0.017091020941734314,0,0,0,0,0,0,0,0,0,0,0,0,-0.0001059994101524353,-0.0001059994101524353,-3.5997480154037476e-05,-3.5997480154037476e-05,-0.0033468194305896759,-0.0033468194305896759,-0.0031860694289207458,-0.0031860694289207458,0.0032408200204372406,0.0032408200204372406,0.0031500719487667084,0.0031500719487667084
4,data/1_2024/shard-000477.tar,50375,START,medium,51,105,156,412,-27,1.6875,lt2,True,0.0080452639999999999,0.00023718923330307007,0.00023718923330307007,0.00034547597169876099,0.00034547597169876099,5.1826238632202148e-05,5.1826238632202148e-05,-0.00070168823003768921,-0.00070168823003768921,-0.00049627572298049927,-0.00049627572298049927,-0.0011431798338890076,-0.0011431798338890076,0,0,0,0,0,0,0,0,0,0,0,0,-0.00029364973306655884,-0.00029364973306655884,-0.00029364973306655884,-0.00029364973306655884,-0.0006469041109085083,-0.0006469041109085083,-0.0006469041109085083,-0.0006469041109085083,0.00035325437784194946,0.00035325437784194946,0.00035325437784194946,0.00035325437784194946
5,data/1_2024/shard-000477.tar,83503,END,mild,3,94,97,353,-45.5,2.84375,2to4,False,0.015701593999999999,0.0017041563987731934,0.0017041563987731934,0.0019097477197647095,0.0019097477197647095,0.00074015557765960693,0.00074015557765960693,0.001644134521484375,0.001644134521484375,0.0018757283687591553,0.0018757283687591553,0.0021846741437911987,0.0021846741437911987,0,0,0,0,0,0,0,0,0,0,0,0,-0.0011695921421051025,-0.0011695921421051025,-0.0011695921421051025,-0.0011695921421051025,0.00030894577503204346,0.00030894577503204346,0.00030894577503204346,0.00030894577503204346,-0.001478537917137146,-0.001478537917137146,-0.001478537917137146,-0.001478537917137146
6,data/1_2024/shard-000477.tar,84503,START,mild,1,95,96,352,-47,2.9375,2to4,False,0.026331987000000001,0.0029081255197525024,0.0029364079236984253,0.0030767619609832764,0.0030767619609832764,0.0033655762672424316,0.0033744722604751587,0.0075055956840515137,0.0074981749057769775,0.0069461464881896973,0.0069524794816970825,0.0064331740140914917,0.0064882338047027588,-1.6242265701293945e-06,0,-4.4792890548706055e-05,0,-9.2983245849609375e-06,2.3186206817626953e-05,0,0,0,-3.5911798477172852e-06,5.9604644775390625e-06,3.0696392059326172e-06,0.00025331974029541016,0.00022973120212554932,0.00029811263084411621,0.00027452409267425537,-0.00051893293857574463,-0.00046098232269287109,-0.00052885711193084717,-0.00047090649604797363,0.00077225267887115479,0.00069071352481842041,0.00082696974277496338,0.000745430588722229
7,data/1_2024/shard-000477.tar,117375,END,mild,5,80,85,341,-37.5,2.34375,2to4,False,0.0091107640000000004,0.014482475817203522,0.014482475817203522,0.015129197388887405,0.015129197388887405,0.014863379299640656,0.014863379299640656,0.0083085261285305023,0.0083085261285305023,0.010063719004392624,0.010063719004392624,0.0087615139782428741,0.0087615139782428741,0,0,0,0,0,0,0,0,0,0,0,0,-0.00026581808924674988,-0.00026581808924674988,-0.00026581808924674988,-0.00026581808924674988,-0.0013022050261497498,-0.0013022050261497498,-0.0013022050261497498,-0.0013022050261497498,0.0010363869369029999,0.0010363869369029999,0.0010363869369029999,0.0010363869369029999
8,data/1_2024/shard-000477.tar,117503,END,medium,45,103,148,404,-29,1.8125,lt2,True,0.0019639620000000001,0.0032449066638946533,0.0032449066638946533,0.0021268799901008606,0.0021268799901008606,0.0034013688564300537,0.0034013688564300537,0.0024207308888435364,0.0024207308888435364,0.0031542778015136719,0.0031542778015136719,0.0022324025630950928,0.0022324025630950928,0,0,0,0,0,0,0,0,0,0,0,0,0.0012744888663291931,0.0012744888663291931,0.0012744888663291931,0.0012744888663291931,-0.0009218752384185791,-0.0009218752384185791,-0.0009218752384185791,-0.0009218752384185791,0.0021963641047477722,0.0021963641047477722,0.0021963641047477722,0.0021963641047477722
9,data/1_2024/shard-000477.tar,121375,START,medium,22,133,155,411,-55.5,3.46875,2to4,True,0.0084715780000000004,0.0024713426828384399,0.0024713426828384399,0.0036176517605781555,0.0036176517605781555,0.0029167309403419495,0.0029167309403419495,0.0019191130995750427,0.0019191130995750427,0.0031893923878669739,0.0031893923878669739,0.0033405497670173645,0.0033405497670173645,0,0,0,0,0,0,0,0,0,0,0,0,-0.00070092082023620605,-0.00070092082023620605,-0.00070092082023620605,-0.00070092082023620605,0.00015115737915039062,0.00015115737915039062,0.00015115737915039062,0.00015115737915039062,-0.00085207819938659668,-0.00085207819938659668,-0.00085207819938659668,-0.00085207819938659668
10,data/1_2024/shard-000477.tar,124375,START,mild,11,80,91,347,-34.5,2.15625,2to4,False,0.0097466259999999996,0.0033072754740715027,0.0033072754740715027,0.0034174993634223938,0.0034174993634223938,0.0029184073209762573,0.0029184073209762573,0.001444794237613678,0.001444794237613678,0.00066720694303512573,0.00066720694303512573,0.0014382228255271912,0.0014382228255271912,0,0,0,0,0,0,0,0,0,0,0,0,-0.00049909204244613647,-0.00049909204244613647,-0.00049909204244613647,-0.00049909204244613647,0.00077101588249206543,0.00077101588249206543,0.00077101588249206543,0.00077101588249206543,-0.0012701079249382019,-0.0012701079249382019,-0.0012701079249382019,-0.0012701079249382019
11,data/1_2024/shard-000477.tar,124503,END,mild,4,65,69,325,-30.5,1.90625,lt2,True,0.004446335,0.0022469833493232727,0.0022469833493232727,0.0019550696015357971,0.0019550696015357971,0.0023575276136398315,0.0023575276136398315,0.0088037624955177307,0.0088037624955177307,0.008612312376499176,0.008612312376499176,0.0083900690078735352,0.0083900690078735352,0,0,0,0,0,0,0,0,0,0,0,0,0.00040245801210403442,0.00040245801210403442,0.00040245801210403442,0.00040245801210403442,-0.00022224336862564087,-0.00022224336862564087,-0.00022224336862564087,-0.00022224336862564087,0.00062470138072967529,0.00062470138072967529,0.00062470138072967529,0.00062470138072967529
12,data/1_2024/shard-000477.tar,133375,START,medium,26,166,192,448,-70,4.375,ge4,True,3.5166999999999997e-05,0.0065462663769721985,0.0065462663769721985,0.0055237412452697754,0.0055237412452697754,0.0067920535802841187,0.0067920535802841187,0.0049926042556762695,0.0049926042556762695,0.010525569319725037,0.010525569319725037,0.0084333941340446472,0.0084333941340446472,0,0,0,0,0,0,0,0,0,0,0,0,0.0012683123350143433,0.0012683123350143433,0.0012683123350143433,0.0012683123350143433,-0.0020921751856803894,-0.0020921751856803894,-0.0020921751856803894,-0.0020921751856803894,0.0033604875206947327,0.0033604875206947327,0.0033604875206947327,0.0033604875206947327
13,data/1_2024/shard-000477.tar,169503,START,mild,7,99,106,362,-46,2.875,2to4,True,0.003250092,0.0040694177150726318,0.0040694177150726318,0.0049951374530792236,0.0049951374530792236,0.0034526586532592773,0.0034526586532592773,0.0019831061363220215,0.0019831061363220215,0.0016296356916427612,0.0016296356916427612,0.0018376260995864868,0.0018376260995864868,0,0,0,0,0,0,0,0,0,0,0,0,-0.0015424787998199463,-0.0015424787998199463,-0.0015424787998199463,-0.0015424787998199463,0.00020799040794372559,0.00020799040794372559,0.00020799040794372559,0.00020799040794372559,-0.0017504692077636719,-0.0017504692077636719,-0.0017504692077636719,-0.0017504692077636719
14,data/1_2024/shard-000477.tar,172375,END,mild,0,103,103,359,-51.5,3.21875,2to4,False,0.0098608429999999993,0.0039484798908233643,0.0039484798908233643,0.0045977085828781128,0.0045977085828781128,0.0044244974851608276,0.0044244974851608276,0.0012571066617965698,0.0012571066617965698,0.0013137608766555786,0.0013137608766555786,0.00047075748443603516,0.00047075748443603516,0,0,0,0,0,0,0,0,0,0,0,0,-0.00017321109771728516,-0.00017321109771728516,-0.00017321109771728516,-0.00017321109771728516,-0.00084300339221954346,-0.00084300339221954346,-0.00084300339221954346,-0.00084300339221954346,0.0006697922945022583,0.0006697922945022583,0.0006697922945022583,0.0006697922945022583
15,data/1_2024/shard-000477.tar,177503,END,medium,28,118,146,402,-45,2.8125,2to4,False,0.013872109000000001,0.00067427754402160645,0.00067427754402160645,0.00066103041172027588,0.00066103041172027588,0.0016034431755542755,0.0016034431755542755,-0.0097048431634902954,-0.0097048431634902954,-0.0083318650722503662,-0.0083318650722503662,-0.008013550192117691,-0.008013550192117691,0,0,0,0,0,0,0,0,0,0,0,0,0.00094241276383399963,0.00094241276383399963,0.00094241276383399963,0.00094241276383399963,0.00031831488013267517,0.00031831488013267517,0.00031831488013267517,0.00031831488013267517,0.00062409788370132446,0.00062409788370132446,0.00062409788370132446,0.00062409788370132446
16,data/1_2024/shard-000477.tar,182503,START,mild,4,81,85,341,-38.5,2.40625,2to4,True,0.0014519540000000001,0.0012469366192817688,0.0012019872665405273,0.00053131580352783203,0.0005634799599647522,0.001337490975856781,0.0013065561652183533,0.0013447403907775879,0.0013435035943984985,0.0013033747673034668,0.0011730045080184937,0.0011791959404945374,0.0011833533644676208,0,1.9088387489318848e-05,-1.2055039405822754e-05,-3.5472214221954346e-05,4.0084123611450195e-06,0,0,3.9815902709960938e-05,7.845461368560791e-05,-8.9049339294433594e-05,1.7732381820678711e-05,0,0.0007901117205619812,0.00076318532228469849,0.00073453038930892944,0.00070760399103164673,-6.3456594944000244e-05,-4.1566789150238037e-05,-0.0001005902886390686,-7.8700482845306396e-05,0.00085356831550598145,0.00080475211143493652,0.00083512067794799805,0.00078630447387695312
17,data/1_2024/shard-000477.tar,183503,START,medium,61,136,197,453,-37.5,2.34375,2to4,True,0.0019473279999999999,0.0014242231845855713,0.0014242231845855713,0.001306578516960144,0.001306578516960144,0.0015105456113815308,0.0015105456113815308,0.00058469176292419434,0.00058469176292419434,0.00040034949779510498,0.00040034949779510498,-0.00036501884460449219,-0.00036501884460449219,0,0,0,0,0,0,0,0,0,0,0,0,0.00020396709442138672,0.00020396709442138672,0.00020396709442138672,0.00020396709442138672,-0.00076536834239959717,-0.00076536834239959717,-0.00076536834239959717,-0.00076536834239959717,0.00096933543682098389,0.00096933543682098389,0.00096933543682098389,0.00096933543682098389
18,data/1_2024/shard-000477.tar,231503,END,mild,24,82,106,362,-29,1.8125,lt2,False,0.011493534,0.0023300051689147949,0.0023300051689147949,0.00045941770076751709,0.00045941770076751709,0.0021993666887283325,0.0021993666887283325,0.0017248988151550293,0.0017248988151550293,0.0016747415065765381,0.0016747415065765381,0.0012041926383972168,0.0012041926383972168,0,0,0,0,0,0,0,0,0,0,0,0,0.0017399489879608154,0.0017399489879608154,0.0017399489879608154,0.0017399489879608154,-0.00047054886817932129,-0.00047054886817932129,-0.00047054886817932129,-0.00047054886817932129,0.0022104978561401367,0.0022104978561401367,0.0022104978561401367,0.0022104978561401367
19,data/1_2024/shard-000477.tar,240503,START,mild,21,60,81,337,-19.5,1.21875,lt2,True,0.001581013,0.0020605325698852539,0.0020605325698852539,0.0016956925392150879,0.0016956925392150879,0.0022099316120147705,0.0022099316120147705,0.0010924339294433594,0.0010924339294433594,0.0011254698038101196,0.0011254698038101196,0.00112113356590271,0.00112113356590271,0,0,0,0,0,0,0,0,0,0,0,0,0.00051423907279968262,0.00051423907279968262,0.00051423907279968262,0.00051423907279968262,-4.336237907409668e-06,-4.336237907409668e-06,-4.336237907409668e-06,-4.336237907409668e-06,0.00051857531070709229,0.00051857531070709229,0.00051857531070709229,0.00051857531070709229
20,data/1_2024/shard-000477.tar,273503,END,mild,27,80,107,363,-26.5,1.65625,lt2,True,0.00061161799999999997,-0.00045480579137802124,-0.00045480579137802124,-0.00079359859228134155,-0.00079359859228134155,0.00011665374040603638,0.00011665374040603638,-0.0015695244073867798,-0.0015695244073867798,-0.0019882917404174805,-0.0019882917404174805,-0.0010462626814842224,-0.0010462626814842224,0,0,0,0,0,0,0,0,0,0,0,0,0.00091025233268737793,0.00091025233268737793,0.00091025233268737793,0.00091025233268737793,0.00094202905893325806,0.00094202905893325806,0.00094202905893325806,0.00094202905893325806,-3.1776726245880127e-05,-3.1776726245880127e-05,-3.1776726245880127e-05,-3.1776726245880127e-05
21,data/1_2024/shard-000477.tar,274503,END,mild,26,59,85,341,-16.5,1.03125,lt2,True,0.0081298719999999998,0.0019851773977279663,0.0019851773977279663,0.0014814063906669617,0.0014814063906669617,0.001906856894493103,0.001906856894493103,0.00042825192213058472,0.00042825192213058472,0.00033889710903167725,0.00033889710903167725,-0.00033947080373764038,-0.00033947080373764038,0,0,0,0,0,0,0,0,0,0,0,0,0.00042545050382614136,0.00042545050382614136,0.00042545050382614136,0.00042545050382614136,-0.00067836791276931763,-0.00067836791276931763,-0.00067836791276931763,-0.00067836791276931763,0.001103818416595459,0.001103818416595459,0.001103818416595459,0.001103818416595459
22,data/1_2024/shard-000477.tar,278375,END,strong,78,166,244,500,-44,2.75,2to4,False,0.014548093,0.0079930573701858521,0.0079930573701858521,0.0069802552461624146,0.0069802552461624146,0.0076978951692581177,0.0076978951692581177,0.0076990947127342224,0.0076990947127342224,0.0067671388387680054,0.0067671388387680054,0.0066834092140197754,0.0066834092140197754,0,0,0,0,0,0,0,0,0,0,0,0,0.00071763992309570312,0.00071763992309570312,0.00071763992309570312,0.00071763992309570312,-8.372962474822998e-05,-8.372962474822998e-05,-8.372962474822998e-05,-8.372962474822998e-05,0.00080136954784393311,0.00080136954784393311,0.00080136954784393311,0.00080136954784393311
23,data/1_2024/shard-000477.tar,305503,END,strong,13,219,232,488,-103,6.4375,ge4,False,0.042252540999999998,0.0026229992508888245,0.0026229992508888245,0.0013509169220924377,0.0013509169220924377,0.0017770156264305115,0.0017770156264305115,0.0055161081254482269,0.0055161081254482269,0.0052764713764190674,0.0052764713764190674,0.0063330195844173431,0.0063330195844173431,0,0,0,0,0,0,0,0,0,0,0,0,0.00042609870433807373,0.00042609870433807373,0.00042609870433807373,0.00042609870433807373,0.0010565482079982758,0.0010565482079982758,0.0010565482079982758,0.0010565482079982758,-0.00063044950366020203,-0.00063044950366020203,-0.00063044950366020203,-0.00063044950366020203
24,data/1_2024/shard-000477.tar,331503,END,mild,5,97,102,358,-46,2.875,2to4,False,0.0090756570000000009,0.0028335303068161011,0.002847716212272644,0.0035326778888702393,0.0035326778888702393,0.0026868432760238647,0.0026709437370300293,0.027913287281990051,0.0279274582862854,0.02673734724521637,0.026736974716186523,0.028551407158374786,0.02863311767578125,0,-2.9452145099639893e-05,-6.4671039581298828e-06,0,0,-1.6391277313232422e-06,0,0,0,0,-4.1857361793518066e-05,-2.2396445274353027e-05,-0.00085230171680450439,-0.0008665621280670166,-0.00084583461284637451,-0.00086009502410888672,0.0018559172749519348,0.0019181668758392334,0.001856289803981781,0.0019185394048690796,-0.0027082189917564392,-0.00278472900390625,-0.0027021244168281555,-0.0027786344289779663
25,data/1_2024/shard-000477.tar,335503,END,mild,5,88,93,349,-41.5,2.59375,2to4,True,0.003607959,-0.0017863214015960693,-0.0017863214015960693,-0.0015371516346931458,-0.0015371516346931458,-0.00064570456743240356,-0.00064570456743240356,0.0099408924579620361,0.0099408924579620361,0.0092721804976463318,0.0092721804976463318,0.0088059753179550171,0.0088059753179550171,0,0,0,0,0,0,0,0,0,0,0,0,0.00089144706726074219,0.00089144706726074219,0.00089144706726074219,0.00089144706726074219,-0.0004662051796913147,-0.0004662051796913147,-0.0004662051796913147,-0.0004662051796913147,0.0013576522469520569,0.0013576522469520569,0.0013576522469520569,0.0013576522469520569
26,data/1_2024/shard-000477.tar,346503,END,mild,6,102,108,364,-48,3,2to4,True,0.0028176830000000001,0.00084760785102844238,0.00084760785102844238,0.00040337443351745605,0.00040337443351745605,0.00095455348491668701,0.00095455348491668701,0.010028183460235596,0.010028183460235596,0.010033801198005676,0.010033801198005676,0.0093277990818023682,0.0093277990818023682,0,0,0,0,0,0,0,0,0,0,0,0,0.00055117905139923096,0.00055117905139923096,0.00055117905139923096,0.00055117905139923096,-0.00070600211620330811,-0.00070600211620330811,-0.00070600211620330811,-0.00070600211620330811,0.0012571811676025391,0.0012571811676025391,0.0012571811676025391,0.0012571811676025391
27,data/1_2024/shard-000477.tar,364375,START,mild,6,91,97,353,-42.5,2.65625,2to4,False,0.027837700999999999,0.001434817910194397,0.001434817910194397,0.0019747242331504822,0.0019747242331504822,0.0012656226754188538,0.0012827664613723755,0.0077834278345108032,0.0077954679727554321,0.0093197599053382874,0.0093197599053382874,0.0088732913136482239,0.0088732913136482239,0,0,0,0,0,1.7143785953521729e-05,0,1.2040138244628906e-05,0,0,0,0,-0.00070910155773162842,-0.00070910155773162842,-0.00070910155773162842,-0.00070910155773162842,-0.00044646859169006348,-0.00044646859169006348,-0.00044646859169006348,-0.00044646859169006348,-0.00026263296604156494,-0.00026263296604156494,-0.00026263296604156494,-0.00026263296604156494
28,data/1_2024/shard-000477.tar,406503,END,mild,10,52,62,318,-21,1.3125,lt2,True,0.0041873750000000001,0.0019924715161323547,0.0019713267683982849,0.0020728409290313721,0.0020254552364349365,0.0022791475057601929,0.0022868216037750244,0.00066234171390533447,0.00070623308420181274,0.001257091760635376,0.0012895911931991577,0.00098790973424911499,0.00098790973424911499,-8.3595514297485352e-06,4.0531158447265625e-06,0,-0.00010403990745544434,9.326636791229248e-05,-3.2149255275726318e-05,0,2.393871545791626e-05,0,-1.0803341865539551e-06,0,3.643333911895752e-06,0.00011304020881652832,0.00024612993001937866,5.6385993957519531e-05,0.00018947571516036987,-0.00026918202638626099,-0.00027282536029815674,-0.00030276179313659668,-0.00030640512704849243,0.00038222223520278931,0.0005189552903175354,0.00035914778709411621,0.0004958808422088623
29,data/1_2024/shard-000477.tar,448503,START,mild,3,54,57,313,-25.5,1.59375,lt2,True,0.0062571240000000002,0.011334151029586792,0.011334151029586792,0.011825844645500183,0.011825844645500183,0.01132674515247345,0.01132674515247345,0.0021586418151855469,0.0021586418151855469,0.0022239387035369873,0.0022239387035369873,0.0025240331888198853,0.0025240331888198853,0,0,0,0,0,0,0,0,0,0,0,0,-0.0004990994930267334,-0.0004990994930267334,-0.0004990994930267334,-0.0004990994930267334,0.00030009448528289795,0.00030009448528289795,0.00030009448528289795,0.00030009448528289795,-0.00079919397830963135,-0.00079919397830963135,-0.00079919397830963135,-0.00079919397830963135
30,data/1_2024/shard-000477.tar,473375,END,mild,19,66,85,341,-23.5,1.46875,lt2,True,0.0068654340000000001,0.0046700388193130493,0.0046700388193130493,0.0048653930425643921,0.0048653930425643921,0.0048369318246841431,0.0048369318246841431,0.0020955651998519897,0.0020955651998519897,0.0024692565202713013,0.0024692565202713013,0.0023110955953598022,0.0023110955953598022,0,0,0,0,0,0,0,0,0,0,0,0,-2.8461217880249023e-05,-2.8461217880249023e-05,-2.8461217880249023e-05,-2.8461217880249023e-05,-0.00015816092491149902,-0.00015816092491149902,-0.00015816092491149902,-0.00015816092491149902,0.00012969970703125,0.00012969970703125,0.00012969970703125,0.00012969970703125
31,data/1_2024/shard-000477.tar,476375,START,mild,21,69,90,346,-24,1.5,lt2,False,0.01159586,0.0015551596879959106,0.0015432387590408325,0.00080324709415435791,0.0008045583963394165,0.0031186491250991821,0.0031446665525436401,0.014653876423835754,0.014624342322349548,0.014953643083572388,0.014928951859474182,0.012796863913536072,0.012793347239494324,-9.1195106506347656e-06,4.3913722038269043e-05,-4.5299530029296875e-06,1.6927719116210938e-05,-2.6285648345947266e-05,6.2882900238037109e-06,0,4.6938657760620117e-06,-2.1547079086303711e-05,0,3.5166740417480469e-06,-2.3424625396728516e-05,0.0023371577262878418,0.0023306012153625488,0.0023573040962219238,0.0023507475852966309,-0.0021818429231643677,-0.0021584182977676392,-0.0021356046199798584,-0.0021121799945831299,0.0045190006494522095,0.004489019513130188,0.0044929087162017822,0.0044629275798797607
32,data/1_2024/shard-000477.tar,487375,END,mild,25,60,85,341,-17.5,1.09375,lt2,False,0.011692964,0.0012599900364875793,0.0012599900364875793,0.0013384819030761719,0.0013384819030761719,0.0015271455049514771,0.0015271455049514771,-0.00087548792362213135,-0.00087548792362213135,-0.00072856619954109192,-0.00072856619954109192,-0.00077857449650764465,-0.00077857449650764465,0,0,0,0,0,0,0,0,0,0,0,0,0.00018866360187530518,0.00018866360187530518,0.00018866360187530518,0.00018866360187530518,-5.0008296966552734e-05,-5.0008296966552734e-05,-5.0008296966552734e-05,-5.0008296966552734e-05,0.00023867189884185791,0.00023867189884185791,0.00023867189884185791,0.00023867189884185791
33,data/1_2024/shard-000477.tar,518503,END,strong,28,211,239,495,-91.5,5.71875,ge4,True,6.3888999999999998e-05,0.012374594807624817,0.012374594807624817,0.012042559683322906,0.012042559683322906,0.012611381709575653,0.012611381709575653,0.00032531097531318665,0.00032531097531318665,-0.00092419981956481934,-0.00092419981956481934,-0.0006848946213722229,-0.0006848946213722229,0,0,0,0,0,0,0,0,0,0,0,0,0.00056882202625274658,0.00056882202625274658,0.00056882202625274658,0.00056882202625274658,0.00023930519819259644,0.00023930519819259644,0.00023930519819259644,0.00023930519819259644,0.00032951682806015015,0.00032951682806015015,0.00032951682806015015,0.00032951682806015015
34,data/1_2024/shard-000477.tar,533375,END,medium,39,83,122,378,-22,1.375,lt2,True,0.0065686110000000002,0.0032416731119155884,0.0032416731119155884,0.0032839328050613403,0.0032839328050613403,0.0026472508907318115,0.0026472508907318115,-0.0017763823270797729,-0.0017763823270797729,-0.0015532076358795166,-0.0015532076358795166,-0.0025558769702911377,-0.0025558769702911377,0,0,0,0,0,0,0,0,0,0,0,0,-0.00063668191432952881,-0.00063668191432952881,-0.00063668191432952881,-0.00063668191432952881,-0.0010026693344116211,-0.0010026693344116211,-0.0010026693344116211,-0.0010026693344116211,0.00036598742008209229,0.00036598742008209229,0.00036598742008209229,0.00036598742008209229
35,data/1_2024/shard-000477.tar,542375,START,mild,5,53,58,314,-24,1.5,lt2,False,0.015557632,0.00027485191822052002,0.00027485191822052002,0.00033441931009292603,0.00033441931009292603,-0.00024428963661193848,-0.00024428963661193848,0.0035413950681686401,0.0035413950681686401,0.003725491464138031,0.003725491464138031,0.0044739693403244019,0.0044739693403244019,0,0,0,0,0,0,0,0,0,0,0,0,-0.0005787089467048645,-0.0005787089467048645,-0.0005787089467048645,-0.0005787089467048645,0.00074847787618637085,0.00074847787618637085,0.00074847787618637085,0.00074847787618637085,-0.0013271868228912354,-0.0013271868228912354,-0.0013271868228912354,-0.0013271868228912354
36,data/1_2024/shard-000477.tar,551503,START,medium,13,187,200,456,-87,5.4375,ge4,False,0.0098178980000000002,0.010733768343925476,0.010733768343925476,0.012045741081237793,0.012045741081237793,0.011910751461982727,0.011853829026222229,0.0089153647422790527,0.0089153647422790527,0.0088341981172561646,0.0088341981172561646,0.010876327753067017,0.010819002985954285,0,0,0,0,0,0,0,0,0,0,0,0,-0.00013498961925506592,-0.00019191205501556396,-0.00013498961925506592,-0.00019191205501556396,0.0020421296358108521,0.0019848048686981201,0.0020421296358108521,0.0019848048686981201,-0.002177119255065918,-0.0021767169237136841,-0.002177119255065918,-0.0021767169237136841
37,data/1_2024/shard-000477.tar,552503,END,mild,23,88,111,367,-32.5,2.03125,2to4,True,0.0061761070000000001,0.00029312074184417725,0.00029312074184417725,0.0003542974591255188,0.0003542974591255188,0.00068367272615432739,0.00069154053926467896,0.0029052048921585083,0.0029052048921585083,0.0036492273211479187,0.0036492273211479187,0.0025774240493774414,0.0025774240493774414,0,0,0,0,0,7.8678131103515625e-06,0,0,0,0,0,0,0.00032937526702880859,0.00032937526702880859,0.00032937526702880859,0.00032937526702880859,-0.0010718032717704773,-0.0010718032717704773,-0.0010718032717704773,-0.0010718032717704773,0.0014011785387992859,0.0014011785387992859,0.0014011785387992859,0.0014011785387992859
38,data/1_2024/shard-000477.tar,559503,END,mild,3,103,106,362,-50,3.125,2to4,True,0.002435736,0.0014208927750587463,0.0014208927750587463,0.0020644143223762512,0.0020644143223762512,0.00055892020463943481,0.00055892020463943481,0.0016082972288131714,0.0016082972288131714,0.0012833178043365479,0.0012833178043365479,0.00067818164825439453,0.00067818164825439453,0,0,0,0,0,0,0,0,0,0,0,0,-0.0015054941177368164,-0.0015054941177368164,-0.0015054941177368164,-0.0015054941177368164,-0.00060513615608215332,-0.00060513615608215332,-0.00060513615608215332,-0.00060513615608215332,-0.00090035796165466309,-0.00090035796165466309,-0.00090035796165466309,-0.00090035796165466309
39,data/1_2024/shard-000477.tar,567375,START,mild,16,88,104,360,-36,2.25,2to4,True,0.0074560340000000003,-0.0015918314456939697,-0.0015918314456939697,-0.0023071020841598511,-0.0023071020841598511,-0.0016667395830154419,-0.0016667395830154419,0.0033022165298461914,0.0033022165298461914,0.002695918083190918,0.002695918083190918,0.0029663592576980591,0.0029663592576980591,0,0,0,0,0,0,0,0,0,0,0,0,0.00064036250114440918,0.00064036250114440918,0.00064036250114440918,0.00064036250114440918,0.00027044117450714111,0.00027044117450714111,0.00027044117450714111,0.00027044117450714111,0.00036992132663726807,0.00036992132663726807,0.00036992132663726807,0.00036992132663726807
40,data/1_2024/shard-000477.tar,571375,END,mild,26,59,85,341,-16.5,1.03125,lt2,True,0.000777267,-0.00091379880905151367,-0.00091379880905151367,-0.0016445666551589966,-0.0016445666551589966,-0.00059057772159576416,-0.00059057772159576416,-0.00087839365005493164,-0.00087839365005493164,-0.00095309317111968994,-0.00095309317111968994,-0.0011335164308547974,-0.0011335164308547974,0,0,0,0,0,0,0,0,0,0,0,0,0.0010539889335632324,0.0010539889335632324,0.0010539889335632324,0.0010539889335632324,-0.00018042325973510742,-0.00018042325973510742,-0.00018042325973510742,-0.00018042325973510742,0.0012344121932983398,0.0012344121932983398,0.0012344121932983398,0.0012344121932983398
41,data/1_2024/shard-000477.tar,581503,START,mild,8,77,85,341,-34.5,2.15625,2to4,True,0.0077098649999999998,0.0029006004333496094,0.0029006004333496094,0.0027081817388534546,0.0027081817388534546,0.0031657516956329346,0.0031657516956329346,-0.0052582249045372009,-0.0052582249045372009,-0.005300767719745636,-0.005300767719745636,-0.0041635036468505859,-0.0041635036468505859,0,0,0,0,0,0,0,0,0,0,0,0,0.00045756995677947998,0.00045756995677947998,0.00045756995677947998,0.00045756995677947998,0.00113726407289505,0.00113726407289505,0.00113726407289505,0.00113726407289505,-0.00067969411611557007,-0.00067969411611557007,-0.00067969411611557007,-0.00067969411611557007
42,data/1_2024/shard-000477.tar,589503,END,mild,17,47,64,320,-15,0.9375,lt2,False,0.01226734,-0.00032790005207061768,-0.00030417740345001221,0.00023861229419708252,0.00022938847541809082,-0.00061112642288208008,-0.00061112642288208008,-0.00075531005859375,-0.00079096853733062744,-0.0011263340711593628,-0.001129642128944397,-0.00081989169120788574,-0.00087118148803710938,-2.6077032089233398e-06,-1.7568469047546387e-05,0,-9.2238187789916992e-06,-2.5629997253417969e-06,-5.0812959671020508e-06,0,1.4126300811767578e-05,2.4884939193725586e-06,4.8398971557617188e-05,-5.6028366088867188e-06,-3.8489699363708496e-05,-0.0008471757173538208,-0.00084465742111206055,-0.0008471757173538208,-0.00084465742111206055,0.00031453371047973633,0.00029613077640533447,0.00036375224590301514,0.00034534931182861328,-0.0011617094278335571,-0.001140788197517395,-0.0012109279632568359,-0.0011900067329406738
43,data/1_2024/shard-000477.tar,594375,START,mild,19,73,92,348,-27,1.6875,lt2,True,0.002301492,-0.001109100878238678,-0.0012020841240882874,-0.0018872171640396118,-0.0019648447632789612,3.3654272556304932e-05,4.7735869884490967e-05,0.0028223320841789246,0.0028072819113731384,0.0023068860173225403,0.0023387148976325989,0.0027108490467071533,0.0026412531733512878,0,0,0,0,0,0,0,0,0,0,0,0,0.0019208714365959167,0.0019349530339241028,0.0019984990358352661,0.0020125806331634521,0.00040396302938461304,0.00033436715602874756,0.00037213414907455444,0.00030253827571868896,0.0015169084072113037,0.0016005858778953552,0.0016263648867607117,0.0017100423574447632
44,data/1_2024/shard-000477.tar,604375,END,mild,13,67,80,336,-27,1.6875,lt2,True,0.0028795079999999998,7.5176358222961426e-06,7.5176358222961426e-06,-0.00012878328561782837,-0.00012878328561782837,0.0012273341417312622,0.0012273341417312622,0.0051807761192321777,0.0051807761192321777,0.0048422366380691528,0.0048422366380691528,0.006050698459148407,0.006050698459148407,0,0,0,0,0,0,0,0,0,0,0,0,0.0013561174273490906,0.0013561174273490906,0.0013561174273490906,0.0013561174273490906,0.0012084618210792542,0.0012084618210792542,0.0012084618210792542,0.0012084618210792542,0.00014765560626983643,0.00014765560626983643,0.00014765560626983643,0.00014765560626983643
45,data/1_2024/shard-000477.tar,616503,START,mild,14,50,64,320,-18,1.125,lt2,False,0.018333182,-0.00014349073171615601,-0.00014349073171615601,-0.00024303048849105835,-0.00024303048849105835,-5.6803226470947266e-05,-5.6803226470947266e-05,0.0016250088810920715,0.0016250088810920715,0.0013321042060852051,0.0013321042060852051,0.0011618435382843018,0.0011618435382843018,0,0,0,0,0,0,0,0,0,0,0,0,0.00018622726202011108,0.00018622726202011108,0.00018622726202011108,0.00018622726202011108,-0.00017026066780090332,-0.00017026066780090332,-0.00017026066780090332,-0.00017026066780090332,0.0003564879298210144,0.0003564879298210144,0.0003564879298210144,0.0003564879298210144
46,data/1_2024/shard-000477.tar,630375,END,mild,15,70,85,341,-27.5,1.71875,lt2,False,0.021096341000000001,0.00025323033332824707,0.00025323033332824707,-0.00032807141542434692,-0.00032807141542434692,0.00040510296821594238,0.00040510296821594238,-0.00025663524866104126,-0.00025663524866104126,0.00014063715934753418,0.00014063715934753418,-0.0010230094194412231,-0.0010230094194412231,0,0,0,0,0,0,0,0,0,0,0,0,0.00073317438364028931,0.00073317438364028931,0.00073317438364028931,0.00073317438364028931,-0.0011636465787887573,-0.0011636465787887573,-0.0011636465787887573,-0.0011636465787887573,0.0018968209624290466,0.0018968209624290466,0.0018968209624290466,0.0018968209624290466
47,data/1_2024/shard-000477.tar,637375,START,mild,9,61,70,326,-26,1.625,lt2,False,0.020610400000000001,-0.0017982274293899536,-0.0017982274293899536,-0.0021253079175949097,-0.0021253079175949097,-0.0011128038167953491,-0.0011128038167953491,0.00052714347839355469,0.00052714347839355469,0.00052051246166229248,0.00052051246166229248,9.9427998065948486e-05,9.9427998065948486e-05,0,0,0,0,0,0,0,0,0,0,0,0,0.0010125041007995605,0.0010125041007995605,0.0010125041007995605,0.0010125041007995605,-0.00042108446359634399,-0.00042108446359634399,-0.00042108446359634399,-0.00042108446359634399,0.0014335885643959045,0.0014335885643959045,0.0014335885643959045,0.0014335885643959045
48,data/1_2024/shard-000477.tar,656375,END,mild,3,99,102,358,-48,3,2to4,True,0.0061481740000000002,-0.0003055185079574585,-0.0003055185079574585,-0.0014763176441192627,-0.0014763176441192627,-0.0010798871517181396,-0.0010798871517181396,0.001076921820640564,0.001076921820640564,0.0020088106393814087,0.0020088106393814087,0.00084444880485534668,0.00084444880485534668,0,0,0,0,0,0,0,0,0,0,0,0,0.00039643049240112305,0.00039643049240112305,0.00039643049240112305,0.00039643049240112305,-0.001164361834526062,-0.001164361834526062,-0.001164361834526062,-0.001164361834526062,0.0015607923269271851,0.0015607923269271851,0.0015607923269271851,0.0015607923269271851
49,data/1_2024/shard-000477.tar,656503,END,medium,39,80,119,375,-20.5,1.28125,lt2,False,0.027602173000000001,-0.0011597573757171631,-0.0011597573757171631,-0.00083039700984954834,-0.00083039700984954834,-0.00086469948291778564,-0.00086469948291778564,0.0015215277671813965,0.0015215277671813965,0.00082263350486755371,0.00082263350486755371,0.0011403709650039673,0.0011403709650039673,0,0,0,0,0,0,0,0,0,0,0,0,-3.4302473068237305e-05,-3.4302473068237305e-05,-3.4302473068237305e-05,-3.4302473068237305e-05,0.00031773746013641357,0.00031773746013641357,0.00031773746013641357,0.00031773746013641357,-0.00035203993320465088,-0.00035203993320465088,-0.00035203993320465088,-0.00035203993320465088
50,data/1_2024/shard-000477.tar,663375,START,mild,6,67,73,329,-30.5,1.90625,lt2,False,0.009593107,0.0039996802806854248,0.0040060728788375854,0.0044127702713012695,0.0044127702713012695,0.0045717954635620117,0.0046753138303756714,0.0077382773160934448,0.0077545791864395142,0.0078963190317153931,0.0079055130481719971,0.0069188773632049561,0.006884649395942688,0,-2.384185791015625e-06,-3.6805868148803711e-06,-4.1484832763671875e-05,-2.6971101760864258e-05,0,-1.7315149307250977e-05,-8.3744525909423828e-06,0,0,3.4227967262268066e-05,0,0.00018231570720672607,0.00025886297225952148,0.00014451146125793457,0.00022105872631072998,-0.0010116696357727051,-0.0010116696357727051,-0.0010208636522293091,-0.0010208636522293091,0.0011939853429794312,0.0012705326080322266,0.0011653751134872437,0.0012419223785400391
51,data/1_2024/shard-000477.tar,670375,START,mild,5,95,100,356,-45,2.8125,2to4,True,0.001786426,0.0017383992671966553,0.0017383992671966553,0.0020377784967422485,0.0020377784967422485,0.0017153844237327576,0.0017153844237327576,0.0017942041158676147,0.0017942041158676147,0.00037316232919692993,0.00037316232919692993,0.00044904649257659912,0.00044904649257659912,0,0,0,0,0,0,0,0,0,0,0,0,-0.00032239407300949097,-0.00032239407300949097,-0.00032239407300949097,-0.00032239407300949097,7.5884163379669189e-05,7.5884163379669189e-05,7.5884163379669189e-05,7.5884163379669189e-05,-0.00039827823638916016,-0.00039827823638916016,-0.00039827823638916016,-0.00039827823638916016
52,data/1_2024/shard-000477.tar,675503,END,medium,27,89,116,372,-31,1.9375,lt2,True,0.0080402340000000003,0.00056415796279907227,0.00058273971080780029,0.00090926140546798706,0.00088573247194290161,0.001058042049407959,0.00096453726291656494,0.0042212009429931641,0.0042212009429931641,0.0047212541103363037,0.0047124102711677551,0.0038247406482696533,0.0038125365972518921,3.8892030715942383e-05,0,-2.8684735298156738e-06,9.225308895111084e-05,0,-3.5978853702545166e-05,-1.0274350643157959e-05,2.0712614059448242e-06,-1.6495585441589355e-05,-2.5935471057891846e-05,0,-5.3197145462036133e-06,0.00014591217041015625,8.8386237621307373e-05,0.00026456266641616821,0.00020703673362731934,-0.00091300904750823975,-0.00091989338397979736,-0.00091360509395599365,-0.00092048943042755127,0.001058921217918396,0.0010082796216011047,0.0011781677603721619,0.0011275261640548706
53,data/1_2024/shard-000477.tar,680503,END,mild,25,81,106,362,-28,1.75,lt2,False,0.0090149570000000005,-0.0022855699062347412,-0.0022855699062347412,-0.0023922920227050781,-0.0023922920227050781,-0.0014201924204826355,-0.0014201924204826355,0.0022747740149497986,0.0022747740149497986,-0.00018220394849777222,-0.00018220394849777222,0.0018543526530265808,0.0018543526530265808,0,0,0,0,0,0,0,0,0,0,0,0,0.00097209960222244263,0.00097209960222244263,0.00097209960222244263,0.00097209960222244263,0.002036556601524353,0.002036556601524353,0.002036556601524353,0.002036556601524353,-0.0010644569993019104,-0.0010644569993019104,-0.0010644569993019104,-0.0010644569993019104
54,data/1_2024/shard-000477.tar,685375,START,mild,8,90,98,354,-41,2.5625,2to4,True,0.000986502,0.0030855238437652588,0.0030855238437652588,0.0030499845743179321,0.0030499845743179321,0.0029849857091903687,0.0029849857091903687,0.0048010051250457764,0.0048010051250457764,0.004819825291633606,0.004819825291633606,0.0045122206211090088,0.0045122206211090088,0,0,0,0,0,0,0,0,0,0,0,0,-6.4998865127563477e-05,-6.4998865127563477e-05,-6.4998865127563477e-05,-6.4998865127563477e-05,-0.00030760467052459717,-0.00030760467052459717,-0.00030760467052459717,-0.00030760467052459717,0.00024260580539703369,0.00024260580539703369,0.00024260580539703369,0.00024260580539703369
55,data/1_2024/shard-000477.tar,685503,END,medium,31,97,128,384,-33,2.0625,2to4,False,0.016228490000000002,-0.004599250853061676,-0.004599250853061676,-0.0042566359043121338,-0.0042566359043121338,-0.004501834511756897,-0.004501834511756897,0.0011890307068824768,0.0011890307068824768,0.0011732578277587891,0.0011732578277587891,0.00070010870695114136,0.00070010870695114136,0,0,0,0,0,0,0,0,0,0,0,0,-0.00024519860744476318,-0.00024519860744476318,-0.00024519860744476318,-0.00024519860744476318,-0.00047314912080764771,-0.00047314912080764771,-0.00047314912080764771,-0.00047314912080764771,0.00022795051336288452,0.00022795051336288452,0.00022795051336288452,0.00022795051336288452
56,data/1_2024/shard-000477.tar,689503,END,mild,30,76,106,362,-23,1.4375,lt2,True,0.00066861899999999996,0.0016964823007583618,0.0016964823007583618,0.0014236867427825928,0.0014236867427825928,0.0018634051084518433,0.0018634051084518433,0.0016903430223464966,0.0016903430223464966,0.0013752877712249756,0.0013752877712249756,0.0015331059694290161,0.0015331059694290161,0,0,0,0,0,0,0,0,0,0,0,0,0.00043971836566925049,0.00043971836566925049,0.00043971836566925049,0.00043971836566925049,0.00015781819820404053,0.00015781819820404053,0.00015781819820404053,0.00015781819820404053,0.00028190016746520996,0.00028190016746520996,0.00028190016746520996,0.00028190016746520996
57,data/1_2024/shard-000477.tar,708375,END,mild,28,83,111,367,-27.5,1.71875,lt2,True,0.0016380660000000001,0.0046279579401016235,0.0046279579401016235,0.0057108402252197266,0.0057108402252197266,0.0053525269031524658,0.0053525269031524658,0.0060175955295562744,0.0060175955295562744,0.0061358809471130371,0.0061358809471130371,0.0068648383021354675,0.0068648383021354675,0,0,0,0,0,0,0,0,0,0,0,0,-0.00035831332206726074,-0.00035831332206726074,-0.00035831332206726074,-0.00035831332206726074,0.00072895735502243042,0.00072895735502243042,0.00072895735502243042,0.00072895735502243042,-0.0010872706770896912,-0.0010872706770896912,-0.0010872706770896912,-0.0010872706770896912
58,data/1_2024/shard-000477.tar,734503,END,mild,18,37,55,311,-9.5,0.59375,lt2,True,0.00028897800000000001,0.0012851245701313019,0.0012934990227222443,0.00098987668752670288,0.00098328292369842529,0.001198209822177887,0.0012144669890403748,0.00031625851988792419,0.00031936913728713989,0.00083165243268013,0.00080555304884910583,0.00044539570808410645,0.00044755637645721436,-3.1881034374237061e-05,0,0,0,-1.6100704669952393e-05,0,-5.3569674491882324e-06,0,0,0,0,0,0.00022443383932113647,0.00022459030151367188,0.00023102760314941406,0.00023118406534194946,-0.00038625672459602356,-0.00038409605622291565,-0.00036015734076499939,-0.00035799667239189148,0.00061069056391716003,0.00060868635773658752,0.00059118494391441345,0.00058918073773384094
59,data/1_2024/shard-000477.tar,738375,START,mild,20,86,106,362,-33,2.0625,2to4,False,0.033490873999999997,0.011877119541168213,0.011877119541168213,0.01130860298871994,0.01130860298871994,0.011274881660938263,0.011274881660938263,0.0032111182808876038,0.0032111182808876038,0.0028031468391418457,0.0028031468391418457,0.0032691806554794312,0.0032691806554794312,0,0,0,0,0,0,0,0,0,0,0,0,-3.3721327781677246e-05,-3.3721327781677246e-05,-3.3721327781677246e-05,-3.3721327781677246e-05,0.00046603381633758545,0.00046603381633758545,0.00046603381633758545,0.00046603381633758545,-0.0004997551441192627,-0.0004997551441192627,-0.0004997551441192627,-0.0004997551441192627
60,data/1_2024/shard-000477.tar,739375,START,mild,0,110,110,366,-55,3.4375,2to4,False,0.017935887000000001,0.0064898133277893066,0.0064898133277893066,0.0066023021936416626,0.0066023021936416626,0.0083636492490768433,0.0083636492490768433,-0.001684233546257019,-0.001684233546257019,-0.0012815296649932861,-0.0012815296649932861,-0.0011727809906005859,-0.0011727809906005859,0,0,0,0,0,0,0,0,0,0,0,0,0.0017613470554351807,0.0017613470554351807,0.0017613470554351807,0.0017613470554351807,0.0001087486743927002,0.0001087486743927002,0.0001087486743927002,0.0001087486743927002,0.0016525983810424805,0.0016525983810424805,0.0016525983810424805,0.0016525983810424805
61,data/1_2024/shard-000477.tar,742375,END,mild,12,90,102,358,-39,2.4375,2to4,True,0.0020641610000000001,0.010636501014232635,0.010636501014232635,0.012071132659912109,0.012071132659912109,0.010388843715190887,0.010388843715190887,0.0047382637858390808,0.0047382637858390808,0.0072921738028526306,0.0072921738028526306,0.004773259162902832,0.004773259162902832,0,0,0,0,0,0,0,0,0,0,0,0,-0.0016822889447212219,-0.0016822889447212219,-0.0016822889447212219,-0.0016822889447212219,-0.0025189146399497986,-0.0025189146399497986,-0.0025189146399497986,-0.0025189146399497986,0.00083662569522857666,0.00083662569522857666,0.00083662569522857666,0.00083662569522857666
62,data/1_2024/shard-000477.tar,745375,START,medium,24,89,113,369,-32.5,2.03125,2to4,True,0.0010395199999999999,0.00072495639324188232,0.00072495639324188232,0.00094009935855865479,0.00094009935855865479,0.00091488659381866455,0.00091488659381866455,0.00059580802917480469,0.00059580802917480469,0.00086069107055664062,0.00086069107055664062,0.00068544596433639526,0.00068544596433639526,0,0,0,0,0,0,0,0,0,0,0,0,-2.5212764739990234e-05,-2.5212764739990234e-05,-2.5212764739990234e-05,-2.5212764739990234e-05,-0.00017524510622024536,-0.00017524510622024536,-0.00017524510622024536,-0.00017524510622024536,0.00015003234148025513,0.00015003234148025513,0.00015003234148025513,0.00015003234148025513
63,data/1_2024/shard-000477.tar,748375,START,medium,40,95,135,391,-27.5,1.71875,lt2,True,0.0044647530000000001,0.0013020634651184082,0.0013020634651184082,0.0013701468706130981,0.0013701468706130981,0.00031515955924987793,0.00031515955924987793,-0.00039637088775634766,-0.00039637088775634766,-0.00024715065956115723,-0.00024715065956115723,-0.00019991397857666016,-0.00019991397857666016,0,0,0,0,0,0,0,0,0,0,0,0,-0.0010549873113632202,-0.0010549873113632202,-0.0010549873113632202,-0.0010549873113632202,4.723668098449707e-05,4.723668098449707e-05,4.723668098449707e-05,4.723668098449707e-05,-0.0011022239923477173,-0.0011022239923477173,-0.0011022239923477173,-0.0011022239923477173
64,data/1_2024/shard-000477.tar,779503,START,mild,1,102,103,359,-50.5,3.15625,2to4,False,0.0086974050000000001,0.0033030807971954346,0.0033030807971954346,0.0032142102718353271,0.0032142102718353271,0.0033711642026901245,0.0033711642026901245,-0.0011171624064445496,-0.0011171624064445496,-0.00079903751611709595,-0.00079903751611709595,-0.0011810660362243652,-0.0011810660362243652,0,0,0,0,0,0,0,0,0,0,0,0,0.00015695393085479736,0.00015695393085479736,0.00015695393085479736,0.00015695393085479736,-0.00038202852010726929,-0.00038202852010726929,-0.00038202852010726929,-0.00038202852010726929,0.00053898245096206665,0.00053898245096206665,0.00053898245096206665,0.00053898245096206665
65,data/1_2024/shard-000477.tar,782375,END,mild,2,104,106,362,-51,3.1875,2to4,True,0.0031902269999999999,0.0084115937352180481,0.0084115937352180481,0.0088966116309165955,0.008910641074180603,0.0077115222811698914,0.0077041164040565491,0.0020503178238868713,0.002082139253616333,0.0052505955100059509,0.0052586421370506287,0.0029548704624176025,0.0029909908771514893,0,0,-1.125037670135498e-05,7.152557373046875e-07,0,-3.3691525459289551e-05,0,4.7259032726287842e-05,-1.2814998626708984e-06,0,-3.6120414733886719e-05,0,-0.0011963397264480591,-0.0011700540781021118,-0.001198403537273407,-0.0011721178889274597,-0.0022608861327171326,-0.0022608861327171326,-0.0022676512598991394,-0.0022676512598991394,0.0010645464062690735,0.0010908320546150208,0.0010692477226257324,0.0010955333709716797
66,data/1_2024/shard-000477.tar,782503,START,mild,1,105,106,362,-52,3.25,2to4,False,0.010571598999999999,0.0024417787790298462,0.0024417787790298462,0.0029986947774887085,0.0029986947774887085,0.0024770423769950867,0.0024770423769950867,0.0021684318780899048,0.0021684318780899048,0.0019232332706451416,0.0019232332706451416,0.0022196173667907715,0.0022196173667907715,0,0,0,0,0,0,0,0,0,0,0,0,-0.00052165240049362183,-0.00052165240049362183,-0.00052165240049362183,-0.00052165240049362183,0.00029638409614562988,0.00029638409614562988,0.00029638409614562988,0.00029638409614562988,-0.00081803649663925171,-0.00081803649663925171,-0.00081803649663925171,-0.00081803649663925171
67,data/1_2024/shard-000477.tar,788375,START,mild,30,72,102,358,-21,1.3125,lt2,False,0.0092032999999999993,0.0011740103363990784,0.0011931434273719788,0.0014485642313957214,0.0014595836400985718,0.0010490864515304565,0.0010451897978782654,-0.00084463506937026978,-0.00079385191202163696,-0.00051466375589370728,-0.00050791352987289429,-0.00085560232400894165,-0.00087039917707443237,-1.8954277038574219e-05,0,0,1.2472271919250488e-05,2.7082860469818115e-05,2.5779008865356445e-06,0,0,0,-3.8743019104003906e-06,8.5979700088500977e-06,-2.7880072593688965e-05,-0.00042656064033508301,-0.0004059523344039917,-0.00042510777711868286,-0.00040449947118759155,-0.00034953653812408447,-0.00032785534858703613,-0.00036016106605529785,-0.00033847987651824951,-7.7024102210998535e-05,-7.8096985816955566e-05,-6.494671106338501e-05,-6.6019594669342041e-05
68,data/1_2024/shard-000477.tar,798375,START,mild,14,71,85,341,-28.5,1.78125,lt2,False,0.010602936,0.0034689530730247498,0.0034689530730247498,0.0032763034105300903,0.0032763034105300903,0.0031698867678642273,0.0031698867678642273,0.0036794990301132202,0.0036794990301132202,0.0023289322853088379,0.0023289322853088379,0.0040005668997764587,0.0040005668997764587,0,0,0,0,0,0,0,0,0,0,0,0,-0.00010641664266586304,-0.00010641664266586304,-0.00010641664266586304,-0.00010641664266586304,0.0016716346144676208,0.0016716346144676208,0.0016716346144676208,0.0016716346144676208,-0.0017780512571334839,-0.0017780512571334839,-0.0017780512571334839,-0.0017780512571334839
69,data/1_2024/shard-000477.tar,801375,START,mild,6,79,85,341,-36.5,2.28125,2to4,False,0.013358139,0.0021765753626823425,0.0021765753626823425,0.0036162957549095154,0.0036162957549095154,0.0024377033114433289,0.0024377033114433289,0.0012827664613723755,0.0012827664613723755,0.0022082105278968811,0.0022082105278968811,0.00072372704744338989,0.00072372704744338989,0,0,0,0,0,0,0,0,0,0,0,0,-0.0011785924434661865,-0.0011785924434661865,-0.0011785924434661865,-0.0011785924434661865,-0.0014844834804534912,-0.0014844834804534912,-0.0014844834804534912,-0.0014844834804534912,0.00030589103698730469,0.00030589103698730469,0.00030589103698730469,0.00030589103698730469
70,data/1_2024/shard-000477.tar,806375,END,mild,2,103,105,361,-50.5,3.15625,2to4,True,0.0075055360000000002,0.006058230996131897,0.006058230996131897,0.0052494704723358154,0.0052494704723358154,0.0056774616241455078,0.0056774616241455078,-0.0011020749807357788,-0.0011020749807357788,-0.00025406479835510254,-0.00025406479835510254,-0.0013996660709381104,-0.0013996660709381104,0,0,0,0,0,0,0,0,0,0,0,0,0.00042799115180969238,0.00042799115180969238,0.00042799115180969238,0.00042799115180969238,-0.0011456012725830078,-0.0011456012725830078,-0.0011456012725830078,-0.0011456012725830078,0.0015735924243927002,0.0015735924243927002,0.0015735924243927002,0.0015735924243927002
71,data/1_2024/shard-000477.tar,811375,END,mild,18,87,105,361,-34.5,2.15625,2to4,False,0.024341690999999999,-0.00099465996026992798,-0.00099465996026992798,-0.00058458000421524048,-0.00058458000421524048,-0.00098399817943572998,-0.00098399817943572998,0.0026201382279396057,0.0026201382279396057,0.0022244825959205627,0.0022244825959205627,0.0026908516883850098,0.0026908516883850098,0,0,0,0,0,0,0,0,0,0,0,0,-0.0003994181752204895,-0.0003994181752204895,-0.0003994181752204895,-0.0003994181752204895,0.00046636909246444702,0.00046636909246444702,0.00046636909246444702,0.00046636909246444702,-0.00086578726768493652,-0.00086578726768493652,-0.00086578726768493652,-0.00086578726768493652
72,data/1_2024/shard-000477.tar,821503,END,mild,6,50,56,312,-22,1.375,lt2,False,0.009967633,0.0024453103542327881,0.0024453103542327881,0.0019010752439498901,0.0019010752439498901,0.003113187849521637,0.003113187849521637,-0.0012141689658164978,-0.0012141689658164978,-0.0011852085590362549,-0.0011852085590362549,-0.0011493563652038574,-0.0011493563652038574,0,0,0,0,0,0,0,0,0,0,0,0,0.0012121126055717468,0.0012121126055717468,0.0012121126055717468,0.0012121126055717468,3.5852193832397461e-05,3.5852193832397461e-05,3.5852193832397461e-05,3.5852193832397461e-05,0.0011762604117393494,0.0011762604117393494,0.0011762604117393494,0.0011762604117393494
73,data/1_2024/shard-000477.tar,838503,END,mild,11,95,106,362,-42,2.625,2to4,True,0.0084987299999999995,-0.0010048449039459229,-0.0010048449039459229,-0.0010308027267456055,-0.0010308027267456055,-0.00094902515411376953,-0.00094902515411376953,0.0061261355876922607,0.0061261355876922607,0.005904078483581543,0.005904078483581543,0.0059200078248977661,0.0059200078248977661,0,0,0,0,0,0,0,0,0,0,0,0,8.1777572631835938e-05,8.1777572631835938e-05,8.1777572631835938e-05,8.1777572631835938e-05,1.5929341316223145e-05,1.5929341316223145e-05,1.5929341316223145e-05,1.5929341316223145e-05,6.5848231315612793e-05,6.5848231315612793e-05,6.5848231315612793e-05,6.5848231315612793e-05
74,data/1_2024/shard-000477.tar,859375,END,mild,5,49,54,310,-22,1.375,lt2,False,0.01083871,0.0014247223734855652,0.0014247223734855652,0.0012630298733711243,0.0012630298733711243,0.0012810677289962769,0.0012810677289962769,0.00031524151563644409,0.00031524151563644409,-7.428973913192749e-05,-7.428973913192749e-05,0.00011027604341506958,0.00011027604341506958,0,0,0,0,0,0,0,0,0,0,0,0,1.8037855625152588e-05,1.8037855625152588e-05,1.8037855625152588e-05,1.8037855625152588e-05,0.00018456578254699707,0.00018456578254699707,0.00018456578254699707,0.00018456578254699707,-0.00016652792692184448,-0.00016652792692184448,-0.00016652792692184448,-0.00016652792692184448
75,data/1_2024/shard-000477.tar,868503,START,mild,16,84,100,356,-34,2.125,2to4,False,0.010099679,0.00035803020000457764,0.00035803020000457764,0.00063191354274749756,0.00063191354274749756,-0.00012163817882537842,-0.00012163817882537842,0.0036524832248687744,0.0036524832248687744,0.0041920691728591919,0.0041920691728591919,0.0038016736507415771,0.0038016736507415771,0,0,0,0,0,0,0,0,0,0,0,0,-0.00075355172157287598,-0.00075355172157287598,-0.00075355172157287598,-0.00075355172157287598,-0.00039039552211761475,-0.00039039552211761475,-0.00039039552211761475,-0.00039039552211761475,-0.00036315619945526123,-0.00036315619945526123,-0.00036315619945526123,-0.00036315619945526123
76,data/1_2024/shard-000477.tar,876375,START,medium,4,110,114,370,-53,3.3125,2to4,False,0.0092710480000000005,-0.0011052563786506653,-0.0011052563786506653,-0.0011853575706481934,-0.0011853575706481934,-0.00062153488397598267,-0.00062153488397598267,0.0062088221311569214,0.0062088221311569214,0.006226561963558197,0.006226561963558197,0.0052159875631332397,0.0052159875631332397,0,0,0,0,0,0,0,0,0,0,0,0,0.00056382268667221069,0.00056382268667221069,0.00056382268667221069,0.00056382268667221069,-0.0010105744004249573,-0.0010105744004249573,-0.0010105744004249573,-0.0010105744004249573,0.001574397087097168,0.001574397087097168,0.001574397087097168,0.001574397087097168
77,data/1_2024/shard-000477.tar,886375,END,medium,59,119,178,434,-30,1.875,lt2,True,0.0076553150000000002,-0.00067752599716186523,-0.00067752599716186523,-0.0010377168655395508,-0.0010377168655395508,0.00011771917343139648,0.00011771917343139648,0.00094069540500640869,0.00094069540500640869,0.0015919953584671021,0.0015919953584671021,0.00058728456497192383,0.00058728456497192383,0,0,0,0,0,0,0,0,0,0,0,0,0.0011554360389709473,0.0011554360389709473,0.0011554360389709473,0.0011554360389709473,-0.0010047107934951782,-0.0010047107934951782,-0.0010047107934951782,-0.0010047107934951782,0.0021601468324661255,0.0021601468324661255,0.0021601468324661255,0.0021601468324661255
78,data/1_2024/shard-000477.tar,897375,START,medium,16,130,146,402,-57,3.5625,2to4,True,0.0038524119999999999,0.003011748194694519,0.003011748194694519,0.0026260167360305786,0.0026260167360305786,0.0019292235374450684,0.0019292235374450684,0.0028230398893356323,0.0028230398893356323,0.0036925375461578369,0.0036925375461578369,0.0030716955661773682,0.0030716955661773682,0,0,0,0,0,0,0,0,0,0,0,0,-0.00069679319858551025,-0.00069679319858551025,-0.00069679319858551025,-0.00069679319858551025,-0.00062084197998046875,-0.00062084197998046875,-0.00062084197998046875,-0.00062084197998046875,-7.5951218605041504e-05,-7.5951218605041504e-05,-7.5951218605041504e-05,-7.5951218605041504e-05
79,data/1_2024/shard-000477.tar,903503,END,mild,9,97,106,362,-44,2.75,2to4,True,0.002705865,0.0025263428688049316,0.002534329891204834,0.0028340667486190796,0.0028187036514282227,0.0031635165214538574,0.0031501948833465576,0.0034678280353546143,0.0034277737140655518,0.0029734969139099121,0.0029686689376831055,0.003088831901550293,0.0030020773410797119,0,0,4.1574239730834961e-05,-2.1904706954956055e-06,2.1010637283325195e-05,0,-4.9173831939697266e-06,-2.4437904357910156e-05,-5.8263540267944336e-06,2.2068619728088379e-05,1.7449259757995605e-05,0,0.0003500133752822876,0.00035770237445831299,0.00032161176204681396,0.00032930076122283936,9.205937385559082e-05,2.2754073143005371e-05,0.00012478232383728027,5.5477023124694824e-05,0.00025795400142669678,0.00033494830131530762,0.00019682943820953369,0.00027382373809814453
80,data/1_2024/shard-000477.tar,912503,END,mild,33,75,108,364,-21,1.3125,lt2,True,0.0067945569999999997,0.001346290111541748,0.001346290111541748,0.0013822168111801147,0.0013822168111801147,0.0011637955904006958,0.0011637955904006958,0.0013323649764060974,0.0013323649764060974,0.0014594346284866333,0.0014594346284866333,0.00079832226037979126,0.00079832226037979126,0,0,0,0,0,0,0,0,0,0,0,0,-0.00021842122077941895,-0.00021842122077941895,-0.00021842122077941895,-0.00021842122077941895,-0.00066111236810684204,-0.00066111236810684204,-0.00066111236810684204,-0.00066111236810684204,0.0004426911473274231,0.0004426911473274231,0.0004426911473274231,0.0004426911473274231
81,data/1_2024/shard-000477.tar,926503,END,medium,18,110,128,384,-46,2.875,2to4,False,0.0089639980000000008,0.0054927915334701538,0.0054927915334701538,0.0060792714357376099,0.0060792714357376099,0.0057812482118606567,0.0057812482118606567,0.0077429711818695068,0.0077429711818695068,0.0075850635766983032,0.0075850635766983032,0.0074255019426345825,0.0074255019426345825,0,0,0,0,0,0,0,0,0,0,0,0,-0.00029802322387695312,-0.00029802322387695312,-0.00029802322387695312,-0.00029802322387695312,-0.0001595616340637207,-0.0001595616340637207,-0.0001595616340637207,-0.0001595616340637207,-0.00013846158981323242,-0.00013846158981323242,-0.00013846158981323242,-0.00013846158981323242
82,data/1_2024/shard-000477.tar,927503,END,mild,16,69,85,341,-26.5,1.65625,lt2,False,0.019350099999999999,0.0017097070813179016,0.0017097070813179016,0.0012165382504463196,0.0012165382504463196,0.0013412162661552429,0.0013412162661552429,0.0037856623530387878,0.0037856623530387878,0.0041591450572013855,0.0041591450572013855,0.0035801902413368225,0.0035801902413368225,0,0,0,0,0,0,0,0,0,0,0,0,0.00012467801570892334,0.00012467801570892334,0.00012467801570892334,0.00012467801570892334,-0.00057895481586456299,-0.00057895481586456299,-0.00057895481586456299,-0.00057895481586456299,0.00070363283157348633,0.00070363283157348633,0.00070363283157348633,0.00070363283157348633
83,data/1_2024/shard-000477.tar,957503,START,medium,24,97,121,377,-36.5,2.28125,2to4,False,0.020254320999999999,0.0035413056612014771,0.0035413056612014771,0.0038064569234848022,0.0038064569234848022,0.0032369270920753479,0.0032369270920753479,0.00013697892427444458,0.00013697892427444458,0.0010367110371589661,0.0010367110371589661,0.00049939006567001343,0.00049939006567001343,0,0,0,0,0,0,0,0,0,0,0,0,-0.00056952983140945435,-0.00056952983140945435,-0.00056952983140945435,-0.00056952983140945435,-0.00053732097148895264,-0.00053732097148895264,-0.00053732097148895264,-0.00053732097148895264,-3.2208859920501709e-05,-3.2208859920501709e-05,-3.2208859920501709e-05,-3.2208859920501709e-05
84,data/1_2024/shard-000477.tar,966375,END,mild,16,69,85,341,-26.5,1.65625,lt2,True,0.0010873149999999999,0.0015301331877708435,0.0015301331877708435,0.0023891404271125793,0.0023891404271125793,0.0018907487392425537,0.0018907487392425537,-0.0014410465955734253,-0.0014410465955734253,-0.0014872997999191284,-0.0014872997999191284,-0.0010415017604827881,-0.0010415017604827881,0,0,0,0,0,0,0,0,0,0,0,0,-0.00049839168787002563,-0.00049839168787002563,-0.00049839168787002563,-0.00049839168787002563,0.00044579803943634033,0.00044579803943634033,0.00044579803943634033,0.00044579803943634033,-0.00094418972730636597,-0.00094418972730636597,-0.00094418972730636597,-0.00094418972730636597
85,data/1_2024/shard-000477.tar,976375,START,mild,25,60,85,341,-17.5,1.09375,lt2,True,0.0034981970000000002,-0.0012880712747573853,-0.0012880712747573853,-0.0014370530843734741,-0.0014370530843734741,-0.0016371458768844604,-0.0016371458768844604,0.0012231916189193726,0.0012231916189193726,0.00041298568248748779,0.00041298568248748779,0.0016437023878097534,0.0016437023878097534,0,0,0,0,0,0,0,0,0,0,0,0,-0.00020009279251098633,-0.00020009279251098633,-0.00020009279251098633,-0.00020009279251098633,0.0012307167053222656,0.0012307167053222656,0.0012307167053222656,0.0012307167053222656,-0.001430809497833252,-0.001430809497833252,-0.001430809497833252,-0.001430809497833252
86,data/1_2024/shard-000477.tar,985375,END,mild,10,92,102,358,-41,2.5625,2to4,False,0.013923377000000001,0.0023596957325935364,0.0023596957325935364,0.0033887848258018494,0.0033887848258018494,0.0028206408023834229,0.0028206408023834229,0.0041416212916374207,0.0041416212916374207,0.0038063079118728638,0.0038063079118728638,0.0030955374240875244,0.0030955374240875244,0,0,0,0,0,0,0,0,0,0,0,0,-0.00056814402341842651,-0.00056814402341842651,-0.00056814402341842651,-0.00056814402341842651,-0.00071077048778533936,-0.00071077048778533936,-0.00071077048778533936,-0.00071077048778533936,0.00014262646436691284,0.00014262646436691284,0.00014262646436691284,0.00014262646436691284
87,data/1_2024/shard-000477.tar,993503,START,medium,21,112,133,389,-45.5,2.84375,2to4,False,0.009277314,0.0035149082541465759,0.0035149082541465759,0.0033727064728736877,0.0033727064728736877,0.0028887093067169189,0.0028887093067169189,0.001288488507270813,0.001288488507270813,0.0010373741388320923,0.0010373741388320923,0.00079353898763656616,0.00079353898763656616,0,0,0,0,0,0,0,0,0,0,0,0,-0.0004839971661567688,-0.0004839971661567688,-0.0004839971661567688,-0.0004839971661567688,-0.00024383515119552612,-0.00024383515119552612,-0.00024383515119552612,-0.00024383515119552612,-0.00024016201496124268,-0.00024016201496124268,-0.00024016201496124268,-0.00024016201496124268
88,data/1_2024/shard-000477.tar,996375,START,mild,0,102,102,358,-51,3.1875,2to4,False,0.010062389,-0.0013819485902786255,-0.0013819485902786255,-0.0016164183616638184,-0.0016164183616638184,-0.0010191500186920166,-0.0010191500186920166,0.00053590536117553711,0.00053590536117553711,0.0004892200231552124,0.0004892200231552124,0.00053586065769195557,0.00053586065769195557,0,0,0,0,0,0,0,0,0,0,0,0,0.00059726834297180176,0.00059726834297180176,0.00059726834297180176,0.00059726834297180176,4.6640634536743164e-05,4.6640634536743164e-05,4.6640634536743164e-05,4.6640634536743164e-05,0.00055062770843505859,0.00055062770843505859,0.00055062770843505859,0.00055062770843505859
89,data/1_2024/shard-000477.tar,1005375,END,medium,12,111,123,379,-49.5,3.09375,2to4,False,0.0091018379999999992,0.0038522481918334961,0.0038522481918334961,0.0047701075673103333,0.0047701075673103333,0.0035788938403129578,0.0035788938403129578,-0.0009767189621925354,-0.0009767189621925354,-0.00089688599109649658,-0.00089688599109649658,-0.0003566443920135498,-0.0003566443920135498,0,0,0,0,0,0,0,0,0,0,0,0,-0.0011912137269973755,-0.0011912137269973755,-0.0011912137269973755,-0.0011912137269973755,0.00054024159908294678,0.00054024159908294678,0.00054024159908294678,0.00054024159908294678,-0.0017314553260803223,-0.0017314553260803223,-0.0017314553260803223,-0.0017314553260803223
90,data/1_2024/shard-000477.tar,1006503,START,mild,16,45,61,317,-14.5,0.90625,lt2,True,0.0035736560000000001,0.00035578757524490356,0.00035578757524490356,-2.7373433113098145e-05,-2.7373433113098145e-05,0.00031762570142745972,0.00031762570142745972,-0.00024732202291488647,-0.00024732202291488647,-0.00019241869449615479,-0.00019241869449615479,-9.2715024948120117e-05,-9.2715024948120117e-05,0,0,0,0,0,0,0,0,0,0,0,0,0.00034499913454055786,0.00034499913454055786,0.00034499913454055786,0.00034499913454055786,9.9703669548034668e-05,9.9703669548034668e-05,9.9703669548034668e-05,9.9703669548034668e-05,0.00024529546499252319,0.00024529546499252319,0.00024529546499252319,0.00024529546499252319
91,data/1_2024/shard-000477.tar,1016375,END,mild,29,73,102,358,-22,1.375,lt2,True,0.00049443499999999999,-0.0024520307779312134,-0.0024428069591522217,-0.0021110624074935913,-0.0021369680762290955,-0.0017850175499916077,-0.0018232837319374084,0.00027906149625778198,0.00033728033304214478,0.00013603270053863525,0.00013519823551177979,0.00051017105579376221,0.00054417550563812256,0,0,-1.6652047634124756e-05,0,-2.3379921913146973e-05,-1.189112663269043e-05,-8.9257955551147461e-06,8.106231689453125e-06,5.8412551879882812e-06,-8.9630484580993652e-06,0,1.6376376152038574e-05,0.00033277273178100586,0.00028301775455474854,0.00037533044815063477,0.00032557547092437744,0.00037997961044311523,0.00039760768413543701,0.00036600977182388306,0.00038363784551620483,-4.7206878662109375e-05,-0.00011458992958068848,9.320676326751709e-06,-5.8062374591827393e-05
92,data/1_2024/shard-000477.tar,1019503,START,mild,15,91,106,362,-38,2.375,2to4,False,0.012226127,0.0016134679317474365,0.0016512870788574219,0.0021090805530548096,0.0020935535430908203,0.001454085111618042,0.001454085111618042,-0.0013176053762435913,-0.0013316124677658081,-0.00089530646800994873,-0.00093103945255279541,-0.0021163821220397949,-0.0021163821220397949,0,-6.9141387939453125e-06,0,-1.2382864952087402e-05,0,-1.1295080184936523e-05,8.3595514297485352e-06,-1.3247132301330566e-05,2.8312206268310547e-07,-4.8086047172546387e-05,-1.2218952178955078e-06,0,-0.00065499544143676758,-0.00064370036125183105,-0.00065185129642486572,-0.0006405562162399292,-0.0012195706367492676,-0.0012207925319671631,-0.0012322068214416504,-0.0012334287166595459,0.0005645751953125,0.00057709217071533203,0.00058035552501678467,0.0005928725004196167
93,data/1_2024/shard-000477.tar,1027503,END,mild,26,80,106,362,-27,1.6875,lt2,False,0.013336606000000001,-0.0010188817977905273,-0.0010188817977905273,-0.00046648085117340088,-0.00046648085117340088,-0.00088599324226379395,-0.00088599324226379395,0.0019052177667617798,0.0019052177667617798,0.00132027268409729,0.00132027268409729,0.0020700395107269287,0.0020700395107269287,0,0,0,0,0,0,0,0,0,0,0,0,-0.00041951239109039307,-0.00041951239109039307,-0.00041951239109039307,-0.00041951239109039307,0.00074976682662963867,0.00074976682662963867,0.00074976682662963867,0.00074976682662963867,-0.0011692792177200317,-0.0011692792177200317,-0.0011692792177200317,-0.0011692792177200317
94,data/1_2024/shard-000477.tar,1038503,END,mild,15,40,55,311,-12.5,0.78125,lt2,True,0.0062096419999999996,0.0018751993775367737,0.0018751993775367737,0.0012945979833602905,0.0012945979833602905,0.001562751829624176,0.001562751829624176,0.0018747523427009583,0.0018747523427009583,0.0019511282444000244,0.0019511282444000244,0.0019488558173179626,0.0019488558173179626,0,0,0,0,0,0,0,0,0,0,0,0,0.0002681538462638855,0.0002681538462638855,0.0002681538462638855,0.0002681538462638855,-2.2724270820617676e-06,-2.2724270820617676e-06,-2.2724270820617676e-06,-2.2724270820617676e-06,0.00027042627334594727,0.00027042627334594727,0.00027042627334594727,0.00027042627334594727
95,data/1_2024/shard-000477.tar,1040503,END,mild,2,82,84,340,-40,2.5,2to4,True,0.0046612169999999996,0.0019992142915725708,0.0019992142915725708,0.0029360055923461914,0.0029360055923461914,0.0024316012859344482,0.0024316012859344482,0.0038604289293289185,0.0038604289293289185,0.0031699538230895996,0.0031699538230895996,0.0036660879850387573,0.0036660879850387573,0,0,0,0,0,0,0,0,0,0,0,0,-0.00050440430641174316,-0.00050440430641174316,-0.00050440430641174316,-0.00050440430641174316,0.00049613416194915771,0.00049613416194915771,0.00049613416194915771,0.00049613416194915771,-0.0010005384683609009,-0.0010005384683609009,-0.0010005384683609009,-0.0010005384683609009
96,data/1_2024/shard-000477.tar,1054503,END,mild,3,55,58,314,-26,1.625,lt2,False,0.01083231,0.0046742558479309082,0.0046742558479309082,0.0056418627500534058,0.0056418627500534058,0.0047187656164169312,0.0047187656164169312,0.013672366738319397,0.013672366738319397,0.013043463230133057,0.013043463230133057,0.01138971745967865,0.01138971745967865,0,0,0,0,0,0,0,0,0,0,0,0,-0.00092309713363647461,-0.00092309713363647461,-0.00092309713363647461,-0.00092309713363647461,-0.0016537457704544067,-0.0016537457704544067,-0.0016537457704544067,-0.0016537457704544067,0.00073064863681793213,0.00073064863681793213,0.00073064863681793213,0.00073064863681793213
97,data/1_2024/shard-000477.tar,1059375,END,mild,17,86,103,359,-34.5,2.15625,2to4,False,0.012366846000000001,-0.00079257786273956299,-0.00079257786273956299,-0.00071683526039123535,-0.00071683526039123535,-0.00072394311428070068,-0.00072394311428070068,0.0049424171447753906,0.0049424171447753906,0.0054231435060501099,0.0054231435060501099,0.0045303702354431152,0.0045303702354431152,0,0,0,0,0,0,0,0,0,0,0,0,-7.107853889465332e-06,-7.107853889465332e-06,-7.107853889465332e-06,-7.107853889465332e-06,-0.00089277327060699463,-0.00089277327060699463,-0.00089277327060699463,-0.00089277327060699463,0.0008856654167175293,0.0008856654167175293,0.0008856654167175293,0.0008856654167175293
98,data/1_2024/shard-000477.tar,1078375,END,mild,1,101,102,358,-50,3.125,2to4,False,0.023825473999999999,0.0016873069107532501,0.0016873069107532501,0.00083998218178749084,0.00081262364983558655,0.0021556764841079712,0.0021843165159225464,0.0058876574039459229,0.0059362351894378662,0.0062484890222549438,0.0062387213110923767,0.0053402334451675415,0.0053066462278366089,0,0,2.8848648071289062e-05,0,-2.6524066925048828e-05,-6.7725777626037598e-06,-1.0773539543151855e-05,0,-1.2211501598358154e-05,-3.382563591003418e-06,-3.2290816307067871e-05,0,0.0013710670173168182,0.0013799555599689484,0.0013695769011974335,0.0013784654438495636,-0.00088817626237869263,-0.00095405429601669312,-0.00086957961320877075,-0.00093545764684677124,0.0022592432796955109,0.0023340098559856415,0.0022391565144062042,0.0023139230906963348
99,data/1_2024/shard-000477.tar,1084375,START,mild,30,76,106,362,-23,1.4375,lt2,False,0.026964328999999999,0.00029611587524414062,0.00029611587524414062,0.00027254968881607056,0.00027254968881607056,-0.00017949938774108887,-0.00017949938774108887,0.0015776380896568298,0.0015776380896568298,0.001137368381023407,0.001137368381023407,0.0015308782458305359,0.0015308782458305359,0,0,0,0,0,0,0,0,0,0,0,0,-0.00045204907655715942,-0.00045204907655715942,-0.00045204907655715942,-0.00045204907655715942,0.00039350986480712891,0.00039350986480712891,0.00039350986480712891,0.00039350986480712891,-0.00084555894136428833,-0.00084555894136428833,-0.00084555894136428833,-0.00084555894136428833
100,data/1_2024/shard-000477.tar,1089503,START,mild,7,103,110,366,-48,3,2to4,False,0.029329106000000001,0.0034886747598648071,0.0034886747598648071,0.0033914372324943542,0.0033914372324943542,0.0031912922859191895,0.0031912922859191895,0.00018487870693206787,0.00018487870693206787,0.00052172690629959106,0.00052172690629959106,0.00029838830232620239,0.00029838830232620239,0,0,0,0,0,0,0,0,0,0,0,0,-0.00020014494657516479,-0.00020014494657516479,-0.00020014494657516479,-0.00020014494657516479,-0.00022333860397338867,-0.00022333860397338867,-0.00022333860397338867,-0.00022333860397338867,2.3193657398223877e-05,2.3193657398223877e-05,2.3193657398223877e-05,2.3193657398223877e-05
101,data/1_2024/shard-000477.tar,1092375,END,mild,16,79,95,351,-31.5,1.96875,lt2,True,0.0084211530000000007,0.00064010173082351685,0.00064010173082351685,0.00069088488817214966,0.00069088488817214966,0.00021999329328536987,0.00021999329328536987,0.00048486143350601196,0.00048486143350601196,0.0005796477198600769,0.0005796477198600769,0.00013267993927001953,0.00013267993927001953,0,0,0,0,0,0,0,0,0,0,0,0,-0.00047089159488677979,-0.00047089159488677979,-0.00047089159488677979,-0.00047089159488677979,-0.00044696778059005737,-0.00044696778059005737,-0.00044696778059005737,-0.00044696778059005737,-2.3923814296722412e-05,-2.3923814296722412e-05,-2.3923814296722412e-05,-2.3923814296722412e-05
102,data/1_2024/shard-000477.tar,1095503,END,mild,7,95,102,358,-44,2.75,2to4,False,0.031348414999999998,0.00087560713291168213,0.00087560713291168213,0.0011244341731071472,0.0011244341731071472,0.00081691890954971313,0.00081691890954971313,0.0022441036999225616,0.0022441036999225616,0.0022657997906208038,0.0022657997906208038,0.0014719180762767792,0.0014719180762767792,0,0,0,0,0,0,0,0,0,0,0,0,-0.00030751526355743408,-0.00030751526355743408,-0.00030751526355743408,-0.00030751526355743408,-0.00079388171434402466,-0.00079388171434402466,-0.00079388171434402466,-0.00079388171434402466,0.00048636645078659058,0.00048636645078659058,0.00048636645078659058,0.00048636645078659058
103,data/1_2024/shard-000477.tar,1102503,START,medium,36,84,120,376,-24,1.5,lt2,False,0.019450709,0.0012368932366371155,0.0012368932366371155,0.00090554356575012207,0.00090554356575012207,0.001295723021030426,0.001295723021030426,0.0028221085667610168,0.0028221085667610168,0.0032216310501098633,0.0032216310501098633,0.0031013861298561096,0.0031013861298561096,0,0,0,0,0,0,0,0,0,0,0,0,0.00039017945528030396,0.00039017945528030396,0.00039017945528030396,0.00039017945528030396,-0.00012024492025375366,-0.00012024492025375366,-0.00012024492025375366,-0.00012024492025375366,0.00051042437553405762,0.00051042437553405762,0.00051042437553405762,0.00051042437553405762
104,data/1_2024/shard-000477.tar,1105503,START,strong,90,200,290,546,-55,3.4375,2to4,True,0.0017683359999999999,0.0017507150769233704,0.0017507150769233704,0.0017241910099983215,0.0017241910099983215,0.0020553246140480042,0.0020553246140480042,0.0018046274781227112,0.0018046274781227112,0.00068908184766769409,0.00068908184766769409,0.00080613046884536743,0.00080613046884536743,0,0,0,0,0,0,0,0,0,0,0,0,0.00033113360404968262,0.00033113360404968262,0.00033113360404968262,0.00033113360404968262,0.00011704862117767334,0.00011704862117767334,0.00011704862117767334,0.00011704862117767334,0.00021408498287200928,0.00021408498287200928,0.00021408498287200928,0.00021408498287200928
105,data/1_2024/shard-000477.tar,1115503,START,mild,6,98,104,360,-46,2.875,2to4,False,0.012408413,-0.00055103003978729248,-0.00055103003978729248,-0.00028900057077407837,-0.00028900057077407837,0.00015284121036529541,0.00015284121036529541,0.0030259117484092712,0.0030259117484092712,0.0025602132081985474,0.0025602132081985474,0.0033016875386238098,0.0033016875386238098,0,0,0,0,0,0,0,0,0,0,0,0,0.00044184178113937378,0.00044184178113937378,0.00044184178113937378,0.00044184178113937378,0.00074147433042526245,0.00074147433042526245,0.00074147433042526245,0.00074147433042526245,-0.00029963254928588867,-0.00029963254928588867,-0.00029963254928588867,-0.00029963254928588867
106,data/1_2024/shard-000477.tar,1118503,END,mild,6,104,110,366,-49,3.0625,2to4,True,0.0061947629999999998,0.0012444555759429932,0.0012444555759429932,0.00056788325309753418,0.00056788325309753418,0.0019149184226989746,0.0019149184226989746,-0.00071243941783905029,-0.00071243941783905029,-0.00030112266540527344,-0.00030112266540527344,-0.00053988397121429443,-0.00053988397121429443,0,0,0,0,0,0,0,0,0,0,0,0,0.0013470351696014404,0.0013470351696014404,0.0013470351696014404,0.0013470351696014404,-0.000238761305809021,-0.000238761305809021,-0.000238761305809021,-0.000238761305809021,0.0015857964754104614,0.0015857964754104614,0.0015857964754104614,0.0015857964754104614
107,data/1_2024/shard-000477.tar,1130503,END,mild,9,55,64,320,-23,1.4375,lt2,True,0.001846023,0.00071963667869567871,0.00071088969707489014,0.00023783743381500244,0.00023783743381500244,0.00196036696434021,0.0019974857568740845,0.0089989453554153442,0.0089989453554153442,0.0059478282928466797,0.0059541314840316772,0.0075545907020568848,0.0075383782386779785,7.1465969085693359e-05,-1.882016658782959e-05,1.8775463104248047e-05,0,-4.6938657760620117e-06,-2.3245811462402344e-06,0,2.4914741516113281e-05,0,6.3031911849975586e-06,0,0,0.0017459988594055176,0.0017807483673095703,0.0017272233963012695,0.0017619729042053223,0.0016067624092102051,0.0015905499458312988,0.0016067624092102051,0.0015905499458312988,0.0001392364501953125,0.00019019842147827148,0.00012046098709106445,0.00017142295837402344
108,data/1_2024/shard-000477.tar,1142503,END,mild,11,53,64,320,-21,1.3125,lt2,True,0.0040500500000000004,0.014962807297706604,0.014962807297706604,0.017190590500831604,0.017190590500831604,0.011239364743232727,0.011239364743232727,0.024181976914405823,0.024181976914405823,0.026170268654823303,0.026170268654823303,0.022554323077201843,0.022554323077201843,0,0,0,0,0,0,0,0,0,0,0,0,-0.005951225757598877,-0.005951225757598877,-0.005951225757598877,-0.005951225757598877,-0.00361594557762146,-0.00361594557762146,-0.00361594557762146,-0.00361594557762146,-0.002335280179977417,-0.002335280179977417,-0.002335280179977417,-0.002335280179977417
109,data/1_2024/shard-000477.tar,1148503,END,mild,6,95,101,357,-44.5,2.78125,2to4,False,0.013087771999999999,-0.0011482387781143188,-0.0011482387781143188,-0.002308771014213562,-0.002308771014213562,-0.00065828859806060791,-0.00065828859806060791,0.0053086131811141968,0.0053086131811141968,0.0056026428937911987,0.0056026428937911987,0.0033303052186965942,0.0033303052186965942,0,0,0,0,0,0,0,0,0,0,0,0,0.0016504824161529541,0.0016504824161529541,0.0016504824161529541,0.0016504824161529541,-0.0022723376750946045,-0.0022723376750946045,-0.0022723376750946045,-0.0022723376750946045,0.0039228200912475586,0.0039228200912475586,0.0039228200912475586,0.0039228200912475586
110,data/1_2024/shard-000477.tar,1155503,START,medium,38,88,126,382,-25,1.5625,lt2,True,0.003676772,0.00038997083902359009,0.00038997083902359009,0.00057791173458099365,0.00057791173458099365,0.00036904215812683105,0.00036904215812683105,0.00074748694896697998,0.00074748694896697998,0.00068052858114242554,0.00068052858114242554,0.0006348341703414917,0.0006348341703414917,0,0,0,0,0,0,0,0,0,0,0,0,-0.0002088695764541626,-0.0002088695764541626,-0.0002088695764541626,-0.0002088695764541626,-4.5694410800933838e-05,-4.5694410800933838e-05,-4.5694410800933838e-05,-4.5694410800933838e-05,-0.00016317516565322876,-0.00016317516565322876,-0.00016317516565322876,-0.00016317516565322876
111,data/1_2024/shard-000477.tar,1157503,START,mild,15,70,85,341,-27.5,1.71875,lt2,True,0.0021463929999999999,0.0038699954748153687,0.0038699954748153687,0.0048195719718933105,0.0048195719718933105,0.0030976682901382446,0.0030976682901382446,-0.00026074051856994629,-0.00026074051856994629,-7.8469514846801758e-05,-7.8469514846801758e-05,0.00023858249187469482,0.00023858249187469482,0,0,0,0,0,0,0,0,0,0,0,0,-0.0017219036817550659,-0.0017219036817550659,-0.0017219036817550659,-0.0017219036817550659,0.00031705200672149658,0.00031705200672149658,0.00031705200672149658,0.00031705200672149658,-0.0020389556884765625,-0.0020389556884765625,-0.0020389556884765625,-0.0020389556884765625
112,data/1_2024/shard-000477.tar,1181375,START,mild,0,102,102,358,-51,3.1875,2to4,False,0.016193628000000002,8.7764114141464233e-05,8.7764114141464233e-05,0.00026781857013702393,0.00026781857013702393,0.0004675351083278656,0.0004675351083278656,-0.0010968521237373352,-0.0010968521237373352,-0.00062838569283485413,-0.00062838569283485413,-0.00079385191202163696,-0.00079385191202163696,0,0,0,0,0,0,0,0,0,0,0,0,0.00019971653819084167,0.00019971653819084167,0.00019971653819084167,0.00019971653819084167,-0.00016546621918678284,-0.00016546621918678284,-0.00016546621918678284,-0.00016546621918678284,0.00036518275737762451,0.00036518275737762451,0.00036518275737762451,0.00036518275737762451
113,data/1_2024/shard-000477.tar,1189375,START,mild,6,89,95,351,-41.5,2.59375,2to4,False,0.015078342999999999,0.00097191333770751953,0.00097191333770751953,0.0014678686857223511,0.0014678686857223511,0.00075779855251312256,0.00075779855251312256,0.003237500786781311,0.003237500786781311,0.0032871216535568237,0.0032871216535568237,0.0027588158845901489,0.0027588158845901489,0,0,0,0,0,0,0,0,0,0,0,0,-0.00071007013320922852,-0.00071007013320922852,-0.00071007013320922852,-0.00071007013320922852,-0.0005283057689666748,-0.0005283057689666748,-0.0005283057689666748,-0.0005283057689666748,-0.00018176436424255371,-0.00018176436424255371,-0.00018176436424255371,-0.00018176436424255371
114,data/1_2024/shard-000477.tar,1189503,START,strong,8,227,235,491,-109.5,6.84375,ge4,False,0.052222366999999999,-0.0007499009370803833,-0.0007499009370803833,-0.00083275139331817627,-0.00083275139331817627,7.1100890636444092e-05,7.1100890636444092e-05,0.0029786676168441772,0.0029786676168441772,0.0038164258003234863,0.0038164258003234863,0.0041265115141868591,0.0041265115141868591,0,0,0,0,0,0,0,0,0,0,0,0,0.00090385228395462036,0.00090385228395462036,0.00090385228395462036,0.00090385228395462036,0.0003100857138633728,0.0003100857138633728,0.0003100857138633728,0.0003100857138633728,0.00059376657009124756,0.00059376657009124756,0.00059376657009124756,0.00059376657009124756
115,data/1_2024/shard-000477.tar,1200375,START,mild,0,106,106,362,-53,3.3125,2to4,False,0.025838002999999998,0.0010243654251098633,0.0010243654251098633,0.00072082877159118652,0.00072082877159118652,0.00048108398914337158,0.00048108398914337158,0.0017834603786468506,0.0017834603786468506,0.0013178437948226929,0.0013178437948226929,0.0017377734184265137,0.0017377734184265137,0,0,0,0,0,0,0,0,0,0,0,0,-0.00023974478244781494,-0.00023974478244781494,-0.00023974478244781494,-0.00023974478244781494,0.0004199296236038208,0.0004199296236038208,0.0004199296236038208,0.0004199296236038208,-0.00065967440605163574,-0.00065967440605163574,-0.00065967440605163574,-0.00065967440605163574
116,data/1_2024/shard-000477.tar,1216503,END,mild,3,102,105,361,-49.5,3.09375,2to4,True,0.0078641849999999992,0.004894554615020752,0.0048673152923583984,0.0042872354388237,0.0042832642793655396,0.0049794316291809082,0.0050337240099906921,0.003536812961101532,0.0035322308540344238,0.0030086338520050049,0.002986714243888855,0.0037641450762748718,0.0037709251046180725,0,-4.5448541641235352e-05,0,-3.9711594581604004e-06,0,3.1881034374237061e-05,5.5134296417236328e-07,0,0,-3.3900141716003418e-05,1.7955899238586426e-06,0,0.00069219619035720825,0.00071460753679275513,0.00069219619035720825,0.00071460753679275513,0.0007537156343460083,0.00076229125261306763,0.00074173510074615479,0.00075031071901321411,-6.1519443988800049e-05,-4.76837158203125e-05,-4.9538910388946533e-05,-3.5703182220458984e-05
117,data/1_2024/shard-000477.tar,1251375,START,mild,10,97,107,363,-43.5,2.71875,2to4,False,0.011275433,0.0016903728246688843,0.001697048544883728,0.0014481097459793091,0.0014399699866771698,0.0015109218657016754,0.0015253238379955292,0.0042832829058170319,0.0042739547789096832,0.0055713504552841187,0.0055583454668521881,0.0041644684970378876,0.0041396431624889374,-1.8686056137084961e-05,-7.4505805969238281e-09,0,2.0153820514678955e-06,-1.440197229385376e-05,-5.9492886066436768e-06,-6.7055225372314453e-07,-1.0281801223754883e-06,9.3989074230194092e-06,-3.6060810089111328e-06,1.6234815120697021e-05,0,7.7214092016220093e-05,8.316338062286377e-05,8.7369233369827271e-05,9.3318521976470947e-05,-0.0014137178659439087,-0.0014223083853721619,-0.0014137178659439087,-0.0014223083853721619,0.0014909319579601288,0.0015054717659950256,0.001501087099313736,0.0015156269073486328
118,data/1_2024/shard-000477.tar,1262503,START,mild,1,102,103,359,-50.5,3.15625,2to4,False,0.014590323000000001,-0.0018041059374809265,-0.0018041059374809265,-0.0012823045253753662,-0.0012823045253753662,-0.0027550160884857178,-0.0027550160884857178,0.014483183622360229,0.014483183622360229,0.016527533531188965,0.016527533531188965,0.015200376510620117,0.015200376510620117,0,0,0,0,0,0,0,0,0,0,0,0,-0.0014727115631103516,-0.0014727115631103516,-0.0014727115631103516,-0.0014727115631103516,-0.0013271570205688477,-0.0013271570205688477,-0.0013271570205688477,-0.0013271570205688477,-0.00014555454254150391,-0.00014555454254150391,-0.00014555454254150391,-0.00014555454254150391
119,data/1_2024/shard-000477.tar,1272503,END,mild,5,97,102,358,-46,2.875,2to4,True,0.007499978,0.0048348605632781982,0.0048348605632781982,0.0060614496469497681,0.0060614496469497681,0.0052613094449043274,0.0052613094449043274,0.0098232999444007874,0.0098232999444007874,0.0093651711940765381,0.0093651711940765381,0.0097993239760398865,0.0097993239760398865,0,0,0,0,0,0,0,0,0,0,0,0,-0.00080014020204544067,-0.00080014020204544067,-0.00080014020204544067,-0.00080014020204544067,0.00043415278196334839,0.00043415278196334839,0.00043415278196334839,0.00043415278196334839,-0.0012342929840087891,-0.0012342929840087891,-0.0012342929840087891,-0.0012342929840087891
120,data/1_2024/shard-000477.tar,1278503,END,medium,22,101,123,379,-39.5,2.46875,2to4,False,0.039418802000000003,0.0010131821036338806,0.0010320544242858887,0.0014740228652954102,0.0014445483684539795,0.0008478313684463501,0.00089960545301437378,-7.6964497566223145e-06,-1.4774501323699951e-05,0.00015851110219955444,0.00013791769742965698,0.00016751140356063843,0.00017435848712921143,-4.6938657760620117e-07,4.3906271457672119e-05,6.1169266700744629e-06,0,-3.0703842639923096e-05,3.5017728805541992e-05,3.3654272556304932e-05,-2.2299587726593018e-05,0,-1.7508864402770996e-05,-3.2886862754821777e-05,2.0489096641540527e-06,-0.0005893707275390625,-0.00060331821441650391,-0.0005660131573677063,-0.00057996064424514771,4.1887164115905762e-05,1.379847526550293e-05,4.4971704483032227e-05,1.6883015632629395e-05,-0.00063125789165496826,-0.00061711668968200684,-0.00061098486185073853,-0.0005968436598777771
121,data/1_2024/shard-000477.tar,1283375,START,mild,1,101,102,358,-50,3.125,2to4,False,0.031577728999999999,0.0029892399907112122,0.0029892399907112122,0.0032383650541305542,0.0032341629266738892,0.0033387243747711182,0.0033533349633216858,0.00057499110698699951,0.0005699843168258667,0.0021619647741317749,0.0021611228585243225,0.0021257549524307251,0.0021484717726707458,0,-8.9406967163085938e-06,6.3553452491760254e-06,0,1.9371509552001953e-07,-2.399832010269165e-05,0,-5.0067901611328125e-06,-8.367002010345459e-06,-7.7635049819946289e-06,0,8.4936618804931641e-07,0.00010652095079421997,0.00014532357454299927,0.00010436773300170898,0.00014317035675048828,-4.4576823711395264e-05,-2.2709369659423828e-05,-4.3131411075592041e-05,-2.1263957023620605e-05,0.00015109777450561523,0.0001680329442024231,0.00014749914407730103,0.00016443431377410889
122,data/1_2024/shard-000477.tar,1317503,START,mild,8,62,70,326,-27,1.6875,lt2,True,0.0078665090000000007,-0.0001923292875289917,-0.0001923292875289917,-0.00045499205589294434,-0.00045499205589294434,-0.00033514201641082764,-0.00033514201641082764,0.0012294799089431763,0.0012294799089431763,0.00092229247093200684,0.00092229247093200684,0.001916542649269104,0.001916542649269104,0,0,0,0,0,0,0,0,0,0,0,0,0.0001198500394821167,0.0001198500394821167,0.0001198500394821167,0.0001198500394821167,0.00099425017833709717,0.00099425017833709717,0.00099425017833709717,0.00099425017833709717,-0.00087440013885498047,-0.00087440013885498047,-0.00087440013885498047,-0.00087440013885498047
123,data/1_2024/shard-000477.tar,1324503,END,mild,22,86,108,364,-32,2,2to4,False,0.028762598,0.0035383701324462891,0.0035383701324462891,0.0039790868759155273,0.0039790868759155273,0.0038967281579971313,0.0038967281579971313,0.0014161020517349243,0.0014161020517349243,0.0014703124761581421,0.0014703124761581421,0.0017173141241073608,0.0017173141241073608,0,0,0,0,0,0,0,0,0,0,0,0,-8.2358717918395996e-05,-8.2358717918395996e-05,-8.2358717918395996e-05,-8.2358717918395996e-05,0.00024700164794921875,0.00024700164794921875,0.00024700164794921875,0.00024700164794921875,-0.00032936036586761475,-0.00032936036586761475,-0.00032936036586761475,-0.00032936036586761475
124,data/1_2024/shard-000477.tar,1326503,END,mild,6,54,60,316,-24,1.5,lt2,True,0.004781291,0.0015927404165267944,0.0015927404165267944,0.0016798079013824463,0.0016798079013824463,0.0015826970338821411,0.0015826970338821411,6.8962574005126953e-05,6.8962574005126953e-05,-0.00051061809062957764,-0.00051061809062957764,-0.00011920928955078125,-0.00011920928955078125,0,0,0,0,0,0,0,0,0,0,0,0,-9.7110867500305176e-05,-9.7110867500305176e-05,-9.7110867500305176e-05,-9.7110867500305176e-05,0.00039140880107879639,0.00039140880107879639,0.00039140880107879639,0.00039140880107879639,-0.00048851966857910156,-0.00048851966857910156,-0.00048851966857910156,-0.00048851966857910156
125,data/1_2024/shard-000477.tar,1348503,START,mild,16,48,64,320,-16,1,lt2,True,0.006800108,0.00064314901828765869,0.00064811110496520996,0.00046178698539733887,0.00046503171324729919,0.0012785159051418304,0.0012875311076641083,0.00082555413246154785,0.00085478276014328003,0.0014222823083400726,0.0014129988849163055,0.00036031007766723633,0.00033045560121536255,-8.8736414909362793e-06,0,2.6151537895202637e-06,0,-2.2463500499725342e-05,1.0419636964797974e-05,-2.8751790523529053e-05,6.6608190536499023e-06,7.4170529842376709e-06,1.4230608940124512e-06,0,-2.9854476451873779e-05,0.00084180757403373718,0.0008179396390914917,0.00083594769239425659,0.00081207975745201111,-0.0010545551776885986,-0.0010545551776885986,-0.0010512657463550568,-0.0010512657463550568,0.0018963627517223358,0.0018724948167800903,0.0018872134387493134,0.0018633455038070679
126,data/1_2024/shard-000477.tar,1360503,START,mild,12,93,105,361,-40.5,2.53125,2to4,True,0.0031617279999999999,0.0017201751470565796,0.0017201751470565796,0.0013907551765441895,0.0013907551765441895,0.00062935054302215576,0.00062935054302215576,0.0033124685287475586,0.0033124685287475586,0.0032941848039627075,0.0032941848039627075,0.0033639520406723022,0.0033639520406723022,0,0,0,0,0,0,0,0,0,0,0,0,-0.00076140463352203369,-0.00076140463352203369,-0.00076140463352203369,-0.00076140463352203369,6.9767236709594727e-05,6.9767236709594727e-05,6.9767236709594727e-05,6.9767236709594727e-05,-0.00083117187023162842,-0.00083117187023162842,-0.00083117187023162842,-0.00083117187023162842
127,data/1_2024/shard-000477.tar,1390375,START,mild,26,80,106,362,-27,1.6875,lt2,True,0.0031074140000000002,-0.00086116045713424683,-0.00086116045713424683,-0.00098455697298049927,-0.00098455697298049927,-0.00098148733377456665,-0.00098148733377456665,0.00012212619185447693,0.00012212619185447693,0.00015122443437576294,0.00015122443437576294,2.7649104595184326e-05,2.7649104595184326e-05,0,0,0,0,0,0,0,0,0,0,0,0,3.0696392059326172e-06,3.0696392059326172e-06,3.0696392059326172e-06,3.0696392059326172e-06,-0.00012357532978057861,-0.00012357532978057861,-0.00012357532978057861,-0.00012357532978057861,0.00012664496898651123,0.00012664496898651123,0.00012664496898651123,0.00012664496898651123
128,data/1_2024/shard-000477.tar,1400503,END,mild,26,76,102,358,-25,1.5625,lt2,True,0.0046559870000000003,0.0031878501176834106,0.0031878501176834106,0.0033583492040634155,0.0033583492040634155,0.0035374313592910767,0.0035374313592910767,0.0027849674224853516,0.0027849674224853516,0.0032834857702255249,0.0032834857702255249,0.0022811740636825562,0.0022811740636825562,0,0,0,0,0,0,0,0,0,0,0,0,0.00017908215522766113,0.00017908215522766113,0.00017908215522766113,0.00017908215522766113,-0.0010023117065429688,-0.0010023117065429688,-0.0010023117065429688,-0.0010023117065429688,0.0011813938617706299,0.0011813938617706299,0.0011813938617706299,0.0011813938617706299
129,data/1_2024/shard-000477.tar,1408503,START,mild,9,97,106,362,-44,2.75,2to4,True,0.00092423699999999995,0.0019133687019348145,0.0019133687019348145,0.0023175030946731567,0.0023399442434310913,0.0024889111518859863,0.0024720728397369385,0.0038734376430511475,0.0038734227418899536,0.0038433372974395752,0.0038433372974395752,0.0043583661317825317,0.0043676048517227173,0,9.0897083282470703e-06,-2.244114875793457e-05,0,0,-1.6838312149047852e-05,2.2321939468383789e-05,-1.4901161193847656e-08,-1.3768672943115234e-05,-1.0311603546142578e-05,0,0,0.00014896690845489502,0.00014896690845489502,0.00014896690845489502,0.00014896690845489502,0.00050126016139984131,0.00051049888134002686,0.00050471723079681396,0.00051395595073699951,-0.00035229325294494629,-0.00036153197288513184,-0.00035575032234191895,-0.00036498904228210449
130,data/1_2024/shard-000477.tar,1439375,START,strong,81,173,254,510,-46,2.875,2to4,False,0.025468752000000001,-0.00040078163146972656,-0.00040078163146972656,-0.00064480304718017578,-0.00064480304718017578,-9.085237979888916e-05,-9.085237979888916e-05,0.0063105523586273193,0.0063105523586273193,0.0073670744895935059,0.0073670744895935059,0.006274983286857605,0.006274983286857605,0,0,0,0,0,0,0,0,0,0,0,0,0.00055395066738128662,0.00055395066738128662,0.00055395066738128662,0.00055395066738128662,-0.0010920912027359009,-0.0010920912027359009,-0.0010920912027359009,-0.0010920912027359009,0.0016460418701171875,0.0016460418701171875,0.0016460418701171875,0.0016460418701171875
131,data/1_2024/shard-000477.tar,1453503,END,medium,35,78,113,369,-21.5,1.34375,lt2,True,0.003176637,0.0035754591226577759,0.0035754591226577759,0.0041873753070831299,0.0041873753070831299,0.0037762820720672607,0.0037762820720672607,0.013140037655830383,0.013140037655830383,0.012669652700424194,0.012669652700424194,0.014228060841560364,0.014228060841560364,0,0,0,0,0,0,0,0,0,0,0,0,-0.00041109323501586914,-0.00041109323501586914,-0.00041109323501586914,-0.00041109323501586914,0.0015584081411361694,0.0015584081411361694,0.0015584081411361694,0.0015584081411361694,-0.0019695013761520386,-0.0019695013761520386,-0.0019695013761520386,-0.0019695013761520386
132,data/1_2024/shard-000477.tar,1454503,START,mild,17,70,87,343,-26.5,1.65625,lt2,False,0.015921198000000001,0.0026914030313491821,0.0026914030313491821,0.0018785148859024048,0.0018785148859024048,0.0020449310541152954,0.0020449310541152954,6.5699219703674316e-05,6.5699219703674316e-05,0.0011253207921981812,0.0011253207921981812,-5.4836273193359375e-05,-5.4836273193359375e-05,0,0,0,0,0,0,0,0,0,0,0,0,0.00016641616821289062,0.00016641616821289062,0.00016641616821289062,0.00016641616821289062,-0.0011801570653915405,-0.0011801570653915405,-0.0011801570653915405,-0.0011801570653915405,0.0013465732336044312,0.0013465732336044312,0.0013465732336044312,0.0013465732336044312
133,data/1_2024/shard-000477.tar,1466375,END,mild,20,42,62,318,-11,0.6875,lt2,True,0.0039108320000000004,-0.00058144330978393555,-0.00058144330978393555,-0.00074532628059387207,-0.00074532628059387207,-0.00036914646625518799,-0.00036914646625518799,0.00087299942970275879,0.00087299942970275879,0.00050294399261474609,0.00050294399261474609,0.00029180943965911865,0.00029180943965911865,0,0,0,0,0,0,0,0,0,0,0,0,0.00037617981433868408,0.00037617981433868408,0.00037617981433868408,0.00037617981433868408,-0.00021113455295562744,-0.00021113455295562744,-0.00021113455295562744,-0.00021113455295562744,0.00058731436729431152,0.00058731436729431152,0.00058731436729431152,0.00058731436729431152
134,data/1_2024/shard-000477.tar,1478375,START,mild,23,79,102,358,-28,1.75,lt2,False,0.026301934999999999,0.0025407597422599792,0.0025407597422599792,0.0033461377024650574,0.0033461377024650574,0.0021949484944343567,0.0021949484944343567,0.0058510452508926392,0.0058510452508926392,0.0068687349557876587,0.0068687349557876587,0.0065292865037918091,0.0065292865037918091,0,0,0,0,0,0,0,0,0,0,0,0,-0.0011511892080307007,-0.0011511892080307007,-0.0011511892080307007,-0.0011511892080307007,-0.00033944845199584961,-0.00033944845199584961,-0.00033944845199584961,-0.00033944845199584961,-0.00081174075603485107,-0.00081174075603485107,-0.00081174075603485107,-0.00081174075603485107
135,data/1_2024/shard-000477.tar,1496503,START,mild,4,63,67,323,-29.5,1.84375,lt2,True,0.0047811570000000003,0.0034709274768829346,0.00347118079662323,0.0042067915201187134,0.0041944384574890137,0.0035952776670455933,0.0036138743162155151,0.0076563730835914612,0.0076997876167297363,0.0078123286366462708,0.0078172832727432251,0.0073272138833999634,0.0073061808943748474,1.2069940567016602e-06,-9.3877315521240234e-07,-4.056096076965332e-05,-2.2947788238525391e-06,-2.1755695343017578e-06,1.6957521438598633e-05,-5.1513314247131348e-05,1.0080635547637939e-05,2.2500753402709961e-06,1.3284385204315186e-05,8.9704990386962891e-06,-1.1488795280456543e-05,-0.00064989924430847168,-0.0006504356861114502,-0.00059927999973297119,-0.00059981644153594971,-0.00049183517694473267,-0.0004924088716506958,-0.00048575550317764282,-0.00048632919788360596,-0.00015806406736373901,-0.00015802681446075439,-0.00011352449655532837,-0.00011348724365234375
136,data/1_2024/shard-000477.tar,1497375,END,mild,26,53,79,335,-13.5,0.84375,lt2,True,0.0019423140000000001,-0.0010199546813964844,-0.0010199546813964844,-0.00065349787473678589,-0.00065033882856369019,-0.00086466223001480103,-0.00086385011672973633,-0.00078618526458740234,-0.00078618526458740234,-0.00078191608190536499,-0.00076218694448471069,-0.00074110180139541626,-0.00074774026870727539,0,0,8.538365364074707e-06,1.5571713447570801e-05,2.7284026145935059e-05,-6.7055225372314453e-08,0,1.2472271919250488e-05,5.8859586715698242e-06,0,6.8545341491699219e-07,-3.3527612686157227e-07,-0.00022991001605987549,-0.00020174682140350342,-0.0002260357141494751,-0.00019787251949310303,4.6014785766601562e-05,4.0397047996520996e-05,2.0399689674377441e-05,1.4781951904296875e-05,-0.00027592480182647705,-0.00024214386940002441,-0.00024643540382385254,-0.0002126544713973999
137,data/1_2024/shard-000477.tar,1503503,END,mild,26,53,79,335,-13.5,0.84375,lt2,True,0.0043664200000000002,-0.0015017092227935791,-0.0014728456735610962,-0.0016844570636749268,-0.0017023384571075439,-0.0016615986824035645,-0.0016615986824035645,0.0022501647472381592,0.0022112727165222168,0.0020294338464736938,0.002001151442527771,0.0021874606609344482,0.002160683274269104,0,2.886354923248291e-05,1.506507396697998e-05,0,0,-3.7550926208496094e-06,2.3618340492248535e-05,-1.1920928955078125e-07,0,-3.5315752029418945e-05,-6.2137842178344727e-06,4.7385692596435547e-06,3.7923455238342285e-05,4.1678547859191895e-05,4.0739774703979492e-05,4.4494867324829102e-05,0.00016424059867858887,0.0001265108585357666,0.00015720725059509277,0.00011947751045227051,-0.00012631714344024658,-8.4832310676574707e-05,-0.00011646747589111328,-7.4982643127441406e-05
138,data/1_2024/shard-000477.tar,1519503,START,mild,11,74,85,341,-31.5,1.96875,lt2,False,0.0097529069999999999,0.0031163543462753296,0.0031163543462753296,0.0034810751676559448,0.0034810751676559448,0.0030548050999641418,0.0030548050999641418,-8.9183449745178223e-05,-8.9183449745178223e-05,0.00016113370656967163,0.00016113370656967163,7.3693692684173584e-05,7.3693692684173584e-05,0,0,0,0,0,0,0,0,0,0,0,0,-0.00042627006769180298,-0.00042627006769180298,-0.00042627006769180298,-0.00042627006769180298,-8.7440013885498047e-05,-8.7440013885498047e-05,-8.7440013885498047e-05,-8.7440013885498047e-05,-0.00033883005380630493,-0.00033883005380630493,-0.00033883005380630493,-0.00033883005380630493
139,data/1_2024/shard-000477.tar,1521503,START,mild,19,87,106,362,-34,2.125,2to4,True,0.0083237810000000006,0.0035043582320213318,0.0035043582320213318,0.0038657635450363159,0.0038657635450363159,0.0035248026251792908,0.0035248026251792908,0.020363479852676392,0.020363479852676392,0.020439237356185913,0.020439237356185913,0.020079046487808228,0.020079046487808228,0,0,0,0,0,0,0,0,0,0,0,0,-0.00034096091985702515,-0.00034096091985702515,-0.00034096091985702515,-0.00034096091985702515,-0.00036019086837768555,-0.00036019086837768555,-0.00036019086837768555,-0.00036019086837768555,1.92299485206604e-05,1.92299485206604e-05,1.92299485206604e-05,1.92299485206604e-05
140,data/1_2024/shard-000477.tar,1530503,START,mild,18,49,67,323,-15.5,0.96875,lt2,True,0.0044307859999999999,-0.00058525800704956055,-0.00058525800704956055,-0.0005154833197593689,-0.0005154833197593689,-0.0003032982349395752,-0.0003032982349395752,0.0025664269924163818,0.0025664269924163818,0.0037630200386047363,0.0037630200386047363,0.0028304308652877808,0.0028304308652877808,0,0,0,0,0,0,0,0,0,0,0,0,0.0002121850848197937,0.0002121850848197937,0.0002121850848197937,0.0002121850848197937,-0.00093258917331695557,-0.00093258917331695557,-0.00093258917331695557,-0.00093258917331695557,0.0011447742581367493,0.0011447742581367493,0.0011447742581367493,0.0011447742581367493
141,data/1_2024/shard-000477.tar,1533503,END,mild,23,84,107,363,-30.5,1.90625,lt2,False,0.011333920000000001,0.00032535940408706665,0.00032535940408706665,0.00089915841817855835,0.00089915841817855835,-0.00037323683500289917,-0.00037323683500289917,0.0019511431455612183,0.0019511431455612183,0.0013824403285980225,0.0013824403285980225,0.0017760396003723145,0.0017760396003723145,0,0,0,0,0,0,0,0,0,0,0,0,-0.0012723952531814575,-0.0012723952531814575,-0.0012723952531814575,-0.0012723952531814575,0.00039359927177429199,0.00039359927177429199,0.00039359927177429199,0.00039359927177429199,-0.0016659945249557495,-0.0016659945249557495,-0.0016659945249557495,-0.0016659945249557495
142,data/1_2024/shard-000477.tar,1538503,END,mild,8,98,106,362,-45,2.8125,2to4,True,0.0064314120000000001,0.0068546496331691742,0.0068546496331691742,0.0084007680416107178,0.0084007680416107178,0.0069814808666706085,0.0069814808666706085,0.0027772560715675354,0.0027772560715675354,0.0026553943753242493,0.0026553943753242493,0.0025590658187866211,0.0025590658187866211,0,0,0,0,0,0,0,0,0,0,0,0,-0.0014192871749401093,-0.0014192871749401093,-0.0014192871749401093,-0.0014192871749401093,-9.6328556537628174e-05,-9.6328556537628174e-05,-9.6328556537628174e-05,-9.6328556537628174e-05,-0.0013229586184024811,-0.0013229586184024811,-0.0013229586184024811,-0.0013229586184024811
143,data/1_2024/shard-000477.tar,1579375,START,mild,24,79,103,359,-27.5,1.71875,lt2,False,0.015570417,-0.00017768144607543945,-0.00018402934074401855,-0.0009037703275680542,-0.00092142820358276367,-0.00036211311817169189,-0.00036185979843139648,0.0016311407089233398,0.0016366094350814819,0.0036507844924926758,0.0036266595125198364,0.00082913041114807129,0.00083170831203460693,5.3942203521728516e-06,-3.5613775253295898e-06,0,-2.7075409889221191e-05,2.9906630516052246e-05,7.0035457611083984e-07,-7.8827142715454102e-06,2.2873282432556152e-05,1.7285346984863281e-05,1.6584992408752441e-05,1.1026859283447266e-06,0,0.00051175057888031006,0.00054121017456054688,0.00050233304500579834,0.00053179264068603516,-0.0028054714202880859,-0.0028017908334732056,-0.0027820467948913574,-0.0027783662080764771,0.003317221999168396,0.0033430010080337524,0.0032843798398971558,0.0033101588487625122
144,data/1_2024/shard-000477.tar,1615503,END,mild,6,53,59,315,-23.5,1.46875,lt2,True,0.0042437170000000001,-4.682689905166626e-05,-4.682689905166626e-05,-0.00056972354650497437,-0.00056972354650497437,-6.3233077526092529e-05,-6.3233077526092529e-05,0.0057806819677352905,0.0057806819677352905,0.0061233192682266235,0.0061233192682266235,0.007464192807674408,0.007464192807674408,0,0,0,0,0,0,0,0,0,0,0,0,0.00050649046897888184,0.00050649046897888184,0.00050649046897888184,0.00050649046897888184,0.0013408735394477844,0.0013408735394477844,0.0013408735394477844,0.0013408735394477844,-0.00083438307046890259,-0.00083438307046890259,-0.00083438307046890259,-0.00083438307046890259
145,data/1_2024/shard-000477.tar,1617503,START,medium,54,113,167,423,-29.5,1.84375,lt2,True,0.0017146539999999999,0.0034417733550071716,0.0034417733550071716,0.0032506957650184631,0.0032506957650184631,0.0029416307806968689,0.0029416307806968689,0.0034018158912658691,0.0034018158912658691,0.0017044320702552795,0.0017044320702552795,0.0027656480669975281,0.0027656480669975281,0,0,0,0,0,0,0,0,0,0,0,0,-0.00030906498432159424,-0.00030906498432159424,-0.00030906498432159424,-0.00030906498432159424,0.0010612159967422485,0.0010612159967422485,0.0010612159967422485,0.0010612159967422485,-0.0013702809810638428,-0.0013702809810638428,-0.0013702809810638428,-0.0013702809810638428
146,data/1_2024/shard-000477.tar,1637503,START,mild,22,84,106,362,-31,1.9375,lt2,True,0.0038681850000000001,0.0020814239978790283,0.0020993500947952271,0.0013798177242279053,0.0013709515333175659,0.0015491098165512085,0.0015100091695785522,0.0037080645561218262,0.0036844462156295776,0.0041723102331161499,0.0041776448488235474,0.0024739950895309448,0.0024857223033905029,1.3709068298339844e-05,7.3313713073730469e-06,8.8661909103393555e-06,0,0,1.5661120414733887e-05,2.3618340492248535e-05,0,-5.3644180297851562e-07,0,0,0,0.00017815828323364258,0.00012339651584625244,0.00017815828323364258,0.00012339651584625244,-0.0016988515853881836,-0.0016871243715286255,-0.0017036497592926025,-0.0016919225454330444,0.0018770098686218262,0.0018105208873748779,0.0018818080425262451,0.0018153190612792969
147,data/1_2024/shard-000477.tar,1641503,START,mild,22,70,92,348,-24,1.5,lt2,True,0.001861326,0.0013260990381240845,0.0013260990381240845,0.0015053600072860718,0.0015053600072860718,0.0013465285301208496,0.0013465285301208496,0.0018391013145446777,0.0018391013145446777,0.0016503632068634033,0.0016503632068634033,0.00078040361404418945,0.00078040361404418945,0,0,0,0,0,0,0,0,0,0,0,0,-0.00015883147716522217,-0.00015883147716522217,-0.00015883147716522217,-0.00015883147716522217,-0.00086995959281921387,-0.00086995959281921387,-0.00086995959281921387,-0.00086995959281921387,0.0007111281156539917,0.0007111281156539917,0.0007111281156539917,0.0007111281156539917
148,data/1_2024/shard-000477.tar,1652375,END,mild,5,101,106,362,-48,3,2to4,True,0.004340895,-0.00064381957054138184,-0.00064381957054138184,-0.0012008100748062134,-0.0012008100748062134,-0.0011159330606460571,-0.0011159330606460571,0.0055082738399505615,0.0055082738399505615,0.0055971592664718628,0.0055971592664718628,0.0056732296943664551,0.0056732296943664551,0,0,0,0,0,0,0,0,0,0,0,0,8.487701416015625e-05,8.487701416015625e-05,8.487701416015625e-05,8.487701416015625e-05,7.6070427894592285e-05,7.6070427894592285e-05,7.6070427894592285e-05,7.6070427894592285e-05,8.8065862655639648e-06,8.8065862655639648e-06,8.8065862655639648e-06,8.8065862655639648e-06
149,data/1_2024/shard-000477.tar,1663375,START,mild,30,72,102,358,-21,1.3125,lt2,False,0.016238466,-0.00055077672004699707,-0.00054303556680679321,-0.00045592337846755981,-0.00046391785144805908,-0.00034793466329574585,-0.00034793466329574585,0.00099822133779525757,0.00099822133779525757,0.00084946304559707642,0.00084946304559707642,0.00089847296476364136,0.00089847296476364136,0,0,7.3015689849853516e-07,-8.9108943939208984e-06,0,1.500546932220459e-05,2.1338462829589844e-05,9.8347663879394531e-07,0,-1.9051134586334229e-05,0,2.7567148208618164e-05,0.0001087188720703125,9.371340274810791e-05,0.00010707229375839233,9.2066824436187744e-05,4.9009919166564941e-05,2.1442770957946777e-05,2.9958784580230713e-05,2.3916363716125488e-06,5.9708952903747559e-05,7.2270631790161133e-05,7.7113509178161621e-05,8.9675188064575195e-05
150,data/1_2024/shard-000477.tar,1666503,START,mild,0,105,105,361,-52.5,3.28125,2to4,False,0.0095772970000000002,0.006054263561964035,0.0060584992170333862,0.0054776333272457123,0.00550035759806633,0.0040465332567691803,0.0040263719856739044,-0.00021940097212791443,-0.00021715089678764343,0.00090331956744194031,0.00093632563948631287,0.0013361126184463501,0.0013387240469455719,0,0,1.023709774017334e-05,3.2961368560791016e-05,2.1457672119140625e-06,-2.0042061805725098e-05,-6.4916908740997314e-05,3.3490359783172607e-06,0,0,-1.831352710723877e-05,0,-0.0014230087399482727,-0.0014209821820259094,-0.0014230087399482727,-0.0014209821820259094,0.00045110657811164856,0.00043540447950363159,0.000418100506067276,0.00040239840745925903,-0.0018741153180599213,-0.001856386661529541,-0.0018411092460155487,-0.0018233805894851685
151,data/1_2024/shard-000477.tar,1675503,START,strong,36,199,235,491,-81.5,5.09375,ge4,False,0.018685021,0.003263518214225769,0.003263518214225769,0.0019731223583221436,0.0019731223583221436,0.0044027864933013916,0.0044027864933013916,0.003369554877281189,0.003369554877281189,0.0053296685218811035,0.0053296685218811035,0.0046871602535247803,0.0046871602535247803,0,0,0,0,0,0,0,0,0,0,0,0,0.002429664134979248,0.002429664134979248,0.002429664134979248,0.002429664134979248,-0.00064250826835632324,-0.00064250826835632324,-0.00064250826835632324,-0.00064250826835632324,0.0030721724033355713,0.0030721724033355713,0.0030721724033355713,0.0030721724033355713
152,data/1_2024/shard-000477.tar,1680503,START,mild,21,43,64,320,-11,0.6875,lt2,False,0.013582818,0.0013402700424194336,0.0013402700424194336,0.001522749662399292,0.001522749662399292,0.0025179609656333923,0.0025179609656333923,0.00043309479951858521,0.00043309479951858521,0.00010369718074798584,0.00010369718074798584,0.00047973543405532837,0.00047973543405532837,0,0,0,0,0,0,0,0,0,0,0,0,0.00099521130323410034,0.00099521130323410034,0.00099521130323410034,0.00099521130323410034,0.00037603825330734253,0.00037603825330734253,0.00037603825330734253,0.00037603825330734253,0.00061917304992675781,0.00061917304992675781,0.00061917304992675781,0.00061917304992675781
153,data/1_2024/shard-000477.tar,1715503,START,medium,40,83,123,379,-21.5,1.34375,lt2,True,0.0072419379999999998,0.00047391653060913086,0.00047391653060913086,0.00071905553340911865,0.00071905553340911865,0.00073365867137908936,0.00073365867137908936,-0.00018835067749023438,-0.00018835067749023438,-0.00080430507659912109,-0.00080430507659912109,-0.00082279741764068604,-0.00082279741764068604,0,0,0,0,0,0,0,0,0,0,0,0,1.4603137969970703e-05,1.4603137969970703e-05,1.4603137969970703e-05,1.4603137969970703e-05,-1.8492341041564941e-05,-1.8492341041564941e-05,-1.8492341041564941e-05,-1.8492341041564941e-05,3.3095479011535645e-05,3.3095479011535645e-05,3.3095479011535645e-05,3.3095479011535645e-05
154,data/1_2024/shard-000477.tar,1723503,START,mild,26,59,85,341,-16.5,1.03125,lt2,True,0.000176176,-0.00051419436931610107,-0.00051419436931610107,-0.00089249014854431152,-0.00089249014854431152,-0.00092607736587524414,-0.00092607736587524414,-0.00050520151853561401,-0.00050520151853561401,-0.00052744895219802856,-0.00052744895219802856,-0.00059308856725692749,-0.00059308856725692749,0,0,0,0,0,0,0,0,0,0,0,0,-3.3587217330932617e-05,-3.3587217330932617e-05,-3.3587217330932617e-05,-3.3587217330932617e-05,-6.5639615058898926e-05,-6.5639615058898926e-05,-6.5639615058898926e-05,-6.5639615058898926e-05,3.2052397727966309e-05,3.2052397727966309e-05,3.2052397727966309e-05,3.2052397727966309e-05
155,data/1_2024/shard-000477.tar,1726503,START,mild,5,97,102,358,-46,2.875,2to4,False,0.022031783999999999,0.0025655478239059448,0.0025620609521865845,0.0026141852140426636,0.0026032030582427979,0.0029748678207397461,0.0029669627547264099,0.00453224778175354,0.0044983774423599243,0.0040894374251365662,0.0040965229272842407,0.0044826939702033997,0.0044826939702033997,2.0086765289306641e-05,-5.3048133850097656e-06,1.0982155799865723e-05,0,0,0,3.6768615245819092e-05,3.1739473342895508e-06,-9.7900629043579102e-06,0,-3.1590461730957031e-06,-7.3537230491638184e-06,0.00037166476249694824,0.00036375969648361206,0.00037166476249694824,0.00036375969648361206,0.00038662552833557129,0.0003908202052116394,0.00038933008909225464,0.00039352476596832275,-1.4960765838623047e-05,-2.7060508728027344e-05,-1.7665326595306396e-05,-2.9765069484710693e-05
156,data/1_2024/shard-000477.tar,1729375,START,mild,24,61,85,341,-18.5,1.15625,lt2,True,0.0012172610000000001,-0.0017713010311126709,-0.0017713010311126709,-0.00077568739652633667,-0.00077568739652633667,-0.0018527135252952576,-0.0018527135252952576,0.00015031546354293823,0.00015031546354293823,8.9071691036224365e-05,8.9071691036224365e-05,0.00051072984933853149,0.00051072984933853149,0,0,0,0,0,0,0,0,0,0,0,0,-0.0010770261287689209,-0.0010770261287689209,-0.0010770261287689209,-0.0010770261287689209,0.00042165815830230713,0.00042165815830230713,0.00042165815830230713,0.00042165815830230713,-0.001498684287071228,-0.001498684287071228,-0.001498684287071228,-0.001498684287071228
157,data/1_2024/shard-000477.tar,1734503,END,mild,7,57,64,320,-25,1.5625,lt2,False,0.011856927999999999,-0.00034597516059875488,-0.00033839046955108643,-0.00024372339248657227,-0.00023956596851348877,-0.00027762353420257568,-0.00027552247047424316,0.0052422583103179932,0.0052271485328674316,0.0057099014520645142,0.0057166814804077148,0.0054708123207092285,0.0054686516523361206,-7.584691047668457e-06,2.4437904357910156e-06,0,-8.9108943939208984e-06,1.3589859008789062e-05,0,1.52587890625e-05,3.5434961318969727e-05,-1.3977289199829102e-05,-1.761317253112793e-05,0,-1.2546777725219727e-05,-4.749000072479248e-05,-3.1799077987670898e-05,-6.0558319091796875e-05,-4.4867396354675293e-05,-0.00025306642055511475,-0.00024268031120300293,-0.00026348233222961426,-0.00025309622287750244,0.00020557641983032227,0.00021088123321533203,0.00020292401313781738,0.00020822882652282715
158,data/1_2024/shard-000477.tar,1738503,START,mild,12,47,59,315,-17.5,1.09375,lt2,True,0.005706877,-0.00015097856521606445,-0.00015097856521606445,-0.00039051473140716553,-0.00039051473140716553,-0.00034136325120925903,-0.00034136325120925903,0.0063873976469039917,0.0063873976469039917,0.0063048973679542542,0.0063048973679542542,0.0056295245885848999,0.0056295245885848999,0,0,0,0,0,0,0,0,0,0,0,0,4.9151480197906494e-05,4.9151480197906494e-05,4.9151480197906494e-05,4.9151480197906494e-05,-0.00067537277936935425,-0.00067537277936935425,-0.00067537277936935425,-0.00067537277936935425,0.00072452425956726074,0.00072452425956726074,0.00072452425956726074,0.00072452425956726074
159,data/1_2024/shard-000477.tar,1749503,START,mild,2,57,59,315,-27.5,1.71875,lt2,True,0.0068290379999999999,0.002436518669128418,0.0024163872003555298,0.0022285580635070801,0.0022508054971694946,0.0019509643316268921,0.0019571036100387573,0.0020710080862045288,0.0020710080862045288,0.0044016242027282715,0.0044230371713638306,0.0026851817965507507,0.0026938393712043762,-6.2733888626098633e-06,-2.6971101760864258e-06,0,-4.0233135223388672e-06,0,0,5.8561563491821289e-06,2.1457672119140625e-06,7.7784061431884766e-06,2.0079314708709717e-05,-1.7583370208740234e-06,0,-0.00027759373188018799,-0.00027145445346832275,-0.00030386447906494141,-0.00029772520065307617,-0.0017069056630134583,-0.0017000064253807068,-0.0017160177230834961,-0.0017091184854507446,0.0014293119311332703,0.001428551971912384,0.0014121532440185547,0.0014113932847976685
160,data/1_2024/shard-000477.tar,1762375,START,mild,1,84,85,341,-41.5,2.59375,2to4,False,0.0090107399999999997,0.0018295124173164368,0.0018295124173164368,0.0018084496259689331,0.0018084496259689331,0.0016095563769340515,0.0016095563769340515,0.0038035735487937927,0.0038035735487937927,0.00251045823097229,0.00251045823097229,0.0029086396098136902,0.0029086396098136902,0,0,0,0,0,0,0,0,0,0,0,0,-0.00019889324903488159,-0.00019889324903488159,-0.00019889324903488159,-0.00019889324903488159,0.00039818137884140015,0.00039818137884140015,0.00039818137884140015,0.00039818137884140015,-0.00059707462787628174,-0.00059707462787628174,-0.00059707462787628174,-0.00059707462787628174
161,data/1_2024/shard-000477.tar,1768503,START,mild,22,83,105,361,-30.5,1.90625,lt2,True,3.3661999999999997e-05,0.0017342120409011841,0.0017196536064147949,0.0010726898908615112,0.0010609030723571777,0.0021786019206047058,0.0021886304020881653,0.0024019703269004822,0.0024432316422462463,0.0025663003325462341,0.0025663003325462341,0.0021810233592987061,0.0022009089589118958,0,-1.2814998626708984e-06,0,0,0,8.0913305282592773e-06,-2.9265880584716797e-05,-2.6240944862365723e-05,0,0,0,0,0.0011059120297431946,0.0011078491806983948,0.0011176988482475281,0.0011196359992027283,-0.00038527697324752808,-0.00036539137363433838,-0.00038527697324752808,-0.00036539137363433838,0.0014911890029907227,0.0014732405543327332,0.0015029758214950562,0.0014850273728370667
162,data/1_2024/shard-000477.tar,1772503,START,mild,9,76,85,341,-33.5,2.09375,2to4,True,0.0074228050000000002,-0.010096929967403412,-0.010096929967403412,-0.010816521942615509,-0.010816521942615509,-0.0098823979496955872,-0.0099406465888023376,0.00065702944993972778,0.00065702944993972778,0.00094438344240188599,0.00094438344240188599,3.1232833862304688e-05,0.000271625816822052,0,0,0,0,0,0,0,0,0,0,0,0,0.00093412399291992188,0.00087587535381317139,0.00093412399291992188,0.00087587535381317139,-0.0009131506085395813,-0.00067275762557983398,-0.0009131506085395813,-0.00067275762557983398,0.0018472746014595032,0.0015486329793930054,0.0018472746014595032,0.0015486329793930054
163,data/1_2024/shard-000477.tar,1778375,START,mild,9,91,100,356,-41,2.5625,2to4,True,0.0047517719999999996,0.0018884390592575073,0.0018732398748397827,0.0018391013145446777,0.0018622428178787231,0.0013220757246017456,0.0013142973184585571,0.0016876459121704102,0.0016876459121704102,0.0014389604330062866,0.0014237165451049805,0.0020688027143478394,0.0020629465579986572,4.8428773880004883e-06,6.4074993133544922e-06,3.2290816307067871e-05,0,1.2040138244628906e-05,2.2977590560913086e-05,-9.0450048446655273e-06,-1.5974044799804688e-05,2.263486385345459e-05,3.6805868148803711e-05,5.8561563491821289e-06,7.8231096267700195e-06,-0.00049677491188049316,-0.00051549077033996582,-0.00055220723152160645,-0.0005709230899810791,0.0006466209888458252,0.00063879787921905518,0.00067603588104248047,0.00066821277141571045,-0.0011433959007263184,-0.001154288649559021,-0.0012282431125640869,-0.0012391358613967896
164,data/1_2024/shard-000477.tar,1780375,END,mild,29,77,106,362,-24,1.5,lt2,False,0.012228299,0.00060523301362991333,0.00060523301362991333,0.0007195696234703064,0.0007195696234703064,0.00081881880760192871,0.00081881880760192871,-9.9755823612213135e-05,-9.9755823612213135e-05,-0.00021758675575256348,-0.00021758675575256348,-0.00043532252311706543,-0.00042845308780670166,0,0,0,0,0,0,0,0,0,0,0,6.8694353103637695e-06,9.9249184131622314e-05,9.9249184131622314e-05,9.9249184131622314e-05,9.9249184131622314e-05,-0.00021773576736450195,-0.00021773576736450195,-0.00021773576736450195,-0.00021773576736450195,0.00031698495149612427,0.00031698495149612427,0.00031698495149612427,0.00031698495149612427
165,data/1_2024/shard-000477.tar,1789503,START,mild,10,75,85,341,-32.5,2.03125,2to4,True,0.000110783,-0.0033969283103942871,-0.0033969283103942871,-0.0028814747929573059,-0.0028814747929573059,-0.0025794133543968201,-0.0025794133543968201,0.0018620342016220093,0.0018620342016220093,0.0021782815456390381,0.0021782815456390381,0.0019067078828811646,0.0019067078828811646,0,0,0,0,0,0,0,0,0,0,0,0,0.00030206143856048584,0.00030206143856048584,0.00030206143856048584,0.00030206143856048584,-0.00027157366275787354,-0.00027157366275787354,-0.00027157366275787354,-0.00027157366275787354,0.00057363510131835938,0.00057363510131835938,0.00057363510131835938,0.00057363510131835938
166,data/1_2024/shard-000477.tar,1797375,START,medium,8,146,154,410,-69,4.3125,ge4,False,0.017951034000000001,0.0020582824945449829,0.0020735710859298706,0.0024896487593650818,0.0024970844388008118,0.0021103993058204651,0.0021103993058204651,-0.001708589494228363,-0.001708589494228363,-0.0010767728090286255,-0.001091785728931427,-0.00084559619426727295,-0.00084330141544342041,1.7903745174407959e-05,3.8743019104003906e-06,-2.9802322387695312e-06,1.1473894119262695e-05,0,0,0,0,-6.0349702835083008e-06,-1.1019408702850342e-05,-6.7800283432006836e-07,-3.3989548683166504e-05,-0.00038222968578338623,-0.00038222968578338623,-0.00037521123886108398,-0.00037521123886108398,0.00022581964731216431,0.00026142597198486328,0.00023584812879562378,0.00027145445346832275,-0.00060804933309555054,-0.00064365565776824951,-0.00061105936765670776,-0.00064666569232940674
167,data/1_2024/shard-000477.tar,1820503,END,medium,11,165,176,432,-77,4.8125,ge4,False,0.014111683,-0.00079834461212158203,-0.00079834461212158203,-0.0016992613673210144,-0.0016992613673210144,-0.00045189261436462402,-0.00045189261436462402,0.0096582025289535522,0.0096582025289535522,0.014582537114620209,0.014582537114620209,0.008299022912979126,0.008299022912979126,0,0,0,0,0,0,0,0,0,0,0,0,0.0012473687529563904,0.0012473687529563904,0.0012473687529563904,0.0012473687529563904,-0.0062835142016410828,-0.0062835142016410828,-0.0062835142016410828,-0.0062835142016410828,0.0075308829545974731,0.0075308829545974731,0.0075308829545974731,0.0075308829545974731
168,data/1_2024/shard-000477.tar,1824503,START,mild,8,56,64,320,-24,1.5,lt2,False,0.013804220000000001,0.00030823051929473877,0.00030823051929473877,0.00061340630054473877,0.00061340630054473877,-1.3321638107299805e-05,-1.3321638107299805e-05,0.00074806809425354004,0.00074806809425354004,0.00055199861526489258,0.00055199861526489258,0.000370025634765625,0.000370025634765625,0,0,0,0,0,0,0,0,0,0,0,0,-0.00062672793865203857,-0.00062672793865203857,-0.00062672793865203857,-0.00062672793865203857,-0.00018197298049926758,-0.00018197298049926758,-0.00018197298049926758,-0.00018197298049926758,-0.000444754958152771,-0.000444754958152771,-0.000444754958152771,-0.000444754958152771
169,data/1_2024/shard-000477.tar,1835503,START,mild,6,104,110,366,-49,3.0625,2to4,True,0.0075292620000000001,-5.0023198127746582e-05,-5.0023198127746582e-05,-0.0003841891884803772,-0.0003841891884803772,-0.00043859332799911499,-0.00043859332799911499,0.012889377772808075,0.012889377772808075,0.011764049530029297,0.011764049530029297,0.011569201946258545,0.011569201946258545,0,0,0,0,0,0,0,0,0,0,0,0,-5.4404139518737793e-05,-5.4404139518737793e-05,-5.4404139518737793e-05,-5.4404139518737793e-05,-0.00019484758377075195,-0.00019484758377075195,-0.00019484758377075195,-0.00019484758377075195,0.00014044344425201416,0.00014044344425201416,0.00014044344425201416,0.00014044344425201416
170,data/1_2024/shard-000477.tar,1848503,START,mild,12,73,85,341,-30.5,1.90625,lt2,False,0.026697412,-0.00193825364112854,-0.00193825364112854,-0.0027070939540863037,-0.0027070939540863037,-0.0024398639798164368,-0.0024398639798164368,0.008338049054145813,0.008338049054145813,0.0069967955350875854,0.0069967955350875854,0.0069008022546768188,0.0069008022546768188,0,0,0,0,0,0,0,0,0,0,0,0,0.00026722997426986694,0.00026722997426986694,0.00026722997426986694,0.00026722997426986694,-9.5993280410766602e-05,-9.5993280410766602e-05,-9.5993280410766602e-05,-9.5993280410766602e-05,0.00036322325468063354,0.00036322325468063354,0.00036322325468063354,0.00036322325468063354
171,data/1_2024/shard-000477.tar,1855375,START,medium,31,121,152,408,-45,2.8125,2to4,True,0.0035180649999999999,-6.8187713623046875e-05,-6.8187713623046875e-05,-0.0006459355354309082,-0.0006459355354309082,0.00013358891010284424,0.00013358891010284424,-0.00033897161483764648,-0.00033897161483764648,1.8209218978881836e-05,1.8209218978881836e-05,3.4853816032409668e-05,3.4853816032409668e-05,0,0,0,0,0,0,0,0,0,0,0,0,0.00077952444553375244,0.00077952444553375244,0.00077952444553375244,0.00077952444553375244,1.6644597053527832e-05,1.6644597053527832e-05,1.6644597053527832e-05,1.6644597053527832e-05,0.00076287984848022461,0.00076287984848022461,0.00076287984848022461,0.00076287984848022461
172,data/1_2024/shard-000477.tar,1859503,START,mild,26,76,102,358,-25,1.5625,lt2,True,0.001135781,-0.00015647709369659424,-0.00015647709369659424,-0.00070238113403320312,-0.00070238113403320312,0.0011508315801620483,0.0011508315801620483,0.0024404525756835938,0.0024404525756835938,0.0019750297069549561,0.0019750297069549561,0.0022767931222915649,0.0022767931222915649,0,0,0,0,0,0,0,0,0,0,0,0,0.0018532127141952515,0.0018532127141952515,0.0018532127141952515,0.0018532127141952515,0.00030176341533660889,0.00030176341533660889,0.00030176341533660889,0.00030176341533660889,0.0015514492988586426,0.0015514492988586426,0.0015514492988586426,0.0015514492988586426
173,data/1_2024/shard-000477.tar,1867503,START,mild,8,100,108,364,-46,2.875,2to4,True,0.002752282,0.0054768472909927368,0.0054768472909927368,0.0059398412704467773,0.0059398412704467773,0.0067173391580581665,0.0067173391580581665,0.0090549588203430176,0.0090549588203430176,0.0070412158966064453,0.0070412158966064453,0.0080008506774902344,0.0080008506774902344,0,0,0,0,0,0,0,0,0,0,0,0,0.00077749788761138916,0.00077749788761138916,0.00077749788761138916,0.00077749788761138916,0.00095963478088378906,0.00095963478088378906,0.00095963478088378906,0.00095963478088378906,-0.0001821368932723999,-0.0001821368932723999,-0.0001821368932723999,-0.0001821368932723999
174,data/1_2024/shard-000477.tar,1873375,START,medium,27,144,171,427,-58.5,3.65625,2to4,True,0.00035734500000000002,0.0096873939037322998,0.0096873939037322998,0.010424897074699402,0.010424897074699402,0.011025488376617432,0.011025488376617432,0.0054596737027168274,0.0054596737027168274,0.0070270150899887085,0.0070270150899887085,0.0065658539533615112,0.0065658539533615112,0,0,0,0,0,0,0,0,0,0,0,0,0.00060059130191802979,0.00060059130191802979,0.00060059130191802979,0.00060059130191802979,-0.00046116113662719727,-0.00046116113662719727,-0.00046116113662719727,-0.00046116113662719727,0.0010617524385452271,0.0010617524385452271,0.0010617524385452271,0.0010617524385452271
175,data/1_2024/shard-000477.tar,1883503,START,mild,10,97,107,363,-43.5,2.71875,2to4,True,0.0081654859999999996,-0.0021073520183563232,-0.0021073520183563232,-0.0019337236881256104,-0.0019337236881256104,-0.0029092580080032349,-0.0029092580080032349,0.0035231411457061768,0.0035231411457061768,0.0032316744327545166,0.0032316744327545166,0.0033085942268371582,0.0033085942268371582,0,0,0,0,0,0,0,0,0,0,0,0,-0.00097553431987762451,-0.00097553431987762451,-0.00097553431987762451,-0.00097553431987762451,7.6919794082641602e-05,7.6919794082641602e-05,7.6919794082641602e-05,7.6919794082641602e-05,-0.0010524541139602661,-0.0010524541139602661,-0.0010524541139602661,-0.0010524541139602661
176,data/1_2024/shard-000477.tar,1895503,END,mild,25,77,102,358,-26,1.625,lt2,True,0.0044757570000000003,0.0028124898672103882,0.0028124898672103882,0.0014304220676422119,0.0014304220676422119,0.001527048647403717,0.001527048647403717,0.004277646541595459,0.004277646541595459,0.0034385174512863159,0.0034385174512863159,0.0005482211709022522,0.0005482211709022522,0,0,0,0,0,0,0,0,0,0,0,0,9.6626579761505127e-05,9.6626579761505127e-05,9.6626579761505127e-05,9.6626579761505127e-05,-0.0028902962803840637,-0.0028902962803840637,-0.0028902962803840637,-0.0028902962803840637,0.0029869228601455688,0.0029869228601455688,0.0029869228601455688,0.0029869228601455688
177,data/1_2024/shard-000477.tar,1897503,END,mild,7,95,102,358,-44,2.75,2to4,False,0.0090988349999999996,0.00023974478244781494,0.00023974478244781494,0.00070090591907501221,0.00070090591907501221,-7.0884823799133301e-05,-7.0884823799133301e-05,0.004255145788192749,0.004255145788192749,0.0046826004981994629,0.0046826004981994629,0.0044517815113067627,0.0044517815113067627,0,0,0,0,0,0,0,0,0,0,0,0,-0.00077179074287414551,-0.00077179074287414551,-0.00077179074287414551,-0.00077179074287414551,-0.0002308189868927002,-0.0002308189868927002,-0.0002308189868927002,-0.0002308189868927002,-0.00054097175598144531,-0.00054097175598144531,-0.00054097175598144531,-0.00054097175598144531
178,data/1_2024/shard-000477.tar,1901503,END,medium,6,173,179,435,-83.5,5.21875,ge4,False,0.017208911,0.0046948269009590149,0.0046948269009590149,0.003827221691608429,0.003827221691608429,0.0032134652137756348,0.0032134652137756348,0.0022303089499473572,0.0022303089499473572,0.0022535026073455811,0.0022535026073455811,0.0013987571001052856,0.0013987571001052856,0,0,0,0,0,0,0,0,0,0,0,0,-0.00061375647783279419,-0.00061375647783279419,-0.00061375647783279419,-0.00061375647783279419,-0.00085474550724029541,-0.00085474550724029541,-0.00085474550724029541,-0.00085474550724029541,0.00024098902940750122,0.00024098902940750122,0.00024098902940750122,0.00024098902940750122
179,data/1_2024/shard-000477.tar,1903503,START,mild,16,86,102,358,-35,2.1875,2to4,False,0.019324236000000002,0.0042649954557418823,0.0042649954557418823,0.0037620291113853455,0.0037620291113853455,0.0068093612790107727,0.0068093612790107727,0.012790381908416748,0.012790381908416748,0.0090517997741699219,0.0090517997741699219,0.011463284492492676,0.011463284492492676,0,0,0,0,0,0,0,0,0,0,0,0,0.0030473321676254272,0.0030473321676254272,0.0030473321676254272,0.0030473321676254272,0.0024114847183227539,0.0024114847183227539,0.0024114847183227539,0.0024114847183227539,0.00063584744930267334,0.00063584744930267334,0.00063584744930267334,0.00063584744930267334
180,data/1_2024/shard-000477.tar,1917375,END,mild,13,92,105,361,-39.5,2.46875,2to4,False,0.010768316999999999,0.0052835792303085327,0.0052835792303085327,0.0054876357316970825,0.0054876357316970825,0.0061050504446029663,0.0061050504446029663,-0.0015701055526733398,-0.0015701055526733398,-0.0020535290241241455,-0.0020535290241241455,-0.00032170116901397705,-0.00032170116901397705,0,0,0,0,0,0,0,0,0,0,0,0,0.00061741471290588379,0.00061741471290588379,0.00061741471290588379,0.00061741471290588379,0.0017318278551101685,0.0017318278551101685,0.0017318278551101685,0.0017318278551101685,-0.0011144131422042847,-0.0011144131422042847,-0.0011144131422042847,-0.0011144131422042847
181,data/1_2024/shard-000477.tar,1925375,START,mild,1,105,106,362,-52,3.25,2to4,True,0.0061297419999999997,0.0028707459568977356,0.0028707459568977356,0.0016044825315475464,0.0016044825315475464,0.0027354881167411804,0.0027354881167411804,0.026725463569164276,0.026725463569164276,0.029387392103672028,0.029387392103672028,0.023500226438045502,0.023500226438045502,0,0,0,0,0,0,0,0,0,0,0,0,0.001131005585193634,0.001131005585193634,0.001131005585193634,0.001131005585193634,-0.0058871656656265259,-0.0058871656656265259,-0.0058871656656265259,-0.0058871656656265259,0.0070181712508201599,0.0070181712508201599,0.0070181712508201599,0.0070181712508201599
182,data/1_2024/shard-000477.tar,1928375,END,mild,6,77,83,339,-35.5,2.21875,2to4,True,0.007321134,0.0036539807915687561,0.0036539807915687561,0.0040426924824714661,0.0040426924824714661,0.0030605196952819824,0.0030605196952819824,0.013407513499259949,0.013407513499259949,0.014898724853992462,0.014898724853992462,0.012173503637313843,0.012173503637313843,0,0,0,0,0,0,0,0,0,0,0,0,-0.00098217278718948364,-0.00098217278718948364,-0.00098217278718948364,-0.00098217278718948364,-0.0027252212166786194,-0.0027252212166786194,-0.0027252212166786194,-0.0027252212166786194,0.0017430484294891357,0.0017430484294891357,0.0017430484294891357,0.0017430484294891357
183,data/1_2024/shard-000477.tar,1946503,END,medium,25,89,114,370,-32,2,2to4,False,0.010485776,0.0006783604621887207,0.00067099928855895996,0.0010141134262084961,0.0010141134262084961,0.0010086894035339355,0.0010086894035339355,0.002681344747543335,0.002681344747543335,0.0025960057973861694,0.0025960057973861694,0.003178030252456665,0.003178030252456665,7.3611736297607422e-06,0,0,0,0,0,0,0,0,0,0,0,-5.4240226745605469e-06,-5.4240226745605469e-06,-5.4240226745605469e-06,-5.4240226745605469e-06,0.00058202445507049561,0.00058202445507049561,0.00058202445507049561,0.00058202445507049561,-0.00058744847774505615,-0.00058744847774505615,-0.00058744847774505615,-0.00058744847774505615
184,data/1_2024/shard-000477.tar,1979503,START,mild,17,89,106,362,-36,2.25,2to4,False,0.015118621,-0.0023601129651069641,-0.0023601129651069641,-0.0025450363755226135,-0.0025450363755226135,-0.0026526525616645813,-0.0026526525616645813,-0.00065124779939651489,-0.00065124779939651489,-0.00079794228076934814,-0.00079794228076934814,-0.00053529441356658936,-0.00053529441356658936,0,0,0,0,0,0,0,0,0,0,0,0,-0.00010761618614196777,-0.00010761618614196777,-0.00010761618614196777,-0.00010761618614196777,0.00026264786720275879,0.00026264786720275879,0.00026264786720275879,0.00026264786720275879,-0.00037026405334472656,-0.00037026405334472656,-0.00037026405334472656,-0.00037026405334472656
185,data/1_2024/shard-000477.tar,1983503,START,mild,15,87,102,358,-36,2.25,2to4,False,0.011593401,0.00038310885429382324,0.00038310885429382324,0.0015175789594650269,0.0015175789594650269,0.0010177344083786011,0.0010177344083786011,0.0046593397855758667,0.0046593397855758667,0.0052715763449668884,0.0052715763449668884,0.0056696981191635132,0.0056696981191635132,0,0,0,0,0,0,0,0,0,0,0,0,-0.00049984455108642578,-0.00049984455108642578,-0.00049984455108642578,-0.00049984455108642578,0.00039812177419662476,0.00039812177419662476,0.00039812177419662476,0.00039812177419662476,-0.00089796632528305054,-0.00089796632528305054,-0.00089796632528305054,-0.00089796632528305054
186,data/1_2024/shard-000477.tar,1995375,START,medium,34,171,205,461,-68.5,4.28125,ge4,False,0.034306458999999997,0.0011592358350753784,0.0011592358350753784,0.0013707131147384644,0.0013707131147384644,0.0011230558156967163,0.0011230558156967163,0.002419397234916687,0.002419397234916687,0.002553403377532959,0.002553403377532959,0.0024118572473526001,0.0024118572473526001,0,0,0,0,0,0,0,0,0,0,0,0,-0.00024765729904174805,-0.00024765729904174805,-0.00024765729904174805,-0.00024765729904174805,-0.00014154613018035889,-0.00014154613018035889,-0.00014154613018035889,-0.00014154613018035889,-0.00010611116886138916,-0.00010611116886138916,-0.00010611116886138916,-0.00010611116886138916
187,data/1_2024/shard-000477.tar,2002503,END,mild,4,102,106,362,-49,3.0625,2to4,True,0.00648579,0.0027093589305877686,0.0027093589305877686,0.0023974627256393433,0.0023974627256393433,0.001428067684173584,0.001428067684173584,0.0032517910003662109,0.0032517910003662109,0.0072353780269622803,0.0072353780269622803,0.004993632435798645,0.004993632435798645,0,0,0,0,0,0,0,0,0,0,0,0,-0.00096939504146575928,-0.00096939504146575928,-0.00096939504146575928,-0.00096939504146575928,-0.0022417455911636353,-0.0022417455911636353,-0.0022417455911636353,-0.0022417455911636353,0.001272350549697876,0.001272350549697876,0.001272350549697876,0.001272350549697876
188,data/1_2024/shard-000477.tar,2012503,START,mild,12,79,91,347,-33.5,2.09375,2to4,True,0.003579952,0.003473527729511261,0.003473527729511261,0.0032443106174468994,0.0032443106174468994,0.003494851291179657,0.003494851291179657,0.0022580474615097046,0.0022580474615097046,0.00259409099817276,0.00259409099817276,0.0024931803345680237,0.0024931803345680237,0,0,0,0,0,0,0,0,0,0,0,0,0.00025054067373275757,0.00025054067373275757,0.00025054067373275757,0.00025054067373275757,-0.00010091066360473633,-0.00010091066360473633,-0.00010091066360473633,-0.00010091066360473633,0.0003514513373374939,0.0003514513373374939,0.0003514513373374939,0.0003514513373374939
189,data/1_2024/shard-000477.tar,2013503,END,mild,15,74,89,345,-29.5,1.84375,lt2,True,0.00021179,0.0064705982804298401,0.0064705982804298401,0.0061908811330795288,0.0061908811330795288,0.0085788518190383911,0.0085788518190383911,0.0011879205703735352,0.0011879205703735352,0.00163983553647995,0.00163983553647995,0.0019207373261451721,0.0019207373261451721,0,0,0,0,0,0,0,0,0,0,0,0,0.0023879706859588623,0.0023879706859588623,0.0023879706859588623,0.0023879706859588623,0.00028090178966522217,0.00028090178966522217,0.00028090178966522217,0.00028090178966522217,0.0021070688962936401,0.0021070688962936401,0.0021070688962936401,0.0021070688962936401
190,data/1_2024/shard-000477.tar,2026375,START,mild,0,61,61,317,-30.5,1.90625,lt2,True,0.0060677300000000003,0.012151435017585754,0.012151435017585754,0.012666195631027222,0.012666195631027222,0.013629868626594543,0.013629868626594543,0.0018663853406906128,0.0018663853406906128,0.002091825008392334,0.002091825008392334,0.00088845193386077881,0.00088845193386077881,0,0,0,0,0,0,0,0,0,0,0,0,0.00096367299556732178,0.00096367299556732178,0.00096367299556732178,0.00096367299556732178,-0.0012033730745315552,-0.0012033730745315552,-0.0012033730745315552,-0.0012033730745315552,0.002167046070098877,0.002167046070098877,0.002167046070098877,0.002167046070098877
191,data/1_2024/shard-000477.tar,2037375,START,mild,30,76,106,362,-23,1.4375,lt2,False,0.01200819,0.001264616847038269,0.001264616847038269,0.0014566630125045776,0.0014566630125045776,0.0013215094804763794,0.0013215094804763794,0.0029364526271820068,0.0029364526271820068,0.0030733495950698853,0.0030733495950698853,0.0022972077131271362,0.0022972077131271362,0,0,0,0,0,0,0,0,0,0,0,0,-0.00013515353202819824,-0.00013515353202819824,-0.00013515353202819824,-0.00013515353202819824,-0.00077614188194274902,-0.00077614188194274902,-0.00077614188194274902,-0.00077614188194274902,0.00064098834991455078,0.00064098834991455078,0.00064098834991455078,0.00064098834991455078
192,data/1_2024/shard-000477.tar,2038375,END,mild,0,105,105,361,-52.5,3.28125,2to4,False,0.013527974,0.0013461560010910034,0.0013461560010910034,0.0010235011577606201,0.0010235011577606201,0.00022582709789276123,0.00022582709789276123,0.0033312365412712097,0.0033312365412712097,0.0035966560244560242,0.0035966560244560242,0.0040310919284820557,0.0040310919284820557,0,0,0,0,0,0,0,0,0,0,0,0,-0.00079767405986785889,-0.00079767405986785889,-0.00079767405986785889,-0.00079767405986785889,0.00043443590402603149,0.00043443590402603149,0.00043443590402603149,0.00043443590402603149,-0.0012321099638938904,-0.0012321099638938904,-0.0012321099638938904,-0.0012321099638938904
193,data/1_2024/shard-000477.tar,2039503,START,mild,0,102,102,358,-51,3.1875,2to4,False,0.0096004750000000007,0.0092338621616363525,0.0092338621616363525,0.0069988667964935303,0.0069988667964935303,0.0097743868827819824,0.0097743868827819824,-0.011391162872314453,-0.011391162872314453,-0.012037023901939392,-0.012037023901939392,-0.010402366518974304,-0.010402366518974304,0,0,0,0,0,0,0,0,0,0,0,0,0.0027755200862884521,0.0027755200862884521,0.0027755200862884521,0.0027755200862884521,0.0016346573829650879,0.0016346573829650879,0.0016346573829650879,0.0016346573829650879,0.0011408627033233643,0.0011408627033233643,0.0011408627033233643,0.0011408627033233643
194,data/1_2024/shard-000477.tar,2044503,START,mild,18,88,106,362,-35,2.1875,2to4,False,0.0090830330000000008,0.00042842328548431396,0.00042842328548431396,0.00045134127140045166,0.00045134127140045166,0.00028133392333984375,0.00028133392333984375,0.0012293756008148193,0.0012293756008148193,0.001156345009803772,0.001156345009803772,0.0012142807245254517,0.0012142807245254517,0,0,0,0,0,0,0,0,0,0,0,0,-0.00017000734806060791,-0.00017000734806060791,-0.00017000734806060791,-0.00017000734806060791,5.7935714721679688e-05,5.7935714721679688e-05,5.7935714721679688e-05,5.7935714721679688e-05,-0.0002279430627822876,-0.0002279430627822876,-0.0002279430627822876,-0.0002279430627822876
195,data/1_2024/shard-000477.tar,2075503,START,mild,20,83,103,359,-31.5,1.96875,lt2,True,0.00070169199999999996,0.0089661702513694763,0.0089661702513694763,0.0088719800114631653,0.0088719800114631653,0.0078761652112007141,0.0078761652112007141,0.00095462054014205933,0.00095462054014205933,0.0012100711464881897,0.0012100711464881897,0.0010440275073051453,0.0010440275073051453,0,0,0,0,0,0,0,0,0,0,0,0,-0.00099581480026245117,-0.00099581480026245117,-0.00099581480026245117,-0.00099581480026245117,-0.00016604363918304443,-0.00016604363918304443,-0.00016604363918304443,-0.00016604363918304443,-0.00082977116107940674,-0.00082977116107940674,-0.00082977116107940674,-0.00082977116107940674
196,data/1_2024/shard-000477.tar,2080503,END,strong,59,158,217,473,-49.5,3.09375,2to4,False,0.015455477,-0.0046945586800575256,-0.0046945586800575256,-0.0038127526640892029,-0.0038127526640892029,-0.0042630136013031006,-0.0042630136013031006,0.0022939443588256836,0.0022939443588256836,0.0036301165819168091,0.0036301165819168091,0.0025768056511878967,0.0025768056511878967,0,0,0,0,0,0,0,0,0,0,0,0,-0.00045026093721389771,-0.00045026093721389771,-0.00045026093721389771,-0.00045026093721389771,-0.0010533109307289124,-0.0010533109307289124,-0.0010533109307289124,-0.0010533109307289124,0.00060304999351501465,0.00060304999351501465,0.00060304999351501465,0.00060304999351501465
197,data/1_2024/shard-000477.tar,2085375,START,mild,16,86,102,358,-35,2.1875,2to4,False,0.024582825999999999,0.0023721158504486084,0.002318844199180603,0.003448784351348877,0.0034465938806533813,0.0032875388860702515,0.0032755881547927856,0.0041616708040237427,0.0041984468698501587,0.0038871020078659058,0.0038674920797348022,0.0037692636251449585,0.0037693977355957031,3.9890408515930176e-05,-1.2800097465515137e-05,-2.5123357772827148e-05,-1.5407800674438477e-05,2.0265579223632812e-05,0,5.0663948059082031e-07,0,-2.5227665901184082e-05,-1.5825033187866211e-05,7.4505805969238281e-08,0,-0.00020663440227508545,-0.00019831955432891846,-0.00019472837448120117,-0.00018641352653503418,-0.00014314055442810059,-0.00014293193817138672,-0.0001141279935836792,-0.00011391937732696533,-6.3493847846984863e-05,-5.5387616157531738e-05,-8.0600380897521973e-05,-7.2494149208068848e-05
198,data/1_2024/shard-000477.tar,2086503,START,mild,5,101,106,362,-48,3,2to4,True,0.0075786259999999998,0.0036375671625137329,0.0036375671625137329,0.00437965989112854,0.00437965989112854,0.023513399064540863,0.023513399064540863,0.0038875788450241089,0.0038875788450241089,0.0046893656253814697,0.0046893656253814697,0.004307769238948822,0.004307769238948822,0,0,0,0,0,0,0,0,0,0,0,0,0.019133739173412323,0.019133739173412323,0.019133739173412323,0.019133739173412323,-0.00038159638643264771,-0.00038159638643264771,-0.00038159638643264771,-0.00038159638643264771,0.019515335559844971,0.019515335559844971,0.019515335559844971,0.019515335559844971
199,data/1_2024/shard-000477.tar,2092503,START,mild,26,80,106,362,-27,1.6875,lt2,True,0.006180629,0.0025172829627990723,0.0025362074375152588,0.0017188489437103271,0.00172404944896698,0.0020409375429153442,0.0020409375429153442,0.00038352608680725098,0.00036390125751495361,1.5527009963989258e-05,-1.3321638107299805e-05,0.00051856040954589844,0.00052797794342041016,3.5762786865234375e-07,1.8924474716186523e-05,0,0,0,0,2.1025538444519043e-05,3.0100345611572266e-06,3.5464763641357422e-06,0,0,-1.6093254089355469e-06,0.00032208859920501709,0.00032208859920501709,0.00031688809394836426,0.00031688809394836426,0.00050657987594604492,0.00051760673522949219,0.00053188204765319824,0.00054290890693664551,-0.00018449127674102783,-0.0001955181360244751,-0.00021499395370483398,-0.00022602081298828125
200,data/1_2024/shard-000477.tar,2099503,END,mild,8,88,96,352,-40,2.5,2to4,True,0.0070840490000000002,0.00097692012786865234,0.00097692012786865234,0.00066570937633514404,0.00066570937633514404,0.00098283588886260986,0.00098283588886260986,-0.0074754059314727783,-0.0074754059314727783,-0.0093041807413101196,-0.0093041807413101196,-0.0083882808685302734,-0.0083882808685302734,0,0,0,0,0,0,0,0,0,0,0,0,0.00031712651252746582,0.00031712651252746582,0.00031712651252746582,0.00031712651252746582,0.00091589987277984619,0.00091589987277984619,0.00091589987277984619,0.00091589987277984619,-0.00059877336025238037,-0.00059877336025238037,-0.00059877336025238037,-0.00059877336025238037
201,data/1_2024/shard-000477.tar,2105503,START,mild,31,75,106,362,-22,1.375,lt2,False,0.018122270999999999,-0.00054011493921279907,-0.00054011493921279907,-0.00058951228857040405,-0.00058951228857040405,-0.00036947429180145264,-0.00036947429180145264,0.0011018812656402588,0.0011018812656402588,0.0011660605669021606,0.0011660605669021606,0.0012199506163597107,0.0012199506163597107,0,0,0,0,0,0,0,0,0,0,0,0,0.00022003799676895142,0.00022003799676895142,0.00022003799676895142,0.00022003799676895142,5.3890049457550049e-05,5.3890049457550049e-05,5.3890049457550049e-05,5.3890049457550049e-05,0.00016614794731140137,0.00016614794731140137,0.00016614794731140137,0.00016614794731140137
202,data/1_2024/shard-000477.tar,2107375,START,medium,38,154,192,448,-58,3.625,2to4,True,0.0047669039999999998,0.044266067445278168,0.044266067445278168,0.04287487268447876,0.04287487268447876,0.043594539165496826,0.043594539165496826,0.00034956634044647217,0.00034956634044647217,0.002651117742061615,0.002651117742061615,0.0010421797633171082,0.0010421797633171082,0,0,0,0,-3.1046569347381592e-05,0,0,0,0,0,0,0,0.000750713050365448,0.00071966648101806641,0.000750713050365448,0.00071966648101806641,-0.0016089379787445068,-0.0016089379787445068,-0.0016089379787445068,-0.0016089379787445068,0.0023596510291099548,0.0023286044597625732,0.0023596510291099548,0.0023286044597625732
203,data/1_2024/shard-000477.tar,2115375,START,mild,23,75,98,354,-26,1.625,lt2,True,0.0065682680000000004,0.0044341683387756348,0.0044341683387756348,0.0028552412986755371,0.0028552412986755371,0.0036923140287399292,0.0036923140287399292,0.0043747872114181519,0.0043747872114181519,0.0043759793043136597,0.0043759793043136597,0.0044638961553573608,0.0044638961553573608,0,0,0,0,0,0,0,0,0,0,0,0,0.00083707273006439209,0.00083707273006439209,0.00083707273006439209,0.00083707273006439209,8.7916851043701172e-05,8.7916851043701172e-05,8.7916851043701172e-05,8.7916851043701172e-05,0.00074915587902069092,0.00074915587902069092,0.00074915587902069092,0.00074915587902069092
204,data/1_2024/shard-000477.tar,2138503,END,mild,18,86,104,360,-34,2.125,2to4,False,0.023524003000000002,0.0021012872457504272,0.0021012872457504272,0.00097447633743286133,0.00097447633743286133,0.0019223839044570923,0.0019223839044570923,0.0033871084451675415,0.0033871084451675415,0.0027738958597183228,0.0027738958597183228,0.0027774274349212646,0.0027774274349212646,0,0,0,0,0,0,0,0,0,0,0,0,0.00094790756702423096,0.00094790756702423096,0.00094790756702423096,0.00094790756702423096,3.5315752029418945e-06,3.5315752029418945e-06,3.5315752029418945e-06,3.5315752029418945e-06,0.00094437599182128906,0.00094437599182128906,0.00094437599182128906,0.00094437599182128906
205,data/1_2024/shard-000477.tar,2149375,END,mild,27,79,106,362,-26,1.625,lt2,False,0.014168378000000001,0.003534168004989624,0.003534168004989624,0.0038021430373191833,0.0038021430373191833,0.000631675124168396,0.000631675124168396,0.005910627543926239,0.005910627543926239,0.0067105069756507874,0.0067105069756507874,0.0056688562035560608,0.0056688562035560608,0,0,0,0,0,0,0,0,0,0,0,0,-0.0031704679131507874,-0.0031704679131507874,-0.0031704679131507874,-0.0031704679131507874,-0.0010416507720947266,-0.0010416507720947266,-0.0010416507720947266,-0.0010416507720947266,-0.0021288171410560608,-0.0021288171410560608,-0.0021288171410560608,-0.0021288171410560608
206,data/1_2024/shard-000477.tar,2154503,END,medium,26,128,154,410,-51,3.1875,2to4,True,0.0013193860000000001,-0.0014856904745101929,-0.0014856904745101929,-0.0014336854219436646,-0.0014336854219436646,-0.0010012537240982056,-0.0010012537240982056,0.0037082135677337646,0.0037082135677337646,0.0043521225452423096,0.0043521225452423096,0.0035533756017684937,0.0035533756017684937,0,0,0,0,0,0,0,0,0,0,0,0,0.00043243169784545898,0.00043243169784545898,0.00043243169784545898,0.00043243169784545898,-0.00079874694347381592,-0.00079874694347381592,-0.00079874694347381592,-0.00079874694347381592,0.0012311786413192749,0.0012311786413192749,0.0012311786413192749,0.0012311786413192749
207,data/1_2024/shard-000477.tar,2161503,END,medium,5,110,115,371,-52.5,3.28125,2to4,True,0.00088643299999999995,0.011408671736717224,0.011408671736717224,0.011416912078857422,0.011416912078857422,0.011995032429695129,0.011995032429695129,-0.0012622103095054626,-0.0012622103095054626,-0.00070875883102416992,-0.00070875883102416992,0.0015407353639602661,0.0015407353639602661,0,0,0,0,0,0,0,0,0,0,0,0,0.00057812035083770752,0.00057812035083770752,0.00057812035083770752,0.00057812035083770752,0.002249494194984436,0.002249494194984436,0.002249494194984436,0.002249494194984436,-0.0016713738441467285,-0.0016713738441467285,-0.0016713738441467285,-0.0016713738441467285
208,data/1_2024/shard-000477.tar,2172503,END,medium,33,94,127,383,-30.5,1.90625,lt2,True,0.002954796,0.0018069930374622345,0.0018069930374622345,0.0018503069877624512,0.0018503069877624512,0.0017949007451534271,0.0017949007451534271,0.0017161630094051361,0.0017161630094051361,0.0019469037652015686,0.0019469037652015686,0.0017255805432796478,0.0017255805432796478,0,0,0,0,0,0,0,0,0,0,0,0,-5.5406242609024048e-05,-5.5406242609024048e-05,-5.5406242609024048e-05,-5.5406242609024048e-05,-0.00022132322192192078,-0.00022132322192192078,-0.00022132322192192078,-0.00022132322192192078,0.00016591697931289673,0.00016591697931289673,0.00016591697931289673,0.00016591697931289673
209,data/1_2024/shard-000477.tar,2173503,START,medium,59,134,193,449,-37.5,2.34375,2to4,True,0.0046867819999999996,0.00088708102703094482,0.00088708102703094482,0.0010422170162200928,0.0010422170162200928,0.0010258406400680542,0.0010258406400680542,0.00036998093128204346,0.00036998093128204346,0.00012572109699249268,0.00012572109699249268,0.00030051171779632568,0.00030051171779632568,0,0,0,0,0,0,0,0,0,0,0,0,-1.6376376152038574e-05,-1.6376376152038574e-05,-1.6376376152038574e-05,-1.6376376152038574e-05,0.00017479062080383301,0.00017479062080383301,0.00017479062080383301,0.00017479062080383301,-0.00019116699695587158,-0.00019116699695587158,-0.00019116699695587158,-0.00019116699695587158
210,data/1_2024/shard-000477.tar,2192503,END,medium,23,105,128,384,-41,2.5625,2to4,False,0.0090833900000000002,0.0034154653549194336,0.0034154653549194336,0.0032177865505218506,0.0032177865505218506,0.0031614303588867188,0.0031614303588867188,0.0088273808360099792,0.0088273808360099792,0.0096526294946670532,0.0096526294946670532,0.0089814886450767517,0.0089814886450767517,0,0,0,0,0,0,0,0,0,0,0,0,-5.6356191635131836e-05,-5.6356191635131836e-05,-5.6356191635131836e-05,-5.6356191635131836e-05,-0.00067114084959030151,-0.00067114084959030151,-0.00067114084959030151,-0.00067114084959030151,0.00061478465795516968,0.00061478465795516968,0.00061478465795516968,0.00061478465795516968
211,data/1_2024/shard-000477.tar,2197375,START,medium,11,128,139,395,-58.5,3.65625,2to4,False,0.013318590999999999,-0.00062870979309082031,-0.00062870979309082031,6.780773401260376e-05,6.780773401260376e-05,0.00086789578199386597,0.00086789578199386597,0.0023961812257766724,0.0023961812257766724,0.0021784454584121704,0.0021784454584121704,0.00229615718126297,0.00229615718126297,0,0,0,0,0,0,0,0,0,0,0,0,0.00080008804798126221,0.00080008804798126221,0.00080008804798126221,0.00080008804798126221,0.00011771172285079956,0.00011771172285079956,0.00011771172285079956,0.00011771172285079956,0.00068237632513046265,0.00068237632513046265,0.00068237632513046265,0.00068237632513046265
212,data/1_2024/shard-000477.tar,2199503,END,mild,31,73,104,360,-21,1.3125,lt2,False,0.010608017000000001,0.0016548484563827515,0.0017243996262550354,0.0016050487756729126,0.0016221702098846436,0.0019852891564369202,0.0019716620445251465,0.0013422071933746338,0.0012855455279350281,0.0011191517114639282,0.0010953173041343689,0.001117214560508728,0.0010933950543403625,-1.1533498764038086e-05,3.8854777812957764e-05,0,2.6032328605651855e-05,3.0733644962310791e-05,-1.4454126358032227e-05,3.0919909477233887e-06,2.2724270820617676e-06,3.4473836421966553e-05,-2.5540590286254883e-05,5.8412551879882812e-06,-1.8812716007232666e-05,0.00034950673580169678,0.00038106739521026611,0.00035841763019561768,0.00038997828960418701,2.6695430278778076e-05,2.7529895305633545e-05,-9.4845890998840332e-06,-8.6501240730285645e-06,0.0003228113055229187,0.00035353749990463257,0.00036790221929550171,0.00039862841367721558
213,data/1_2024/shard-000477.tar,2207503,END,mild,11,69,80,336,-29,1.8125,lt2,False,0.0088565799999999993,0.00046677142381668091,0.00046677142381668091,0.00077195465564727783,0.00077195465564727783,0.00062052905559539795,0.00062052905559539795,-0.0026719272136688232,-0.0026719272136688232,-0.0030532479286193848,-0.0030532479286193848,-0.0026094913482666016,-0.0026094913482666016,0,0,0,0,0,0,0,0,0,0,0,0,-0.00015142560005187988,-0.00015142560005187988,-0.00015142560005187988,-0.00015142560005187988,0.0004437565803527832,0.0004437565803527832,0.0004437565803527832,0.0004437565803527832,-0.00059518218040466309,-0.00059518218040466309,-0.00059518218040466309,-0.00059518218040466309
214,data/1_2024/shard-000477.tar,2211375,END,mild,21,85,106,362,-32,2,2to4,False,0.027470767,0.0015598312020301819,0.0015598312020301819,0.0016084983944892883,0.0016084983944892883,0.0018027126789093018,0.0018027126789093018,0.0015980526804924011,0.0015980526804924011,0.0028707459568977356,0.0028707459568977356,0.002499699592590332,0.002499699592590332,0,0,0,0,0,0,0,0,0,0,0,0,0.00019421428442001343,0.00019421428442001343,0.00019421428442001343,0.00019421428442001343,-0.00037104636430740356,-0.00037104636430740356,-0.00037104636430740356,-0.00037104636430740356,0.00056526064872741699,0.00056526064872741699,0.00056526064872741699,0.00056526064872741699
215,data/1_2024/shard-000477.tar,2240503,START,mild,22,84,106,362,-31,1.9375,lt2,True,7.3045000000000003e-05,0.0012443140149116516,0.0012443140149116516,0.0014124065637588501,0.0014124065637588501,0.001702040433883667,0.001702040433883667,0.0022816210985183716,0.0022816210985183716,0.0028388798236846924,0.0028388798236846924,0.0022180378437042236,0.0022180378437042236,0,0,0,0,0,0,0,0,0,0,0,0,0.00028963387012481689,0.00028963387012481689,0.00028963387012481689,0.00028963387012481689,-0.00062084197998046875,-0.00062084197998046875,-0.00062084197998046875,-0.00062084197998046875,0.00091047585010528564,0.00091047585010528564,0.00091047585010528564,0.00091047585010528564
216,data/1_2024/shard-000477.tar,2245503,START,mild,2,104,106,362,-51,3.1875,2to4,True,0.000126198,0.012133263051509857,0.012133263051509857,0.010353215038776398,0.010353215038776398,0.013501226902008057,0.013501226902008057,0.0042267516255378723,0.0042267516255378723,0.0048144161701202393,0.0048144161701202393,0.0046072155237197876,0.0046072155237197876,0,0,0,0,0,0,0,0,0,0,0,0,0.0031480118632316589,0.0031480118632316589,0.0031480118632316589,0.0031480118632316589,-0.00020720064640045166,-0.00020720064640045166,-0.00020720064640045166,-0.00020720064640045166,0.0033552125096321106,0.0033552125096321106,0.0033552125096321106,0.0033552125096321106
217,data/1_2024/shard-000477.tar,2256375,START,mild,1,105,106,362,-52,3.25,2to4,False,0.0094527900000000008,0.0055906623601913452,0.0055906623601913452,0.004665672779083252,0.004665672779083252,0.0087099522352218628,0.0087099522352218628,0.0087258443236351013,0.0087258443236351013,0.0088231861591339111,0.0088231861591339111,0.0089872628450393677,0.0089872628450393677,0,0,0,0,0,0,0,0,0,0,0,0,0.0040442794561386108,0.0040442794561386108,0.0040442794561386108,0.0040442794561386108,0.00016407668590545654,0.00016407668590545654,0.00016407668590545654,0.00016407668590545654,0.0038802027702331543,0.0038802027702331543,0.0038802027702331543,0.0038802027702331543
218,data/1_2024/shard-000477.tar,2269375,END,mild,11,74,85,341,-31.5,1.96875,lt2,True,0.0083013470000000006,0.0018700137734413147,0.0018700137734413147,0.0020576789975166321,0.0020576789975166321,0.0015181675553321838,0.0015181675553321838,0.0059417933225631714,0.0059417933225631714,0.0065080597996711731,0.0065080597996711731,0.0058812201023101807,0.0058812201023101807,0,0,0,0,0,0,0,0,0,0,0,0,-0.00053951144218444824,-0.00053951144218444824,-0.00053951144218444824,-0.00053951144218444824,-0.00062683969736099243,-0.00062683969736099243,-0.00062683969736099243,-0.00062683969736099243,8.7328255176544189e-05,8.7328255176544189e-05,8.7328255176544189e-05,8.7328255176544189e-05
219,data/1_2024/shard-000477.tar,2278375,END,mild,2,83,85,341,-40.5,2.53125,2to4,True,0.0068653300000000002,0.00077369809150695801,0.00077369809150695801,-5.480647087097168e-05,-5.480647087097168e-05,0.0023576021194458008,0.0023576021194458008,0.0029926151037216187,0.0029926151037216187,0.0047023594379425049,0.0047023594379425049,0.0013575553894042969,0.0013575553894042969,0,0,0,0,0,0,0,0,0,0,0,0,0.0024124085903167725,0.0024124085903167725,0.0024124085903167725,0.0024124085903167725,-0.003344804048538208,-0.003344804048538208,-0.003344804048538208,-0.003344804048538208,0.0057572126388549805,0.0057572126388549805,0.0057572126388549805,0.0057572126388549805
220,data/1_2024/shard-000477.tar,2280503,START,mild,27,79,106,362,-26,1.625,lt2,True,0.0048914400000000004,-0.00079263746738433838,-0.00079263746738433838,-0.00046016275882720947,-0.00046016275882720947,-0.0011711865663528442,-0.0011711865663528442,-0.0003198087215423584,-0.0003198087215423584,-0.00036630034446716309,-0.00036630034446716309,0.0002085566520690918,0.0002085566520690918,0,0,0,0,0,0,0,0,0,0,0,0,-0.00071102380752563477,-0.00071102380752563477,-0.00071102380752563477,-0.00071102380752563477,0.00057485699653625488,0.00057485699653625488,0.00057485699653625488,0.00057485699653625488,-0.0012858808040618896,-0.0012858808040618896,-0.0012858808040618896,-0.0012858808040618896
221,data/1_2024/shard-000477.tar,2287503,START,mild,15,90,105,361,-37.5,2.34375,2to4,True,0.0010202900000000001,0.0024858936667442322,0.0024808943271636963,0.0015535801649093628,0.0015120655298233032,0.0035523846745491028,0.003511376678943634,0.0042280331254005432,0.0042164996266365051,0.0050670355558395386,0.0050670355558395386,0.0047790482640266418,0.0048179924488067627,0,0,1.7955899238586426e-05,0,0,-4.100799560546875e-05,0,0,0,0,-3.3840537071228027e-05,0,0.0020167604088783264,0.0020167604088783264,0.0020403191447257996,0.0020403191447257996,-0.0002541467547416687,-0.00024904310703277588,-0.0002541467547416687,-0.00024904310703277588,0.0022709071636199951,0.0022658035159111023,0.0022944658994674683,0.0022893622517585754
222,data/1_2024/shard-000477.tar,2290375,START,mild,35,71,106,362,-18,1.125,lt2,True,0.0038312900000000002,0.0028377622365951538,0.0028377622365951538,0.0024662613868713379,0.0024662613868713379,0.0028618574142456055,0.0028618574142456055,0.0080821067094802856,0.0080821067094802856,0.0086645931005477905,0.0086645931005477905,0.0080464631319046021,0.0080464631319046021,0,0,0,0,0,0,0,0,0,0,0,0,0.00039559602737426758,0.00039559602737426758,0.00039559602737426758,0.00039559602737426758,-0.00061812996864318848,-0.00061812996864318848,-0.00061812996864318848,-0.00061812996864318848,0.0010137259960174561,0.0010137259960174561,0.0010137259960174561,0.0010137259960174561
223,data/1_2024/shard-000477.tar,2299503,END,mild,13,94,107,363,-40.5,2.53125,2to4,False,0.023448281000000001,0.003472059965133667,0.003472059965133667,0.0033931136131286621,0.0033931136131286621,0.0040681809186935425,0.0040681809186935425,0.0028923004865646362,0.0028923004865646362,0.0032801330089569092,0.0032801330089569092,0.0028859078884124756,0.0028859078884124756,0,0,0,0,0,0,0,0,0,0,0,0,0.00067506730556488037,0.00067506730556488037,0.00067506730556488037,0.00067506730556488037,-0.00039422512054443359,-0.00039422512054443359,-0.00039422512054443359,-0.00039422512054443359,0.001069292426109314,0.001069292426109314,0.001069292426109314,0.001069292426109314
224,data/1_2024/shard-000477.tar,2310375,END,medium,13,140,153,409,-63.5,3.96875,2to4,False,0.024748161000000001,0.001872234046459198,0.001872234046459198,0.0018877461552619934,0.0018877461552619934,0.0022311359643936157,0.0022311359643936157,0.0031963065266609192,0.0031963065266609192,0.0028352513909339905,0.0028352513909339905,0.0025805830955505371,0.0025805830955505371,0,0,0,0,0,0,0,0,0,0,0,0,0.00034338980913162231,0.00034338980913162231,0.00034338980913162231,0.00034338980913162231,-0.00025466829538345337,-0.00025466829538345337,-0.00025466829538345337,-0.00025466829538345337,0.00059805810451507568,0.00059805810451507568,0.00059805810451507568,0.00059805810451507568
225,data/1_2024/shard-000477.tar,2312503,START,mild,6,100,106,362,-47,2.9375,2to4,False,0.032275199999999997,0.0035773515701293945,0.0035773515701293945,0.0039719045162200928,0.0039719045162200928,0.0033713579177856445,0.0033713579177856445,0.0042435154318809509,0.0042435154318809509,0.003137834370136261,0.003133036196231842,0.0033506453037261963,0.0033506453037261963,0,0,0,0,0,0,0,0,0,0,0,0,-0.00060054659843444824,-0.00060054659843444824,-0.00060054659843444824,-0.00060054659843444824,0.0002128109335899353,0.0002128109335899353,0.00021760910749435425,0.00021760910749435425,-0.00081335753202438354,-0.00081335753202438354,-0.00081815570592880249,-0.00081815570592880249
226,data/1_2024/shard-000477.tar,2322375,END,medium,13,127,140,396,-57,3.5625,2to4,False,0.024831608000000002,0.0028239712119102478,0.0028239712119102478,0.0022889077663421631,0.0022889077663421631,0.0026653110980987549,0.0026653110980987549,0.0077755972743034363,0.0077755972743034363,0.0080583170056343079,0.0080583170056343079,0.0076428353786468506,0.0076428353786468506,0,0,0,0,0,0,0,0,0,0,0,0,0.0003764033317565918,0.0003764033317565918,0.0003764033317565918,0.0003764033317565918,-0.00041548162698745728,-0.00041548162698745728,-0.00041548162698745728,-0.00041548162698745728,0.00079188495874404907,0.00079188495874404907,0.00079188495874404907,0.00079188495874404907
227,data/1_2024/shard-000477.tar,2325375,START,medium,13,114,127,383,-50.5,3.15625,2to4,False,0.02448995,0.0009149014949798584,0.0009149014949798584,0.00035814940929412842,0.00035814940929412842,0.00097125768661499023,0.00097125768661499023,0.00093714892864227295,0.00093714892864227295,0.00086498260498046875,0.00086498260498046875,0.00096872448921203613,0.00096872448921203613,0,0,0,0,0,0,0,0,0,0,0,0,0.00061310827732086182,0.00061310827732086182,0.00061310827732086182,0.00061310827732086182,0.00010374188423156738,0.00010374188423156738,0.00010374188423156738,0.00010374188423156738,0.00050936639308929443,0.00050936639308929443,0.00050936639308929443,0.00050936639308929443
228,data/1_2024/shard-000477.tar,2333503,START,mild,5,68,73,329,-31.5,1.96875,lt2,False,0.017674591,0.00092780590057373047,0.00092780590057373047,0.00064425170421600342,0.00064425170421600342,0.00078830122947692871,0.00078830122947692871,0.0027965903282165527,0.0027965903282165527,0.0023431181907653809,0.0023431181907653809,0.0025530606508255005,0.0025530606508255005,0,0,0,0,0,0,0,0,0,0,0,0,0.00014404952526092529,0.00014404952526092529,0.00014404952526092529,0.00014404952526092529,0.00020994246006011963,0.00020994246006011963,0.00020994246006011963,0.00020994246006011963,-6.5892934799194336e-05,-6.5892934799194336e-05,-6.5892934799194336e-05,-6.5892934799194336e-05
229,data/1_2024/shard-000477.tar,2344503,END,strong,54,157,211,467,-51.5,3.21875,2to4,False,0.017300550000000001,0.0029004514217376709,0.0029004514217376709,0.0024110451340675354,0.0024110451340675354,0.0026962831616401672,0.0026962831616401672,0.00036969035863876343,0.00036969035863876343,0.00078801810741424561,0.00078801810741424561,0.000363178551197052,0.000363178551197052,0,0,0,0,0,0,0,0,0,0,0,0,0.00028523802757263184,0.00028523802757263184,0.00028523802757263184,0.00028523802757263184,-0.0004248395562171936,-0.0004248395562171936,-0.0004248395562171936,-0.0004248395562171936,0.00071007758378982544,0.00071007758378982544,0.00071007758378982544,0.00071007758378982544
230,data/1_2024/shard-000477.tar,2345375,START,mild,26,59,85,341,-16.5,1.03125,lt2,True,0.0019986259999999999,0.00066053867340087891,0.00066053867340087891,0.00094491243362426758,0.00094491243362426758,0.0010797828435897827,0.0010797828435897827,-0.00022105872631072998,-0.00022105872631072998,7.3805451393127441e-05,7.3805451393127441e-05,-0.00010553747415542603,-0.00010553747415542603,0,0,0,0,0,0,0,0,0,0,0,0,0.00013487040996551514,0.00013487040996551514,0.00013487040996551514,0.00013487040996551514,-0.00017934292554855347,-0.00017934292554855347,-0.00017934292554855347,-0.00017934292554855347,0.0003142133355140686,0.0003142133355140686,0.0003142133355140686,0.0003142133355140686
231,data/1_2024/shard-000477.tar,2347503,END,mild,31,70,101,357,-19.5,1.21875,lt2,True,0.0084179270000000004,0.00068668276071548462,0.00068668276071548462,0.0008656233549118042,0.0008656233549118042,0.0011435449123382568,0.0011435449123382568,0.0001288875937461853,0.0001288875937461853,-0.00035268068313598633,-0.00035268068313598633,-0.00049947947263717651,-0.00049947947263717651,0,0,0,0,0,0,0,0,0,0,0,0,0.00027792155742645264,0.00027792155742645264,0.00027792155742645264,0.00027792155742645264,-0.00014679878950119019,-0.00014679878950119019,-0.00014679878950119019,-0.00014679878950119019,0.00042472034692764282,0.00042472034692764282,0.00042472034692764282,0.00042472034692764282
232,data/1_2024/shard-000477.tar,2353375,START,mild,0,105,105,361,-52.5,3.28125,2to4,False,0.022377081,0.0010119900107383728,0.0010119900107383728,0.0011056214570999146,0.0011056214570999146,0.0011483430862426758,0.0011483430862426758,0.0089019685983657837,0.0089019685983657837,0.0089724436402320862,0.0089724436402320862,0.0098052322864532471,0.0098052322864532471,0,0,0,0,0,0,0,0,0,0,0,0,4.272162914276123e-05,4.272162914276123e-05,4.272162914276123e-05,4.272162914276123e-05,0.00083278864622116089,0.00083278864622116089,0.00083278864622116089,0.00083278864622116089,-0.00079006701707839966,-0.00079006701707839966,-0.00079006701707839966,-0.00079006701707839966
233,data/1_2024/shard-000477.tar,2376375,START,medium,14,133,147,403,-59.5,3.71875,2to4,False,0.027677304999999999,0.006852366030216217,0.006852366030216217,0.0061993375420570374,0.0061993375420570374,0.0061559602618217468,0.0061559602618217468,0.013369791209697723,0.013369791209697723,0.016416355967521667,0.016416355967521667,0.012781254947185516,0.012781254947185516,0,0,0,0,0,0,0,0,0,0,0,0,-4.3377280235290527e-05,-4.3377280235290527e-05,-4.3377280235290527e-05,-4.3377280235290527e-05,-0.0036351010203361511,-0.0036351010203361511,-0.0036351010203361511,-0.0036351010203361511,0.0035917237401008606,0.0035917237401008606,0.0035917237401008606,0.0035917237401008606
234,data/1_2024/shard-000477.tar,2377375,START,mild,1,107,108,364,-53,3.3125,2to4,False,0.019996524000000002,0.0068986564874649048,0.0068986564874649048,0.0081970468163490295,0.0081970468163490295,0.0081904754042625427,0.0081904754042625427,0.0020517408847808838,0.0020517408847808838,0.001036033034324646,0.001036033034324646,0.0015634819865226746,0.0015634819865226746,0,0,0,0,0,0,0,0,0,0,0,0,-6.5714120864868164e-06,-6.5714120864868164e-06,-6.5714120864868164e-06,-6.5714120864868164e-06,0.00052744895219802856,0.00052744895219802856,0.00052744895219802856,0.00052744895219802856,-0.00053402036428451538,-0.00053402036428451538,-0.00053402036428451538,-0.00053402036428451538
235,data/1_2024/shard-000477.tar,2377503,END,mild,22,85,107,363,-31.5,1.96875,lt2,True,0.0074586419999999997,0.0046603530645370483,0.0046603530645370483,0.0035407394170761108,0.0035407394170761108,0.0040133744478225708,0.0040133744478225708,0.0019448250532150269,0.0019448250532150269,0.0023473501205444336,0.0023473501205444336,0.0026643574237823486,0.0026643574237823486,0,0,0,0,0,0,0,0,0,0,0,0,0.00047263503074645996,0.00047263503074645996,0.00047263503074645996,0.00047263503074645996,0.00031700730323791504,0.00031700730323791504,0.00031700730323791504,0.00031700730323791504,0.00015562772750854492,0.00015562772750854492,0.00015562772750854492,0.00015562772750854492
236,data/1_2024/shard-000477.tar,2379375,START,mild,21,64,85,341,-21.5,1.34375,lt2,True,0.0065690649999999998,0.0073612630367279053,0.0073612630367279053,0.0070443004369735718,0.0070443004369735718,0.0043574273586273193,0.0043574273586273193,0.0011426210403442383,0.0011426210403442383,0.0012126713991165161,0.0012126713991165161,0.00084477663040161133,0.00084477663040161133,0,0,0,0,0,0,0,0,0,0,0,0,-0.0026868730783462524,-0.0026868730783462524,-0.0026868730783462524,-0.0026868730783462524,-0.00036789476871490479,-0.00036789476871490479,-0.00036789476871490479,-0.00036789476871490479,-0.0023189783096313477,-0.0023189783096313477,-0.0023189783096313477,-0.0023189783096313477
237,data/1_2024/shard-000477.tar,2379503,END,mild,5,101,106,362,-48,3,2to4,True,0.0063331719999999998,0.0026146695017814636,0.0026146695017814636,0.00083725154399871826,0.00083130598068237305,0.00032783299684524536,0.00038864463567733765,0.00057146698236465454,0.00056634098291397095,-0.00076349824666976929,-0.00076569616794586182,-0.00044950097799301147,-0.00044608861207962036,0,-1.7389655113220215e-05,-8.2105398178100586e-06,-2.2500753402709961e-06,0,0,1.3634562492370605e-06,8.4564089775085449e-06,1.8671154975891113e-05,4.3511390686035156e-06,0,0,-0.00051762908697128296,-0.00045681744813919067,-0.00050572305917739868,-0.0004449114203453064,0.00033266842365264893,0.00033608078956604004,0.00032054632902145386,0.00032395869493484497,-0.00085029751062393188,-0.00079289823770523071,-0.00082626938819885254,-0.00076887011528015137
238,data/1_2024/shard-000477.tar,2381503,START,mild,1,104,105,361,-51.5,3.21875,2to4,False,0.029457565000000002,0.00056196749210357666,0.00056196749210357666,-0.00067499279975891113,-0.00067499279975891113,-9.059906005859375e-05,-9.059906005859375e-05,0.0084472596645355225,0.0084472596645355225,0.008693009614944458,0.008693009614944458,0.0084772258996963501,0.0084772258996963501,0,0,0,0,0,0,0,0,0,0,0,0,0.00058439373970031738,0.00058439373970031738,0.00058439373970031738,0.00058439373970031738,-0.00021578371524810791,-0.00021578371524810791,-0.00021578371524810791,-0.00021578371524810791,0.00080017745494842529,0.00080017745494842529,0.00080017745494842529,0.00080017745494842529
239,data/1_2024/shard-000477.tar,2382503,END,mild,31,75,106,362,-22,1.375,lt2,False,0.010058358,0.00066450238227844238,0.00066450238227844238,0.00057156383991241455,0.00057156383991241455,0.0010325238108634949,0.0010325238108634949,0.00056383758783340454,0.00056383758783340454,0.00096770375967025757,0.00096770375967025757,0.00064569711685180664,0.00064569711685180664,0,0,0,0,0,0,0,0,0,0,0,0,0.00046095997095108032,0.00046095997095108032,0.00046095997095108032,0.00046095997095108032,-0.00032200664281845093,-0.00032200664281845093,-0.00032200664281845093,-0.00032200664281845093,0.00078296661376953125,0.00078296661376953125,0.00078296661376953125,0.00078296661376953125
240,data/1_2024/shard-000477.tar,2391503,START,mild,9,51,60,316,-21,1.3125,lt2,False,0.0086459520000000002,0.0050506144762039185,0.0050506144762039185,0.0049990862607955933,0.0049990862607955933,0.0060141235589981079,0.0060141235589981079,0.0018240362405776978,0.0018240362405776978,0.0020833015441894531,0.0020833015441894531,0.0016542226076126099,0.0016542226076126099,0,0,0,0,0,0,0,0,0,0,0,0,0.0010150372982025146,0.0010150372982025146,0.0010150372982025146,0.0010150372982025146,-0.00042907893657684326,-0.00042907893657684326,-0.00042907893657684326,-0.00042907893657684326,0.0014441162347793579,0.0014441162347793579,0.0014441162347793579,0.0014441162347793579
241,data/1_2024/shard-000477.tar,2393375,END,mild,16,90,106,362,-37,2.3125,2to4,True,0.0073071459999999996,0.0016771256923675537,0.001632392406463623,0.0021889805793762207,0.0021607279777526855,0.0020639151334762573,0.0020656734704971313,0.0069210976362228394,0.0069457441568374634,0.0073204636573791504,0.0073432624340057373,0.0071499645709991455,0.0071349591016769409,5.6624412536621094e-06,2.4512410163879395e-05,3.2782554626464844e-07,-4.2021274566650391e-05,1.9073486328125e-05,1.7583370208740234e-06,-5.3465366363525391e-05,-2.8818845748901367e-05,-2.9444694519042969e-05,-4.2498111724853516e-05,-4.1723251342773438e-06,-1.3783574104309082e-05,-0.00014381110668182373,-0.00012473762035369873,-0.00015790760517120361,-0.00013883411884307861,-0.00019577145576477051,-0.00020116567611694336,-0.00023162364959716797,-0.00023701786994934082,5.1960349082946777e-05,7.6428055763244629e-05,7.3716044425964355e-05,9.8183751106262207e-05
242,data/1_2024/shard-000477.tar,2400375,END,mild,27,58,85,341,-15.5,0.96875,lt2,True,0.001416598,0.00059486925601959229,0.00061099231243133545,2.2001564502716064e-05,2.2001564502716064e-05,0.00017326325178146362,0.00014009326696395874,0.00052189826965332031,0.0005626976490020752,0.00026420503854751587,0.0002374500036239624,4.7922134399414062e-05,5.8904290199279785e-05,0,0,0,0,2.7060508728027344e-05,-1.1846423149108887e-05,-1.4819204807281494e-05,0,9.6112489700317383e-07,-2.6419758796691895e-05,-4.7519803047180176e-05,-1.6480684280395508e-05,0.00012420117855072021,0.00012993812561035156,0.00012420117855072021,0.00012993812561035156,-0.00016780197620391846,-0.0001878589391708374,-0.00016842782497406006,-0.000188484787940979,0.00029200315475463867,0.00031779706478118896,0.00029262900352478027,0.00031842291355133057
243,data/1_2024/shard-000477.tar,2429375,END,medium,21,133,154,410,-56,3.5,2to4,False,0.020159587,0.0014077313244342804,0.0014077313244342804,0.0016597956418991089,0.0016597956418991089,0.001932341605424881,0.001932341605424881,0.00029958412051200867,0.00029958412051200867,7.3477625846862793e-05,7.3477625846862793e-05,0.00019920617341995239,0.00019920617341995239,0,0,0,0,0,0,0,0,0,0,0,0,0.00027254596352577209,0.00027254596352577209,0.00027254596352577209,0.00027254596352577209,0.0001257285475730896,0.0001257285475730896,0.0001257285475730896,0.0001257285475730896,0.0001468174159526825,0.0001468174159526825,0.0001468174159526825,0.0001468174159526825
244,data/1_2024/shard-000477.tar,2437503,START,medium,35,79,114,370,-22,1.375,lt2,False,0.0097290350000000005,0.001674845814704895,0.001674845814704895,0.0019805729389190674,0.0019805729389190674,0.0018154829740524292,0.0018154829740524292,-9.7304582595825195e-05,-9.7304582595825195e-05,-0.00015076994895935059,-0.00015076994895935059,-0.00071249902248382568,-0.00071249902248382568,0,0,0,0,0,0,0,0,0,0,0,0,-0.00016508996486663818,-0.00016508996486663818,-0.00016508996486663818,-0.00016508996486663818,-0.0005617290735244751,-0.0005617290735244751,-0.0005617290735244751,-0.0005617290735244751,0.00039663910865783691,0.00039663910865783691,0.00039663910865783691,0.00039663910865783691
245,data/1_2024/shard-000477.tar,2439503,END,mild,1,67,68,324,-33,2.0625,2to4,False,0.017202199000000001,0.0047071725130081177,0.0047071725130081177,0.0045916289091110229,0.0045916289091110229,0.0039862394332885742,0.0039862394332885742,0.00091642141342163086,0.00091642141342163086,-0.00087149441242218018,-0.00087149441242218018,0.00027859210968017578,0.00027859210968017578,0,0,0,0,0,0,0,0,0,0,0,0,-0.00060538947582244873,-0.00060538947582244873,-0.00060538947582244873,-0.00060538947582244873,0.001150086522102356,0.001150086522102356,0.001150086522102356,0.001150086522102356,-0.0017554759979248047,-0.0017554759979248047,-0.0017554759979248047,-0.0017554759979248047
246,data/1_2024/shard-000477.tar,2443375,START,mild,15,70,85,341,-27.5,1.71875,lt2,False,0.016260650000000001,0.0012652724981307983,0.0012652724981307983,0.001325756311416626,0.001325756311416626,0.00077378749847412109,0.00077378749847412109,0.0041637420654296875,0.0041637420654296875,0.003764912486076355,0.003764912486076355,0.003833770751953125,0.003833770751953125,0,0,0,0,0,0,0,0,0,0,0,0,-0.00055196881294250488,-0.00055196881294250488,-0.00055196881294250488,-0.00055196881294250488,6.885826587677002e-05,6.885826587677002e-05,6.885826587677002e-05,6.885826587677002e-05,-0.0006208270788192749,-0.0006208270788192749,-0.0006208270788192749,-0.0006208270788192749
247,data/1_2024/shard-000477.tar,2457503,START,mild,13,97,110,366,-42,2.625,2to4,True,0.0075174049999999996,-0.0013408288359642029,-0.0013408288359642029,-0.0016167238354682922,-0.0016167238354682922,-0.0017019361257553101,-0.0017019361257553101,0.00059343874454498291,0.00059343874454498291,0.002332739531993866,0.002332739531993866,0.00023546069860458374,0.00023546069860458374,0,0,0,0,0,0,0,0,0,0,0,0,-8.5212290287017822e-05,-8.5212290287017822e-05,-8.5212290287017822e-05,-8.5212290287017822e-05,-0.0020972788333892822,-0.0020972788333892822,-0.0020972788333892822,-0.0020972788333892822,0.0020120665431022644,0.0020120665431022644,0.0020120665431022644,0.0020120665431022644
248,data/1_2024/shard-000477.tar,2492375,START,mild,4,101,105,361,-48.5,3.03125,2to4,False,0.010276541,0.0043294131755828857,0.0043294131755828857,0.0050057321786880493,0.0050057321786880493,0.0048367530107498169,0.0048367530107498169,0.0028567314147949219,0.0028567314147949219,0.0031926631927490234,0.0031926631927490234,0.0023090988397598267,0.0023090988397598267,0,0,0,0,0,0,0,0,0,0,0,0,-0.00016897916793823242,-0.00016897916793823242,-0.00016897916793823242,-0.00016897916793823242,-0.00088356435298919678,-0.00088356435298919678,-0.00088356435298919678,-0.00088356435298919678,0.00071458518505096436,0.00071458518505096436,0.00071458518505096436,0.00071458518505096436
249,data/1_2024/shard-000477.tar,2496375,END,medium,10,106,116,372,-48,3,2to4,True,0.00063509500000000002,0.0015878602862358093,0.0015878602862358093,0.0017074421048164368,0.0017074421048164368,0.0018118247389793396,0.0018118247389793396,0.0065959170460700989,0.0065959170460700989,0.0035480931401252747,0.0035480931401252747,0.0059325695037841797,0.0059325695037841797,0,0,0,0,0,0,0,0,0,0,0,0,0.00010438263416290283,0.00010438263416290283,0.00010438263416290283,0.00010438263416290283,0.002384476363658905,0.002384476363658905,0.002384476363658905,0.002384476363658905,-0.0022800937294960022,-0.0022800937294960022,-0.0022800937294960022,-0.0022800937294960022
250,data/1_2024/shard-000477.tar,2500503,START,medium,42,110,152,408,-34,2.125,2to4,True,0.0055815989999999996,0.0045912414789199829,0.0045912414789199829,0.0055123269557952881,0.0054700374603271484,0.0051938295364379883,0.0051938295364379883,0.0012699514627456665,0.0013217926025390625,0.0011044889688491821,0.0011277049779891968,0.00069487094879150391,0.00069075822830200195,0,0,0,0,0,0,2.1308660507202148e-06,-1.4901161193847656e-07,-8.2999467849731445e-06,2.5361776351928711e-05,0,0,-0.0003184974193572998,-0.0003184974193572998,-0.00027620792388916016,-0.00027620792388916016,-0.00041791796684265137,-0.00042203068733215332,-0.00040747225284576416,-0.00041158497333526611,9.9420547485351562e-05,0.00010353326797485352,0.000131264328956604,0.00013537704944610596
251,data/1_2024/shard-000477.tar,2526375,START,medium,24,91,115,371,-33.5,2.09375,2to4,False,0.015498385,0.00071255862712860107,0.00071255862712860107,-0.00098268687725067139,-0.00098268687725067139,0.0013762339949607849,0.0013762339949607849,5.9083104133605957e-05,5.9083104133605957e-05,0.0016760379076004028,0.0016760379076004028,0.0013558864593505859,0.0013558864593505859,0,0,0,0,0,0,0,0,0,0,0,0,0.0023589208722114563,0.0023589208722114563,0.0023589208722114563,0.0023589208722114563,-0.00032015144824981689,-0.00032015144824981689,-0.00032015144824981689,-0.00032015144824981689,0.0026790723204612732,0.0026790723204612732,0.0026790723204612732,0.0026790723204612732
252,data/1_2024/shard-000477.tar,2529375,END,mild,10,60,70,326,-25,1.5625,lt2,True,0.001500316,0.00085524469614028931,0.00085524469614028931,0.00058597326278686523,0.00058597326278686523,0.0014824122190475464,0.0014824122190475464,-0.0050936117768287659,-0.0050936117768287659,-0.0040488764643669128,-0.0040488764643669128,-0.0043262317776679993,-0.0043262317776679993,0,0,0,0,0,0,0,0,0,0,0,0,0.00089643895626068115,0.00089643895626068115,0.00089643895626068115,0.00089643895626068115,-0.00027735531330108643,-0.00027735531330108643,-0.00027735531330108643,-0.00027735531330108643,0.0011737942695617676,0.0011737942695617676,0.0011737942695617676,0.0011737942695617676
253,data/1_2024/shard-000477.tar,2533375,START,medium,7,150,157,413,-71.5,4.46875,ge4,False,0.034976222000000001,0.0027481243014335632,0.0027481243014335632,0.0018887370824813843,0.0018887370824813843,0.0018466562032699585,0.0018466562032699585,-0.001791439950466156,-0.001791439950466156,-0.0022931024432182312,-0.0022931024432182312,-0.0035327151417732239,-0.0035327151417732239,0,0,0,0,0,0,0,0,0,0,0,0,-4.2080879211425781e-05,-4.2080879211425781e-05,-4.2080879211425781e-05,-4.2080879211425781e-05,-0.0012396126985549927,-0.0012396126985549927,-0.0012396126985549927,-0.0012396126985549927,0.0011975318193435669,0.0011975318193435669,0.0011975318193435669,0.0011975318193435669
254,data/1_2024/shard-000477.tar,2534503,END,mild,8,100,108,364,-46,2.875,2to4,True,0.003671583,0.0021837055683135986,0.0021837055683135986,0.0013140812516212463,0.0013062953948974609,0.0025199428200721741,0.0025369226932525635,0.0010740160942077637,0.0010740160942077637,0.00073715299367904663,0.00083186477422714233,0.0023402199149131775,0.0023402199149131775,0,0,-4.552304744720459e-06,-1.449882984161377e-05,0,0,0,0,1.8104910850524902e-06,0,0,0,0.0012013092637062073,0.0012182891368865967,0.0011991485953330994,0.0012161284685134888,0.0016048774123191833,0.0016048774123191833,0.0015083551406860352,0.0015083551406860352,-0.00040356814861297607,-0.00038658827543258667,-0.00030920654535293579,-0.00029222667217254639
255,data/1_2024/shard-000477.tar,2555503,END,mild,9,60,69,325,-25.5,1.59375,lt2,True,0.0069286299999999999,0.0013157278299331665,0.0013157278299331665,0.0011552423238754272,0.0011552423238754272,0.0013832151889801025,0.0013832151889801025,0.0015480369329452515,0.0015480369329452515,0.0012927651405334473,0.0012927651405334473,0.0020581036806106567,0.0020581036806106567,0,0,0,0,0,0,0,0,0,0,0,0,0.00022797286510467529,0.00022797286510467529,0.00022797286510467529,0.00022797286510467529,0.00076533854007720947,0.00076533854007720947,0.00076533854007720947,0.00076533854007720947,-0.00053736567497253418,-0.00053736567497253418,-0.00053736567497253418,-0.00053736567497253418
256,data/1_2024/shard-000477.tar,2557503,END,mild,19,87,106,362,-34,2.125,2to4,True,0.0082063599999999993,-0.00080982595682144165,-0.00080982595682144165,-0.00044498592615127563,-0.00044498592615127563,-0.0011496096849441528,-0.0011496096849441528,0.003867127001285553,0.003867127001285553,0.001736178994178772,0.001736178994178772,0.0032691508531570435,0.0032691508531570435,0,0,0,0,0,0,0,0,0,0,0,0,-0.0007046237587928772,-0.0007046237587928772,-0.0007046237587928772,-0.0007046237587928772,0.0015329718589782715,0.0015329718589782715,0.0015329718589782715,0.0015329718589782715,-0.0022375956177711487,-0.0022375956177711487,-0.0022375956177711487,-0.0022375956177711487
257,data/1_2024/shard-000477.tar,2581503,START,mild,12,90,102,358,-39,2.4375,2to4,True,0.0025790040000000002,0.0008627772331237793,0.0008627772331237793,5.747377872467041e-05,5.747377872467041e-05,0.0014749094843864441,0.0014749094843864441,0.0043849050998687744,0.0043849050998687744,0.0051823630928993225,0.0051823630928993225,0.003982052206993103,0.003982052206993103,0,0,0,0,0,0,0,0,0,0,0,0,0.0014174357056617737,0.0014174357056617737,0.0014174357056617737,0.0014174357056617737,-0.0012003108859062195,-0.0012003108859062195,-0.0012003108859062195,-0.0012003108859062195,0.0026177465915679932,0.0026177465915679932,0.0026177465915679932,0.0026177465915679932
258,data/1_2024/shard-000477.tar,2587375,END,medium,26,90,116,372,-32,2,2to4,True,0.0075735150000000003,0.0025641992688179016,0.0025641992688179016,0.0022375434637069702,0.0022375434637069702,0.0026938542723655701,0.0026938542723655701,0.0023847967386245728,0.0023847967386245728,0.0021089613437652588,0.0021089613437652588,0.0026505142450332642,0.0026505142450332642,0,0,0,0,0,0,0,0,0,0,0,0,0.00045631080865859985,0.00045631080865859985,0.00045631080865859985,0.00045631080865859985,0.00054155290126800537,0.00054155290126800537,0.00054155290126800537,0.00054155290126800537,-8.5242092609405518e-05,-8.5242092609405518e-05,-8.5242092609405518e-05,-8.5242092609405518e-05
259,data/1_2024/shard-000477.tar,2592503,END,mild,7,99,106,362,-46,2.875,2to4,False,0.021903358000000001,-0.00080320239067077637,-0.00080320239067077637,-0.0010416358709335327,-0.0010416358709335327,-0.001148812472820282,-0.001148812472820282,0.0097513496875762939,0.0097513496875762939,0.0091220885515213013,0.0091220885515213013,0.010084904730319977,0.010084904730319977,0,0,0,0,0,0,0,0,0,0,0,0,-0.00010717660188674927,-0.00010717660188674927,-0.00010717660188674927,-0.00010717660188674927,0.00096281617879867554,0.00096281617879867554,0.00096281617879867554,0.00096281617879867554,-0.0010699927806854248,-0.0010699927806854248,-0.0010699927806854248,-0.0010699927806854248
260,data/1_2024/shard-000477.tar,2636503,END,mild,12,94,106,362,-41,2.5625,2to4,True,0.001917027,0.0051520317792892456,0.0051520317792892456,0.0045924186706542969,0.0045924186706542969,0.0050024986267089844,0.0050024986267089844,0.006745457649230957,0.006745457649230957,0.005971863865852356,0.005971863865852356,0.0067129731178283691,0.0067129731178283691,0,0,0,0,0,0,0,0,0,0,0,0,0.0004100799560546875,0.0004100799560546875,0.0004100799560546875,0.0004100799560546875,0.00074110925197601318,0.00074110925197601318,0.00074110925197601318,0.00074110925197601318,-0.00033102929592132568,-0.00033102929592132568,-0.00033102929592132568,-0.00033102929592132568
261,data/1_2024/shard-000477.tar,2644375,END,mild,0,106,106,362,-53,3.3125,2to4,True,0.0053376179999999997,0.0059457942843437195,0.0059457942843437195,0.0066857859492301941,0.0066857859492301941,0.0063563510775566101,0.0063563510775566101,0.020513802766799927,0.020513802766799927,0.026643447577953339,0.026643447577953339,0.018427528440952301,0.018427528440952301,0,0,0,0,0,0,0,0,0,0,0,0,-0.00032943487167358398,-0.00032943487167358398,-0.00032943487167358398,-0.00032943487167358398,-0.0082159191370010376,-0.0082159191370010376,-0.0082159191370010376,-0.0082159191370010376,0.0078864842653274536,0.0078864842653274536,0.0078864842653274536,0.0078864842653274536
262,data/1_2024/shard-000477.tar,2646503,END,strong,22,191,213,469,-84.5,5.28125,ge4,True,0.0067048450000000001,0.0015576779842376709,0.0015576779842376709,0.0012890398502349854,0.0012890398502349854,0.0019676238298416138,0.0019676238298416138,0.0047348439693450928,0.0047348439693450928,0.0056705847382545471,0.0056705847382545471,0.0048224478960037231,0.0048224478960037231,0,0,0,0,0,0,0,0,0,0,0,0,0.00067858397960662842,0.00067858397960662842,0.00067858397960662842,0.00067858397960662842,-0.00084813684225082397,-0.00084813684225082397,-0.00084813684225082397,-0.00084813684225082397,0.0015267208218574524,0.0015267208218574524,0.0015267208218574524,0.0015267208218574524
263,data/1_2024/shard-000477.tar,2647375,END,mild,9,96,105,361,-43.5,2.71875,2to4,False,0.011295728,0.00044343248009681702,0.00044343248009681702,0.00033187493681907654,0.00033187493681907654,-0.00030354037880897522,-0.00030354037880897522,0.0008023679256439209,0.0008023679256439209,0.0013063587248325348,0.0013063587248325348,0.00092217698693275452,0.00092217698693275452,0,0,0,0,0,0,0,0,0,0,0,0,-0.00063541531562805176,-0.00063541531562805176,-0.00063541531562805176,-0.00063541531562805176,-0.00038418173789978027,-0.00038418173789978027,-0.00038418173789978027,-0.00038418173789978027,-0.00025123357772827148,-0.00025123357772827148,-0.00025123357772827148,-0.00025123357772827148
264,data/1_2024/shard-000477.tar,2663503,START,mild,20,51,71,327,-15.5,0.96875,lt2,True,0.001628399,-0.00039981305599212646,-0.00039981305599212646,-0.00063113868236541748,-0.00063113868236541748,-0.00017790496349334717,-0.00017790496349334717,0.0013938769698143005,0.0013938769698143005,0.00038389861583709717,0.00038389861583709717,0.00061737000942230225,0.00061737000942230225,0,0,0,0,0,0,0,0,0,0,0,0,0.00045323371887207031,0.00045323371887207031,0.00045323371887207031,0.00045323371887207031,0.00023347139358520508,0.00023347139358520508,0.00023347139358520508,0.00023347139358520508,0.00021976232528686523,0.00021976232528686523,0.00021976232528686523,0.00021976232528686523
265,data/1_2024/shard-000477.tar,2680503,END,mild,15,62,77,333,-23.5,1.46875,lt2,False,0.011018152999999999,-0.0012356042861938477,-0.0012356042861938477,-0.001591607928276062,-0.001591607928276062,-0.00073746964335441589,-0.00073746964335441589,0.0025264732539653778,0.0025264732539653778,0.0023342296481132507,0.0023342296481132507,0.0030263364315032959,0.0030263364315032959,0,0,0,0,0,0,0,0,0,0,0,0,0.00085413828492164612,0.00085413828492164612,0.00085413828492164612,0.00085413828492164612,0.00069210678339004517,0.00069210678339004517,0.00069210678339004517,0.00069210678339004517,0.00016203150153160095,0.00016203150153160095,0.00016203150153160095,0.00016203150153160095
266,data/1_2024/shard-000477.tar,2692375,START,mild,30,76,106,362,-23,1.4375,lt2,True,0.0065837949999999999,-0.00037716329097747803,-0.00037716329097747803,-0.00063191354274749756,-0.00063191354274749756,-0.00021621584892272949,-0.00021621584892272949,-0.0012012720108032227,-0.0012012720108032227,-0.00044913589954376221,-0.00044913589954376221,-0.00088259577751159668,-0.00088259577751159668,0,0,0,0,0,0,0,0,0,0,0,0,0.00041569769382476807,0.00041569769382476807,0.00041569769382476807,0.00041569769382476807,-0.00043345987796783447,-0.00043345987796783447,-0.00043345987796783447,-0.00043345987796783447,0.00084915757179260254,0.00084915757179260254,0.00084915757179260254,0.00084915757179260254
267,data/1_2024/shard-000477.tar,2698503,END,strong,47,272,319,575,-112.5,7.03125,ge4,True,0.0059560910000000002,0.0010089576244354248,0.0010089576244354248,7.9944729804992676e-06,7.9944729804992676e-06,0.00098736584186553955,0.00098736584186553955,0.00086173415184020996,0.00086173415184020996,0.00050830841064453125,0.00050830841064453125,0.001201968640089035,0.001201968640089035,0,0,0,0,0,0,0,0,0,0,0,0,0.00097937136888504028,0.00097937136888504028,0.00097937136888504028,0.00097937136888504028,0.00069366022944450378,0.00069366022944450378,0.00069366022944450378,0.00069366022944450378,0.0002857111394405365,0.0002857111394405365,0.0002857111394405365,0.0002857111394405365
268,data/1_2024/shard-000477.tar,2699503,START,mild,18,89,107,363,-35.5,2.21875,2to4,True,0.0068156199999999997,0.0031379908323287964,0.0031379908323287964,0.0021146088838577271,0.0021146088838577271,0.0028859078884124756,0.0028859078884124756,0.0019934028387069702,0.0019934028387069702,0.0013851672410964966,0.0013851672410964966,0.0014103949069976807,0.0014103949069976807,0,0,0,0,0,0,0,0,0,0,0,0,0.00077129900455474854,0.00077129900455474854,0.00077129900455474854,0.00077129900455474854,2.5227665901184082e-05,2.5227665901184082e-05,2.5227665901184082e-05,2.5227665901184082e-05,0.00074607133865356445,0.00074607133865356445,0.00074607133865356445,0.00074607133865356445
269,data/1_2024/shard-000477.tar,2709375,START,strong,44,174,218,474,-65,4.0625,ge4,False,0.033506371,0.0031026750802993774,0.0031026750802993774,0.0032273381948471069,0.0032273381948471069,0.0031902939081192017,0.0031902939081192017,0.025316730141639709,0.025316730141639709,0.025902524590492249,0.025902524590492249,0.025308862328529358,0.025308862328529358,0,0,0,0,0,0,0,0,0,0,0,0,-3.7044286727905273e-05,-3.7044286727905273e-05,-3.7044286727905273e-05,-3.7044286727905273e-05,-0.00059366226196289062,-0.00059366226196289062,-0.00059366226196289062,-0.00059366226196289062,0.00055661797523498535,0.00055661797523498535,0.00055661797523498535,0.00055661797523498535
270,data/1_2024/shard-000477.tar,2727375,START,mild,3,65,68,324,-31,1.9375,lt2,False,0.012420323,0.0057577937841415405,0.0057577937841415405,0.0065511018037796021,0.0065511018037796021,0.0062083303928375244,0.0062083303928375244,0.0033302754163742065,0.0033302754163742065,0.0033266842365264893,0.0033266842365264893,0.0025844573974609375,0.0025844573974609375,0,0,0,0,0,0,0,0,0,0,0,0,-0.00034277141094207764,-0.00034277141094207764,-0.00034277141094207764,-0.00034277141094207764,-0.00074222683906555176,-0.00074222683906555176,-0.00074222683906555176,-0.00074222683906555176,0.00039945542812347412,0.00039945542812347412,0.00039945542812347412,0.00039945542812347412
271,data/1_2024/shard-000477.tar,2728503,END,mild,28,68,96,352,-20,1.25,lt2,True,0.0027383709999999999,0.0001255720853805542,0.0001255720853805542,-1.3321638107299805e-05,-1.3321638107299805e-05,0.00013186037540435791,0.00013186037540435791,-0.0013196617364883423,-0.0013196617364883423,-0.0014569312334060669,-0.0014569312334060669,-0.0013582408428192139,-0.0013582408428192139,0,0,0,0,0,0,0,0,0,0,0,0,0.00014518201351165771,0.00014518201351165771,0.00014518201351165771,0.00014518201351165771,9.8690390586853027e-05,9.8690390586853027e-05,9.8690390586853027e-05,9.8690390586853027e-05,4.6491622924804688e-05,4.6491622924804688e-05,4.6491622924804688e-05,4.6491622924804688e-05
272,data/1_2024/shard-000477.tar,2737375,START,medium,29,163,192,448,-67,4.1875,ge4,False,0.014778767,0.0051217153668403625,0.0051217153668403625,0.0012623146176338196,0.0012623146176338196,0.0030967444181442261,0.0030967444181442261,0.0024172961711883545,0.0024172961711883545,0.0047524869441986084,0.0047524869441986084,0.0025218427181243896,0.0025218427181243896,0,0,0,0,0,0,0,0,0,0,0,0,0.0018344298005104065,0.0018344298005104065,0.0018344298005104065,0.0018344298005104065,-0.0022306442260742188,-0.0022306442260742188,-0.0022306442260742188,-0.0022306442260742188,0.0040650740265846252,0.0040650740265846252,0.0040650740265846252,0.0040650740265846252
273,data/1_2024/shard-000477.tar,2745503,START,mild,16,52,68,324,-18,1.125,lt2,False,0.022194485999999999,-0.00045478343963623047,-0.00045478343963623047,-0.00072608888149261475,-0.00072608888149261475,-0.00079788267612457275,-0.00079788267612457275,0.00030160695314407349,0.00030160695314407349,0.00014659762382507324,0.00014659762382507324,0.0005358085036277771,0.0005358085036277771,0,0,0,0,0,0,0,0,0,0,0,0,-7.1793794631958008e-05,-7.1793794631958008e-05,-7.1793794631958008e-05,-7.1793794631958008e-05,0.00038921087980270386,0.00038921087980270386,0.00038921087980270386,0.00038921087980270386,-0.00046100467443466187,-0.00046100467443466187,-0.00046100467443466187,-0.00046100467443466187
274,data/1_2024/shard-000477.tar,2755503,END,strong,38,217,255,511,-89.5,5.59375,ge4,True,0.0019216019999999999,-0.00096021592617034912,-0.00096021592617034912,-0.00047273561358451843,-0.00047273561358451843,-0.0010675787925720215,-0.0010675787925720215,0.0017081312835216522,0.0017081312835216522,0.0011511817574501038,0.0011511817574501038,0.0014179088175296783,0.0014179088175296783,0,0,0,0,0,0,0,0,0,0,0,0,-0.00059484317898750305,-0.00059484317898750305,-0.00059484317898750305,-0.00059484317898750305,0.00026672706007957458,0.00026672706007957458,0.00026672706007957458,0.00026672706007957458,-0.00086157023906707764,-0.00086157023906707764,-0.00086157023906707764,-0.00086157023906707764
275,data/1_2024/shard-000477.tar,2764503,START,mild,10,92,102,358,-41,2.5625,2to4,True,0.0041677650000000004,-0.0029352009296417236,-0.0029352009296417236,-0.0026686117053031921,-0.0026686117053031921,-0.002014845609664917,-0.002014845609664917,0.0034515783190727234,0.0034515783190727234,0.0065408796072006226,0.0065408796072006226,0.0028242319822311401,0.0028242319822311401,0,0,0,0,0,0,0,0,0,0,0,0,0.00065376609563827515,0.00065376609563827515,0.00065376609563827515,0.00065376609563827515,-0.0037166476249694824,-0.0037166476249694824,-0.0037166476249694824,-0.0037166476249694824,0.0043704137206077576,0.0043704137206077576,0.0043704137206077576,0.0043704137206077576
276,data/1_2024/shard-000477.tar,2766503,END,mild,9,97,106,362,-44,2.75,2to4,False,0.022166847999999999,0.0015678927302360535,0.0015678927302360535,0.0017782226204872131,0.0017782226204872131,0.0021436139941215515,0.0021436139941215515,-0.0015490129590034485,-0.0015490129590034485,0.0003034546971321106,0.0003034546971321106,-0.0010426193475723267,-0.0010426193475723267,0,0,0,0,0,0,0,0,0,0,0,0,0.00036539137363433838,0.00036539137363433838,0.00036539137363433838,0.00036539137363433838,-0.0013460740447044373,-0.0013460740447044373,-0.0013460740447044373,-0.0013460740447044373,0.0017114654183387756,0.0017114654183387756,0.0017114654183387756,0.0017114654183387756
277,data/1_2024/shard-000477.tar,2798375,END,mild,5,64,69,325,-29.5,1.84375,lt2,False,0.015010264000000001,0.0023815184831619263,0.0023815184831619263,0.0022338032722473145,0.0022338032722473145,0.0021070688962936401,0.0021070688962936401,-0.00042982399463653564,-0.00042982399463653564,0.00016786158084869385,0.00016786158084869385,-0.00077337026596069336,-0.00077337026596069336,0,0,0,0,0,0,0,0,0,0,0,0,-0.00012673437595367432,-0.00012673437595367432,-0.00012673437595367432,-0.00012673437595367432,-0.00094123184680938721,-0.00094123184680938721,-0.00094123184680938721,-0.00094123184680938721,0.00081449747085571289,0.00081449747085571289,0.00081449747085571289,0.00081449747085571289
278,data/1_2024/shard-000477.tar,2798503,START,medium,31,92,123,379,-30.5,1.90625,lt2,True,0.0040976179999999999,0.00091822445392608643,0.00091822445392608643,0.00083106011152267456,0.00083106011152267456,0.00077744573354721069,0.00077744573354721069,0.00013060122728347778,0.00013060122728347778,0.00028110295534133911,0.00028110295534133911,-0.00016446411609649658,-0.00016446411609649658,0,0,0,0,0,0,0,0,0,0,0,0,-5.3614377975463867e-05,-5.3614377975463867e-05,-5.3614377975463867e-05,-5.3614377975463867e-05,-0.00044556707143783569,-0.00044556707143783569,-0.00044556707143783569,-0.00044556707143783569,0.00039195269346237183,0.00039195269346237183,0.00039195269346237183,0.00039195269346237183
279,data/1_2024/shard-000477.tar,2803375,END,medium,17,100,117,373,-41.5,2.59375,2to4,True,0.001506388,0.00123625248670578,0.00123625248670578,0.0010317191481590271,0.0010317191481590271,0.001544952392578125,0.001544952392578125,-0.00019452720880508423,-0.00019250065088272095,-0.00038139522075653076,-0.00038139522075653076,-0.00015854835510253906,-0.00015854835510253906,0,0,0,0,0,0,0,0,0,0,0,0,0.0005132332444190979,0.0005132332444190979,0.0005132332444190979,0.0005132332444190979,0.0002228468656539917,0.0002228468656539917,0.0002228468656539917,0.0002228468656539917,0.0002903863787651062,0.0002903863787651062,0.0002903863787651062,0.0002903863787651062
280,data/1_2024/shard-000477.tar,2811503,END,mild,13,89,102,358,-38,2.375,2to4,False,0.011540517,0.0070109590888023376,0.0070109590888023376,0.0064239650964736938,0.0064239650964736938,0.0066753923892974854,0.0066753923892974854,-0.0018958598375320435,-0.0018958598375320435,-0.001471400260925293,-0.001471400260925293,-0.0014571323990821838,-0.0014571323990821838,0,0,0,0,0,0,0,0,0,0,0,0,0.0002514272928237915,0.0002514272928237915,0.0002514272928237915,0.0002514272928237915,1.4267861843109131e-05,1.4267861843109131e-05,1.4267861843109131e-05,1.4267861843109131e-05,0.00023715943098068237,0.00023715943098068237,0.00023715943098068237,0.00023715943098068237
281,data/1_2024/shard-000477.tar,2813375,END,mild,6,100,106,362,-47,2.9375,2to4,False,0.018168837,0.004881344735622406,0.004881344735622406,0.00486765056848526,0.00486765056848526,0.00507364422082901,0.00507364422082901,-6.2555074691772461e-05,-6.2555074691772461e-05,0.00026879459619522095,0.00026879459619522095,0.00019586086273193359,0.00019586086273193359,0,0,0,0,0,0,0,0,0,0,0,0,0.00020599365234375,0.00020599365234375,0.00020599365234375,0.00020599365234375,-7.2933733463287354e-05,-7.2933733463287354e-05,-7.2933733463287354e-05,-7.2933733463287354e-05,0.00027892738580703735,0.00027892738580703735,0.00027892738580703735,0.00027892738580703735
282,data/1_2024/shard-000477.tar,2819503,START,mild,15,49,64,320,-17,1.0625,lt2,False,0.012443185000000001,0.0079609788954257965,0.0079609788954257965,0.0077505819499492645,0.0077505819499492645,0.0077482759952545166,0.0077482759952545166,0.0028297603130340576,0.0028297603130340576,0.0036659017205238342,0.0036659017205238342,0.0027116164565086365,0.0027116164565086365,0,0,0,0,0,0,0,0,0,0,0,0,-2.3059546947479248e-06,-2.3059546947479248e-06,-2.3059546947479248e-06,-2.3059546947479248e-06,-0.00095428526401519775,-0.00095428526401519775,-0.00095428526401519775,-0.00095428526401519775,0.00095197930932044983,0.00095197930932044983,0.00095197930932044983,0.00095197930932044983
283,data/1_2024/shard-000477.tar,2821375,END,mild,6,58,64,320,-26,1.625,lt2,False,0.0095095630000000004,0.000415019690990448,0.00040124356746673584,0.00060331821441650391,0.00060488283634185791,0.00063972175121307373,0.00063972175121307373,0.0017778575420379639,0.0017778575420379639,0.0018033087253570557,0.0018076226115226746,0.0017384365200996399,0.0017364248633384705,-1.8231570720672607e-05,0,-2.3916363716125488e-06,0,0,0,0,5.0500035285949707e-05,0,6.2584877014160156e-06,0,0,3.4011900424957275e-05,3.4011900424957275e-05,3.483891487121582e-05,3.483891487121582e-05,-6.4872205257415771e-05,-6.6883862018585205e-05,-6.2927603721618652e-05,-6.4939260482788086e-05,9.8884105682373047e-05,0.00010089576244354248,9.7766518592834473e-05,9.9778175354003906e-05
284,data/1_2024/shard-000477.tar,2821503,END,mild,9,94,103,359,-42.5,2.65625,2to4,True,0.0049759670000000004,0.0013294816017150879,0.0013294816017150879,0.0020965337753295898,0.0020965337753295898,0.001960068941116333,0.001960068941116333,0.0042099058628082275,0.0042099058628082275,0.0038690418004989624,0.0038690418004989624,0.0034771859645843506,0.0034771859645843506,0,0,0,0,0,0,0,0,0,0,0,0,-0.00013646483421325684,-0.00013646483421325684,-0.00013646483421325684,-0.00013646483421325684,-0.00039185583591461182,-0.00039185583591461182,-0.00039185583591461182,-0.00039185583591461182,0.00025539100170135498,0.00025539100170135498,0.00025539100170135498,0.00025539100170135498
285,data/1_2024/shard-000477.tar,2826503,START,medium,0,140,140,396,-70,4.375,ge4,False,0.010671318000000001,-0.00031067430973052979,-0.00031067430973052979,0.00074405968189239502,0.00074405968189239502,-0.00063523650169372559,-0.00063523650169372559,-0.00085505843162536621,-0.00085505843162536621,-0.0002565234899520874,-0.0002565234899520874,0.0012902766466140747,0.0012902766466140747,0,0,0,0,0,0,0,0,0,0,0,0,-0.0013792961835861206,-0.0013792961835861206,-0.0013792961835861206,-0.0013792961835861206,0.0015468001365661621,0.0015468001365661621,0.0015468001365661621,0.0015468001365661621,-0.0029260963201522827,-0.0029260963201522827,-0.0029260963201522827,-0.0029260963201522827
286,data/1_2024/shard-000477.tar,2829503,END,mild,11,61,72,328,-25,1.5625,lt2,True,0.0019102769999999999,0.0011432245373725891,0.0011432245373725891,-0.00067678093910217285,-0.00067678093910217285,0.0019538924098014832,0.0019538924098014832,0.0004415363073348999,0.0004415363073348999,0.00043438374996185303,0.00043438374996185303,0.00060713291168212891,0.00060713291168212891,0,0,0,0,0,0,0,0,0,0,0,0,0.002630673348903656,0.002630673348903656,0.002630673348903656,0.002630673348903656,0.00017274916172027588,0.00017274916172027588,0.00017274916172027588,0.00017274916172027588,0.0024579241871833801,0.0024579241871833801,0.0024579241871833801,0.0024579241871833801
287,data/1_2024/shard-000477.tar,2832503,END,medium,29,90,119,375,-30.5,1.90625,lt2,True,0.0060076640000000002,0.00022973120212554932,0.00022973120212554932,0.00060380250215530396,0.00060380250215530396,0.0008936077356338501,0.0008936077356338501,2.0042061805725098e-06,2.0042061805725098e-06,7.2509050369262695e-05,7.2509050369262695e-05,0.00039469450712203979,0.00039469450712203979,0,0,0,0,0,0,0,0,0,0,0,0,0.00028980523347854614,0.00028980523347854614,0.00028980523347854614,0.00028980523347854614,0.0003221854567527771,0.0003221854567527771,0.0003221854567527771,0.0003221854567527771,-3.2380223274230957e-05,-3.2380223274230957e-05,-3.2380223274230957e-05,-3.2380223274230957e-05
288,data/1_2024/shard-000477.tar,2833375,END,mild,31,75,106,362,-22,1.375,lt2,False,0.024768174,-0.0010268688201904297,-0.0010268688201904297,-0.0011548846960067749,-0.0011548846960067749,-0.00059679150581359863,-0.00059679150581359863,0.015614405274391174,0.015614405274391174,0.017027035355567932,0.017027035355567932,0.015910342335700989,0.015910342335700989,0,0,0,0,0,0,0,0,0,0,0,0,0.00055809319019317627,0.00055809319019317627,0.00055809319019317627,0.00055809319019317627,-0.0011166930198669434,-0.0011166930198669434,-0.0011166930198669434,-0.0011166930198669434,0.0016747862100601196,0.0016747862100601196,0.0016747862100601196,0.0016747862100601196
289,data/1_2024/shard-000477.tar,2835503,END,mild,6,96,102,358,-45,2.8125,2to4,True,0.0073211980000000001,0.003174319863319397,0.003174319863319397,0.0044143646955490112,0.0044143646955490112,0.0048074573278427124,0.0048074573278427124,0.01200219988822937,0.01200219988822937,0.012042135000228882,0.012042135000228882,0.012628406286239624,0.012628406286239624,0,0,0,0,0,0,0,0,0,0,0,0,0.00039309263229370117,0.00039309263229370117,0.00039309263229370117,0.00039309263229370117,0.00058627128601074219,0.00058627128601074219,0.00058627128601074219,0.00058627128601074219,-0.00019317865371704102,-0.00019317865371704102,-0.00019317865371704102,-0.00019317865371704102
290,data/1_2024/shard-000477.tar,2864503,START,medium,22,128,150,406,-53,3.3125,2to4,False,0.014560618000000001,-0.00090350210666656494,-0.00090350210666656494,-0.0001473650336265564,-0.0001473650336265564,-0.00035066157579421997,-0.00035066157579421997,-0.0017469078302383423,-0.0017469078302383423,-0.0012709498405456543,-0.0012709498405456543,-0.0015994012355804443,-0.0015994012355804443,0,0,0,0,0,0,0,0,0,0,0,0,-0.00020329654216766357,-0.00020329654216766357,-0.00020329654216766357,-0.00020329654216766357,-0.00032845139503479004,-0.00032845139503479004,-0.00032845139503479004,-0.00032845139503479004,0.00012515485286712646,0.00012515485286712646,0.00012515485286712646,0.00012515485286712646
291,data/1_2024/shard-000477.tar,2875503,START,mild,20,41,61,317,-10.5,0.65625,lt2,False,0.01435224,-0.00017333030700683594,-0.00017333030700683594,-0.00023572146892547607,-0.00023572146892547607,2.0682811737060547e-05,2.0682811737060547e-05,0.0071734711527824402,0.0071734711527824402,0.0063421502709388733,0.0063421502709388733,0.0068560168147087097,0.0068560168147087097,0,0,0,0,0,0,0,0,0,0,0,0,0.00025640428066253662,0.00025640428066253662,0.00025640428066253662,0.00025640428066253662,0.00051386654376983643,0.00051386654376983643,0.00051386654376983643,0.00051386654376983643,-0.0002574622631072998,-0.0002574622631072998,-0.0002574622631072998,-0.0002574622631072998
292,data/1_2024/shard-000477.tar,2878503,START,medium,30,173,203,459,-71.5,4.46875,ge4,True,0.007364921,0.0011283457279205322,0.0011283457279205322,0.0011319480836391449,0.0011319480836391449,0.00082186982035636902,0.00082186982035636902,0.0010582581162452698,0.0010582581162452698,0.0022987015545368195,0.0022987015545368195,0.0015706196427345276,0.0015706196427345276,0,0,0,0,0,0,0,0,0,0,0,0,-0.00031007826328277588,-0.00031007826328277588,-0.00031007826328277588,-0.00031007826328277588,-0.00072808191180229187,-0.00072808191180229187,-0.00072808191180229187,-0.00072808191180229187,0.00041800364851951599,0.00041800364851951599,0.00041800364851951599,0.00041800364851951599
293,data/1_2024/shard-000477.tar,2879503,START,mild,5,101,106,362,-48,3,2to4,False,0.020258859000000001,0.0041272491216659546,0.0041272491216659546,0.0024902671575546265,0.0024902671575546265,0.0032237321138381958,0.0032237321138381958,0.0027221143245697021,0.0027221143245697021,0.0038131177425384521,0.0038131177425384521,0.003241807222366333,0.003241807222366333,0,0,0,0,0,0,0,0,0,0,0,0,0.00073346495628356934,0.00073346495628356934,0.00073346495628356934,0.00073346495628356934,-0.00057131052017211914,-0.00057131052017211914,-0.00057131052017211914,-0.00057131052017211914,0.0013047754764556885,0.0013047754764556885,0.0013047754764556885,0.0013047754764556885
294,data/1_2024/shard-000477.tar,2881375,END,medium,33,95,128,384,-31,1.9375,lt2,True,0.002007797,0.0033787637948989868,0.0033787637948989868,0.0026215612888336182,0.0026215612888336182,0.0022585168480873108,0.0022585168480873108,-0.000575236976146698,-0.000575236976146698,-0.0020919740200042725,-0.0020919740200042725,-0.00017540901899337769,-0.00017540901899337769,0,0,0,0,0,0,0,0,0,0,0,0,-0.00036304444074630737,-0.00036304444074630737,-0.00036304444074630737,-0.00036304444074630737,0.0019165650010108948,0.0019165650010108948,0.0019165650010108948,0.0019165650010108948,-0.0022796094417572021,-0.0022796094417572021,-0.0022796094417572021,-0.0022796094417572021
295,data/1_2024/shard-000477.tar,2886503,START,strong,14,256,270,526,-121,7.5625,ge4,False,0.013673431999999999,0.0061796456575393677,0.0061796456575393677,0.0062531232833862305,0.0062531232833862305,0.0062648802995681763,0.0062648802995681763,-0.0019409023225307465,-0.0019409023225307465,-0.0020760446786880493,-0.0020760446786880493,-0.00091434642672538757,-0.00091434642672538757,0,0,0,0,0,0,0,0,0,0,0,0,1.1757016181945801e-05,1.1757016181945801e-05,1.1757016181945801e-05,1.1757016181945801e-05,0.0011616982519626617,0.0011616982519626617,0.0011616982519626617,0.0011616982519626617,-0.0011499412357807159,-0.0011499412357807159,-0.0011499412357807159,-0.0011499412357807159
296,data/1_2024/shard-000477.tar,2890503,START,medium,25,171,196,452,-73,4.5625,ge4,True,0.0064186160000000003,0.0033608525991439819,0.0033608525991439819,0.0021262317895889282,0.0021262317895889282,0.0020967274904251099,0.0020967274904251099,0.0091333836317062378,0.0091333836317062378,0.0025972723960876465,0.0025972723960876465,0.0060015320777893066,0.0060015320777893066,0,0,0,0,0,0,0,0,0,-1.3738870620727539e-05,0,0,-2.9504299163818359e-05,-2.9504299163818359e-05,-2.9504299163818359e-05,-2.9504299163818359e-05,0.0034042596817016602,0.0034042596817016602,0.0033905208110809326,0.0033905208110809326,-0.0034337639808654785,-0.0034337639808654785,-0.003420025110244751,-0.003420025110244751
297,data/1_2024/shard-000477.tar,2901503,END,mild,9,67,76,332,-29,1.8125,lt2,False,0.0085205100000000002,0.0037831589579582214,0.0037831589579582214,0.0032908543944358826,0.0032908543944358826,0.0049035027623176575,0.0049035027623176575,-0.00049713999032974243,-0.00049713999032974243,-0.00091709941625595093,-0.00091709941625595093,0.0002504885196685791,0.0002504885196685791,0,0,0,0,0,0,0,0,0,0,0,0,0.0016126483678817749,0.0016126483678817749,0.0016126483678817749,0.0016126483678817749,0.00116758793592453,0.00116758793592453,0.00116758793592453,0.00116758793592453,0.00044506043195724487,0.00044506043195724487,0.00044506043195724487,0.00044506043195724487
298,data/1_2024/shard-000477.tar,2918503,END,medium,4,182,186,442,-89,5.5625,ge4,True,0.00097417800000000002,0.0063383579254150391,0.0063383579254150391,0.003155142068862915,0.003155142068862915,0.0064641386270523071,0.0064641386270523071,-0.0014577209949493408,-0.0014577209949493408,-0.0013720244169235229,-0.0013720244169235229,-0.0011996030807495117,-0.0011996030807495117,0,0,0,0,0,0,0,0,0,0,0,0,0.0033089965581893921,0.0033089965581893921,0.0033089965581893921,0.0033089965581893921,0.00017242133617401123,0.00017242133617401123,0.00017242133617401123,0.00017242133617401123,0.0031365752220153809,0.0031365752220153809,0.0031365752220153809,0.0031365752220153809
299,data/1_2024/shard-000477.tar,2927375,END,mild,18,67,85,341,-24.5,1.53125,lt2,False,0.019256829999999999,0.0020952671766281128,0.0020952671766281128,0.0011969730257987976,0.0011969730257987976,0.0025040358304977417,0.0025040358304977417,0.0029913410544395447,0.0029913410544395447,0.0024342760443687439,0.0024342760443687439,0.0040092915296554565,0.0040092915296554565,0,0,0,0,0,0,0,0,0,0,0,0,0.0013070628046989441,0.0013070628046989441,0.0013070628046989441,0.0013070628046989441,0.0015750154852867126,0.0015750154852867126,0.0015750154852867126,0.0015750154852867126,-0.00026795268058776855,-0.00026795268058776855,-0.00026795268058776855,-0.00026795268058776855
300,data/1_2024/shard-000477.tar,2938375,END,mild,11,87,98,354,-38,2.375,2to4,False,0.015465810999999999,0.0020782351493835449,0.0020782351493835449,0.0026825219392776489,0.0026825219392776489,0.0019803345203399658,0.0019803345203399658,0.0020279139280319214,0.0020279139280319214,0.001038283109664917,0.001038283109664917,0.0019445717334747314,0.0019445717334747314,0,0,0,0,0,0,0,0,0,0,0,0,-0.00070218741893768311,-0.00070218741893768311,-0.00070218741893768311,-0.00070218741893768311,0.00090628862380981445,0.00090628862380981445,0.00090628862380981445,0.00090628862380981445,-0.0016084760427474976,-0.0016084760427474976,-0.0016084760427474976,-0.0016084760427474976
301,data/1_2024/shard-000477.tar,2944503,END,medium,35,82,117,373,-23.5,1.46875,lt2,False,0.017677485999999999,0.00057971477508544922,0.00057971477508544922,0.00028283894062042236,0.00028283894062042236,0.00076599419116973877,0.00076599419116973877,0.0032597184181213379,0.0032597184181213379,0.0033595860004425049,0.0033595860004425049,0.0030290335416793823,0.0030290335416793823,0,0,0,0,0,0,0,0,0,0,0,0,0.00048315525054931641,0.00048315525054931641,0.00048315525054931641,0.00048315525054931641,-0.00033055245876312256,-0.00033055245876312256,-0.00033055245876312256,-0.00033055245876312256,0.00081370770931243896,0.00081370770931243896,0.00081370770931243896,0.00081370770931243896
302,data/1_2024/shard-000477.tar,2970503,END,mild,20,85,105,361,-32.5,2.03125,2to4,True,0.0047061960000000002,0.0025001242756843567,0.0025001242756843567,0.0022486969828605652,0.0022486969828605652,0.0027735456824302673,0.0027735456824302673,0.0017119124531745911,0.0017119124531745911,0.0018578767776489258,0.0018578767776489258,0.0017631426453590393,0.0017631426453590393,0,0,0,0,0,0,0,0,0,0,0,0,0.00052484869956970215,0.00052484869956970215,0.00052484869956970215,0.00052484869956970215,-9.4734132289886475e-05,-9.4734132289886475e-05,-9.4734132289886475e-05,-9.4734132289886475e-05,0.00061958283185958862,0.00061958283185958862,0.00061958283185958862,0.00061958283185958862
303,data/1_2024/shard-000477.tar,2975375,END,mild,21,85,106,362,-32,2,2to4,True,0.0048254359999999998,0.0034592151641845703,0.0034592151641845703,0.0029658675193786621,0.0029658675193786621,0.0030695199966430664,0.0030695199966430664,0.0016006976366043091,0.0016006976366043091,0.0022759884595870972,0.0022759884595870972,0.00066393613815307617,0.00066393613815307617,0,0,0,0,0,0,0,0,0,0,0,0,0.0001036524772644043,0.0001036524772644043,0.0001036524772644043,0.0001036524772644043,-0.001612052321434021,-0.001612052321434021,-0.001612052321434021,-0.001612052321434021,0.0017157047986984253,0.0017157047986984253,0.0017157047986984253,0.0017157047986984253
304,data/1_2024/shard-000477.tar,2995503,START,mild,33,73,106,362,-20,1.25,lt2,True,0.0073635430000000002,-0.0011384040117263794,-0.0011384040117263794,-0.00087127089500427246,-0.00087127089500427246,-0.00070838630199432373,-0.00070838630199432373,0.0033672302961349487,0.0033672302961349487,0.0038210451602935791,0.0038210451602935791,0.003276526927947998,0.003276526927947998,0,0,0,0,0,0,0,0,0,0,0,0,0.00016288459300994873,0.00016288459300994873,0.00016288459300994873,0.00016288459300994873,-0.00054451823234558105,-0.00054451823234558105,-0.00054451823234558105,-0.00054451823234558105,0.00070740282535552979,0.00070740282535552979,0.00070740282535552979,0.00070740282535552979
305,data/1_2024/shard-000477.tar,3001503,END,mild,9,97,106,362,-44,2.75,2to4,False,0.022973053,0.010482728481292725,0.010482728481292725,0.0092108547687530518,0.0092108547687530518,0.0094520524144172668,0.0094520524144172668,0.0024255216121673584,0.0024255216121673584,0.0022991001605987549,0.0022991001605987549,0.0018211603164672852,0.0018211603164672852,0,0,0,0,0,0,0,0,0,0,0,0,0.00024119764566421509,0.00024119764566421509,0.00024119764566421509,0.00024119764566421509,-0.00047793984413146973,-0.00047793984413146973,-0.00047793984413146973,-0.00047793984413146973,0.00071913748979568481,0.00071913748979568481,0.00071913748979568481,0.00071913748979568481
306,data/1_2024/shard-000477.tar,3003503,END,mild,3,107,110,366,-52,3.25,2to4,True,0.0044470279999999996,0.00075509399175643921,0.00075509399175643921,0.00066135823726654053,0.00066135823726654053,0.00098837167024612427,0.00098837167024612427,0.0069768279790878296,0.0069768279790878296,0.0079869553446769714,0.0079869553446769714,0.0077851414680480957,0.0077851414680480957,0,0,0,0,0,0,0,0,0,0,0,0,0.00032701343297958374,0.00032701343297958374,0.00032701343297958374,0.00032701343297958374,-0.00020181387662887573,-0.00020181387662887573,-0.00020181387662887573,-0.00020181387662887573,0.00052882730960845947,0.00052882730960845947,0.00052882730960845947,0.00052882730960845947
307,data/1_2024/shard-000477.tar,3005503,START,mild,12,94,106,362,-41,2.5625,2to4,True,0.001930576,0.0014557912945747375,0.0014557912945747375,0.0013701096177101135,0.0013701096177101135,0.0013598501682281494,0.0013598501682281494,0.0020947381854057312,0.0020947381854057312,0.0020004957914352417,0.0020004957914352417,0.0019141361117362976,0.0019141361117362976,0,0,0,0,0,0,0,0,0,0,0,0,-1.0259449481964111e-05,-1.0259449481964111e-05,-1.0259449481964111e-05,-1.0259449481964111e-05,-8.6359679698944092e-05,-8.6359679698944092e-05,-8.6359679698944092e-05,-8.6359679698944092e-05,7.610023021697998e-05,7.610023021697998e-05,7.610023021697998e-05,7.610023021697998e-05
308,data/1_2024/shard-000477.tar,3041503,END,mild,4,102,106,362,-49,3.0625,2to4,True,0.0054197610000000004,0.00079572200775146484,0.00079572200775146484,0.0010811164975166321,0.0010811164975166321,0.00084180384874343872,0.00084180384874343872,0.003621026873588562,0.003621026873588562,0.0025569349527359009,0.0025569349527359009,0.0033094435930252075,0.0033094435930252075,0,0,0,0,0,0,0,0,0,0,0,0,-0.00023931264877319336,-0.00023931264877319336,-0.00023931264877319336,-0.00023931264877319336,0.00075250864028930664,0.00075250864028930664,0.00075250864028930664,0.00075250864028930664,-0.0009918212890625,-0.0009918212890625,-0.0009918212890625,-0.0009918212890625
309,data/1_2024/shard-000477.tar,3045375,START,mild,4,58,62,318,-27,1.6875,lt2,False,0.010533295999999999,-0.0015163794159889221,-0.0015163794159889221,-0.0013529062271118164,-0.0013529062271118164,-0.001246623694896698,-0.001246623694896698,0.0031224042177200317,0.0031224042177200317,0.003561459481716156,0.003561459481716156,0.0035705491900444031,0.0035705491900444031,0,0,0,0,0,0,0,0,0,0,0,0,0.00010628253221511841,0.00010628253221511841,0.00010628253221511841,0.00010628253221511841,9.0897083282470703e-06,9.0897083282470703e-06,9.0897083282470703e-06,9.0897083282470703e-06,9.7192823886871338e-05,9.7192823886871338e-05,9.7192823886871338e-05,9.7192823886871338e-05
310,data/1_2024/shard-000477.tar,3047375,START,medium,43,95,138,394,-26,1.625,lt2,False,0.0089734940000000003,-7.0348381996154785e-05,-7.0348381996154785e-05,-0.00052246451377868652,-0.00052246451377868652,0.00044995546340942383,0.00044995546340942383,0.00071740150451660156,0.00071740150451660156,0.00052359700202941895,0.00052359700202941895,0.00090916454792022705,0.00090916454792022705,0,0,0,0,0,0,0,0,0,0,0,0,0.00097241997718811035,0.00097241997718811035,0.00097241997718811035,0.00097241997718811035,0.00038556754589080811,0.00038556754589080811,0.00038556754589080811,0.00038556754589080811,0.00058685243129730225,0.00058685243129730225,0.00058685243129730225,0.00058685243129730225
311,data/1_2024/shard-000477.tar,3049375,START,medium,33,89,122,378,-28,1.75,lt2,False,0.032033600000000002,0.0018002018332481384,0.0018002018332481384,0.0016279071569442749,0.0016279071569442749,0.0020311623811721802,0.0020311623811721802,0.0069011449813842773,0.0069011449813842773,0.0065874755382537842,0.0065874755382537842,0.0062080137431621552,0.0062080137431621552,0,0,0,0,0,0,0,0,0,0,0,0,0.00040325522422790527,0.00040325522422790527,0.00040325522422790527,0.00040325522422790527,-0.00037946179509162903,-0.00037946179509162903,-0.00037946179509162903,-0.00037946179509162903,0.0007827170193195343,0.0007827170193195343,0.0007827170193195343,0.0007827170193195343
312,data/1_2024/shard-000477.tar,3055375,END,medium,11,136,147,403,-62.5,3.90625,2to4,False,0.043264394999999997,0.0018585175275802612,0.0018585175275802612,0.0041401386260986328,0.0041401386260986328,0.0012748464941978455,0.0012748464941978455,-0.00056183338165283203,-0.00056183338165283203,-0.0010916963219642639,-0.0010916963219642639,-0.00033712387084960938,-0.00033712387084960938,0,0,0,0,0,0,0,0,0,0,0,0,-0.0028652921319007874,-0.0028652921319007874,-0.0028652921319007874,-0.0028652921319007874,0.00075457245111465454,0.00075457245111465454,0.00075457245111465454,0.00075457245111465454,-0.0036198645830154419,-0.0036198645830154419,-0.0036198645830154419,-0.0036198645830154419
313,data/1_2024/shard-000477.tar,3080503,END,mild,3,103,106,362,-50,3.125,2to4,True,0.0064243,0.0045459270477294922,0.0045453011989593506,0.0052025318145751953,0.0052230805158615112,0.0043386369943618774,0.0043312162160873413,0.0020920485258102417,0.0020839869976043701,0.003256678581237793,0.0032215714454650879,0.0031068176031112671,0.0031448304653167725,0,6.1944127082824707e-05,0,0,5.2630901336669922e-05,0,0,-4.0084123611450195e-06,3.2126903533935547e-05,3.1292438507080078e-06,-1.9669532775878906e-06,-8.2403421401977539e-06,-0.00091652572154998779,-0.000871315598487854,-0.00093707442283630371,-0.00089186429977416992,-0.00011576712131500244,-7.1480870246887207e-05,-0.0001096576452255249,-6.5371394157409668e-05,-0.00080075860023498535,-0.0007998347282409668,-0.00082741677761077881,-0.00082649290561676025
314,data/1_2024/shard-000477.tar,3084503,END,mild,21,72,93,349,-25.5,1.59375,lt2,True,0.000548862,0.0038377866148948669,0.0038377866148948669,0.0021942406892776489,0.0021942406892776489,0.0033970698714256287,0.0033970698714256287,0.0051295608282089233,0.0051295608282089233,0.0061972513794898987,0.0061972513794898987,0.0049651637673377991,0.0049651637673377991,0,0,0,0,0,0,0,0,0,0,0,0,0.0012028291821479797,0.0012028291821479797,0.0012028291821479797,0.0012028291821479797,-0.0012320876121520996,-0.0012320876121520996,-0.0012320876121520996,-0.0012320876121520996,0.0024349167943000793,0.0024349167943000793,0.0024349167943000793,0.0024349167943000793
315,data/1_2024/shard-000477.tar,3091375,END,mild,5,100,105,361,-47.5,2.96875,2to4,False,0.037635155000000003,0.0072853118181228638,0.0072853118181228638,0.0080136284232139587,0.0080136284232139587,0.0083063244819641113,0.0083063244819641113,-0.0011995136737823486,-0.0011995136737823486,-0.0014509111642837524,-0.0014509111642837524,-0.00097286701202392578,-0.00097286701202392578,0,0,0,0,0,0,0,0,0,0,0,0,0.00029269605875015259,0.00029269605875015259,0.00029269605875015259,0.00029269605875015259,0.00047804415225982666,0.00047804415225982666,0.00047804415225982666,0.00047804415225982666,-0.00018534809350967407,-0.00018534809350967407,-0.00018534809350967407,-0.00018534809350967407
316,data/1_2024/shard-000477.tar,3100503,END,mild,26,74,100,356,-24,1.5,lt2,False,0.012877453000000001,0.0017758011817932129,0.0017758011817932129,0.002543717622756958,0.002543717622756958,0.0014997571706771851,0.0014997571706771851,0.0021455734968185425,0.0021455734968185425,0.0022005140781402588,0.0022005140781402588,0.0019770115613937378,0.0019770115613937378,0,0,0,0,0,0,0,0,0,0,0,0,-0.0010439604520797729,-0.0010439604520797729,-0.0010439604520797729,-0.0010439604520797729,-0.000223502516746521,-0.000223502516746521,-0.000223502516746521,-0.000223502516746521,-0.00082045793533325195,-0.00082045793533325195,-0.00082045793533325195,-0.00082045793533325195
317,data/1_2024/shard-000477.tar,3123503,END,mild,17,57,74,330,-20,1.25,lt2,False,0.021609366000000001,0.00098188221454620361,0.00098188221454620361,0.0013287961483001709,0.0013287961483001709,0.0010376721620559692,0.0010376721620559692,0.00034312903881072998,0.00034312903881072998,3.8638710975646973e-05,3.8638710975646973e-05,0.00043980777263641357,0.00043980777263641357,0,0,0,0,0,0,0,0,0,0,0,0,-0.00029112398624420166,-0.00029112398624420166,-0.00029112398624420166,-0.00029112398624420166,0.0004011690616607666,0.0004011690616607666,0.0004011690616607666,0.0004011690616607666,-0.00069229304790496826,-0.00069229304790496826,-0.00069229304790496826,-0.00069229304790496826
318,data/1_2024/shard-000477.tar,3142375,START,mild,23,53,76,332,-15,0.9375,lt2,False,0.014474757,0.00026616454124450684,0.00026616454124450684,0.00010664761066436768,0.00010664761066436768,0.00041951239109039307,0.00041951239109039307,0.00079381465911865234,0.00079381465911865234,0.00094144046306610107,0.00094144046306610107,0.00085240602493286133,0.00085240602493286133,0,0,0,0,0,0,0,0,0,0,0,0,0.00031286478042602539,0.00031286478042602539,0.00031286478042602539,0.00031286478042602539,-8.9034438133239746e-05,-8.9034438133239746e-05,-8.9034438133239746e-05,-8.9034438133239746e-05,0.00040189921855926514,0.00040189921855926514,0.00040189921855926514,0.00040189921855926514
319,data/1_2024/shard-000477.tar,3197375,END,mild,21,85,106,362,-32,2,2to4,False,0.018266360999999998,0.0020533502101898193,0.0020533502101898193,0.001889839768409729,0.001889839768409729,0.0014714598655700684,0.0014714598655700684,0.0078988522291183472,0.0078988522291183472,0.01041315495967865,0.01041315495967865,0.0059635043144226074,0.0059635043144226074,0,0,0,0,0,0,0,0,0,0,0,0,-0.00041837990283966064,-0.00041837990283966064,-0.00041837990283966064,-0.00041837990283966064,-0.0044496506452560425,-0.0044496506452560425,-0.0044496506452560425,-0.0044496506452560425,0.0040312707424163818,0.0040312707424163818,0.0040312707424163818,0.0040312707424163818
320,data/1_2024/shard-000477.tar,3213375,END,mild,17,90,107,363,-36.5,2.28125,2to4,False,0.015003182,1.1727213859558105e-05,1.1727213859558105e-05,0.00049340724945068359,0.00049340724945068359,0.00049540400505065918,0.00049540400505065918,0.0039035826921463013,0.0039035826921463013,0.0031432807445526123,0.0031432807445526123,0.0035595148801803589,0.0035595148801803589,0,0,0,0,0,0,0,0,0,0,0,0,1.9967555999755859e-06,1.9967555999755859e-06,1.9967555999755859e-06,1.9967555999755859e-06,0.00041623413562774658,0.00041623413562774658,0.00041623413562774658,0.00041623413562774658,-0.000414237380027771,-0.000414237380027771,-0.000414237380027771,-0.000414237380027771
321,data/1_2024/shard-000477.tar,3213503,END,mild,18,87,105,361,-34.5,2.15625,2to4,True,0.000137582,-0.0041398555040359497,-0.0041398555040359497,-0.0049284994602203369,-0.0049284994602203369,-0.0045760646462440491,-0.0045760646462440491,0.0014128684997558594,0.0014128684997558594,0.0015888586640357971,0.0015888586640357971,0.0014873966574668884,0.0014873966574668884,0,0,0,0,0,0,0,0,0,0,0,0,0.00035243481397628784,0.00035243481397628784,0.00035243481397628784,0.00035243481397628784,-0.00010146200656890869,-0.00010146200656890869,-0.00010146200656890869,-0.00010146200656890869,0.00045389682054519653,0.00045389682054519653,0.00045389682054519653,0.00045389682054519653
322,data/1_2024/shard-000477.tar,3214375,END,mild,5,82,87,343,-38.5,2.40625,2to4,True,0.001272961,0.0035374090075492859,0.0035374090075492859,0.0042846500873565674,0.0042846500873565674,0.0041663497686386108,0.0041663497686386108,0.003306753933429718,0.003306753933429718,0.0064918026328086853,0.0064918026328086853,0.002383209764957428,0.002383209764957428,0,0,0,0,0,0,0,0,0,0,0,0,-0.00011830031871795654,-0.00011830031871795654,-0.00011830031871795654,-0.00011830031871795654,-0.0041085928678512573,-0.0041085928678512573,-0.0041085928678512573,-0.0041085928678512573,0.0039902925491333008,0.0039902925491333008,0.0039902925491333008,0.0039902925491333008
323,data/1_2024/shard-000477.tar,3225503,END,mild,3,80,83,339,-38.5,2.40625,2to4,True,0.0069903580000000003,-0.0078275576233863831,-0.0078275576233863831,-0.0054605752229690552,-0.0054605752229690552,-0.0076933056116104126,-0.0076933056116104126,0.0062420889735221863,0.0062420889735221863,0.0069211646914482117,0.0069211646914482117,0.0066457316279411316,0.0066457316279411316,0,0,0,0,0,0,0,0,0,0,0,0,-0.0022327303886413574,-0.0022327303886413574,-0.0022327303886413574,-0.0022327303886413574,-0.00027543306350708008,-0.00027543306350708008,-0.00027543306350708008,-0.00027543306350708008,-0.0019572973251342773,-0.0019572973251342773,-0.0019572973251342773,-0.0019572973251342773
324,data/1_2024/shard-000477.tar,3239503,START,medium,56,139,195,451,-41.5,2.59375,2to4,False,0.0165966,0.013163246214389801,0.013163246214389801,0.012408681213855743,0.012408681213855743,0.012511402368545532,0.012511402368545532,0.00050387531518936157,0.00050387531518936157,0.0010291337966918945,0.0010291337966918945,0.00066614896059036255,0.00066614896059036255,0,0,0,0,0,0,0,0,0,0,0,0,0.00010272115468978882,0.00010272115468978882,0.00010272115468978882,0.00010272115468978882,-0.00036298483610153198,-0.00036298483610153198,-0.00036298483610153198,-0.00036298483610153198,0.0004657059907913208,0.0004657059907913208,0.0004657059907913208,0.0004657059907913208
325,data/1_2024/shard-000477.tar,3244503,END,mild,34,72,106,362,-19,1.1875,lt2,False,0.015752545999999999,0.00014694035053253174,0.00014694035053253174,0.00049909204244613647,0.00049909204244613647,0.00025401264429092407,0.00025401264429092407,0.00082012265920639038,0.00082012265920639038,0.0004060789942741394,0.0004060789942741394,0.00039678812026977539,0.00039678812026977539,0,0,0,0,0,0,0,0,0,0,0,0,-0.0002450793981552124,-0.0002450793981552124,-0.0002450793981552124,-0.0002450793981552124,-9.2908740043640137e-06,-9.2908740043640137e-06,-9.2908740043640137e-06,-9.2908740043640137e-06,-0.00023578852415084839,-0.00023578852415084839,-0.00023578852415084839,-0.00023578852415084839
326,data/1_2024/shard-000477.tar,3256503,START,medium,32,141,173,429,-54.5,3.40625,2to4,False,0.023342818000000001,0.0006726682186126709,0.0006726682186126709,0.0011152476072311401,0.0011152476072311401,0.00040204823017120361,0.00040204823017120361,-0.00060194730758666992,-0.00060194730758666992,-0.0016828775405883789,-0.0016828775405883789,-0.00089310109615325928,-0.00089310109615325928,0,0,0,0,0,0,0,0,0,0,0,0,-0.00071319937705993652,-0.00071319937705993652,-0.00071319937705993652,-0.00071319937705993652,0.00078977644443511963,0.00078977644443511963,0.00078977644443511963,0.00078977644443511963,-0.0015029758214950562,-0.0015029758214950562,-0.0015029758214950562,-0.0015029758214950562
327,data/1_2024/shard-000477.tar,3266375,START,medium,4,132,136,392,-64,4,ge4,False,0.013812191999999999,0.0040493644773960114,0.0040493644773960114,0.0045938789844512939,0.0045938789844512939,0.003281768411397934,0.003281768411397934,0.0091716386377811432,0.0091716386377811432,0.0093774609267711639,0.0093774609267711639,0.0092951692640781403,0.0092951692640781403,0,0,0,0,0,0,0,0,0,0,0,0,-0.00131211057305336,-0.00131211057305336,-0.00131211057305336,-0.00131211057305336,-8.2291662693023682e-05,-8.2291662693023682e-05,-8.2291662693023682e-05,-8.2291662693023682e-05,-0.0012298189103603363,-0.0012298189103603363,-0.0012298189103603363,-0.0012298189103603363
328,data/1_2024/shard-000477.tar,3267375,START,mild,29,77,106,362,-24,1.5,lt2,True,0.0074969010000000003,0.0015362650156021118,0.0015362650156021118,0.001783713698387146,0.001783713698387146,0.0014314949512481689,0.0014314949512481689,0.0019560754299163818,0.0019560754299163818,0.0019550472497940063,0.0019550472497940063,0.0023940503597259521,0.0023940503597259521,0,0,0,0,0,0,0,0,0,0,0,0,-0.00035221874713897705,-0.00035221874713897705,-0.00035221874713897705,-0.00035221874713897705,0.0004390031099319458,0.0004390031099319458,0.0004390031099319458,0.0004390031099319458,-0.00079122185707092285,-0.00079122185707092285,-0.00079122185707092285,-0.00079122185707092285
329,data/1_2024/shard-000477.tar,3291503,START,mild,1,105,106,362,-52,3.25,2to4,True,0.0025491530000000002,-0.0014908052980899811,-0.0014908052980899811,-0.0016759000718593597,-0.0016759000718593597,-0.0014194920659065247,-0.0014194920659065247,0.0032185539603233337,0.0032185539603233337,0.0055960714817047119,0.0055960714817047119,0.0049863234162330627,0.0049863234162330627,0,0,0,0,0,0,0,0,0,0,0,0,0.00025640800595283508,0.00025640800595283508,0.00025640800595283508,0.00025640800595283508,-0.00060974806547164917,-0.00060974806547164917,-0.00060974806547164917,-0.00060974806547164917,0.00086615607142448425,0.00086615607142448425,0.00086615607142448425,0.00086615607142448425
330,data/1_2024/shard-000477.tar,3304503,START,mild,28,57,85,341,-14.5,0.90625,lt2,True,0.0030985359999999998,-0.0004869997501373291,-0.0004869997501373291,-0.00034768879413604736,-0.00034768879413604736,-0.00052110850811004639,-0.00052110850811004639,0.0015323162078857422,0.0015323162078857422,0.0017557144165039062,0.0017557144165039062,0.0018610060214996338,0.0018610060214996338,0,0,0,0,0,0,0,0,0,0,0,0,-0.00017341971397399902,-0.00017341971397399902,-0.00017341971397399902,-0.00017341971397399902,0.00010529160499572754,0.00010529160499572754,0.00010529160499572754,0.00010529160499572754,-0.00027871131896972656,-0.00027871131896972656,-0.00027871131896972656,-0.00027871131896972656
331,data/1_2024/shard-000477.tar,3309503,START,mild,0,85,85,341,-42.5,2.65625,2to4,False,0.010002583000000001,0.0023913532495498657,0.0023913532495498657,0.0025881081819534302,0.0025881081819534302,0.0027640014886856079,0.0027640014886856079,0.0069006383419036865,0.0069006383419036865,0.0070602446794509888,0.0070602446794509888,0.0065896958112716675,0.0065896958112716675,0,0,0,0,0,0,0,0,0,0,0,0,0.00017589330673217773,0.00017589330673217773,0.00017589330673217773,0.00017589330673217773,-0.00047054886817932129,-0.00047054886817932129,-0.00047054886817932129,-0.00047054886817932129,0.00064644217491149902,0.00064644217491149902,0.00064644217491149902,0.00064644217491149902
332,data/1_2024/shard-000477.tar,3313503,END,mild,21,84,105,361,-31.5,1.96875,lt2,False,0.015024974999999999,0.003695264458656311,0.003695264458656311,0.0039922744035720825,0.0039922744035720825,0.003705143928527832,0.003705143928527832,0.0080035626888275146,0.0080035626888275146,0.0071377158164978027,0.0071377158164978027,0.0086258649826049805,0.0086258649826049805,0,0,0,0,0,0,0,0,0,0,0,0,-0.00028713047504425049,-0.00028713047504425049,-0.00028713047504425049,-0.00028713047504425049,0.0014881491661071777,0.0014881491661071777,0.0014881491661071777,0.0014881491661071777,-0.0017752796411514282,-0.0017752796411514282,-0.0017752796411514282,-0.0017752796411514282
333,data/1_2024/shard-000477.tar,3338503,END,mild,3,103,106,362,-50,3.125,2to4,False,0.012161985,-0.0035139918327331543,-0.0035139918327331543,-0.0038704127073287964,-0.0038704127073287964,-0.0011779665946960449,-0.0011779665946960449,0.0063207298517227173,0.0063207298517227173,0.005446895956993103,0.005446895956993103,0.0071630179882049561,0.0071630179882049561,0,0,0,0,0,0,0,0,0,0,0,0,0.0026924461126327515,0.0026924461126327515,0.0026924461126327515,0.0026924461126327515,0.001716122031211853,0.001716122031211853,0.001716122031211853,0.001716122031211853,0.00097632408142089844,0.00097632408142089844,0.00097632408142089844,0.00097632408142089844
334,data/1_2024/shard-000477.tar,3357503,START,mild,31,74,105,361,-21.5,1.34375,lt2,True,0.004625171,0.0016406029462814331,0.0016406029462814331,0.0018506944179534912,0.0018506944179534912,0.0017296448349952698,0.0017296448349952698,0.0010356307029724121,0.0010356307029724121,0.0020683407783508301,0.0020683407783508301,0.0013901591300964355,0.0013901591300964355,0,0,0,0,0,0,0,0,0,0,0,0,-0.00012104958295822144,-0.00012104958295822144,-0.00012104958295822144,-0.00012104958295822144,-0.00067818164825439453,-0.00067818164825439453,-0.00067818164825439453,-0.00067818164825439453,0.0005571320652961731,0.0005571320652961731,0.0005571320652961731,0.0005571320652961731
335,data/1_2024/shard-000477.tar,3362375,START,mild,12,84,96,352,-36,2.25,2to4,True,0.00025015299999999997,0.0066996365785598755,0.0066996365785598755,0.0076114386320114136,0.0076114386320114136,0.0062459185719490051,0.0062459185719490051,0.0023482441902160645,0.0023482441902160645,0.0028023719787597656,0.0028023719787597656,0.00065588206052780151,0.00065588206052780151,0,0,0,0,0,0,0,0,0,0,0,0,-0.0013655200600624084,-0.0013655200600624084,-0.0013655200600624084,-0.0013655200600624084,-0.0021464899182319641,-0.0021464899182319641,-0.0021464899182319641,-0.0021464899182319641,0.00078096985816955566,0.00078096985816955566,0.00078096985816955566,0.00078096985816955566
336,data/1_2024/shard-000477.tar,3378375,START,mild,19,45,64,320,-13,0.8125,lt2,True,0.0075599029999999998,-0.00045815110206604004,-0.00043438374996185303,-0.00026158988475799561,-0.00026158988475799561,-0.00018787384033203125,-0.00022214651107788086,-0.00087343156337738037,-0.00088118016719818115,-0.00063519179821014404,-0.00065693259239196777,-0.0023960769176483154,-0.0024070143699645996,-2.549588680267334e-05,0,4.1544437408447266e-05,4.7534704208374023e-05,-1.2978911399841309e-05,0,0,0,-2.2962689399719238e-05,-5.766749382019043e-06,-1.4662742614746094e-05,9.3877315521240234e-06,0.00012823939323425293,8.0987811088562012e-05,0.00013422966003417969,8.697807788848877e-05,-0.0017691850662231445,-0.0018041729927062988,-0.0017302483320236206,-0.0017652362585067749,0.0018974244594573975,0.0018851608037948608,0.0018644779920578003,0.0018522143363952637
337,data/1_2024/shard-000477.tar,3378503,START,mild,13,92,105,361,-39.5,2.46875,2to4,False,0.010867052,0.0030886530876159668,0.0030886530876159668,0.0048140808939933777,0.0048140808939933777,0.0060080885887145996,0.0060080885887145996,0.0071908235549926758,0.0071908235549926758,0.0063213109970092773,0.0063213109970092773,0.0076857209205627441,0.0076857209205627441,0,0,0,0,0,0,0,0,0,0,0,0,0.0011940076947212219,0.0011940076947212219,0.0011940076947212219,0.0011940076947212219,0.0013644099235534668,0.0013644099235534668,0.0013644099235534668,0.0013644099235534668,-0.00017040222883224487,-0.00017040222883224487,-0.00017040222883224487,-0.00017040222883224487
338,data/1_2024/shard-000477.tar,3379375,END,mild,28,79,107,363,-25.5,1.59375,lt2,False,0.0098042340000000002,0.00043542683124542236,0.00043542683124542236,0.0014268159866333008,0.0014268159866333008,0.00077709555625915527,0.00077709555625915527,0.0084338784217834473,0.0084338784217834473,0.0045363754034042358,0.0045363754034042358,0.012092083692550659,0.012092083692550659,0,0,0,0,0,0,0,0,0,0,0,0,-0.00064972043037414551,-0.00064972043037414551,-0.00064972043037414551,-0.00064972043037414551,0.0075557082891464233,0.0075557082891464233,0.0075557082891464233,0.0075557082891464233,-0.0082054287195205688,-0.0082054287195205688,-0.0082054287195205688,-0.0082054287195205688
339,data/1_2024/shard-000477.tar,3381375,END,medium,5,123,128,384,-59,3.6875,2to4,True,0.0023768249999999999,-6.1064958572387695e-05,-6.1064958572387695e-05,-0.00053831934928894043,-0.00053831934928894043,-0.00054030120372772217,-0.00054030120372772217,0.0037248730659484863,0.0037248730659484863,0.0045457035303115845,0.0045457035303115845,0.0034938156604766846,0.0034938156604766846,0,0,0,0,0,0,0,0,0,0,0,0,-1.9818544387817383e-06,-1.9818544387817383e-06,-1.9818544387817383e-06,-1.9818544387817383e-06,-0.0010518878698348999,-0.0010518878698348999,-0.0010518878698348999,-0.0010518878698348999,0.0010499060153961182,0.0010499060153961182,0.0010499060153961182,0.0010499060153961182
340,data/1_2024/shard-000477.tar,3382503,START,mild,27,79,106,362,-26,1.625,lt2,True,0.0044050369999999997,0.004160657525062561,0.004160657525062561,0.007460862398147583,0.007460862398147583,0.0071953684091567993,0.0071953684091567993,0.0028781667351722717,0.0028781667351722717,0.002624906599521637,0.002624906599521637,0.0030239373445510864,0.0030239373445510864,0,0,0,0,0,0,0,0,0,0,0,0,-0.00026549398899078369,-0.00026549398899078369,-0.00026549398899078369,-0.00026549398899078369,0.00039903074502944946,0.00039903074502944946,0.00039903074502944946,0.00039903074502944946,-0.00066452473402023315,-0.00066452473402023315,-0.00066452473402023315,-0.00066452473402023315
341,data/1_2024/shard-000477.tar,3383375,END,mild,3,99,102,358,-48,3,2to4,False,0.017565108999999999,0.0019214525818824768,0.0019214525818824768,0.0021335631608963013,0.0021335631608963013,0.0029138028621673584,0.0029138028621673584,0.0032403767108917236,0.0032403767108917236,0.0024094432592391968,0.0024094432592391968,0.0035422220826148987,0.0035422220826148987,0,0,0,0,0,0,0,0,0,0,0,0,0.00078023970127105713,0.00078023970127105713,0.00078023970127105713,0.00078023970127105713,0.0011327788233757019,0.0011327788233757019,0.0011327788233757019,0.0011327788233757019,-0.00035253912210464478,-0.00035253912210464478,-0.00035253912210464478,-0.00035253912210464478
342,data/1_2024/shard-000477.tar,3403503,START,mild,12,98,110,366,-43,2.6875,2to4,True,0.001744635,0.00061570852994918823,0.00061570852994918823,5.2221119403839111e-05,5.2221119403839111e-05,0.00077304989099502563,0.00077304989099502563,0.0086998492479324341,0.0086998492479324341,0.010665059089660645,0.010665059089660645,0.0087069720029830933,0.0087069720029830933,0,0,0,0,0,0,0,0,0,0,0,0,0.00072082877159118652,0.00072082877159118652,0.00072082877159118652,0.00072082877159118652,-0.0019580870866775513,-0.0019580870866775513,-0.0019580870866775513,-0.0019580870866775513,0.0026789158582687378,0.0026789158582687378,0.0026789158582687378,0.0026789158582687378
343,data/1_2024/shard-000477.tar,3404503,START,mild,35,71,106,362,-18,1.125,lt2,False,0.0092916189999999992,0.0042192637920379639,0.0042192637920379639,0.0036967992782592773,0.0036967992782592773,0.0035985261201858521,0.0035985261201858521,-0.00044584274291992188,-0.00044584274291992188,-0.00027927011251449585,-0.00027927011251449585,-0.00030972063541412354,-0.00030972063541412354,0,0,0,0,0,0,0,0,0,0,0,0,-9.8273158073425293e-05,-9.8273158073425293e-05,-9.8273158073425293e-05,-9.8273158073425293e-05,-3.0450522899627686e-05,-3.0450522899627686e-05,-3.0450522899627686e-05,-3.0450522899627686e-05,-6.7822635173797607e-05,-6.7822635173797607e-05,-6.7822635173797607e-05,-6.7822635173797607e-05
344,data/1_2024/shard-000477.tar,3406375,END,mild,7,93,100,356,-43,2.6875,2to4,True,0.0031510779999999999,-0.00047796964645385742,-0.00047796964645385742,0.00056673586368560791,0.00056673586368560791,-3.0353665351867676e-05,-3.0353665351867676e-05,0.0063444375991821289,0.0063444375991821289,0.0049977004528045654,0.0049977004528045654,0.0051652044057846069,0.0051652044057846069,0,0,0,0,0,0,0,0,0,0,0,0,-0.00059708952903747559,-0.00059708952903747559,-0.00059708952903747559,-0.00059708952903747559,0.0001675039529800415,0.0001675039529800415,0.0001675039529800415,0.0001675039529800415,-0.00076459348201751709,-0.00076459348201751709,-0.00076459348201751709,-0.00076459348201751709
345,data/1_2024/shard-000477.tar,3409503,END,mild,9,96,105,361,-43.5,2.71875,2to4,False,0.020039721999999999,0.0046823769807815552,0.0046823769807815552,0.0054178386926651001,0.0054178386926651001,0.0046356320381164551,0.0046356320381164551,-0.00094397366046905518,-0.00094397366046905518,-0.0017555654048919678,-0.0017555654048919678,-0.0012783855199813843,-0.0012508183717727661,0,0,0,0,0,0,0,0,0,0,-2.7567148208618164e-05,0,-0.00078220665454864502,-0.00078220665454864502,-0.00078220665454864502,-0.00078220665454864502,0.00050474703311920166,0.00050474703311920166,0.00050474703311920166,0.00050474703311920166,-0.0012869536876678467,-0.0012869536876678467,-0.0012869536876678467,-0.0012869536876678467
346,data/1_2024/shard-000477.tar,3416503,START,mild,18,71,89,345,-26.5,1.65625,lt2,False,0.017573074000000001,0.0016750842332839966,0.0016750842332839966,0.0018648654222488403,0.0018648654222488403,0.0020357221364974976,0.0020357221364974976,0.0014496147632598877,0.0014496147632598877,0.0020399689674377441,0.0020399689674377441,0.0013380497694015503,0.0013380497694015503,0,0,0,0,0,0,0,0,0,0,0,0,0.00017085671424865723,0.00017085671424865723,0.00017085671424865723,0.00017085671424865723,-0.00070191919803619385,-0.00070191919803619385,-0.00070191919803619385,-0.00070191919803619385,0.00087277591228485107,0.00087277591228485107,0.00087277591228485107,0.00087277591228485107
347,data/1_2024/shard-000477.tar,3434375,START,strong,71,163,234,490,-46,2.875,2to4,True,0.0083843919999999992,0.0017585307359695435,0.0017585307359695435,0.0015045255422592163,0.0015045255422592163,0.0017092078924179077,0.0017092078924179077,-0.0041872933506965637,-0.0041872933506965637,-0.0040695741772651672,-0.0040695741772651672,-0.0041024982929229736,-0.0041024982929229736,0,0,0,0,0,0,0,0,0,0,0,0,0.00020468235015869141,0.00020468235015869141,0.00020468235015869141,0.00020468235015869141,-3.2924115657806396e-05,-3.2924115657806396e-05,-3.2924115657806396e-05,-3.2924115657806396e-05,0.0002376064658164978,0.0002376064658164978,0.0002376064658164978,0.0002376064658164978
348,data/1_2024/shard-000477.tar,3436503,END,mild,26,84,110,366,-29,1.8125,lt2,True,0.004160352,-0.0005830228328704834,-0.0005830228328704834,-0.00041678547859191895,-0.00041678547859191895,-0.00057654082775115967,-0.00057654082775115967,0.0032396912574768066,0.0032396912574768066,0.0067418962717056274,0.0067418962717056274,0.0029800236225128174,0.0029800236225128174,0,0,0,0,0,0,0,0,0,0,0,0,-0.00015975534915924072,-0.00015975534915924072,-0.00015975534915924072,-0.00015975534915924072,-0.0037618726491928101,-0.0037618726491928101,-0.0037618726491928101,-0.0037618726491928101,0.0036021173000335693,0.0036021173000335693,0.0036021173000335693,0.0036021173000335693
349,data/1_2024/shard-000477.tar,3453503,END,mild,11,81,92,348,-35,2.1875,2to4,False,0.024325728000000001,-0.00019845366477966309,-0.00019845366477966309,0.00055284798145294189,0.00055284798145294189,0.00028438866138458252,0.00028438866138458252,0.017397940158843994,0.017397940158843994,0.017367660999298096,0.017367660999298096,0.017400026321411133,0.017400026321411133,0,0,0,0,0,0,0,0,0,0,0,0,-0.00026845932006835938,-0.00026845932006835938,-0.00026845932006835938,-0.00026845932006835938,3.2365322113037109e-05,3.2365322113037109e-05,3.2365322113037109e-05,3.2365322113037109e-05,-0.00030082464218139648,-0.00030082464218139648,-0.00030082464218139648,-0.00030082464218139648
350,data/1_2024/shard-000477.tar,3498375,END,medium,55,133,188,444,-39,2.4375,2to4,True,0.0053255330000000003,-0.00074131786823272705,-0.00074131786823272705,-0.00030098855495452881,-0.00030098855495452881,-0.00038039684295654297,-0.00038039684295654297,0.012989632785320282,0.012989632785320282,0.011927239596843719,0.011927239596843719,0.011737532913684845,0.011737532913684845,0,0,0,0,0,0,0,0,0,0,0,0,-7.940828800201416e-05,-7.940828800201416e-05,-7.940828800201416e-05,-7.940828800201416e-05,-0.00018970668315887451,-0.00018970668315887451,-0.00018970668315887451,-0.00018970668315887451,0.00011029839515686035,0.00011029839515686035,0.00011029839515686035,0.00011029839515686035
351,data/1_2024/shard-000477.tar,3502375,START,mild,24,59,83,339,-17.5,1.09375,lt2,False,0.015091568,0.0020967572927474976,0.0020967572927474976,0.00066097080707550049,0.00066097080707550049,0.0014180988073348999,0.0014180988073348999,-0.00020000338554382324,-0.00020000338554382324,0.00036698579788208008,0.00036698579788208008,0.00037439167499542236,0.00037439167499542236,0,0,0,0,0,0,0,0,0,0,0,0,0.00075712800025939941,0.00075712800025939941,0.00075712800025939941,0.00075712800025939941,7.4058771133422852e-06,7.4058771133422852e-06,7.4058771133422852e-06,7.4058771133422852e-06,0.00074972212314605713,0.00074972212314605713,0.00074972212314605713,0.00074972212314605713
352,data/1_2024/shard-000477.tar,3508375,START,mild,0,106,106,362,-53,3.3125,2to4,True,0.0039197499999999996,0.0041517913341522217,0.0041517913341522217,0.0033882409334182739,0.0033882409334182739,0.0040922313928604126,0.0040922313928604126,-0.00073713064193725586,-0.00073713064193725586,-0.00075381994247436523,-0.00075381994247436523,-0.0010364800691604614,-0.0010364800691604614,0,0,0,0,0,0,0,0,0,0,0,0,0.00070399045944213867,0.00070399045944213867,0.00070399045944213867,0.00070399045944213867,-0.00028266012668609619,-0.00028266012668609619,-0.00028266012668609619,-0.00028266012668609619,0.00098665058612823486,0.00098665058612823486,0.00098665058612823486,0.00098665058612823486
353,data/1_2024/shard-000477.tar,3509375,START,mild,2,73,75,331,-35.5,2.21875,2to4,True,0.0059370059999999999,0.0039225667715072632,0.0039225667715072632,0.0038213059306144714,0.0038213059306144714,0.003877393901348114,0.003877393901348114,0.010025359690189362,0.010025359690189362,0.011153168976306915,0.011153168976306915,0.010172136127948761,0.010172136127948761,0,0,0,0,0,0,0,0,0,0,0,0,5.6087970733642578e-05,5.6087970733642578e-05,5.6087970733642578e-05,5.6087970733642578e-05,-0.0009810328483581543,-0.0009810328483581543,-0.0009810328483581543,-0.0009810328483581543,0.0010371208190917969,0.0010371208190917969,0.0010371208190917969,0.0010371208190917969
354,data/1_2024/shard-000477.tar,3511375,START,mild,20,86,106,362,-33,2.0625,2to4,True,0.0068841730000000004,0.0063069909811019897,0.0063069909811019897,0.0061140656471252441,0.0061140656471252441,0.0062143653631210327,0.0062143653631210327,0.0013365596532821655,0.0013365596532821655,0.0010341405868530273,0.0010341405868530273,0.0011889040470123291,0.0011889040470123291,0,0,0,0,0,0,0,0,0,0,0,0,0.00010029971599578857,0.00010029971599578857,0.00010029971599578857,0.00010029971599578857,0.00015476346015930176,0.00015476346015930176,0.00015476346015930176,0.00015476346015930176,-5.4463744163513184e-05,-5.4463744163513184e-05,-5.4463744163513184e-05,-5.4463744163513184e-05
355,data/1_2024/shard-000477.tar,3528503,START,medium,33,95,128,384,-31,1.9375,lt2,True,0.0039374600000000003,-0.00010827183723449707,-0.00010827183723449707,7.2523951530456543e-05,7.2523951530456543e-05,0.00031443685293197632,0.00031443685293197632,0.0012141838669776917,0.0012141838669776917,0.0016224905848503113,0.0016224905848503113,0.001833401620388031,0.001833401620388031,0,0,0,0,0,0,0,0,0,0,0,0,0.00024191290140151978,0.00024191290140151978,0.00024191290140151978,0.00024191290140151978,0.00021091103553771973,0.00021091103553771973,0.00021091103553771973,0.00021091103553771973,3.1001865863800049e-05,3.1001865863800049e-05,3.1001865863800049e-05,3.1001865863800049e-05
356,data/1_2024/shard-000477.tar,3531375,END,medium,10,118,128,384,-54,3.375,2to4,True,0.0054958840000000004,0.00016137957572937012,0.00016137957572937012,0.00065243244171142578,0.00065243244171142578,0.00034721195697784424,0.00034721195697784424,0.0023918971419334412,0.0023918971419334412,-0.00037502497434616089,-0.00037502497434616089,-0.00055120885372161865,-0.00055120885372161865,0,0,0,0,0,0,0,0,0,0,0,0,-0.00030522048473358154,-0.00030522048473358154,-0.00030522048473358154,-0.00030522048473358154,-0.00017618387937545776,-0.00017618387937545776,-0.00017618387937545776,-0.00017618387937545776,-0.00012903660535812378,-0.00012903660535812378,-0.00012903660535812378,-0.00012903660535812378
357,data/1_2024/shard-000477.tar,3531503,END,medium,31,84,115,371,-26.5,1.65625,lt2,True,0.002993211,0.00041224062442779541,0.00041224062442779541,0.00057767331600189209,0.00057767331600189209,-1.5050172805786133e-05,-1.5050172805786133e-05,-0.0010089129209518433,-0.0010089129209518433,-0.00063545256853103638,-0.00063545256853103638,-0.0010085701942443848,-0.0010085701942443848,0,0,0,0,0,0,0,0,0,0,0,0,-0.00059272348880767822,-0.00059272348880767822,-0.00059272348880767822,-0.00059272348880767822,-0.00037311762571334839,-0.00037311762571334839,-0.00037311762571334839,-0.00037311762571334839,-0.00021960586309432983,-0.00021960586309432983,-0.00021960586309432983,-0.00021960586309432983
358,data/1_2024/shard-000477.tar,3533503,START,mild,4,99,103,359,-47.5,2.96875,2to4,False,0.032287583000000002,0.00018244236707687378,0.00018244236707687378,0.00027580559253692627,0.00027580559253692627,0.00058586150407791138,0.00058586150407791138,0.0063426047563552856,0.0063426047563552856,0.0087592825293540955,0.0087592825293540955,0.0049725472927093506,0.0049725472927093506,0,0,0,0,0,0,0,0,0,0,0,0,0.00031005591154098511,0.00031005591154098511,0.00031005591154098511,0.00031005591154098511,-0.0037867352366447449,-0.0037867352366447449,-0.0037867352366447449,-0.0037867352366447449,0.00409679114818573,0.00409679114818573,0.00409679114818573,0.00409679114818573
359,data/1_2024/shard-000477.tar,3538503,START,mild,8,98,106,362,-45,2.8125,2to4,True,0.0054185240000000001,0.0019086450338363647,0.0019086450338363647,0.00082594156265258789,0.00082594156265258789,0.0018523037433624268,0.0018523037433624268,-0.00010275840759277344,-0.00010275840759277344,0.00040321052074432373,0.00040321052074432373,8.7186694145202637e-05,8.7186694145202637e-05,0,0,0,0,0,0,0,0,0,0,0,0,0.0010263621807098389,0.0010263621807098389,0.0010263621807098389,0.0010263621807098389,-0.00031602382659912109,-0.00031602382659912109,-0.00031602382659912109,-0.00031602382659912109,0.00134238600730896,0.00134238600730896,0.00134238600730896,0.00134238600730896
360,data/1_2024/shard-000477.tar,3541503,START,mild,14,90,104,360,-38,2.375,2to4,False,0.009185571,0.0024536699056625366,0.0024536699056625366,0.002855837345123291,0.002855837345123291,0.0027116388082504272,0.0027116388082504272,0.0024798139929771423,0.0024798139929771423,0.0031862035393714905,0.0031862035393714905,0.0025460869073867798,0.0025460869073867798,0,0,0,0,0,0,0,0,0,0,0,0,-0.00014419853687286377,-0.00014419853687286377,-0.00014419853687286377,-0.00014419853687286377,-0.00064011663198471069,-0.00064011663198471069,-0.00064011663198471069,-0.00064011663198471069,0.00049591809511184692,0.00049591809511184692,0.00049591809511184692,0.00049591809511184692
361,data/1_2024/shard-000477.tar,3550503,START,mild,26,79,105,361,-26.5,1.65625,lt2,False,0.017887100999999999,0.0010968297719955444,0.0010968297719955444,0.00094868242740631104,0.00094868242740631104,0.0019059926271438599,0.0019059926271438599,0.00029642879962921143,0.00029642879962921143,0.00038836896419525146,0.00038836896419525146,0.00012189149856567383,0.00012189149856567383,0,0,0,0,0,0,0,0,0,0,0,0,0.00095731019973754883,0.00095731019973754883,0.00095731019973754883,0.00095731019973754883,-0.00026647746562957764,-0.00026647746562957764,-0.00026647746562957764,-0.00026647746562957764,0.0012237876653671265,0.0012237876653671265,0.0012237876653671265,0.0012237876653671265
362,data/1_2024/shard-000477.tar,3552375,END,medium,26,110,136,392,-42,2.625,2to4,False,0.014860122999999999,0.0023684501647949219,0.0023684501647949219,0.002911783754825592,0.002911783754825592,0.0021047294139862061,0.0021047294139862061,0.0055487006902694702,0.0055487006902694702,0.007167518138885498,0.007167518138885498,0.0054033473134040833,0.0054033473134040833,0,0,0,0,0,0,0,0,0,0,0,0,-0.00080705434083938599,-0.00080705434083938599,-0.00080705434083938599,-0.00080705434083938599,-0.0017641708254814148,-0.0017641708254814148,-0.0017641708254814148,-0.0017641708254814148,0.00095711648464202881,0.00095711648464202881,0.00095711648464202881,0.00095711648464202881
363,data/1_2024/shard-000477.tar,3556503,END,medium,60,122,182,438,-31,1.9375,lt2,False,0.022835463,-0.00085484236478805542,-0.00085484236478805542,-0.00071540474891662598,-0.00071540474891662598,-0.00080306082963943481,-0.00080306082963943481,0.0021568834781646729,0.0021568834781646729,0.0020033121109008789,0.0020033121109008789,0.0021810457110404968,0.0021810457110404968,0,0,0,0,0,0,0,0,0,0,0,0,-8.7656080722808838e-05,-8.7656080722808838e-05,-8.7656080722808838e-05,-8.7656080722808838e-05,0.00017773360013961792,0.00017773360013961792,0.00017773360013961792,0.00017773360013961792,-0.00026538968086242676,-0.00026538968086242676,-0.00026538968086242676,-0.00026538968086242676
364,data/1_2024/shard-000477.tar,3559503,END,mild,5,79,84,340,-37,2.3125,2to4,False,0.010531954,0.0012516975402832031,0.0012516975402832031,0.00063300132751464844,0.00063300132751464844,0.000547751784324646,0.000547751784324646,0.00031211972236633301,0.00031211972236633301,-0.00091116130352020264,-0.00091116130352020264,0.00019145011901855469,0.00019145011901855469,0,0,0,0,0,0,0,0,0,0,0,0,-8.5249543190002441e-05,-8.5249543190002441e-05,-8.5249543190002441e-05,-8.5249543190002441e-05,0.0011026114225387573,0.0011026114225387573,0.0011026114225387573,0.0011026114225387573,-0.0011878609657287598,-0.0011878609657287598,-0.0011878609657287598,-0.0011878609657287598
365,data/1_2024/shard-000477.tar,3562375,START,medium,37,82,119,375,-22.5,1.40625,lt2,True,0.0079645959999999991,-0.00087159126996994019,-0.00087159126996994019,-0.00097164511680603027,-0.00097164511680603027,-0.0010495483875274658,-0.0010495483875274658,0.0040230602025985718,0.0040230602025985718,0.0036379247903823853,0.0036379247903823853,0.0040733069181442261,0.0040733069181442261,0,0,0,0,0,0,0,0,0,0,0,0,-7.7903270721435547e-05,-7.7903270721435547e-05,-7.7903270721435547e-05,-7.7903270721435547e-05,0.00043538212776184082,0.00043538212776184082,0.00043538212776184082,0.00043538212776184082,-0.00051328539848327637,-0.00051328539848327637,-0.00051328539848327637,-0.00051328539848327637
366,data/1_2024/shard-000477.tar,3565503,START,mild,11,74,85,341,-31.5,1.96875,lt2,True,0.00085864999999999997,-0.0035012662410736084,-0.0035012662410736084,-0.0038446485996246338,-0.0038446485996246338,-0.0023313015699386597,-0.0023313015699386597,0.00015902519226074219,0.00015902519226074219,0.0010871365666389465,0.0010871365666389465,0.00052915513515472412,0.00052915513515472412,0,0,0,0,0,0,0,0,0,0,0,0,0.0015133470296859741,0.0015133470296859741,0.0015133470296859741,0.0015133470296859741,-0.00055798143148422241,-0.00055798143148422241,-0.00055798143148422241,-0.00055798143148422241,0.0020713284611701965,0.0020713284611701965,0.0020713284611701965,0.0020713284611701965
367,data/1_2024/shard-000477.tar,3601503,END,mild,9,98,107,363,-44.5,2.78125,2to4,False,0.017876758999999999,-0.00037780404090881348,-0.00037780404090881348,-0.00090760737657546997,-0.00090760737657546997,-0.00013744086027145386,-0.00013744086027145386,0.0010022148489952087,0.0010022148489952087,0.0024033039808273315,0.0024033039808273315,0.0011863783001899719,0.0011863783001899719,0,0,0,0,0,0,0,0,0,0,0,0,0.00077016651630401611,0.00077016651630401611,0.00077016651630401611,0.00077016651630401611,-0.0012169256806373596,-0.0012169256806373596,-0.0012169256806373596,-0.0012169256806373596,0.0019870921969413757,0.0019870921969413757,0.0019870921969413757,0.0019870921969413757
368,data/1_2024/shard-000477.tar,3608503,START,mild,20,78,98,354,-29,1.8125,lt2,False,0.016067359999999999,0.0041306987404823303,0.0041502714157104492,0.0038742721080780029,0.0038778781890869141,0.0043223723769187927,0.0043223723769187927,0.0060403421521186829,0.0060552060604095459,0.0058121159672737122,0.0058540999889373779,0.0051298737525939941,0.0051793679594993591,-1.7158687114715576e-05,1.4901161193847656e-08,0,0,-1.4901161193847656e-08,0,-1.8708407878875732e-05,2.3245811462402344e-06,-1.3783574104309082e-05,-3.1001865863800049e-05,-2.1651387214660645e-05,8.1956386566162109e-08,0.00044811517000198364,0.00044810026884078979,0.00044450908899307251,0.00044449418783187866,-0.00067437440156936646,-0.00064661353826522827,-0.00073357671499252319,-0.00070581585168838501,0.0011224895715713501,0.0010947138071060181,0.0011780858039855957,0.0011503100395202637
369,data/1_2024/shard-000477.tar,3611503,START,medium,28,126,154,410,-49,3.0625,2to4,False,0.020153951,0.0021069645881652832,0.0021069645881652832,0.0012807995080947876,0.0012807995080947876,0.0029906556010246277,0.0029906556010246277,0.0070781335234642029,0.0070781335234642029,0.0081688240170478821,0.0081688240170478821,0.0061614066362380981,0.0061614066362380981,0,0,0,0,0,0,0,0,0,0,0,0,0.0017098560929298401,0.0017098560929298401,0.0017098560929298401,0.0017098560929298401,-0.0020074173808097839,-0.0020074173808097839,-0.0020074173808097839,-0.0020074173808097839,0.003717273473739624,0.003717273473739624,0.003717273473739624,0.003717273473739624
370,data/1_2024/shard-000477.tar,3638503,END,mild,11,74,85,341,-31.5,1.96875,lt2,False,0.019580416,0.0018433034420013428,0.0018433034420013428,0.0011993870139122009,0.0011993870139122009,0.002096027135848999,0.002096027135848999,0.00080110877752304077,0.00080110877752304077,0.00091221928596496582,0.00091221928596496582,0.00054785609245300293,0.00054785609245300293,0,0,0,0,0,0,0,0,0,0,0,0,0.0008966401219367981,0.0008966401219367981,0.0008966401219367981,0.0008966401219367981,-0.00036436319351196289,-0.00036436319351196289,-0.00036436319351196289,-0.00036436319351196289,0.001261003315448761,0.001261003315448761,0.001261003315448761,0.001261003315448761
371,data/1_2024/shard-000477.tar,3651503,START,mild,25,81,106,362,-28,1.75,lt2,False,0.014181934,-0.0004864037036895752,-0.00059473514556884766,-0.00020445883274078369,-0.00020445883274078369,-0.00042888522148132324,-0.00042888522148132324,0.0028490573167800903,0.0028906762599945068,0.0029362589120864868,0.0029362589120864868,0.0028706789016723633,0.0028706789016723633,0,0,0,0,0,0,0,0,0,0,0,0,-0.00022442638874053955,-0.00022442638874053955,-0.00022442638874053955,-0.00022442638874053955,-6.5580010414123535e-05,-6.5580010414123535e-05,-6.5580010414123535e-05,-6.5580010414123535e-05,-0.00015884637832641602,-0.00015884637832641602,-0.00015884637832641602,-0.00015884637832641602
372,data/1_2024/shard-000477.tar,3654503,START,mild,0,108,108,364,-54,3.375,2to4,True,0.0040265099999999996,0.0042563527822494507,0.0042563527822494507,0.0050798952579498291,0.0050798952579498291,0.0054327249526977539,0.0054344981908798218,0.0023890137672424316,0.0023890137672424316,0.0032981038093566895,0.0032981038093566895,0.003254130482673645,0.003254130482673645,0,0,0,0,0,0,0,0,0,0,0,0,0.0003528296947479248,0.00035460293292999268,0.0003528296947479248,0.00035460293292999268,-4.3973326683044434e-05,-4.3973326683044434e-05,-4.3973326683044434e-05,-4.3973326683044434e-05,0.00039680302143096924,0.00039857625961303711,0.00039680302143096924,0.00039857625961303711
373,data/1_2024/shard-000477.tar,3659503,END,mild,25,74,99,355,-24.5,1.53125,lt2,False,0.019221230999999998,0.00043097138404846191,0.00043097138404846191,3.4868717193603516e-05,3.4868717193603516e-05,0.00032004714012145996,0.00032004714012145996,0.0020456910133361816,0.0020456910133361816,0.0015229135751724243,0.0015229135751724243,0.0018012374639511108,0.0018012374639511108,0,0,0,0,0,0,0,0,0,0,0,0,0.00028517842292785645,0.00028517842292785645,0.00028517842292785645,0.00028517842292785645,0.00027832388877868652,0.00027832388877868652,0.00027832388877868652,0.00027832388877868652,6.8545341491699219e-06,6.8545341491699219e-06,6.8545341491699219e-06,6.8545341491699219e-06
374,data/1_2024/shard-000477.tar,3665503,END,mild,31,74,105,361,-21.5,1.34375,lt2,True,0.0027475799999999999,-0.0008096843957901001,-0.0008096843957901001,0.00026123225688934326,0.00026123225688934326,-0.0015660375356674194,-0.0015660375356674194,0.0018989443778991699,0.0018989443778991699,0.0015973150730133057,0.0015973150730133057,0.0021305233240127563,0.0021305233240127563,0,0,0,0,0,0,0,0,0,0,0,0,-0.0018272697925567627,-0.0018272697925567627,-0.0018272697925567627,-0.0018272697925567627,0.00053320825099945068,0.00053320825099945068,0.00053320825099945068,0.00053320825099945068,-0.0023604780435562134,-0.0023604780435562134,-0.0023604780435562134,-0.0023604780435562134
375,data/1_2024/shard-000477.tar,3668503,END,mild,20,50,70,326,-15,0.9375,lt2,False,0.01420252,0.0019581317901611328,0.0019581317901611328,0.0020513758063316345,0.0020513758063316345,0.0016563907265663147,0.0016563907265663147,-0.0011998116970062256,-0.0011998116970062256,-0.0010958835482597351,-0.0010958835482597351,-0.00089974701404571533,-0.00089974701404571533,0,0,0,0,0,0,0,0,0,0,0,0,-0.00039498507976531982,-0.00039498507976531982,-0.00039498507976531982,-0.00039498507976531982,0.00019613653421401978,0.00019613653421401978,0.00019613653421401978,0.00019613653421401978,-0.0005911216139793396,-0.0005911216139793396,-0.0005911216139793396,-0.0005911216139793396
376,data/1_2024/shard-000477.tar,3670503,END,mild,30,63,93,349,-16.5,1.03125,lt2,True,0.006849997,-0.00013650953769683838,-0.00013650953769683838,-0.00038993358612060547,-0.00038993358612060547,-0.00015728175640106201,-0.00015728175640106201,-0.00068537890911102295,-0.00068537890911102295,-0.0010143518447875977,-0.0010143518447875977,-0.00070516765117645264,-0.00070516765117645264,0,0,0,0,0,0,0,0,0,0,0,0,0.00023265182971954346,0.00023265182971954346,0.00023265182971954346,0.00023265182971954346,0.00030918419361114502,0.00030918419361114502,0.00030918419361114502,0.00030918419361114502,-7.6532363891601562e-05,-7.6532363891601562e-05,-7.6532363891601562e-05,-7.6532363891601562e-05
377,data/1_2024/shard-000477.tar,3671503,START,mild,12,95,107,363,-41.5,2.59375,2to4,True,0.0011769529999999999,0.0053911656141281128,0.0053911656141281128,0.0044878125190734863,0.0044878125190734863,0.0051549673080444336,0.0051549673080444336,0.0077287852764129639,0.0077287852764129639,0.0094369202852249146,0.0094369202852249146,0.0057797133922576904,0.0057797133922576904,0,0,0,0,0,0,0,0,0,0,0,0,0.00066715478897094727,0.00066715478897094727,0.00066715478897094727,0.00066715478897094727,-0.0036572068929672241,-0.0036572068929672241,-0.0036572068929672241,-0.0036572068929672241,0.0043243616819381714,0.0043243616819381714,0.0043243616819381714,0.0043243616819381714
378,data/1_2024/shard-000477.tar,3672375,END,mild,2,104,106,362,-51,3.1875,2to4,True,0.0046720989999999999,0.0057985782623291016,0.0057985782623291016,0.0065034031867980957,0.0065034031867980957,0.0057236403226852417,0.0057236403226852417,0.017510116100311279,0.017510116100311279,0.018702924251556396,0.018702924251556396,0.017286598682403564,0.017286598682403564,0,0,0,0,0,0,0,0,0,0,0,0,-0.000779762864112854,-0.000779762864112854,-0.000779762864112854,-0.000779762864112854,-0.001416325569152832,-0.001416325569152832,-0.001416325569152832,-0.001416325569152832,0.00063656270503997803,0.00063656270503997803,0.00063656270503997803,0.00063656270503997803
379,data/1_2024/shard-000477.tar,3674503,START,mild,2,60,62,318,-29,1.8125,lt2,True,0.0068763979999999997,0.0036790147423744202,0.0036790147423744202,0.0036530196666717529,0.0036530196666717529,0.0048599690198898315,0.0048599690198898315,0.0085045099258422852,0.0085045099258422852,0.0091691315174102783,0.0091691315174102783,0.0083702951669692993,0.0083702951669692993,0,0,0,0,0,0,0,0,0,0,0,0,0.0012069493532180786,0.0012069493532180786,0.0012069493532180786,0.0012069493532180786,-0.000798836350440979,-0.000798836350440979,-0.000798836350440979,-0.000798836350440979,0.0020057857036590576,0.0020057857036590576,0.0020057857036590576,0.0020057857036590576
380,data/1_2024/shard-000477.tar,3682503,END,medium,0,145,145,401,-72.5,4.53125,ge4,False,0.021558508000000001,0.015004634857177734,0.015004634857177734,0.013523921370506287,0.013523921370506287,0.017998233437538147,0.017998233437538147,0.0052894949913024902,0.0052894949913024902,0.0052365660667419434,0.0052365660667419434,0.0035848617553710938,0.0035848617553710938,0,0,0,0,0,0,0,0,0,0,0,0,0.0044743120670318604,0.0044743120670318604,0.0044743120670318604,0.0044743120670318604,-0.0016517043113708496,-0.0016517043113708496,-0.0016517043113708496,-0.0016517043113708496,0.00612601637840271,0.00612601637840271,0.00612601637840271,0.00612601637840271
381,data/1_2024/shard-000477.tar,3698503,END,mild,4,58,62,318,-27,1.6875,lt2,True,0.0072519330000000003,0.0016208961606025696,0.0016208961606025696,0.0023082345724105835,0.0023082345724105835,0.0020360052585601807,0.0020360052585601807,0.0049524158239364624,0.0049524158239364624,0.0057651996612548828,0.0057651996612548828,0.0054961889982223511,0.0054961889982223511,0,0,0,0,0,0,0,0,0,0,0,0,-0.00027222931385040283,-0.00027222931385040283,-0.00027222931385040283,-0.00027222931385040283,-0.00026901066303253174,-0.00026901066303253174,-0.00026901066303253174,-0.00026901066303253174,-3.2186508178710938e-06,-3.2186508178710938e-06,-3.2186508178710938e-06,-3.2186508178710938e-06
382,data/1_2024/shard-000477.tar,3702503,START,mild,31,75,106,362,-22,1.375,lt2,False,0.012381792000000001,0.0011020004749298096,0.0011020004749298096,0.0010632649064064026,0.0010632649064064026,0.0016549378633499146,0.0016549378633499146,0.0039615556597709656,0.0039615556597709656,0.0027901306748390198,0.0027901306748390198,0.0037257745862007141,0.0037257745862007141,0,0,0,0,0,0,0,0,0,0,0,0,0.00059167295694351196,0.00059167295694351196,0.00059167295694351196,0.00059167295694351196,0.00093564391136169434,0.00093564391136169434,0.00093564391136169434,0.00093564391136169434,-0.00034397095441818237,-0.00034397095441818237,-0.00034397095441818237,-0.00034397095441818237
383,data/1_2024/shard-000477.tar,3722375,END,mild,5,98,103,359,-46.5,2.90625,2to4,True,0.0024185550000000002,-0.0027809441089630127,-0.0027809441089630127,-0.0030688047409057617,-0.0030688047409057617,-0.0034391134977340698,-0.0034391134977340698,-4.0844082832336426e-05,-4.0844082832336426e-05,-0.00071294605731964111,-0.00071294605731964111,0.00044323503971099854,0.00044323503971099854,0,0,0,0,0,0,0,0,0,0,0,0,-0.00037030875682830811,-0.00037030875682830811,-0.00037030875682830811,-0.00037030875682830811,0.0011561810970306396,0.0011561810970306396,0.0011561810970306396,0.0011561810970306396,-0.0015264898538589478,-0.0015264898538589478,-0.0015264898538589478,-0.0015264898538589478
384,data/1_2024/shard-000477.tar,3762375,END,mild,17,89,106,362,-36,2.25,2to4,False,0.011650436,0.0014284253120422363,0.0014284253120422363,0.0018398836255073547,0.0018398836255073547,0.0020509436726570129,0.0020509436726570129,0.015536516904830933,0.015536516904830933,0.016009204089641571,0.016009204089641571,0.01352294534444809,0.01352294534444809,0,0,0,0,0,0,0,0,0,0,0,0,0.0002110600471496582,0.0002110600471496582,0.0002110600471496582,0.0002110600471496582,-0.0024862587451934814,-0.0024862587451934814,-0.0024862587451934814,-0.0024862587451934814,0.0026973187923431396,0.0026973187923431396,0.0026973187923431396,0.0026973187923431396
385,data/1_2024/shard-000477.tar,3769503,START,strong,38,179,217,473,-70.5,4.40625,ge4,False,0.029724520000000001,0.0015121996402740479,0.0015121996402740479,0.0010080784559249878,0.0010080784559249878,0.0017107278108596802,0.0017107278108596802,0.00091600418090820312,0.00091600418090820312,0.00084923207759857178,0.00084923207759857178,0.0014512240886688232,0.0014512240886688232,0,0,0,0,0,0,0,0,0,0,0,0,0.00070264935493469238,0.00070264935493469238,0.00070264935493469238,0.00070264935493469238,0.00060199201107025146,0.00060199201107025146,0.00060199201107025146,0.00060199201107025146,0.00010065734386444092,0.00010065734386444092,0.00010065734386444092,0.00010065734386444092
386,data/1_2024/shard-000477.tar,3771503,START,mild,8,73,81,337,-32.5,2.03125,2to4,True,0.0039976459999999997,-0.00042902678251266479,-0.00042902678251266479,-0.00017560273408889771,-0.00017560273408889771,4.4099986553192139e-05,4.4099986553192139e-05,0.0017203837633132935,0.0017203837633132935,0.0013295114040374756,0.0013295114040374756,0.0014899000525474548,0.0014899000525474548,0,0,0,0,0,0,0,0,0,0,0,0,0.00021970272064208984,0.00021970272064208984,0.00021970272064208984,0.00021970272064208984,0.00016038864850997925,0.00016038864850997925,0.00016038864850997925,0.00016038864850997925,5.9314072132110596e-05,5.9314072132110596e-05,5.9314072132110596e-05,5.9314072132110596e-05
387,data/1_2024/shard-000477.tar,3776503,END,mild,30,77,107,363,-23.5,1.46875,lt2,True,0.0025000650000000001,0.0026409924030303955,0.0026409924030303955,0.0032999813556671143,0.0032999813556671143,0.0019989609718322754,0.0019989609718322754,0.0031680315732955933,0.0031680315732955933,0.0037038624286651611,0.0037038624286651611,0.002192080020904541,0.002192080020904541,0,0,0,0,0,0,0,0,0,0,0,0,-0.0013010203838348389,-0.0013010203838348389,-0.0013010203838348389,-0.0013010203838348389,-0.0015117824077606201,-0.0015117824077606201,-0.0015117824077606201,-0.0015117824077606201,0.00021076202392578125,0.00021076202392578125,0.00021076202392578125,0.00021076202392578125
388,data/1_2024/shard-000477.tar,3807503,START,mild,17,85,102,358,-34,2.125,2to4,True,0.0082995589999999998,0.0016266703605651855,0.0016266703605651855,0.0017609745264053345,0.0017609745264053345,0.0016697347164154053,0.0016697347164154053,0.0070815235376358032,0.0070815235376358032,0.0095606893301010132,0.0095606893301010132,0.0082124322652816772,0.0082124322652816772,0,0,0,0,0,0,0,0,0,0,0,0,-9.1239809989929199e-05,-9.1239809989929199e-05,-9.1239809989929199e-05,-9.1239809989929199e-05,-0.0013482570648193359,-0.0013482570648193359,-0.0013482570648193359,-0.0013482570648193359,0.0012570172548294067,0.0012570172548294067,0.0012570172548294067,0.0012570172548294067
389,data/1_2024/shard-000477.tar,3809503,END,medium,21,107,128,384,-43,2.6875,2to4,False,0.015515037000000001,-8.9436769485473633e-05,-8.9436769485473633e-05,0.00040557980537414551,0.00040557980537414551,-0.00048868358135223389,-0.00048868358135223389,0.0054700896143913269,0.0054700896143913269,0.0067323148250579834,0.0067323148250579834,0.0058760941028594971,0.0058760941028594971,0,0,0,0,0,0,0,0,0,0,0,0,-0.00089426338672637939,-0.00089426338672637939,-0.00089426338672637939,-0.00089426338672637939,-0.00085622072219848633,-0.00085622072219848633,-0.00085622072219848633,-0.00085622072219848633,-3.8042664527893066e-05,-3.8042664527893066e-05,-3.8042664527893066e-05,-3.8042664527893066e-05
390,data/1_2024/shard-000477.tar,3841503,END,medium,56,149,205,461,-46.5,2.90625,2to4,False,0.023728371000000002,0.0028033331036567688,0.0028033331036567688,0.0022153854370117188,0.0022153854370117188,0.0018818452954292297,0.0018818452954292297,0.0010386109352111816,0.0010386109352111816,0.0013313814997673035,0.0013313814997673035,0.0008614957332611084,0.0008614957332611084,0,0,0,0,0,0,0,0,0,0,0,0,-0.00033354014158248901,-0.00033354014158248901,-0.00033354014158248901,-0.00033354014158248901,-0.00046988576650619507,-0.00046988576650619507,-0.00046988576650619507,-0.00046988576650619507,0.00013634562492370605,0.00013634562492370605,0.00013634562492370605,0.00013634562492370605
391,data/1_2024/shard-000477.tar,3843503,START,medium,27,115,142,398,-44,2.75,2to4,True,0.0050883439999999999,-0.002612382173538208,-0.002612382173538208,-0.0029601156711578369,-0.0029601156711578369,-0.0025039911270141602,-0.0025039911270141602,0.007804572582244873,0.007804572582244873,0.0082924515008926392,0.0082924515008926392,0.0081466138362884521,0.0081466138362884521,0,0,0,0,0,0,0,0,0,0,0,0,0.00045612454414367676,0.00045612454414367676,0.00045612454414367676,0.00045612454414367676,-0.00014583766460418701,-0.00014583766460418701,-0.00014583766460418701,-0.00014583766460418701,0.00060196220874786377,0.00060196220874786377,0.00060196220874786377,0.00060196220874786377
392,data/1_2024/shard-000477.tar,3848503,END,mild,2,105,107,363,-51.5,3.21875,2to4,False,0.028882153000000001,0.0014479011297225952,0.0014479011297225952,0.0020622238516807556,0.0020622238516807556,0.0015580505132675171,0.0015580505132675171,0.0059015154838562012,0.0059015154838562012,0.0048964992165565491,0.0048964992165565491,0.0063996613025665283,0.0063996613025665283,0,0,0,0,0,0,0,0,0,0,0,0,-0.00050417333841323853,-0.00050417333841323853,-0.00050417333841323853,-0.00050417333841323853,0.0015031620860099792,0.0015031620860099792,0.0015031620860099792,0.0015031620860099792,-0.0020073354244232178,-0.0020073354244232178,-0.0020073354244232178,-0.0020073354244232178
393,data/1_2024/shard-000477.tar,3861503,END,mild,5,100,105,361,-47.5,2.96875,2to4,True,0.0018649319999999999,0.00020285695791244507,0.00020285695791244507,4.0315091609954834e-05,4.0315091609954834e-05,0.0010215863585472107,0.0010215863585472107,0.012219801545143127,0.012219801545143127,0.010979011654853821,0.010979011654853821,0.011159837245941162,0.011159837245941162,0,0,0,0,0,0,0,0,0,0,0,0,0.00098127126693725586,0.00098127126693725586,0.00098127126693725586,0.00098127126693725586,0.00018082559108734131,0.00018082559108734131,0.00018082559108734131,0.00018082559108734131,0.00080044567584991455,0.00080044567584991455,0.00080044567584991455,0.00080044567584991455
394,data/1_2024/shard-000477.tar,3863503,END,mild,23,64,87,343,-20.5,1.28125,lt2,True,0.0057702739999999997,0.0014091134071350098,0.0014091134071350098,0.0017991811037063599,0.0017991811037063599,0.0014134198427200317,0.0014134198427200317,7.3477625846862793e-05,7.3477625846862793e-05,0.00043992698192596436,0.00043992698192596436,-0.00012478232383728027,-0.00012478232383728027,0,0,0,0,0,0,0,0,0,0,0,0,-0.00038576126098632812,-0.00038576126098632812,-0.00038576126098632812,-0.00038576126098632812,-0.00056470930576324463,-0.00056470930576324463,-0.00056470930576324463,-0.00056470930576324463,0.0001789480447769165,0.0001789480447769165,0.0001789480447769165,0.0001789480447769165
395,data/1_2024/shard-000477.tar,3866375,END,medium,11,153,164,420,-71,4.4375,ge4,True,0.0051890089999999996,0.00211353600025177,0.00211353600025177,0.0027714669704437256,0.0027714669704437256,0.0016316324472427368,0.0016316324472427368,0.0079175233840942383,0.0079175233840942383,0.0066543892025947571,0.0066543892025947571,0.0036866068840026855,0.0036866068840026855,0,0,0,0,0,0,0,0,0,0,0,0,-0.0011398345232009888,-0.0011398345232009888,-0.0011398345232009888,-0.0011398345232009888,-0.0029677823185920715,-0.0029677823185920715,-0.0029677823185920715,-0.0029677823185920715,0.0018279477953910828,0.0018279477953910828,0.0018279477953910828,0.0018279477953910828
396,data/1_2024/shard-000477.tar,3868375,END,mild,30,76,106,362,-23,1.4375,lt2,False,0.012503564,-0.0019926875829696655,-0.0019926875829696655,-0.0015638992190361023,-0.0015638992190361023,-0.0024364814162254333,-0.0024364814162254333,0.0019132718443870544,0.0019132718443870544,0.001770608127117157,0.001770608127117157,0.0017536729574203491,0.0017536729574203491,0,0,0,0,0,0,0,0,0,0,0,0,-0.00087258219718933105,-0.00087258219718933105,-0.00087258219718933105,-0.00087258219718933105,-1.6935169696807861e-05,-1.6935169696807861e-05,-1.6935169696807861e-05,-1.6935169696807861e-05,-0.00085564702749252319,-0.00085564702749252319,-0.00085564702749252319,-0.00085564702749252319
397,data/1_2024/shard-000477.tar,3872375,END,medium,34,95,129,385,-30.5,1.90625,lt2,False,0.019209139,-0.0060659050941467285,-0.0060659050941467285,-0.0059300065040588379,-0.0059300065040588379,-0.0064277797937393188,-0.0064277797937393188,0.002045460045337677,0.002045460045337677,0.0013119205832481384,0.0013119205832481384,0.0019424557685852051,0.0019424557685852051,0,0,0,0,0,0,0,0,0,0,0,0,-0.00049777328968048096,-0.00049777328968048096,-0.00049777328968048096,-0.00049777328968048096,0.00063053518533706665,0.00063053518533706665,0.00063053518533706665,0.00063053518533706665,-0.0011283084750175476,-0.0011283084750175476,-0.0011283084750175476,-0.0011283084750175476
398,data/1_2024/shard-000477.tar,3873503,END,mild,9,62,71,327,-26.5,1.65625,lt2,True,0.0071380439999999996,-2.3581087589263916e-05,-2.3581087589263916e-05,0.00079244375228881836,0.00079244375228881836,0.00022771209478378296,0.00022771209478378296,0.00072816014289855957,0.0007492750883102417,0.00092916935682296753,0.00092916935682296753,0.00064708292484283447,0.00064708292484283447,0,0,0,0,0,0,0,0,0,0,0,0,-0.0005647316575050354,-0.0005647316575050354,-0.0005647316575050354,-0.0005647316575050354,-0.00028208643198013306,-0.00028208643198013306,-0.00028208643198013306,-0.00028208643198013306,-0.00028264522552490234,-0.00028264522552490234,-0.00028264522552490234,-0.00028264522552490234
399,data/1_2024/shard-000477.tar,3876503,END,medium,25,93,118,374,-34,2.125,2to4,True,0.003500558,0.0015304014086723328,0.0015304014086723328,0.0013319030404090881,0.0013319030404090881,0.0024279654026031494,0.0024279654026031494,-2.4147331714630127e-05,-2.4147331714630127e-05,-0.00016426295042037964,-0.00016426295042037964,0.00077130645513534546,0.00077130645513534546,0,0,0,0,0,0,0,0,0,0,0,0,0.0010960623621940613,0.0010960623621940613,0.0010960623621940613,0.0010960623621940613,0.0009355694055557251,0.0009355694055557251,0.0009355694055557251,0.0009355694055557251,0.00016049295663833618,0.00016049295663833618,0.00016049295663833618,0.00016049295663833618
400,data/1_2024/shard-000477.tar,3889375,END,medium,53,156,209,465,-51.5,3.21875,2to4,False,0.030312512,0.0019037872552871704,0.0019037872552871704,0.0028247907757759094,0.0028247907757759094,0.0020717978477478027,0.0020717978477478027,0.0050431489944458008,0.0050431489944458008,0.0050169527530670166,0.0050169527530670166,0.0051302611827850342,0.0051302611827850342,0,0,0,0,0,0,0,0,0,0,0,0,-0.00075299292802810669,-0.00075299292802810669,-0.00075299292802810669,-0.00075299292802810669,0.00011330842971801758,0.00011330842971801758,0.00011330842971801758,0.00011330842971801758,-0.00086630135774612427,-0.00086630135774612427,-0.00086630135774612427,-0.00086630135774612427
401,data/1_2024/shard-000477.tar,3893375,START,mild,34,72,106,362,-19,1.1875,lt2,True,0.0043947099999999996,0.0012550503015518188,0.0012550503015518188,0.0010491609573364258,0.0010491609573364258,0.0006745457649230957,0.0006745457649230957,-0.00078362226486206055,-0.00078362226486206055,-0.00074562430381774902,-0.00074562430381774902,-0.0011949092149734497,-0.0011949092149734497,0,0,0,0,0,0,0,0,0,0,0,0,-0.00037461519241333008,-0.00037461519241333008,-0.00037461519241333008,-0.00037461519241333008,-0.00044928491115570068,-0.00044928491115570068,-0.00044928491115570068,-0.00044928491115570068,7.4669718742370605e-05,7.4669718742370605e-05,7.4669718742370605e-05,7.4669718742370605e-05
402,data/1_2024/shard-000477.tar,3895503,END,medium,46,120,166,422,-37,2.3125,2to4,False,0.014859638999999999,0.0011842846870422363,0.0011842846870422363,0.00088769197463989258,0.00088769197463989258,0.0010623335838317871,0.0010623335838317871,0.0041322559118270874,0.0041322559118270874,0.0046796500682830811,0.0046796500682830811,0.0048263520002365112,0.0048263520002365112,0,0,0,0,0,0,0,0,0,0,0,0,0.00017464160919189453,0.00017464160919189453,0.00017464160919189453,0.00017464160919189453,0.00014670193195343018,0.00014670193195343018,0.00014670193195343018,0.00014670193195343018,2.7939677238464355e-05,2.7939677238464355e-05,2.7939677238464355e-05,2.7939677238464355e-05
403,data/1_2024/shard-000477.tar,3897503,END,mild,16,52,68,324,-18,1.125,lt2,True,0.0027546810000000001,-0.0002721250057220459,-0.0002721250057220459,-0.00047183036804199219,-0.00047183036804199219,-0.00039223209023475647,-0.00039223209023475647,2.4691224098205566e-05,2.4691224098205566e-05,0.00011911243200302124,0.00011911243200302124,-0.00016745924949645996,-0.00016745924949645996,0,0,0,0,0,0,0,0,0,0,0,0,7.9598277807235718e-05,7.9598277807235718e-05,7.9598277807235718e-05,7.9598277807235718e-05,-0.0002865716814994812,-0.0002865716814994812,-0.0002865716814994812,-0.0002865716814994812,0.00036616995930671692,0.00036616995930671692,0.00036616995930671692,0.00036616995930671692
404,data/1_2024/shard-000477.tar,3900503,END,mild,15,91,106,362,-38,2.375,2to4,True,0.0064911099999999996,-0.0005497857928276062,-0.0005497857928276062,-0.00037323683500289917,-0.00037323683500289917,-0.00073570758104324341,-0.00073570758104324341,-0.0023932307958602905,-0.0023932307958602905,-0.0033385232090950012,-0.0033385232090950012,-0.0014122426509857178,-0.0014122426509857178,0,0,0,0,0,0,0,0,0,0,0,0,-0.00036247074604034424,-0.00036247074604034424,-0.00036247074604034424,-0.00036247074604034424,0.0019262805581092834,0.0019262805581092834,0.0019262805581092834,0.0019262805581092834,-0.0022887513041496277,-0.0022887513041496277,-0.0022887513041496277,-0.0022887513041496277
405,data/1_2024/shard-000477.tar,3917503,START,mild,9,76,85,341,-33.5,2.09375,2to4,False,0.015607461,0.0030310377478599548,0.0030310377478599548,0.0033608675003051758,0.0033608675003051758,0.0031748637557029724,0.0031748637557029724,0.0016368329524993896,0.0016368329524993896,0.0018456578254699707,0.0018456578254699707,0.0018518716096878052,0.0018518716096878052,0,0,0,0,0,0,0,0,0,0,0,0,-0.00018600374460220337,-0.00018600374460220337,-0.00018600374460220337,-0.00018600374460220337,6.2137842178344727e-06,6.2137842178344727e-06,6.2137842178344727e-06,6.2137842178344727e-06,-0.00019221752882003784,-0.00019221752882003784,-0.00019221752882003784,-0.00019221752882003784
406,data/1_2024/shard-000477.tar,3922503,START,mild,1,110,111,367,-54.5,3.40625,2to4,False,0.0086073429999999999,0.0024338997900485992,0.0024338997900485992,0.0020377449691295624,0.0020377449691295624,0.0023159198462963104,0.0023159198462963104,0.0036893114447593689,0.0036893114447593689,0.0060200393199920654,0.0060200393199920654,0.0049642100930213928,0.0049642100930213928,0,0,0,0,0,0,0,0,0,0,0,0,0.00027817487716674805,0.00027817487716674805,0.00027817487716674805,0.00027817487716674805,-0.0010558292269706726,-0.0010558292269706726,-0.0010558292269706726,-0.0010558292269706726,0.0013340041041374207,0.0013340041041374207,0.0013340041041374207,0.0013340041041374207
407,data/1_2024/shard-000477.tar,3925503,END,medium,14,152,166,422,-69,4.3125,ge4,False,0.040494319000000001,0.0065623894333839417,0.0065623894333839417,0.0058314576745033264,0.0058314576745033264,0.0057407394051551819,0.0057407394051551819,0.023103535175323486,0.023103535175323486,0.029087327420711517,0.029087327420711517,0.025198526680469513,0.025198526680469513,0,0,0,0,0,0,0,0,0,0,0,0,-9.0718269348144531e-05,-9.0718269348144531e-05,-9.0718269348144531e-05,-9.0718269348144531e-05,-0.0038888007402420044,-0.0038888007402420044,-0.0038888007402420044,-0.0038888007402420044,0.0037980824708938599,0.0037980824708938599,0.0037980824708938599,0.0037980824708938599
408,data/1_2024/shard-000477.tar,3928503,START,mild,2,104,106,362,-51,3.1875,2to4,False,0.010910295,0.0033251047134399414,0.0033251047134399414,0.0033191889524459839,0.0033191889524459839,0.002800673246383667,0.002800673246383667,0.0038900822401046753,0.0038900822401046753,0.0057154595851898193,0.0057154595851898193,0.0051402300596237183,0.0051402300596237183,0,0,0,0,0,0,0,0,0,0,0,0,-0.00051851570606231689,-0.00051851570606231689,-0.00051851570606231689,-0.00051851570606231689,-0.00057522952556610107,-0.00057522952556610107,-0.00057522952556610107,-0.00057522952556610107,5.671381950378418e-05,5.671381950378418e-05,5.671381950378418e-05,5.671381950378418e-05
409,data/1_2024/shard-000477.tar,3949375,START,mild,15,70,85,341,-27.5,1.71875,lt2,False,0.016890547999999998,-0.00016006827354431152,-0.00016006827354431152,2.09808349609375e-05,2.09808349609375e-05,-0.00019913166761398315,-0.00019913166761398315,-1.9900500774383545e-05,-1.9900500774383545e-05,8.8363885879516602e-06,8.8363885879516602e-06,-4.5187771320343018e-05,-4.5187771320343018e-05,0,0,0,0,0,0,0,0,0,0,0,0,-0.00022011250257492065,-0.00022011250257492065,-0.00022011250257492065,-0.00022011250257492065,-5.4024159908294678e-05,-5.4024159908294678e-05,-5.4024159908294678e-05,-5.4024159908294678e-05,-0.00016608834266662598,-0.00016608834266662598,-0.00016608834266662598,-0.00016608834266662598
410,data/1_2024/shard-000477.tar,3949503,END,mild,13,86,99,355,-36.5,2.28125,2to4,True,0.0030760470000000002,-0.0001255422830581665,-0.0001255422830581665,0.00067706406116485596,0.00067706406116485596,3.3512711524963379e-05,3.3512711524963379e-05,0.0026458054780960083,0.0026458054780960083,0.0025567561388015747,0.0025567561388015747,0.0024513602256774902,0.0024513602256774902,0,0,0,0,0,0,0,0,0,0,0,0,-0.00064355134963989258,-0.00064355134963989258,-0.00064355134963989258,-0.00064355134963989258,-0.00010539591312408447,-0.00010539591312408447,-0.00010539591312408447,-0.00010539591312408447,-0.00053815543651580811,-0.00053815543651580811,-0.00053815543651580811,-0.00053815543651580811
411,data/1_2024/shard-000477.tar,3960375,END,mild,16,69,85,341,-26.5,1.65625,lt2,False,0.018199555999999999,0.0029584094882011414,0.0029584094882011414,0.0026511326432228088,0.0026511326432228088,0.0022993236780166626,0.0022993236780166626,0.00015918910503387451,0.00015918910503387451,5.1058828830718994e-05,5.1058828830718994e-05,0.00025033950805664062,0.00025033950805664062,0,0,0,0,0,0,0,0,0,0,0,0,-0.00035180896520614624,-0.00035180896520614624,-0.00035180896520614624,-0.00035180896520614624,0.00019928067922592163,0.00019928067922592163,0.00019928067922592163,0.00019928067922592163,-0.00055108964443206787,-0.00055108964443206787,-0.00055108964443206787,-0.00055108964443206787
412,data/1_2024/shard-000477.tar,3960503,START,mild,27,79,106,362,-26,1.625,lt2,True,0.0045475960000000001,0.001466311514377594,0.001466311514377594,0.0011364966630935669,0.0011364966630935669,0.0013536661863327026,0.0013536661863327026,0.00041276216506958008,0.00041276216506958008,0.00032594799995422363,0.00032594799995422363,0.00012116134166717529,0.00012116134166717529,0,0,0,0,0,0,0,0,0,0,0,0,0.00021716952323913574,0.00021716952323913574,0.00021716952323913574,0.00021716952323913574,-0.00020478665828704834,-0.00020478665828704834,-0.00020478665828704834,-0.00020478665828704834,0.00042195618152618408,0.00042195618152618408,0.00042195618152618408,0.00042195618152618408
413,data/1_2024/shard-000477.tar,3963503,START,medium,47,111,158,414,-32,2,2to4,False,0.00967405,-0.0025990903377532959,-0.0025990903377532959,-0.0028374791145324707,-0.0028374791145324707,-0.0026866495609283447,-0.0026866495609283447,0.0012230426073074341,0.0012230426073074341,0.0017465502023696899,0.0017465502023696899,0.0012149810791015625,0.0012149810791015625,0,0,0,0,0,0,0,0,0,0,0,0,0.00015082955360412598,0.00015082955360412598,0.00015082955360412598,0.00015082955360412598,-0.00053156912326812744,-0.00053156912326812744,-0.00053156912326812744,-0.00053156912326812744,0.00068239867687225342,0.00068239867687225342,0.00068239867687225342,0.00068239867687225342
414,data/1_2024/shard-000477.tar,3977503,START,mild,32,74,106,362,-21,1.3125,lt2,True,0.0067819059999999999,0.0021271705627441406,0.0021271705627441406,0.0023224353790283203,0.0023224353790283203,0.0020800977945327759,0.0020800977945327759,0.011719509959220886,0.011719509959220886,0.010104969143867493,0.010104969143867493,0.011253178119659424,0.011253178119659424,0,0,0,0,0,0,0,0,0,0,0,0,-0.00024233758449554443,-0.00024233758449554443,-0.00024233758449554443,-0.00024233758449554443,0.0011482089757919312,0.0011482089757919312,0.0011482089757919312,0.0011482089757919312,-0.0013905465602874756,-0.0013905465602874756,-0.0013905465602874756,-0.0013905465602874756
415,data/1_2024/shard-000477.tar,3982375,END,mild,12,69,81,337,-28.5,1.78125,lt2,True,0.00069964699999999996,0.0035382062196731567,0.0035382062196731567,0.0029100477695465088,0.0029100477695465088,0.0032430440187454224,0.0032430440187454224,0.0040219277143478394,0.0040219277143478394,0.0034012347459793091,0.0034012347459793091,0.0036318600177764893,0.0036318600177764893,0,0,0,0,0,0,0,0,0,0,0,0,0.00033299624919891357,0.00033299624919891357,0.00033299624919891357,0.00033299624919891357,0.00023062527179718018,0.00023062527179718018,0.00023062527179718018,0.00023062527179718018,0.0001023709774017334,0.0001023709774017334,0.0001023709774017334,0.0001023709774017334
416,data/1_2024/shard-000477.tar,3988375,END,mild,12,73,85,341,-30.5,1.90625,lt2,True,0.0060016740000000002,0.0011854022741317749,0.0011854022741317749,0.00062567740678787231,0.00062567740678787231,0.00078456848859786987,0.00078456848859786987,0.0020120590925216675,0.0020120590925216675,0.0024412348866462708,0.0024412348866462708,0.0021690875291824341,0.0021690875291824341,0,0,0,0,0,0,0,0,0,0,0,0,0.00015889108180999756,0.00015889108180999756,0.00015889108180999756,0.00015889108180999756,-0.00027214735746383667,-0.00027214735746383667,-0.00027214735746383667,-0.00027214735746383667,0.00043103843927383423,0.00043103843927383423,0.00043103843927383423,0.00043103843927383423
417,data/1_2024/shard-000477.tar,3995503,START,mild,24,83,107,363,-29.5,1.84375,lt2,False,0.024221665999999999,0.0011097192764282227,0.0011097192764282227,0.0012265369296073914,0.0012265369296073914,0.00096981972455978394,0.00096981972455978394,0.003794156014919281,0.003794156014919281,0.003428921103477478,0.003428921103477478,0.0032562911510467529,0.0032562911510467529,0,0,0,0,0,0,0,0,0,0,0,0,-0.00025671720504760742,-0.00025671720504760742,-0.00025671720504760742,-0.00025671720504760742,-0.0001726299524307251,-0.0001726299524307251,-0.0001726299524307251,-0.0001726299524307251,-8.4087252616882324e-05,-8.4087252616882324e-05,-8.4087252616882324e-05,-8.4087252616882324e-05
418,data/1_2024/shard-000477.tar,4010503,END,mild,5,84,89,345,-39.5,2.46875,2to4,False,0.017946429999999999,-0.0031181573867797852,-0.0031181573867797852,-0.004150979220867157,-0.004150979220867157,-0.0039694681763648987,-0.0039694681763648987,0.016288600862026215,0.016288600862026215,0.016228951513767242,0.016228951513767242,0.015749000012874603,0.015749000012874603,0,0,0,0,0,0,0,0,0,0,0,0,0.0001815110445022583,0.0001815110445022583,0.0001815110445022583,0.0001815110445022583,-0.00047995150089263916,-0.00047995150089263916,-0.00047995150089263916,-0.00047995150089263916,0.00066146254539489746,0.00066146254539489746,0.00066146254539489746,0.00066146254539489746
419,data/1_2024/shard-000477.tar,4011503,END,mild,5,80,85,341,-37.5,2.34375,2to4,False,0.016717371000000002,0.0039095953106880188,0.0039095953106880188,0.0031272321939468384,0.0031272321939468384,0.0033735036849975586,0.0033735036849975586,0.0054610967636108398,0.0054610967636108398,0.0052275806665420532,0.0052275806665420532,0.0057197883725166321,0.0057197883725166321,0,0,0,0,0,0,0,0,0,0,0,0,0.00024627149105072021,0.00024627149105072021,0.00024627149105072021,0.00024627149105072021,0.00049220770597457886,0.00049220770597457886,0.00049220770597457886,0.00049220770597457886,-0.00024593621492385864,-0.00024593621492385864,-0.00024593621492385864,-0.00024593621492385864
420,data/1_2024/shard-000477.tar,4019503,START,mild,2,100,102,358,-49,3.0625,2to4,True,0.0012686030000000001,0.0062856525182723999,0.0062856525182723999,0.005799904465675354,0.005799904465675354,0.0066264718770980835,0.0066264718770980835,0.014481961727142334,0.014481961727142334,0.01426929235458374,0.01426929235458374,0.016802951693534851,0.016802951693534851,0,0,0,0,0,0,0,0,0,0,0,0,0.00082656741142272949,0.00082656741142272949,0.00082656741142272949,0.00082656741142272949,0.0025336593389511108,0.0025336593389511108,0.0025336593389511108,0.0025336593389511108,-0.0017070919275283813,-0.0017070919275283813,-0.0017070919275283813,-0.0017070919275283813
421,data/1_2024/shard-000477.tar,4021375,START,mild,29,77,106,362,-24,1.5,lt2,True,0.0061246640000000001,0.00060829520225524902,0.00060829520225524902,0.0013371706008911133,0.0013371706008911133,0.0013358965516090393,0.0013358965516090393,0.00055068731307983398,0.00055068731307983398,0.00041090697050094604,0.00041090697050094604,0.00026632100343704224,0.00026632100343704224,0,0,0,0,0,0,0,0,0,0,0,0,-1.2740492820739746e-06,-1.2740492820739746e-06,-1.2740492820739746e-06,-1.2740492820739746e-06,-0.00014458596706390381,-0.00014458596706390381,-0.00014458596706390381,-0.00014458596706390381,0.00014331191778182983,0.00014331191778182983,0.00014331191778182983,0.00014331191778182983
422,data/1_2024/shard-000477.tar,4023503,END,mild,18,88,106,362,-35,2.1875,2to4,False,0.010792807,0.0061435401439666748,0.0061435401439666748,0.0069902986288070679,0.0069902986288070679,0.0064798444509506226,0.0064798444509506226,0.0038465261459350586,0.0038465261459350586,0.0052406340837478638,0.0052406340837478638,0.0056762397289276123,0.0056762397289276123,0,0,0,0,0,0,0,0,0,0,0,0,-0.00051045417785644531,-0.00051045417785644531,-0.00051045417785644531,-0.00051045417785644531,0.00043560564517974854,0.00043560564517974854,0.00043560564517974854,0.00043560564517974854,-0.00094605982303619385,-0.00094605982303619385,-0.00094605982303619385,-0.00094605982303619385
423,data/1_2024/shard-000477.tar,4033503,END,medium,3,120,123,379,-58.5,3.65625,2to4,False,0.024541206999999999,0.0052300766110420227,0.0052300766110420227,0.0027071833610534668,0.0027071833610534668,0.0046569854021072388,0.0046569854021072388,0.00033274292945861816,0.00033274292945861816,0.00062134861946105957,0.00062134861946105957,0.00089652836322784424,0.00089652836322784424,0,0,0,0,0,0,0,0,0,0,0,0,0.001949802041053772,0.001949802041053772,0.001949802041053772,0.001949802041053772,0.00027517974376678467,0.00027517974376678467,0.00027517974376678467,0.00027517974376678467,0.0016746222972869873,0.0016746222972869873,0.0016746222972869873,0.0016746222972869873
424,data/1_2024/shard-000477.tar,4058375,END,medium,17,101,118,374,-42,2.625,2to4,False,0.015142783999999999,0.0032065436244010925,0.0032065436244010925,0.0016001239418983459,0.0016001239418983459,0.0028482675552368164,0.0028482675552368164,0.0041812136769294739,0.0041812136769294739,0.0044682025909423828,0.0044682025909423828,0.004646986722946167,0.004646986722946167,0,0,0,0,0,0,0,0,0,0,0,0,0.0012481436133384705,0.0012481436133384705,0.0012481436133384705,0.0012481436133384705,0.00017878413200378418,0.00017878413200378418,0.00017878413200378418,0.00017878413200378418,0.0010693594813346863,0.0010693594813346863,0.0010693594813346863,0.0010693594813346863
425,data/1_2024/shard-000477.tar,4074503,END,medium,43,95,138,394,-26,1.625,lt2,False,0.018655426999999999,0.002272874116897583,0.002272874116897583,0.002246469259262085,0.002246469259262085,0.0024522095918655396,0.0024522095918655396,7.197260856628418e-05,7.197260856628418e-05,-0.00036079436540603638,-0.00036079436540603638,-0.001035153865814209,-0.001035153865814209,0,0,0,0,0,0,0,0,0,0,0,0,0.00020574033260345459,0.00020574033260345459,0.00020574033260345459,0.00020574033260345459,-0.00067435950040817261,-0.00067435950040817261,-0.00067435950040817261,-0.00067435950040817261,0.0008800998330116272,0.0008800998330116272,0.0008800998330116272,0.0008800998330116272
426,data/1_2024/shard-000477.tar,4093503,END,mild,31,79,110,366,-24,1.5,lt2,True,0.001515925,0.0019277632236480713,0.0019277632236480713,0.0023722201585769653,0.0023722201585769653,0.0024671405553817749,0.0024671405553817749,0.020959287881851196,0.020959287881851196,0.019392520189285278,0.019392520189285278,0.017892822623252869,0.017892822623252869,0,0,0,0,0,0,0,0,0,0,0,0,9.492039680480957e-05,9.492039680480957e-05,9.492039680480957e-05,9.492039680480957e-05,-0.0014996975660324097,-0.0014996975660324097,-0.0014996975660324097,-0.0014996975660324097,0.0015946179628372192,0.0015946179628372192,0.0015946179628372192,0.0015946179628372192
427,data/1_2024/shard-000477.tar,4097503,START,mild,17,89,106,362,-36,2.25,2to4,True,0.0082847029999999992,0.0047143325209617615,0.0047143325209617615,0.0034226030111312866,0.0034226030111312866,0.0047668293118476868,0.0047668293118476868,0.0025212317705154419,0.0025212317705154419,0.003558918833732605,0.003558918833732605,0.0030771419405937195,0.0030771419405937195,0,0,0,0,0,0,0,0,0,0,0,0,0.0013442263007164001,0.0013442263007164001,0.0013442263007164001,0.0013442263007164001,-0.0004817768931388855,-0.0004817768931388855,-0.0004817768931388855,-0.0004817768931388855,0.0018260031938552856,0.0018260031938552856,0.0018260031938552856,0.0018260031938552856
428,data/1_2024/shard-000477.tar,4105503,END,medium,23,186,209,465,-81.5,5.09375,ge4,False,0.012597919000000001,0.036009132862091064,0.036009132862091064,0.036269411444664001,0.036269411444664001,0.035821519792079926,0.035821519792079926,0.0051785781979560852,0.0051785781979560852,0.0050172358751296997,0.0050172358751296997,0.0034562051296234131,0.0034562051296234131,0,0,0,0,0,0,0,0,0,0,0,0,-0.00044789165258407593,-0.00044789165258407593,-0.00044789165258407593,-0.00044789165258407593,-0.0015610307455062866,-0.0015610307455062866,-0.0015610307455062866,-0.0015610307455062866,0.0011131390929222107,0.0011131390929222107,0.0011131390929222107,0.0011131390929222107
429,data/1_2024/shard-000477.tar,4107503,START,medium,43,141,184,440,-49,3.0625,2to4,True,0.0046814400000000003,0.0050418674945831299,0.0050418674945831299,0.0052137076854705811,0.0052137076854705811,0.0046347901225090027,0.0046347901225090027,0.0060125738382339478,0.0060125738382339478,0.0070803984999656677,0.0070803984999656677,0.0045570656657218933,0.0045570656657218933,0,0,0,0,0,0,0,0,0,0,0,0,-0.00057891756296157837,-0.00057891756296157837,-0.00057891756296157837,-0.00057891756296157837,-0.0025233328342437744,-0.0025233328342437744,-0.0025233328342437744,-0.0025233328342437744,0.001944415271282196,0.001944415271282196,0.001944415271282196,0.001944415271282196
430,data/1_2024/shard-000477.tar,4109503,START,medium,23,114,137,393,-45.5,2.84375,2to4,False,0.024041750000000001,-0.0011539310216903687,-0.0011539310216903687,-0.0009022057056427002,-0.0009022057056427002,-0.0016835480928421021,-0.0016835480928421021,-0.0011452734470367432,-0.0011452734470367432,-0.0016247332096099854,-0.0016247332096099854,-0.0016634464263916016,-0.0016634464263916016,0,0,0,0,0,0,0,0,0,0,0,0,-0.00078134238719940186,-0.00078134238719940186,-0.00078134238719940186,-0.00078134238719940186,-3.8713216781616211e-05,-3.8713216781616211e-05,-3.8713216781616211e-05,-3.8713216781616211e-05,-0.00074262917041778564,-0.00074262917041778564,-0.00074262917041778564,-0.00074262917041778564
431,data/1_2024/shard-000477.tar,4115375,START,strong,56,178,234,490,-61,3.8125,2to4,False,0.016721085,0.001207396388053894,0.001207396388053894,0.0012708008289337158,0.0012708008289337158,0.0015257894992828369,0.0015257894992828369,0.0040315985679626465,0.0040315985679626465,0.0035403594374656677,0.0035403594374656677,0.0042996034026145935,0.0042996034026145935,0,0,0,0,0,0,0,0,0,0,0,0,0.00025498867034912109,0.00025498867034912109,0.00025498867034912109,0.00025498867034912109,0.00075924396514892578,0.00075924396514892578,0.00075924396514892578,0.00075924396514892578,-0.00050425529479980469,-0.00050425529479980469,-0.00050425529479980469,-0.00050425529479980469
432,data/1_2024/shard-000477.tar,4116503,END,mild,23,83,106,362,-30,1.875,lt2,True,0.0067773829999999997,0.00081342458724975586,0.00081342458724975586,0.00091047585010528564,0.00091047585010528564,0.00086168944835662842,0.00086168944835662842,-0.0017065703868865967,-0.0017065703868865967,-0.0016729682683944702,-0.0016729682683944702,-0.0012709349393844604,-0.0012709349393844604,0,0,0,0,0,0,0,0,0,0,0,0,-4.8786401748657227e-05,-4.8786401748657227e-05,-4.8786401748657227e-05,-4.8786401748657227e-05,0.00040203332901000977,0.00040203332901000977,0.00040203332901000977,0.00040203332901000977,-0.00045081973075866699,-0.00045081973075866699,-0.00045081973075866699,-0.00045081973075866699
433,data/1_2024/shard-000477.tar,4119503,START,mild,10,96,106,362,-43,2.6875,2to4,True,0.0052531660000000001,0.0010670274496078491,0.0010670274496078491,0.0039149075746536255,0.0039149075746536255,0.002684861421585083,0.002684861421585083,0.011802837252616882,0.011802837252616882,0.014066882431507111,0.014066882431507111,0.0081329792737960815,0.0081329792737960815,0,0,0,0,0,0,0,0,0,0,0,0,-0.0012300461530685425,-0.0012300461530685425,-0.0012300461530685425,-0.0012300461530685425,-0.0059339031577110291,-0.0059339031577110291,-0.0059339031577110291,-0.0059339031577110291,0.0047038570046424866,0.0047038570046424866,0.0047038570046424866,0.0047038570046424866
434,data/1_2024/shard-000477.tar,4123503,END,mild,31,75,106,362,-22,1.375,lt2,True,0.0044491959999999999,-0.0041868090629577637,-0.0041868090629577637,-0.0038871988654136658,-0.0038871988654136658,-0.0039151385426521301,-0.0039151385426521301,0.0016746222972869873,0.0016746222972869873,0.0021212846040725708,0.0021212846040725708,0.0015960261225700378,0.0015960261225700378,0,0,0,0,0,0,0,0,0,0,0,0,-2.7939677238464355e-05,-2.7939677238464355e-05,-2.7939677238464355e-05,-2.7939677238464355e-05,-0.00052525848150253296,-0.00052525848150253296,-0.00052525848150253296,-0.00052525848150253296,0.0004973188042640686,0.0004973188042640686,0.0004973188042640686,0.0004973188042640686
435,data/1_2024/shard-000477.tar,4131503,END,medium,15,132,147,403,-58.5,3.65625,2to4,True,0.0076464940000000002,0.0075221545994281769,0.0075221545994281769,0.0074245184659957886,0.0074245184659957886,0.0075380206108093262,0.0075380206108093262,0.0071432925760746002,0.0071432925760746002,0.007284950464963913,0.007284950464963913,0.0072510689496994019,0.0072510689496994019,0,0,0,0,0,0,0,0,0,0,0,0,0.0001135021448135376,0.0001135021448135376,0.0001135021448135376,0.0001135021448135376,-3.3881515264511108e-05,-3.3881515264511108e-05,-3.3881515264511108e-05,-3.3881515264511108e-05,0.00014738366007804871,0.00014738366007804871,0.00014738366007804871,0.00014738366007804871
436,data/1_2024/shard-000477.tar,4135503,END,mild,4,81,85,341,-38.5,2.40625,2to4,True,0.0030909259999999999,0.0034273192286491394,0.0034273192286491394,0.0030871555209159851,0.0030871555209159851,0.0028003230690956116,0.0028003230690956116,0.00050854682922363281,0.00050854682922363281,0.00074443966150283813,0.00074443966150283813,-0.00046809762716293335,-0.00046809762716293335,0,0,0,0,0,0,0,0,0,0,0,0,-0.00028683245182037354,-0.00028683245182037354,-0.00028683245182037354,-0.00028683245182037354,-0.0012125372886657715,-0.0012125372886657715,-0.0012125372886657715,-0.0012125372886657715,0.00092570483684539795,0.00092570483684539795,0.00092570483684539795,0.00092570483684539795
437,data/1_2024/shard-000477.tar,4145375,START,mild,22,83,105,361,-30.5,1.90625,lt2,True,0.0027798269999999999,0.00010244548320770264,0.00010244548320770264,0.00072601437568664551,0.00072601437568664551,0.00053639709949493408,0.00053639709949493408,-0.00061455368995666504,-0.00061455368995666504,-0.00067493319511413574,-0.00067493319511413574,-0.000959053635597229,-0.000959053635597229,0,0,0,0,0,0,0,0,0,0,0,0,-0.00018961727619171143,-0.00018961727619171143,-0.00018961727619171143,-0.00018961727619171143,-0.00028412044048309326,-0.00028412044048309326,-0.00028412044048309326,-0.00028412044048309326,9.4503164291381836e-05,9.4503164291381836e-05,9.4503164291381836e-05,9.4503164291381836e-05
438,data/1_2024/shard-000477.tar,4154375,START,medium,23,105,128,384,-41,2.5625,2to4,False,0.016393716999999999,0.0026015043258666992,0.0026015043258666992,0.0024570301175117493,0.0024570301175117493,0.0032309070229530334,0.0032309070229530334,0.0016612336039543152,0.0016612336039543152,0.0015295818448066711,0.0015295818448066711,0.0015739426016807556,0.0015739426016807556,0,0,0,0,0,0,0,0,0,0,0,0,0.00077387690544128418,0.00077387690544128418,0.00077387690544128418,0.00077387690544128418,4.4360756874084473e-05,4.4360756874084473e-05,4.4360756874084473e-05,4.4360756874084473e-05,0.00072951614856719971,0.00072951614856719971,0.00072951614856719971,0.00072951614856719971
439,data/1_2024/shard-000477.tar,4158375,END,mild,31,77,108,364,-23,1.4375,lt2,True,0.0011824439999999999,0.0008142814040184021,0.0008142814040184021,0.00079035758972167969,0.00079035758972167969,0.00098484009504318237,0.00098484009504318237,0.0001896396279335022,0.0001896396279335022,0.00012464076280593872,0.00012464076280593872,0.00083554536104202271,0.00083554536104202271,0,0,0,0,0,0,0,0,0,0,0,0,0.00019448250532150269,0.00019448250532150269,0.00019448250532150269,0.00019448250532150269,0.00071090459823608398,0.00071090459823608398,0.00071090459823608398,0.00071090459823608398,-0.0005164220929145813,-0.0005164220929145813,-0.0005164220929145813,-0.0005164220929145813
440,data/1_2024/shard-000477.tar,4163503,START,mild,26,80,106,362,-27,1.6875,lt2,True,0.0063019319999999997,-0.00053139030933380127,-0.00053139030933380127,-0.0002358555793762207,-0.0002358555793762207,-2.6807188987731934e-05,-2.6807188987731934e-05,0.0003396645188331604,0.0003396645188331604,0.00030846893787384033,0.00030846893787384033,3.2104551792144775e-05,3.2104551792144775e-05,0,0,0,0,0,0,0,0,0,0,0,0,0.00020904839038848877,0.00020904839038848877,0.00020904839038848877,0.00020904839038848877,-0.00027636438608169556,-0.00027636438608169556,-0.00027636438608169556,-0.00027636438608169556,0.00048541277647018433,0.00048541277647018433,0.00048541277647018433,0.00048541277647018433
441,data/1_2024/shard-000477.tar,4170503,START,mild,7,101,108,364,-47,2.9375,2to4,False,0.022787551999999999,-0.0029449462890625,-0.0029449462890625,-0.0034626573324203491,-0.0034626573324203491,-0.0030966848134994507,-0.0030966848134994507,0.0050781071186065674,0.0050781071186065674,0.0057690143585205078,0.0057690143585205078,0.005506761372089386,0.005506761372089386,0,0,0,0,0,0,0,0,0,0,0,0,0.00036597251892089844,0.00036597251892089844,0.00036597251892089844,0.00036597251892089844,-0.00026225298643112183,-0.00026225298643112183,-0.00026225298643112183,-0.00026225298643112183,0.00062822550535202026,0.00062822550535202026,0.00062822550535202026,0.00062822550535202026
442,data/1_2024/shard-000477.tar,4185503,START,mild,14,92,106,362,-39,2.4375,2to4,True,0.0054985140000000004,-0.0067363753914833069,-0.0067363753914833069,-0.006192721426486969,-0.006192721426486969,-0.003335125744342804,-0.003335125744342804,0.0024714395403862,0.0024714395403862,0.0041553229093551636,0.0041553229093551636,0.0041277632117271423,0.0041277632117271423,0,0,0,0,0,0,0,0,0,0,0,0,0.002857595682144165,0.002857595682144165,0.002857595682144165,0.002857595682144165,-2.755969762802124e-05,-2.755969762802124e-05,-2.755969762802124e-05,-2.755969762802124e-05,0.0028851553797721863,0.0028851553797721863,0.0028851553797721863,0.0028851553797721863
443,data/1_2024/shard-000477.tar,4186503,START,mild,21,85,106,362,-32,2,2to4,False,0.011049359999999999,0.0015541911125183105,0.0015541911125183105,0.0022643804550170898,0.0022643804550170898,0.0024580955505371094,0.0024580955505371094,0.0023544132709503174,0.0023544132709503174,0.0029079616069793701,0.0029079616069793701,0.0025240331888198853,0.0025240331888198853,0,0,0,0,0,0,0,0,0,0,0,0,0.00019371509552001953,0.00019371509552001953,0.00019371509552001953,0.00019371509552001953,-0.00038392841815948486,-0.00038392841815948486,-0.00038392841815948486,-0.00038392841815948486,0.00057764351367950439,0.00057764351367950439,0.00057764351367950439,0.00057764351367950439
444,data/1_2024/shard-000477.tar,4200375,END,mild,14,93,107,363,-39.5,2.46875,2to4,False,0.0097476690000000005,0.0014077797532081604,0.0014077797532081604,0.00095150619745254517,0.00095150619745254517,0.00077996402978897095,0.00077996402978897095,0.0035774931311607361,0.0035774931311607361,0.0036913454532623291,0.0036913454532623291,0.0038855597376823425,0.0038855597376823425,0,0,0,0,0,0,0,0,0,0,0,0,-0.00017154216766357422,-0.00017154216766357422,-0.00017154216766357422,-0.00017154216766357422,0.00019421428442001343,0.00019421428442001343,0.00019421428442001343,0.00019421428442001343,-0.00036575645208358765,-0.00036575645208358765,-0.00036575645208358765,-0.00036575645208358765
445,data/1_2024/shard-000477.tar,4206375,END,medium,12,113,125,381,-50.5,3.15625,2to4,False,0.025953509,0.0024407282471656799,0.0024407282471656799,0.0023891478776931763,0.0023891478776931763,0.0028015151619911194,0.0028015151619911194,0.0010821521282196045,0.0010821521282196045,0.001836039125919342,0.001836039125919342,0.0019346997141838074,0.0019346997141838074,0,0,0,0,0,0,0,0,0,0,0,0,0.00041236728429794312,0.00041236728429794312,0.00041236728429794312,0.00041236728429794312,9.8660588264465332e-05,9.8660588264465332e-05,9.8660588264465332e-05,9.8660588264465332e-05,0.00031370669603347778,0.00031370669603347778,0.00031370669603347778,0.00031370669603347778
446,data/1_2024/shard-000477.tar,4208503,START,mild,17,85,102,358,-34,2.125,2to4,True,0.0057375580000000002,0.0020742714405059814,0.0020742714405059814,0.0014524981379508972,0.0014524981379508972,0.0020625293254852295,0.0020625293254852295,0.00027182698249816895,0.00027182698249816895,-3.9041042327880859e-05,-3.9041042327880859e-05,-0.00022804737091064453,-0.00022804737091064453,0,0,0,0,0,0,0,0,0,0,0,0,0.00061003118753433228,0.00061003118753433228,0.00061003118753433228,0.00061003118753433228,-0.00018900632858276367,-0.00018900632858276367,-0.00018900632858276367,-0.00018900632858276367,0.00079903751611709595,0.00079903751611709595,0.00079903751611709595,0.00079903751611709595
447,data/1_2024/shard-000477.tar,4213375,START,mild,13,46,59,315,-16.5,1.03125,lt2,False,0.012553386,-0.00056473910808563232,-0.00056473910808563232,-0.00076587498188018799,-0.00076587498188018799,-0.0004558265209197998,-0.0004558265209197998,0.0039348229765892029,0.0039348229765892029,0.0036475136876106262,0.0036475136876106262,0.0034831389784812927,0.0034831389784812927,0,0,0,0,0,0,0,0,0,0,0,0,0.00031004846096038818,0.00031004846096038818,0.00031004846096038818,0.00031004846096038818,-0.0001643747091293335,-0.0001643747091293335,-0.0001643747091293335,-0.0001643747091293335,0.00047442317008972168,0.00047442317008972168,0.00047442317008972168,0.00047442317008972168
448,data/1_2024/shard-000477.tar,4222375,END,mild,17,88,105,361,-35.5,2.21875,2to4,False,0.015995346000000001,-2.3204833269119263e-05,-2.3204833269119263e-05,0.00066643208265304565,0.00066643208265304565,0.0002066493034362793,0.0002066493034362793,0.00031084567308425903,0.00031084567308425903,8.4318220615386963e-05,8.4318220615386963e-05,-2.5521963834762573e-05,-2.5521963834762573e-05,0,0,0,0,0,0,0,0,0,0,0,0,-0.00045978277921676636,-0.00045978277921676636,-0.00045978277921676636,-0.00045978277921676636,-0.00010984018445014954,-0.00010984018445014954,-0.00010984018445014954,-0.00010984018445014954,-0.00034994259476661682,-0.00034994259476661682,-0.00034994259476661682,-0.00034994259476661682
449,data/1_2024/shard-000477.tar,4226503,END,medium,24,113,137,393,-44.5,2.78125,2to4,True,0.0059266459999999998,0.0085578560829162598,0.0085578560829162598,0.007694244384765625,0.007694244384765625,0.0081167891621589661,0.0081167891621589661,0.00046452879905700684,0.00046452879905700684,0.001010410487651825,0.001010410487651825,0.00042767822742462158,0.00042767822742462158,0,0,0,0,0,0,0,0,0,0,0,0,0.00042254477739334106,0.00042254477739334106,0.00042254477739334106,0.00042254477739334106,-0.00058273226022720337,-0.00058273226022720337,-0.00058273226022720337,-0.00058273226022720337,0.0010052770376205444,0.0010052770376205444,0.0010052770376205444,0.0010052770376205444
450,data/1_2024/shard-000477.tar,4241375,START,mild,25,77,102,358,-26,1.625,lt2,False,0.014978182,0.0018241181969642639,0.0018241181969642639,0.0021788850426673889,0.0021788850426673889,0.0020179823040962219,0.0020179823040962219,-0.0018988177180290222,-0.0018988177180290222,-0.001448214054107666,-0.001448214054107666,-0.0017777234315872192,-0.0017777234315872192,0,0,0,0,0,0,0,0,0,0,0,0,-0.00016090273857116699,-0.00016090273857116699,-0.00016090273857116699,-0.00016090273857116699,-0.00032950937747955322,-0.00032950937747955322,-0.00032950937747955322,-0.00032950937747955322,0.00016860663890838623,0.00016860663890838623,0.00016860663890838623,0.00016860663890838623
451,data/1_2024/shard-000477.tar,4257503,END,strong,69,152,221,477,-41.5,2.59375,2to4,False,0.011976201000000001,-0.00086953490972518921,-0.00083712488412857056,-0.00047469884157180786,-0.00047469884157180786,-0.00065474212169647217,-0.00065263360738754272,0.001242414116859436,0.0012436211109161377,0.0014725103974342346,0.001460544764995575,0.0013736188411712646,0.0013802796602249146,1.2867152690887451e-05,1.9744038581848145e-06,9.2536211013793945e-06,0,1.6838312149047852e-06,0,0,0,-1.0192394256591797e-05,8.8959932327270508e-06,-2.1532177925109863e-06,-2.4437904357910156e-06,-0.0001724734902381897,-0.00016868114471435547,-0.00018172711133956909,-0.00017793476581573486,-0.00010693073272705078,-9.997934103012085e-05,-7.5876712799072266e-05,-6.8925321102142334e-05,-6.5542757511138916e-05,-6.8701803684234619e-05,-0.00010585039854049683,-0.00010900944471359253
452,data/1_2024/shard-000477.tar,4266503,END,mild,15,70,85,341,-27.5,1.71875,lt2,True,0.00098825999999999992,0.0023206323385238647,0.0023206323385238647,0.0015091150999069214,0.0015091150999069214,0.0028898715972900391,0.0028898715972900391,-0.0019814670085906982,-0.0019814670085906982,-0.0011861324310302734,-0.0011861324310302734,-0.0014697462320327759,-0.0014697462320327759,0,0,0,0,0,0,0,0,0,0,0,0,0.0013807564973831177,0.0013807564973831177,0.0013807564973831177,0.0013807564973831177,-0.00028361380100250244,-0.00028361380100250244,-0.00028361380100250244,-0.00028361380100250244,0.0016643702983856201,0.0016643702983856201,0.0016643702983856201,0.0016643702983856201
453,data/1_2024/shard-000477.tar,4269375,START,mild,21,85,106,362,-32,2,2to4,False,0.013926335,0.0060775503516197205,0.0060775503516197205,0.0062592998147010803,0.0062592998147010803,0.0058424621820449829,0.0058424621820449829,0.0018462091684341431,0.0018462091684341431,0.0023934841156005859,0.0023934841156005859,0.0015976354479789734,0.0015976354479789734,0,0,0,0,0,0,0,0,0,0,0,0,-0.00041683763265609741,-0.00041683763265609741,-0.00041683763265609741,-0.00041683763265609741,-0.00079584866762161255,-0.00079584866762161255,-0.00079584866762161255,-0.00079584866762161255,0.00037901103496551514,0.00037901103496551514,0.00037901103496551514,0.00037901103496551514
454,data/1_2024/shard-000477.tar,4274375,END,mild,14,92,106,362,-39,2.4375,2to4,False,0.022676937000000001,0.0031110495328903198,0.0031110495328903198,0.0040965825319290161,0.0040965825319290161,0.0047057569026947021,0.0047057569026947021,0.0079672485589981079,0.0079672485589981079,0.0072794258594512939,0.0072794258594512939,0.0090387165546417236,0.0090387165546417236,0,0,0,0,0,0,0,0,0,0,0,0,0.00060917437076568604,0.00060917437076568604,0.00060917437076568604,0.00060917437076568604,0.0017592906951904297,0.0017592906951904297,0.0017592906951904297,0.0017592906951904297,-0.0011501163244247437,-0.0011501163244247437,-0.0011501163244247437,-0.0011501163244247437
455,data/1_2024/shard-000477.tar,4288503,START,mild,7,78,85,341,-35.5,2.21875,2to4,False,0.010839603999999999,-0.00023260712623596191,-0.00023260712623596191,-0.0005825236439704895,-0.0005825236439704895,-0.00023826956748962402,-0.00023826956748962402,0.004121728241443634,0.004121728241443634,0.0039145797491073608,0.0039145797491073608,0.0048890188336372375,0.0048890188336372375,0,0,0,0,0,0,0,0,0,0,0,0,0.00034425407648086548,0.00034425407648086548,0.00034425407648086548,0.00034425407648086548,0.00097443908452987671,0.00097443908452987671,0.00097443908452987671,0.00097443908452987671,-0.00063018500804901123,-0.00063018500804901123,-0.00063018500804901123,-0.00063018500804901123
456,data/1_2024/shard-000477.tar,4290375,END,mild,18,89,107,363,-35.5,2.21875,2to4,True,0.0033359230000000002,-0.00063455104827880859,-0.00063455104827880859,-0.00057582557201385498,-0.00057582557201385498,-0.00018855929374694824,-0.00018855929374694824,0.0026998370885848999,0.0026998370885848999,0.0033963769674301147,0.0033963769674301147,0.0027592778205871582,0.0027592778205871582,0,0,0,0,0,0,0,0,0,0,0,0,0.00038726627826690674,0.00038726627826690674,0.00038726627826690674,0.00038726627826690674,-0.00063709914684295654,-0.00063709914684295654,-0.00063709914684295654,-0.00063709914684295654,0.0010243654251098633,0.0010243654251098633,0.0010243654251098633,0.0010243654251098633
457,data/1_2024/shard-000477.tar,4292375,END,mild,17,89,106,362,-36,2.25,2to4,True,0.0074918789999999999,-0.0003978535532951355,-0.0003978535532951355,-0.00070612132549285889,-0.00070612132549285889,-0.00016125291585922241,-0.00016125291585922241,0.0012462437152862549,0.0012462437152862549,0.001527637243270874,0.001527637243270874,0.0014642179012298584,0.0014642179012298584,0,0,0,0,0,0,0,0,0,0,0,0,0.00054486840963363647,0.00054486840963363647,0.00054486840963363647,0.00054486840963363647,-6.3419342041015625e-05,-6.3419342041015625e-05,-6.3419342041015625e-05,-6.3419342041015625e-05,0.0006082877516746521,0.0006082877516746521,0.0006082877516746521,0.0006082877516746521
458,data/1_2024/shard-000477.tar,4297503,END,mild,13,45,58,314,-16,1,lt2,True,0.0035222690000000002,-0.0062147006392478943,-0.0062147006392478943,-0.0051846206188201904,-0.0051846206188201904,-0.0056926161050796509,-0.0056926161050796509,0.0033233053982257843,0.0033233053982257843,0.002561613917350769,0.002561613917350769,0.0021261982619762421,0.0021261982619762421,0,0,0,0,0,0,0,0,0,0,0,0,-0.00050799548625946045,-0.00050799548625946045,-0.00050799548625946045,-0.00050799548625946045,-0.00043541565537452698,-0.00043541565537452698,-0.00043541565537452698,-0.00043541565537452698,-7.2579830884933472e-05,-7.2579830884933472e-05,-7.2579830884933472e-05,-7.2579830884933472e-05
459,data/1_2024/shard-000477.tar,4328375,END,medium,15,110,125,381,-47.5,2.96875,2to4,True,0.00050087299999999999,-0.00024233013391494751,-0.00024233013391494751,-0.00051009654998779297,-0.00051009654998779297,-0.00031326711177825928,-0.00031326711177825928,0.010322168469429016,0.010322168469429016,0.0092974379658699036,0.0092974379658699036,0.010148696601390839,0.010148696601390839,0,0,0,0,0,0,0,0,0,0,0,0,0.00019682943820953369,0.00019682943820953369,0.00019682943820953369,0.00019682943820953369,0.00085125863552093506,0.00085125863552093506,0.00085125863552093506,0.00085125863552093506,-0.00065442919731140137,-0.00065442919731140137,-0.00065442919731140137,-0.00065442919731140137
460,data/1_2024/shard-000477.tar,4330375,END,mild,18,92,110,366,-37,2.3125,2to4,False,0.023883931000000001,0.0011797621846199036,0.0011797621846199036,0.0011586099863052368,0.0011586099863052368,0.003019183874130249,0.003019183874130249,0.017323285341262817,0.017323285341262817,0.026300340890884399,0.026300340890884399,0.015977427363395691,0.015977427363395691,0,0,0,0,0,0,0,0,0,0,0,0,0.0018605738878250122,0.0018605738878250122,0.0018605738878250122,0.0018605738878250122,-0.010322913527488708,-0.010322913527488708,-0.010322913527488708,-0.010322913527488708,0.012183487415313721,0.012183487415313721,0.012183487415313721,0.012183487415313721
461,data/1_2024/shard-000477.tar,4331375,END,medium,25,164,189,445,-69.5,4.34375,ge4,False,0.0096385399999999993,0.0041694790124893188,0.0041694790124893188,0.0041758120059967041,0.0041758120059967041,0.0043012425303459167,0.0043012425303459167,0.017661876976490021,0.017661876976490021,0.022091232240200043,0.022091232240200043,0.015581801533699036,0.015581801533699036,0,0,0,0,0,0,0,0,0,0,0,0,0.00012543052434921265,0.00012543052434921265,0.00012543052434921265,0.00012543052434921265,-0.0065094307065010071,-0.0065094307065010071,-0.0065094307065010071,-0.0065094307065010071,0.0066348612308502197,0.0066348612308502197,0.0066348612308502197,0.0066348612308502197
462,data/1_2024/shard-000477.tar,4336375,END,medium,9,133,142,398,-62,3.875,2to4,False,0.0090857449999999992,0.00254087895154953,0.00254087895154953,0.0034835115075111389,0.0034835115075111389,0.0028231889009475708,0.0028231889009475708,0.0028724074363708496,0.0028724074363708496,0.0032882913947105408,0.0032882913947105408,0.0013404414057731628,0.0013404414057731628,0,0,0,0,0,0,0,0,0,0,0,0,-0.00066032260656356812,-0.00066032260656356812,-0.00066032260656356812,-0.00066032260656356812,-0.0019478499889373779,-0.0019478499889373779,-0.0019478499889373779,-0.0019478499889373779,0.0012875273823738098,0.0012875273823738098,0.0012875273823738098,0.0012875273823738098
463,data/1_2024/shard-000477.tar,4337503,END,mild,15,91,106,362,-38,2.375,2to4,True,0.0060001610000000004,-6.751716136932373e-05,-6.751716136932373e-05,0.0016082674264907837,0.0016082674264907837,0.0014849603176116943,0.0014849603176116943,0.0088132768869400024,0.0088132768869400024,0.0071843713521957397,0.0071843713521957397,0.010017380118370056,0.010017380118370056,0,0,0,0,0,0,0,0,0,0,0,0,-0.00012330710887908936,-0.00012330710887908936,-0.00012330710887908936,-0.00012330710887908936,0.0028330087661743164,0.0028330087661743164,0.0028330087661743164,0.0028330087661743164,-0.0029563158750534058,-0.0029563158750534058,-0.0029563158750534058,-0.0029563158750534058
464,data/1_2024/shard-000477.tar,4349503,START,mild,4,102,106,362,-49,3.0625,2to4,True,0.0082623139999999998,-0.0011030957102775574,-0.0011030957102775574,-0.00039125233888626099,-0.00039125233888626099,-0.00018996000289916992,-0.00018996000289916992,0.0018087700009346008,0.0018087700009346008,0.0015629082918167114,0.0015629082918167114,0.0014439001679420471,0.0014439001679420471,0,0,0,0,0,0,0,0,0,0,0,0,0.00020129233598709106,0.00020129233598709106,0.00020129233598709106,0.00020129233598709106,-0.00011900812387466431,-0.00011900812387466431,-0.00011900812387466431,-0.00011900812387466431,0.00032030045986175537,0.00032030045986175537,0.00032030045986175537,0.00032030045986175537
465,data/1_2024/shard-000477.tar,4357375,START,medium,25,135,160,416,-55,3.4375,2to4,False,0.020735092,0.0037546530365943909,0.0037546530365943909,0.0040477067232131958,0.0040477067232131958,0.0040128007531166077,0.0040128007531166077,0.020307570695877075,0.020307570695877075,0.021994203329086304,0.021994203329086304,0.020688936114311218,0.020688936114311218,0,0,0,0,0,0,0,0,0,0,0,0,-3.4905970096588135e-05,-3.4905970096588135e-05,-3.4905970096588135e-05,-3.4905970096588135e-05,-0.0013052672147750854,-0.0013052672147750854,-0.0013052672147750854,-0.0013052672147750854,0.0012703612446784973,0.0012703612446784973,0.0012703612446784973,0.0012703612446784973
466,data/1_2024/shard-000477.tar,4365375,END,mild,20,86,106,362,-33,2.0625,2to4,True,0.0032131450000000002,0.00016839802265167236,0.0001737251877784729,0.00079071521759033203,0.00081308931112289429,-0.00025994330644607544,-0.00024852901697158813,0.0061050280928611755,0.0060885027050971985,0.0053351670503616333,0.0054267868399620056,0.0063080117106437683,0.0062905773520469666,0,3.2633543014526367e-06,0,8.1136822700500488e-06,-7.8231096267700195e-07,0,0,-1.6495585441589355e-05,-5.4657459259033203e-05,0,0,-1.7434358596801758e-05,-0.0010498762130737305,-0.0010392442345619202,-0.0010641366243362427,-0.0010535046458244324,0.00091818720102310181,0.00091818720102310181,0.0008812248706817627,0.0008812248706817627,-0.0019680634140968323,-0.001957431435585022,-0.0019453614950180054,-0.0019347295165061951
467,data/1_2024/shard-000477.tar,4375375,END,mild,13,64,77,333,-25.5,1.59375,lt2,False,0.016919643000000002,0.0044374875724315643,0.0044374875724315643,0.0046439878642559052,0.0046439878642559052,0.005911901593208313,0.005911901593208313,0.0042520463466644287,0.0042520463466644287,0.0040490850806236267,0.0040490850806236267,0.001858636736869812,0.001858636736869812,0,0,0,0,0,0,0,0,0,0,0,0,0.0012679137289524078,0.0012679137289524078,0.0012679137289524078,0.0012679137289524078,-0.0021904483437538147,-0.0021904483437538147,-0.0021904483437538147,-0.0021904483437538147,0.0034583620727062225,0.0034583620727062225,0.0034583620727062225,0.0034583620727062225
468,data/1_2024/shard-000477.tar,4377375,START,medium,31,97,128,384,-33,2.0625,2to4,True,0.006213054,0.00016488134860992432,0.00016488134860992432,0.001010209321975708,0.001010209321975708,0.0007861405611038208,0.0007861405611038208,0.0048038214445114136,0.0048038214445114136,0.0055441409349441528,0.0055441409349441528,0.0052061080932617188,0.0052061080932617188,0,0,0,0,0,0,0,0,0,0,0,0,-0.00022406876087188721,-0.00022406876087188721,-0.00022406876087188721,-0.00022406876087188721,-0.00033803284168243408,-0.00033803284168243408,-0.00033803284168243408,-0.00033803284168243408,0.00011396408081054688,0.00011396408081054688,0.00011396408081054688,0.00011396408081054688
469,data/1_2024/shard-000477.tar,4399375,END,medium,28,100,128,384,-36,2.25,2to4,False,0.010618657,0.00055268406867980957,0.00055268406867980957,0.00065086781978607178,0.00065086781978607178,0.0001074671745300293,0.0001074671745300293,0.0073213875293731689,0.0073213875293731689,0.0075653791427612305,0.0075653791427612305,0.0057452619075775146,0.0057452619075775146,0,0,0,0,0,0,0,0,0,0,0,0,-0.00054340064525604248,-0.00054340064525604248,-0.00054340064525604248,-0.00054340064525604248,-0.0018201172351837158,-0.0018201172351837158,-0.0018201172351837158,-0.0018201172351837158,0.0012767165899276733,0.0012767165899276733,0.0012767165899276733,0.0012767165899276733
470,data/1_2024/shard-000477.tar,4400503,START,medium,21,95,116,372,-37,2.3125,2to4,True,0.0054781140000000001,0.0025380328297615051,0.0025380328297615051,0.0018659010529518127,0.0018659010529518127,0.002383016049861908,0.002383016049861908,0.0053993239998817444,0.0053993239998817444,0.0053051859140396118,0.0053051859140396118,0.0048003494739532471,0.0048003494739532471,0,0,0,0,0,0,0,0,0,0,0,0,0.00051711499691009521,0.00051711499691009521,0.00051711499691009521,0.00051711499691009521,-0.00050483644008636475,-0.00050483644008636475,-0.00050483644008636475,-0.00050483644008636475,0.00102195143699646,0.00102195143699646,0.00102195143699646,0.00102195143699646
471,data/1_2024/shard-000477.tar,4401503,START,mild,26,85,111,367,-29.5,1.84375,lt2,False,0.010156422999999999,0.0019931793212890625,0.0019931793212890625,0.0021906197071075439,0.0021906197071075439,0.0025019049644470215,0.0025019049644470215,-0.0020302087068557739,-0.0020302087068557739,-0.0015048235654830933,-0.0015048235654830933,-0.0013014376163482666,-0.0013014376163482666,0,0,0,0,0,0,0,0,0,0,0,0,0.00031128525733947754,0.00031128525733947754,0.00031128525733947754,0.00031128525733947754,0.00020338594913482666,0.00020338594913482666,0.00020338594913482666,0.00020338594913482666,0.00010789930820465088,0.00010789930820465088,0.00010789930820465088,0.00010789930820465088
472,data/1_2024/shard-000477.tar,4402503,END,medium,51,108,159,415,-28.5,1.78125,lt2,False,0.012628077999999999,0.0014673173427581787,0.0014673173427581787,0.0010271891951560974,0.0010271891951560974,0.0010469704866409302,0.0010469704866409302,-0.0012820065021514893,-0.0012820065021514893,-0.0010413229465484619,-0.0010413229465484619,-0.0010202080011367798,-0.0010202080011367798,0,0,0,0,0,0,0,0,0,0,0,0,1.9781291484832764e-05,1.9781291484832764e-05,1.9781291484832764e-05,1.9781291484832764e-05,2.1114945411682129e-05,2.1114945411682129e-05,2.1114945411682129e-05,2.1114945411682129e-05,-1.3336539268493652e-06,-1.3336539268493652e-06,-1.3336539268493652e-06,-1.3336539268493652e-06
473,data/1_2024/shard-000477.tar,4408503,END,medium,7,112,119,375,-52.5,3.28125,2to4,False,0.01164335,-0.0013182833790779114,-0.0013182833790779114,-0.0012775808572769165,-0.0012775808572769165,-0.0016443431377410889,-0.0016443431377410889,0.0010180622339248657,0.0010180622339248657,0.001115553081035614,0.001115553081035614,0.001175418496131897,0.001175418496131897,0,0,0,0,0,0,0,0,0,0,0,0,-0.00036676228046417236,-0.00036676228046417236,-0.00036676228046417236,-0.00036676228046417236,5.9865415096282959e-05,5.9865415096282959e-05,5.9865415096282959e-05,5.9865415096282959e-05,-0.00042662769556045532,-0.00042662769556045532,-0.00042662769556045532,-0.00042662769556045532
474,data/1_2024/shard-000477.tar,4417375,START,mild,7,99,106,362,-46,2.875,2to4,True,0.0018866810000000001,0.0045821070671081543,0.0045821070671081543,0.0038969367742538452,0.0038969367742538452,0.0049257278442382812,0.0049257278442382812,0.011085376143455505,0.011085376143455505,0.011668935418128967,0.011668935418128967,0.010635480284690857,0.010635480284690857,0,0,0,0,0,0,0,0,0,0,0,0,0.001028791069984436,0.001028791069984436,0.001028791069984436,0.001028791069984436,-0.0010334551334381104,-0.0010334551334381104,-0.0010334551334381104,-0.0010334551334381104,0.0020622462034225464,0.0020622462034225464,0.0020622462034225464,0.0020622462034225464
475,data/1_2024/shard-000477.tar,4458503,START,mild,6,100,106,362,-47,2.9375,2to4,False,0.017508611,0.0035890787839889526,0.0035890787839889526,0.0032997727394104004,0.0032997727394104004,0.0042595863342285156,0.0042595863342285156,0.00067148357629776001,0.00067148357629776001,0.00016726553440093994,0.00016726553440093994,0.00065077096223831177,0.00065077096223831177,0,0,0,0,0,0,0,0,0,0,0,0,0.00095981359481811523,0.00095981359481811523,0.00095981359481811523,0.00095981359481811523,0.00048350542783737183,0.00048350542783737183,0.00048350542783737183,0.00048350542783737183,0.00047630816698074341,0.00047630816698074341,0.00047630816698074341,0.00047630816698074341
476,data/1_2024/shard-000477.tar,4484375,END,medium,7,122,129,385,-57.5,3.59375,2to4,True,0.0056081710000000003,-0.00011261552572250366,-0.00011261552572250366,0.00043386965990066528,0.00043386965990066528,0.00047326087951660156,0.00047326087951660156,0.010982602834701538,0.010982602834701538,0.012950100004673004,0.012950100004673004,0.0066236257553100586,0.0066236257553100586,0,0,0,0,0,0,0,0,0,0,0,0,3.9391219615936279e-05,3.9391219615936279e-05,3.9391219615936279e-05,3.9391219615936279e-05,-0.0063264742493629456,-0.0063264742493629456,-0.0063264742493629456,-0.0063264742493629456,0.0063658654689788818,0.0063658654689788818,0.0063658654689788818,0.0063658654689788818
477,data/1_2024/shard-000477.tar,4499503,START,mild,1,61,62,318,-30,1.875,lt2,True,0.0057236630000000004,0.0011538565158843994,0.0011538565158843994,0.00095796585083007812,0.00095796585083007812,0.0014162063598632812,0.0014162063598632812,0.0031112134456634521,0.0031112134456634521,0.0033061504364013672,0.0033061504364013672,0.0038821548223495483,0.0038821548223495483,0,0,0,0,0,0,0,0,0,0,0,0,0.00045824050903320312,0.00045824050903320312,0.00045824050903320312,0.00045824050903320312,0.00057600438594818115,0.00057600438594818115,0.00057600438594818115,0.00057600438594818115,-0.00011776387691497803,-0.00011776387691497803,-0.00011776387691497803,-0.00011776387691497803
478,data/1_2024/shard-000477.tar,4554503,START,medium,17,174,191,447,-78.5,4.90625,ge4,False,0.02175653,0.00027377903461456299,0.00027377903461456299,-0.00067222118377685547,-0.00067222118377685547,0.00041949748992919922,0.00041949748992919922,0.007588505744934082,0.007588505744934082,0.010416314005851746,0.010416314005851746,0.0069558024406433105,0.0069558024406433105,0,0,0,0,0,0,0,0,0,0,0,0,0.0010917186737060547,0.0010917186737060547,0.0010917186737060547,0.0010917186737060547,-0.0034605115652084351,-0.0034605115652084351,-0.0034605115652084351,-0.0034605115652084351,0.0045522302389144897,0.0045522302389144897,0.0045522302389144897,0.0045522302389144897
479,data/1_2024/shard-000477.tar,4647375,START,medium,4,195,199,455,-95.5,5.96875,ge4,False,0.019339077,0.0062794461846351624,0.0062794461846351624,0.0067683085799217224,0.0067683085799217224,0.0071647539734840393,0.0071647539734840393,-0.00283784419298172,-0.00283784419298172,-0.0050786882638931274,-0.0050786882638931274,-0.0064450576901435852,-0.0064450576901435852,0,0,0,0,0,0,0,0,0,0,0,0,0.00039644539356231689,0.00039644539356231689,0.00039644539356231689,0.00039644539356231689,-0.0013663694262504578,-0.0013663694262504578,-0.0013663694262504578,-0.0013663694262504578,0.0017628148198127747,0.0017628148198127747,0.0017628148198127747,0.0017628148198127747
480,data/1_2024/shard-000477.tar,4653375,START,medium,27,94,121,377,-33.5,2.09375,2to4,False,0.011531457,-0.00024856626987457275,-0.00024856626987457275,0.00036345422267913818,0.00036345422267913818,0.00043061375617980957,0.00043061375617980957,0.00082097947597503662,0.00082097947597503662,0.00029699504375457764,0.00029699504375457764,0.00028955936431884766,0.00028955936431884766,0,0,0,0,0,0,0,0,0,0,0,0,6.7159533500671387e-05,6.7159533500671387e-05,6.7159533500671387e-05,6.7159533500671387e-05,-7.4356794357299805e-06,-7.4356794357299805e-06,-7.4356794357299805e-06,-7.4356794357299805e-06,7.4595212936401367e-05,7.4595212936401367e-05,7.4595212936401367e-05,7.4595212936401367e-05
481,data/1_2024/shard-000477.tar,4656375,END,strong,67,185,252,508,-59,3.6875,2to4,True,0.0079381469999999996,0.0042683854699134827,0.0042683854699134827,0.003567129373550415,0.003567129373550415,0.004255048930644989,0.004255048930644989,0.00046727806329727173,0.00046727806329727173,0.0006923973560333252,0.0006923973560333252,0.00070107728242874146,0.00070107728242874146,0,0,0,0,0,0,0,0,0,0,0,0,0.00068791955709457397,0.00068791955709457397,0.00068791955709457397,0.00068791955709457397,8.6799263954162598e-06,8.6799263954162598e-06,8.6799263954162598e-06,8.6799263954162598e-06,0.00067923963069915771,0.00067923963069915771,0.00067923963069915771,0.00067923963069915771
482,data/1_2024/shard-000477.tar,4659503,END,medium,2,123,125,381,-60.5,3.78125,2to4,False,0.033435971000000002,-0.0018960684537887573,-0.0018960684537887573,-0.0015825703740119934,-0.0015825703740119934,-0.002235017716884613,-0.002235017716884613,0.00035288184881210327,0.00035288184881210327,0.0003648027777671814,0.0003648027777671814,0.00045382976531982422,0.00045382976531982422,0,0,0,0,0,0,0,0,0,0,0,0,-0.00065244734287261963,-0.00065244734287261963,-0.00065244734287261963,-0.00065244734287261963,8.9026987552642822e-05,8.9026987552642822e-05,8.9026987552642822e-05,8.9026987552642822e-05,-0.00074147433042526245,-0.00074147433042526245,-0.00074147433042526245,-0.00074147433042526245
483,data/1_2024/shard-000477.tar,4667503,START,strong,91,212,303,559,-60.5,3.78125,2to4,True,0.0013753769999999999,0.0030846372246742249,0.0030846372246742249,0.0028003081679344177,0.0028003081679344177,0.0025917068123817444,0.0025917068123817444,0.008488040417432785,0.008488040417432785,0.005264773964881897,0.005264773964881897,0.0043698474764823914,0.0043698474764823914,0,0,0,0,0,0,0,0,0,0,0,0,-0.00020860135555267334,-0.00020860135555267334,-0.00020860135555267334,-0.00020860135555267334,-0.00089492648839950562,-0.00089492648839950562,-0.00089492648839950562,-0.00089492648839950562,0.00068632513284683228,0.00068632513284683228,0.00068632513284683228,0.00068632513284683228
484,data/1_2024/shard-000477.tar,4698503,START,medium,56,119,175,431,-31.5,1.96875,lt2,True,0.0032991689999999998,-0.0027353912591934204,-0.0027353912591934204,-0.0022310465574264526,-0.0022310465574264526,-0.004326358437538147,-0.004326358437538147,0.0017132312059402466,0.0017132312059402466,0.0019712746143341064,0.0019712746143341064,0.0018853694200515747,0.0018853694200515747,0,0,0,0,0,0,0,0,0,0,0,0,-0.0020953118801116943,-0.0020953118801116943,-0.0020953118801116943,-0.0020953118801116943,-8.5905194282531738e-05,-8.5905194282531738e-05,-8.5905194282531738e-05,-8.5905194282531738e-05,-0.0020094066858291626,-0.0020094066858291626,-0.0020094066858291626,-0.0020094066858291626
485,data/1_2024/shard-000477.tar,4701375,START,medium,44,117,161,417,-36.5,2.28125,2to4,True,0.002413526,0.0031371563673019409,0.0031371563673019409,0.0027785748243331909,0.0027785748243331909,0.0035229325294494629,0.0035229325294494629,0.0051817595958709717,0.0051817595958709717,0.0046060681343078613,0.0046060681343078613,0.0049818903207778931,0.0049818903207778931,0,0,0,0,0,0,0,0,-6.8992376327514648e-06,0,0,0,0.00074435770511627197,0.00074435770511627197,0.00074435770511627197,0.00074435770511627197,0.00036892294883728027,0.00036892294883728027,0.00037582218647003174,0.00037582218647003174,0.0003754347562789917,0.0003754347562789917,0.00036853551864624023,0.00036853551864624023
486,data/1_2024/shard-000477.tar,4762503,START,medium,39,143,182,438,-52,3.25,2to4,True,0.0022749599999999999,0.0090912580490112305,0.0090912580490112305,0.0077258199453353882,0.0077258199453353882,0.007242932915687561,0.007242932915687561,0.0101967453956604,0.0101967453956604,0.0083646625280380249,0.0083646625280380249,0.010093241930007935,0.010093241930007935,0,0,0,0,0,0,0,0,0,0,0,0,-0.00048288702964782715,-0.00048288702964782715,-0.00048288702964782715,-0.00048288702964782715,0.0017285794019699097,0.0017285794019699097,0.0017285794019699097,0.0017285794019699097,-0.0022114664316177368,-0.0022114664316177368,-0.0022114664316177368,-0.0022114664316177368
487,data/1_2024/shard-000477.tar,4872375,START,medium,2,165,167,423,-81.5,5.09375,ge4,False,0.023355490999999999,0.011206887662410736,0.011206887662410736,0.0084992498159408569,0.0084992498159408569,0.013609573245048523,0.013609573245048523,0.0049186460673809052,0.0049186460673809052,0.0070626363158226013,0.0070626363158226013,0.0054502077400684357,0.0054502077400684357,0,0,0,0,0,0,0,0,0,0,0,0,0.005110323429107666,0.005110323429107666,0.005110323429107666,0.005110323429107666,-0.0016124285757541656,-0.0016124285757541656,-0.0016124285757541656,-0.0016124285757541656,0.0067227520048618317,0.0067227520048618317,0.0067227520048618317,0.0067227520048618317
488,data/1_2024/shard-000477.tar,4876503,END,medium,12,116,128,384,-52,3.25,2to4,False,0.039273507999999999,-0.001565590500831604,-0.001565590500831604,-0.0026701688766479492,-0.0026701688766479492,-0.0016912072896957397,-0.0016912072896957397,0.0034147948026657104,0.0034001171588897705,0.0037675350904464722,0.0037594586610794067,0.003391459584236145,0.003391459584236145,0,0,-4.3213367462158203e-06,2.0131468772888184e-05,0,-5.6922435760498047e-06,-2.9802322387695312e-08,0,0,0,0,0,0.00097464025020599365,0.00098033249378204346,0.00099909305572509766,0.0010047852993011475,-0.00037607550621032715,-0.00037607550621032715,-0.00036799907684326172,-0.00036799907684326172,0.0013507157564163208,0.0013564079999923706,0.0013670921325683594,0.0013727843761444092
489,data/1_2024/shard-000477.tar,4885375,START,medium,22,111,133,389,-44.5,2.78125,2to4,False,0.014658994999999999,0.00085848569869995117,0.00085848569869995117,0.0009843483567237854,0.0009843483567237854,0.0011687204241752625,0.0011687204241752625,0.0010010004043579102,0.0010010004043579102,0.0011372976005077362,0.0011372976005077362,0.00091057270765304565,0.00091057270765304565,0,0,0,0,0,0,0,0,0,0,0,0,0.00018437206745147705,0.00018437206745147705,0.00018437206745147705,0.00018437206745147705,-0.00022672489285469055,-0.00022672489285469055,-0.00022672489285469055,-0.00022672489285469055,0.0004110969603061676,0.0004110969603061676,0.0004110969603061676,0.0004110969603061676
490,data/1_2024/shard-000477.tar,4931375,START,medium,48,99,147,403,-25.5,1.59375,lt2,True,0.005372562,0.0011438429355621338,0.0011438429355621338,0.001124940812587738,0.001124940812587738,0.0014411062002182007,0.0014411062002182007,-0.0012220069766044617,-0.0012220069766044617,-0.0016034990549087524,-0.0016034990549087524,-0.0011175796389579773,-0.0011175796389579773,0,0,0,0,0,0,0,0,0,0,0,0,0.00031616538763046265,0.00031616538763046265,0.00031616538763046265,0.00031616538763046265,0.00048591941595077515,0.00048591941595077515,0.00048591941595077515,0.00048591941595077515,-0.0001697540283203125,-0.0001697540283203125,-0.0001697540283203125,-0.0001697540283203125
491,data/1_2024/shard-000477.tar,4949503,START,medium,35,108,143,399,-36.5,2.28125,2to4,False,0.019646779,-4.0829181671142578e-05,-4.0829181671142578e-05,1.7330050468444824e-05,1.7330050468444824e-05,-0.00048448145389556885,-0.00048448145389556885,0.0028662830591201782,0.0028662830591201782,0.0038421899080276489,0.0038421899080276489,0.0041652470827102661,0.0041652470827102661,0,0,0,0,0,0,0,0,0,0,0,0,-0.00050181150436401367,-0.00050181150436401367,-0.00050181150436401367,-0.00050181150436401367,0.00032305717468261719,0.00032305717468261719,0.00032305717468261719,0.00032305717468261719,-0.00082486867904663086,-0.00082486867904663086,-0.00082486867904663086,-0.00082486867904663086
492,data/1_2024/shard-000477.tar,4953503,END,medium,15,164,179,435,-74.5,4.65625,ge4,True,0.0028744640000000002,0.019160717725753784,0.019160717725753784,0.012031853199005127,0.012031853199005127,0.021792247891426086,0.021792247891426086,0.0015502721071243286,0.0015502721071243286,0.0019787400960922241,0.0019787400960922241,0.0008398890495300293,0.0008398890495300293,0,0,0,0,0,0,0,0,0,0,0,0,0.0097603946924209595,0.0097603946924209595,0.0097603946924209595,0.0097603946924209595,-0.0011388510465621948,-0.0011388510465621948,-0.0011388510465621948,-0.0011388510465621948,0.010899245738983154,0.010899245738983154,0.010899245738983154,0.010899245738983154
493,data/1_2024/shard-000477.tar,4956375,START,medium,1,127,128,384,-63,3.9375,2to4,False,0.012193635,0.0031953006982803345,0.0031953006982803345,0.0030688941478729248,0.0030688941478729248,0.0039236247539520264,0.0039236247539520264,0.011895805597305298,0.011895805597305298,0.016049697995185852,0.016049697995185852,0.013251394033432007,0.013251394033432007,0,0,0,0,0,0,0,0,0,0,0,0,0.00085473060607910156,0.00085473060607910156,0.00085473060607910156,0.00085473060607910156,-0.0027983039617538452,-0.0027983039617538452,-0.0027983039617538452,-0.0027983039617538452,0.0036530345678329468,0.0036530345678329468,0.0036530345678329468,0.0036530345678329468
494,data/1_2024/shard-000477.tar,5055503,START,medium,61,139,200,456,-39,2.4375,2to4,False,0.014721941000000001,0.00057964026927947998,0.00057964026927947998,-4.0978193283081055e-06,-4.0978193283081055e-06,0.0011124163866043091,0.0011124163866043091,0.020024895668029785,0.020024895668029785,0.02403491735458374,0.02403491735458374,0.022962808609008789,0.022962808609008789,0,0,0,0,0,0,0,0,0,0,0,0,0.0011165142059326172,0.0011165142059326172,0.0011165142059326172,0.0011165142059326172,-0.0010721087455749512,-0.0010721087455749512,-0.0010721087455749512,-0.0010721087455749512,0.0021886229515075684,0.0021886229515075684,0.0021886229515075684,0.0021886229515075684
495,data/1_2024/shard-000477.tar,5103375,START,medium,21,137,158,414,-58,3.625,2to4,False,0.012747972999999999,0.0018674284219741821,0.0018674284219741821,0.0016990154981613159,0.0016990154981613159,0.0025480836629867554,0.0025480836629867554,0.00082504749298095703,0.00082504749298095703,0.00083723664283752441,0.00083723664283752441,0.00037701427936553955,0.00037701427936553955,0,0,0,0,0,0,0,0,0,0,0,0,0.00084906816482543945,0.00084906816482543945,0.00084906816482543945,0.00084906816482543945,-0.00046022236347198486,-0.00046022236347198486,-0.00046022236347198486,-0.00046022236347198486,0.0013092905282974243,0.0013092905282974243,0.0013092905282974243,0.0013092905282974243
496,data/1_2024/shard-000477.tar,5167503,START,medium,50,103,153,409,-26.5,1.65625,lt2,False,0.019585945,0.0025364905595779419,0.0025364905595779419,0.002002418041229248,0.002002418041229248,0.0022698603570461273,0.0022698603570461273,-0.00039451941847801208,-0.00039451941847801208,-0.0004831366240978241,-0.0004831366240978241,-0.00059724599123001099,-0.00059724599123001099,0,0,0,0,0,0,0,0,0,0,0,0,0.00026744231581687927,0.00026744231581687927,0.00026744231581687927,0.00026744231581687927,-0.00011410936713218689,-0.00011410936713218689,-0.00011410936713218689,-0.00011410936713218689,0.00038155168294906616,0.00038155168294906616,0.00038155168294906616,0.00038155168294906616
497,data/1_2024/shard-000477.tar,5172375,END,medium,27,158,185,441,-65.5,4.09375,ge4,True,0.0084192599999999996,0.0010138005018234253,0.0010138005018234253,0.0004507601261138916,0.0004507601261138916,0.0015148967504501343,0.0015148967504501343,0.0055394768714904785,0.0055264979600906372,0.0056289359927177429,0.0056289359927177429,0.0062077194452285767,0.0062077194452285767,0,0,0,0,0,0,0,0,0,0,0,0,0.0010641366243362427,0.0010641366243362427,0.0010641366243362427,0.0010641366243362427,0.00057878345251083374,0.00057878345251083374,0.00057878345251083374,0.00057878345251083374,0.00048535317182540894,0.00048535317182540894,0.00048535317182540894,0.00048535317182540894
498,data/1_2024/shard-000477.tar,5186503,START,medium,8,120,128,384,-56,3.5,2to4,True,0.0063782930000000002,0.0044881850481033325,0.0044881850481033325,0.0051652193069458008,0.0051652193069458008,0.0052282810211181641,0.0052282810211181641,0.0069057196378707886,0.0069057196378707886,0.0074177682399749756,0.0074177682399749756,0.0079889148473739624,0.0079889148473739624,0,0,0,0,0,0,0,0,0,0,0,0,6.3061714172363281e-05,6.3061714172363281e-05,6.3061714172363281e-05,6.3061714172363281e-05,0.00057114660739898682,0.00057114660739898682,0.00057114660739898682,0.00057114660739898682,-0.00050808489322662354,-0.00050808489322662354,-0.00050808489322662354,-0.00050808489322662354
499,data/1_2024/shard-000477.tar,5191375,END,medium,61,141,202,458,-40,2.5,2to4,False,0.012210584999999999,0.0023523867130279541,0.0023523867130279541,0.0033680945634841919,0.0033680945634841919,0.0027045309543609619,0.0027045309543609619,0.005491107702255249,0.005491107702255249,0.0057125240564346313,0.0057125240564346313,0.0063419044017791748,0.0063419044017791748,0,0,0,0,0,0,0,0,0,0,0,0,-0.00066356360912322998,-0.00066356360912322998,-0.00066356360912322998,-0.00066356360912322998,0.00062938034534454346,0.00062938034534454346,0.00062938034534454346,0.00062938034534454346,-0.0012929439544677734,-0.0012929439544677734,-0.0012929439544677734,-0.0012929439544677734
500,data/1_2024/shard-000477.tar,5199503,END,medium,33,89,122,378,-28,1.75,lt2,True,0.0050240010000000002,0.0011142343282699585,0.0011142343282699585,0.0010341331362724304,0.0010341331362724304,0.001777254045009613,0.001777254045009613,-0.001520983874797821,-0.001520983874797821,-0.00053106993436813354,-0.00053106993436813354,-0.0014368966221809387,-0.0014368966221809387,0,0,0,0,0,0,0,0,0,0,0,0,0.00074312090873718262,0.00074312090873718262,0.00074312090873718262,0.00074312090873718262,-0.00090582668781280518,-0.00090582668781280518,-0.00090582668781280518,-0.00090582668781280518,0.0016489475965499878,0.0016489475965499878,0.0016489475965499878,0.0016489475965499878
501,data/1_2024/shard-000477.tar,5203503,START,medium,5,164,169,425,-79.5,4.96875,ge4,True,0.0038109569999999998,0.015748709440231323,0.015748709440231323,0.022823840379714966,0.022823840379714966,0.021130457520484924,0.021130457520484924,0.0096362531185150146,0.0096362531185150146,0.010435059666633606,0.010435059666633606,0.00830097496509552,0.00830097496509552,0,0,0,0,0,0,0,0,0,0,0,0,-0.0016933828592300415,-0.0016933828592300415,-0.0016933828592300415,-0.0016933828592300415,-0.0021340847015380859,-0.0021340847015380859,-0.0021340847015380859,-0.0021340847015380859,0.00044070184230804443,0.00044070184230804443,0.00044070184230804443,0.00044070184230804443
502,data/1_2024/shard-000477.tar,5224503,START,medium,41,99,140,396,-29,1.8125,lt2,True,0.00013074300000000001,0.0024836063385009766,0.0024836063385009766,0.0020053982734680176,0.0020053982734680176,0.0021647214889526367,0.0021647214889526367,0.0093873739242553711,0.0093873739242553711,0.0094823837280273438,0.0094823837280273438,0.01121877133846283,0.01121877133846283,0,0,0,0,0,0,0,0,0,0,0,0,0.00015932321548461914,0.00015932321548461914,0.00015932321548461914,0.00015932321548461914,0.0017363876104354858,0.0017363876104354858,0.0017363876104354858,0.0017363876104354858,-0.0015770643949508667,-0.0015770643949508667,-0.0015770643949508667,-0.0015770643949508667
503,data/1_2024/shard-000477.tar,5287375,START,medium,8,115,123,379,-53.5,3.34375,2to4,False,0.032425969999999998,-0.0021039023995399475,-0.0021039023995399475,-0.001620560884475708,-0.001620560884475708,-0.001232929527759552,-0.001232929527759552,0.0029186978936195374,0.0029186978936195374,0.0023255720734596252,0.0023255720734596252,0.0013310611248016357,0.0013310611248016357,0,0,0,0,0,0,0,0,0,0,0,0,0.00038763135671615601,0.00038763135671615601,0.00038763135671615601,0.00038763135671615601,-0.0009945109486579895,-0.0009945109486579895,-0.0009945109486579895,-0.0009945109486579895,0.0013821423053741455,0.0013821423053741455,0.0013821423053741455,0.0013821423053741455
504,data/1_2024/shard-000477.tar,5295503,END,medium,48,158,206,462,-55,3.4375,2to4,False,0.012219548,0.0024221166968345642,0.0024221166968345642,0.0016243681311607361,0.0016243681311607361,0.0011732801795005798,0.0011732801795005798,0.00029581040143966675,0.00029581040143966675,-0.00015476346015930176,-0.00015476346015930176,-0.0011077672243118286,-0.0011077672243118286,0,0,0,0,0,0,0,0,0,0,0,0,-0.00045108795166015625,-0.00045108795166015625,-0.00045108795166015625,-0.00045108795166015625,-0.00095300376415252686,-0.00095300376415252686,-0.00095300376415252686,-0.00095300376415252686,0.00050191581249237061,0.00050191581249237061,0.00050191581249237061,0.00050191581249237061
505,data/1_2024/shard-000477.tar,5317503,START,medium,11,114,125,381,-51.5,3.21875,2to4,False,0.016798503999999999,0.0020223706960678101,0.0020223706960678101,0.0015028268098831177,0.0015028268098831177,0.0027724429965019226,0.0027724429965019226,0.022780150175094604,0.022780150175094604,0.021873719990253448,0.021873719990253448,0.023691125214099884,0.023691125214099884,0,0,0,0,0,0,0,0,0,0,0,0,0.0012696161866188049,0.0012696161866188049,0.0012696161866188049,0.0012696161866188049,0.0018174052238464355,0.0018174052238464355,0.0018174052238464355,0.0018174052238464355,-0.00054778903722763062,-0.00054778903722763062,-0.00054778903722763062,-0.00054778903722763062
506,data/1_2024/shard-000477.tar,5370503,END,medium,5,135,140,396,-65,4.0625,ge4,False,0.012835864000000001,0.00052948296070098877,0.00052948296070098877,-0.00050438195466995239,-0.00050438195466995239,0.00033248960971832275,0.00033248960971832275,0.018518693745136261,0.018518693745136261,0.020187579095363617,0.020187579095363617,0.016202092170715332,0.016202092170715332,0,0,0,0,0,0,0,0,0,0,0,0,0.00083687156438827515,0.00083687156438827515,0.00083687156438827515,0.00083687156438827515,-0.0039854869246482849,-0.0039854869246482849,-0.0039854869246482849,-0.0039854869246482849,0.0048223584890365601,0.0048223584890365601,0.0048223584890365601,0.0048223584890365601
507,data/1_2024/shard-000477.tar,5374503,END,medium,51,148,199,455,-48.5,3.03125,2to4,False,0.01247476,0.0026280581951141357,0.0026280581951141357,0.0014999881386756897,0.0014999881386756897,0.0044798627495765686,0.0044798627495765686,-0.00061806291341781616,-0.00061806291341781616,0.00064248591661453247,0.00064248591661453247,-0.0011219829320907593,-0.0011219829320907593,0,0,0,0,0,0,0,0,0,0,0,0,0.0029798746109008789,0.0029798746109008789,0.0029798746109008789,0.0029798746109008789,-0.0017644688487052917,-0.0017644688487052917,-0.0017644688487052917,-0.0017644688487052917,0.0047443434596061707,0.0047443434596061707,0.0047443434596061707,0.0047443434596061707
508,data/1_2024/shard-000477.tar,5378503,START,strong,85,179,264,520,-47,2.9375,2to4,True,0.007625639,0.00068165361881256104,0.00068165361881256104,-0.0021004527807235718,-0.0021004527807235718,-0.00079023838043212891,-0.00079023838043212891,0.00034180283546447754,0.00034180283546447754,0.00060056149959564209,0.00060056149959564209,0.00050931423902511597,0.00051061064004898071,0,0,0,0,0,0,0,0,0,0,-1.2964010238647461e-06,0,0.0013102144002914429,0.0013102144002914429,0.0013102144002914429,0.0013102144002914429,-8.9950859546661377e-05,-8.9950859546661377e-05,-8.9950859546661377e-05,-8.9950859546661377e-05,0.0014001652598381042,0.0014001652598381042,0.0014001652598381042,0.0014001652598381042
509,data/1_2024/shard-000477.tar,5388503,START,medium,47,139,186,442,-46,2.875,2to4,False,0.010152407,-0.00023441016674041748,-0.00023441016674041748,-0.00042106956243515015,-0.00042106956243515015,-0.00079285353422164917,-0.00079285353422164917,-0.001389380544424057,-0.001389380544424057,-0.0012485533952713013,-0.0012485533952713013,-0.0010881423950195312,-0.0010881423950195312,0,0,0,0,0,0,0,0,0,0,0,0,-0.00037178397178649902,-0.00037178397178649902,-0.00037178397178649902,-0.00037178397178649902,0.00016041100025177002,0.00016041100025177002,0.00016041100025177002,0.00016041100025177002,-0.00053219497203826904,-0.00053219497203826904,-0.00053219497203826904,-0.00053219497203826904
510,data/1_2024/shard-000477.tar,5409503,START,medium,6,191,197,453,-92.5,5.78125,ge4,True,0.0051653610000000003,0.0022638589143753052,0.0022638589143753052,0.0021365731954574585,0.0021365731954574585,0.0025583133101463318,0.0025583133101463318,0.027991175651550293,0.027991175651550293,0.028562620282173157,0.028562620282173157,0.027114085853099823,0.027114085853099823,0,0,0,0,0,0,0,0,0,0,0,0,0.00042174011468887329,0.00042174011468887329,0.00042174011468887329,0.00042174011468887329,-0.0014485344290733337,-0.0014485344290733337,-0.0014485344290733337,-0.0014485344290733337,0.001870274543762207,0.001870274543762207,0.001870274543762207,0.001870274543762207
511,data/1_2024/shard-000477.tar,5462375,START,medium,11,160,171,427,-74.5,4.65625,ge4,False,0.023808948999999999,0.015744969248771667,0.015744969248771667,0.015314102172851562,0.015314102172851562,0.019216179847717285,0.019216179847717285,0.0015420839190483093,0.0015420839190483093,0.0025972276926040649,0.0025972276926040649,-0.00014316290616989136,-0.00014316290616989136,0,0,0,0,0,0,0,0,0,0,0,0,0.0039020776748657227,0.0039020776748657227,0.0039020776748657227,0.0039020776748657227,-0.0027403905987739563,-0.0027403905987739563,-0.0027403905987739563,-0.0027403905987739563,0.006642468273639679,0.006642468273639679,0.006642468273639679,0.006642468273639679
