pair_index,source_shard,sample_id,original_side,zoom_band,k_start,k_end,available,full_height,signed_shift_start,latent_band,in_targeted,in_balanced,M_TOP_new,M_BOT_new,F_TOP_new,F_BOT_new,BB_MINUS_TT_new,M_TOP_frozen,M_BOT_frozen,delta_top,delta_bot
0,data/1_2024/shard-000477.tar,6503,START,medium,29,111,140,396,-41,2to4,true,false,0.00040368735790252686,0.0063965320587158203,0,0,-0.006774216890335083,0.000403687357903,0.0063965320587200001,-4.7314582807267414e-16,-4.1798162153661167e-15
1,data/1_2024/shard-000477.tar,13503,END,mild,21,88,109,365,-33.5,2to4,true,true,0.00043080002069473267,0.003637164831161499,0,0,0.026745520532131195,0.00043080002069499998,0.0036371648311599998,-2.6731004562630112e-16,1.4992347641129555e-15
2,data/1_2024/shard-000477.tar,16375,END,mild,19,87,106,362,-34,2to4,true,true,0.0051891803741455078,0.0030908957123756409,0,0,-0.020439065992832184,0.0051891803741499999,0.0030908957123799998,-4.492066441041942e-15,-4.358926414260722e-15
3,data/1_2024/shard-000477.tar,30375,START,medium,21,111,132,388,-45,2to4,true,true,0.0016152597963809967,0.020303666591644287,0,0,-0.014746543020009995,0.0016152597963800001,0.0203036665916,9.9659863694867568e-16,4.4287490341687885e-14
4,data/1_2024/shard-000477.tar,50375,START,medium,51,105,156,412,-27,lt2,false,true,0.00023718923330307007,-0.00070168823003768921,0,0,-0.027758285403251648,0.000237189233303,-0.00070168823003800005,7.0066565396875724e-17,3.1084076285159412e-16
5,data/1_2024/shard-000477.tar,83503,END,mild,3,94,97,353,-45.5,2to4,true,false,0.0017041563987731934,0.001644134521484375,0,0,-0.0099304020404815674,0.00170415639877,0.00164413452148,3.1934090788388048e-15,4.3749726064135075e-15
6,data/1_2024/shard-000477.tar,84503,START,mild,1,95,96,352,-47,2to4,true,false,0.0029081255197525024,0.0075055956840515137,-1.6242265701293945e-06,0,0.0053357332944869995,0.0029097497463199998,0.0075141638517399996,-1.6242265674973853e-06,-8.5681676884859573e-06
7,data/1_2024/shard-000477.tar,117375,END,mild,5,80,85,341,-37.5,2to4,true,false,0.014482475817203522,0.0083085261285305023,0,0,0.022638075053691864,0.0144824758172,0.0083085261285299992,3.5214886562329184e-15,5.0306980803327406e-16
8,data/1_2024/shard-000477.tar,117503,END,medium,45,103,148,404,-29,lt2,false,true,0.0032449066638946533,0.0024207308888435364,0,0,-0.03477787971496582,0.0032449066638899999,0.0024207308888400001,4.653395724307785e-15,3.5362338057787213e-15
9,data/1_2024/shard-000477.tar,121375,START,medium,22,133,155,411,-55.5,2to4,true,true,0.0024713426828384399,0.0019191130995750427,0,0,-0.018745921552181244,0.0024713426828399999,0.0019191130995799999,-1.5599500857721438e-15,-4.9571891730382234e-15
10,data/1_2024/shard-000477.tar,124375,START,mild,11,80,91,347,-34.5,2to4,true,false,0.0033072754740715027,0.001444794237613678,0,0,0.057755067944526672,0.00330727547407,0.0014447942376099999,1.5027042110649091e-15,3.6780474499398252e-15
11,data/1_2024/shard-000477.tar,124503,END,mild,4,65,69,325,-30.5,lt2,false,true,0.0022469833493232727,0.0088037624955177307,0,0,0.014251872897148132,0.0022469833493200001,0.0088037624955199997,3.2725558374302466e-15,-2.2690183065776637e-15
12,data/1_2024/shard-000477.tar,133375,START,medium,26,166,192,448,-70,ge4,true,true,0.0065462663769721985,0.0049926042556762695,0,0,0.02620416134595871,0.0065462663769699997,0.0049926042556800001,2.198762005800603e-15,-3.7305228350881237e-15
13,data/1_2024/shard-000477.tar,169503,START,mild,7,99,106,362,-46,2to4,true,true,0.0040694177150726318,0.0019831061363220215,0,0,0.0054037272930145264,0.0040694177150700003,0.0019831061363200001,2.6315755130568164e-15,2.0213865303819745e-15
14,data/1_2024/shard-000477.tar,172375,END,mild,0,103,103,359,-51.5,2to4,true,false,0.0039484798908233643,0.0012571066617965698,0,0,-0.036265775561332703,0.0039484798908199998,0.0012571066618,3.3644961816570174e-15,-3.4301988333096389e-15
15,data/1_2024/shard-000477.tar,177503,END,medium,28,118,146,402,-45,2to4,true,false,0.00067427754402160645,-0.0097048431634902954,0,0,0.00047509372234344482,0.00067427754402200001,-0.0097048431634900005,-3.9356538861223811e-16,-2.9490299091605721e-16
16,data/1_2024/shard-000477.tar,182503,START,mild,4,81,85,341,-38.5,2to4,true,true,0.0012469366192817688,0.0013447403907775879,0,0,0.012662574648857117,0.00120306015015,0.00134357064962,4.387646913176879e-05,1.1697411575878596e-06
17,data/1_2024/shard-000477.tar,183503,START,medium,61,136,197,453,-37.5,2to4,true,true,0.0014242231845855713,0.00058469176292419434,0,0,-0.036941200494766235,0.00142422318459,0.00058469176292400005,-4.4287490341687885e-15,1.9428902930940239e-16
18,data/1_2024/shard-000477.tar,231503,END,mild,24,82,106,362,-29,lt2,false,false,0.0023300051689147949,0.0017248988151550293,0,0,-0.055680066347122192,0.0023300051689100001,0.0017248988151599999,4.7947756875998948e-15,-4.9706332799770436e-15
19,data/1_2024/shard-000477.tar,240503,START,mild,21,60,81,337,-19.5,lt2,false,true,0.0020605325698852539,0.0010924339294433594,0,0,0.029872052371501923,0.0020605325698900001,0.0010924339294400001,-4.7462034302725442e-15,3.3592920112290869e-15
20,data/1_2024/shard-000477.tar,273503,END,mild,27,80,107,363,-26.5,lt2,false,true,-0.00045480579137802124,-0.0015695244073867798,0,0,0.066038094460964203,-0.00045480579137799999,-0.0015695244073900001,-2.1250362580715887e-17,3.2202972927164453e-15
21,data/1_2024/shard-000477.tar,274503,END,mild,26,59,85,341,-16.5,lt2,false,true,0.0019851773977279663,0.00042825192213058472,0,0,-0.0019431263208389282,0.0019851773977299998,0.00042825192213100002,-2.0335295947138121e-15,-4.1530364217057247e-16
22,data/1_2024/shard-000477.tar,278375,END,strong,78,166,244,500,-44,2to4,true,false,0.0079930573701858521,0.0076990947127342224,0,0,-0.051677659153938293,0.0079930573701899998,0.0076990947127300001,-4.1477238310605458e-15,4.2223169405275485e-15
23,data/1_2024/shard-000477.tar,305503,END,strong,13,219,232,488,-103,ge4,true,false,0.0026229992508888245,0.0055161081254482269,0,0,-0.077906936407089233,0.0026229992508900002,0.0055161081254499998,-1.175708835843281e-15,-1.7728873924482969e-15
24,data/1_2024/shard-000477.tar,331503,END,mild,5,97,102,358,-46,2to4,true,false,0.0028335303068161011,0.027913287281990051,0,0,-0.10471838712692261,0.0028583258390399999,0.027882009744599999,-2.4795532223898832e-05,3.127753739005229e-05
25,data/1_2024/shard-000477.tar,335503,END,mild,5,88,93,349,-41.5,2to4,true,true,-0.0017863214015960693,0.0099408924579620361,0,0,-0.011174775660037994,-0.0017863214016,0.0099408924579599996,3.9306665561289478e-15,2.0365653607967715e-15
26,data/1_2024/shard-000477.tar,346503,END,mild,6,102,108,364,-48,2to4,true,true,0.00084760785102844238,0.010028183460235596,0,0,-0.0058930814266204834,0.00084760785102800003,0.010028183460199999,4.4235448637408581e-16,3.5596525727044082e-14
27,data/1_2024/shard-000477.tar,364375,START,mild,6,91,97,353,-42.5,2to4,true,false,0.001434817910194397,0.0077834278345108032,0,0,-0.058058179914951324,0.0014348179101900001,0.0077951475977900003,4.3968734902977147e-15,-1.1719763279197104e-05
28,data/1_2024/shard-000477.tar,406503,END,mild,10,52,62,318,-21,lt2,false,true,0.0019924715161323547,0.00066234171390533447,-8.3595514297485352e-06,0,0.016750484704971313,0.00196727365255,0.000662341713905,2.5197863582354738e-05,3.3447637021177812e-16
29,data/1_2024/shard-000477.tar,448503,START,mild,3,54,57,313,-25.5,lt2,false,true,0.011334151029586792,0.0021586418151855469,0,0,0.0092956870794296265,0.0113341510296,0.0021586418151899999,-1.3208184546087409e-14,-4.4530351628324638e-15
30,data/1_2024/shard-000477.tar,473375,END,mild,19,66,85,341,-23.5,lt2,false,true,0.0046700388193130493,0.0020955651998519897,0,0,0.01467345654964447,0.0046700388193099997,0.00209556519985,3.0496438707672269e-15,1.9897278269453977e-15
31,data/1_2024/shard-000477.tar,476375,START,mild,21,69,90,346,-24,lt2,false,false,0.0015551596879959106,0.014653876423835754,-9.1195106506347656e-06,0,-0.0099463909864425659,0.00152914226055,0.0146132111549,2.6017427445910622e-05,4.0665268935754367e-05
32,data/1_2024/shard-000477.tar,487375,END,mild,25,60,85,341,-17.5,lt2,false,false,0.0012599900364875793,-0.00087548792362213135,0,0,0.001322772353887558,0.0012599900364899999,-0.00087548792362200005,-2.4205897702911372e-15,-1.3129688308799459e-16
33,data/1_2024/shard-000477.tar,518503,END,strong,28,211,239,495,-91.5,ge4,true,true,0.012374594807624817,0.00032531097531318665,0,0,-0.12090971693396568,0.0123745948076,0.000325310975313,2.4816954047324202e-14,1.8664540399337959e-16
34,data/1_2024/shard-000477.tar,533375,END,medium,39,83,122,378,-22,lt2,false,true,0.0032416731119155884,-0.0017763823270797729,0,0,0.03347623348236084,0.0032416731119200002,-0.00177638232708,-4.4118354802780146e-15,2.2703193491846463e-16
35,data/1_2024/shard-000477.tar,542375,START,mild,5,53,58,314,-24,lt2,false,false,0.00027485191822052002,0.0035413950681686401,0,0,0.045105978846549988,0.000274851918221,0.0035413950681700002,-4.7997630175933281e-16,-1.3600232051658168e-15
36,data/1_2024/shard-000477.tar,551503,START,medium,13,187,200,456,-87,ge4,true,false,0.010733768343925476,0.0089153647422790527,0,0,0.046787098050117493,0.0107337683439,0.0089153647422799999,2.5476148968195389e-14,-9.4715901788333667e-16
37,data/1_2024/shard-000477.tar,552503,END,mild,23,88,111,367,-32.5,2to4,true,true,0.00029312074184417725,0.0029052048921585083,0,0,-0.069825299084186554,0.00029312074184399998,0.0029052048921600002,1.7726705520137997e-16,-1.4918621893400541e-15
38,data/1_2024/shard-000477.tar,559503,END,mild,3,103,106,362,-50,2to4,true,true,0.0014208927750587463,0.0016082972288131714,0,0,0.22990287840366364,0.0014208927750599999,0.0016082972288100001,-1.2535545518277402e-15,3.1712913545201005e-15
39,data/1_2024/shard-000477.tar,567375,START,mild,16,88,104,360,-36,2to4,true,true,-0.0015918314456939697,0.0033022165298461914,0,0,-6.6906213760375977e-06,-0.00159183144569,0.00330221652985,-3.9696978343384259e-15,-3.80858539150708e-15
40,data/1_2024/shard-000477.tar,571375,END,mild,26,59,85,341,-16.5,lt2,false,true,-0.00091379880905151367,-0.00087839365005493164,0,0,0.018121138215065002,-0.00091379880905200004,-0.00087839365005500005,4.8637309457699729e-16,6.841315708383533e-17
41,data/1_2024/shard-000477.tar,581503,START,mild,8,77,85,341,-34.5,2to4,true,true,0.0029006004333496094,-0.0052582249045372009,0,0,0.031631305813789368,0.0029006004333500001,-0.0052582249045399999,-3.907464629637758e-16,2.7989763284885782e-15
42,data/1_2024/shard-000477.tar,589503,END,mild,17,47,64,320,-15,lt2,false,false,-0.00032790005207061768,-0.00075531005859375,-2.6077032089233398e-06,0,0.0085601955652236938,-0.00025704503059400001,-0.00077410042285899999,-7.085502147661767e-05,1.8790364265249991e-05
43,data/1_2024/shard-000477.tar,594375,START,mild,19,73,92,348,-27,lt2,false,true,-0.001109100878238678,0.0028223320841789246,0,0,-0.027117423713207245,-0.00120208412409,0.0028072819113699999,9.2983245851321981e-05,1.5050172808924681e-05
44,data/1_2024/shard-000477.tar,604375,END,mild,13,67,80,336,-27,lt2,false,true,7.5176358222961426e-06,0.0051807761192321777,0,0,-0.02084013819694519,7.5176358223e-06,0.0051807761192299998,-3.8573880417960837e-18,2.1779453240888813e-15
45,data/1_2024/shard-000477.tar,616503,START,mild,14,50,64,320,-18,lt2,false,false,-0.00014349073171615601,0.0016250088810920715,0,0,0.0014917328953742981,-0.00014349073171599999,0.0016250088810900001,-1.5601669262066409e-16,2.0714766707508048e-15
46,data/1_2024/shard-000477.tar,630375,END,mild,15,70,85,341,-27.5,lt2,false,false,0.00025323033332824707,-0.00025663524866104126,0,0,0.034034334123134613,0.00025323033332799998,-0.00025663524866100001,2.4708967510944646e-16,-4.1253892663073444e-17
47,data/1_2024/shard-000477.tar,637375,START,mild,9,61,70,326,-26,lt2,false,false,-0.0017982274293899536,0.00052714347839355469,0,0,0.059275537729263306,-0.00179822742939,0.00052714347839399997,4.640385298237959e-17,-4.4528183223979667e-16
48,data/1_2024/shard-000477.tar,656375,END,mild,3,99,102,358,-48,2to4,true,true,-0.0003055185079574585,0.001076921820640564,0,0,0.066890209913253784,-0.00030551850795699999,0.00107692182064,-4.5850909874411983e-16,5.6400197012695941e-16
49,data/1_2024/shard-000477.tar,656503,END,medium,39,80,119,375,-20.5,lt2,false,false,-0.0011597573757171631,0.0015215277671813965,0,0,-0.0043117403984069824,-0.00115975737572,0.00152152776718,2.8369234045255709e-15,1.3964523981613297e-15
50,data/1_2024/shard-000477.tar,663375,START,mild,6,67,73,329,-30.5,lt2,false,false,0.0039996802806854248,0.0077382773160934448,0,-1.7315149307250977e-05,0.027412742376327515,0.00400914251804,0.0077555924654000002,-9.4622373545752425e-06,-1.7315149306555352e-05
51,data/1_2024/shard-000477.tar,670375,START,mild,5,95,100,356,-45,2to4,true,true,0.0017383992671966553,0.0017942041158676147,0,0,0.035914137959480286,0.0017383992672,0.00179420411587,-3.3447637021177812e-15,-2.3852447794681098e-15
52,data/1_2024/shard-000477.tar,675503,END,medium,27,89,116,372,-31,lt2,false,true,0.00056415796279907227,0.0042212009429931641,3.8892030715942383e-05,-1.0274350643157959e-05,-0.051316492259502411,0.000582739710808,0.0042212009429899999,-1.8581748008927737e-05,3.1641356201816961e-15
53,data/1_2024/shard-000477.tar,680503,END,mild,25,81,106,362,-28,lt2,false,false,-0.0022855699062347412,0.0022747740149497986,0,0,0.04449288547039032,-0.0022855699062300002,0.0022747740149499998,-4.7409992598446138e-15,-2.0122792321330962e-16
54,data/1_2024/shard-000477.tar,685375,START,mild,8,90,98,354,-41,2to4,true,true,0.0030855238437652588,0.0048010051250457764,0,0,-0.0026998370885848999,0.0030855238437699998,0.0048010051250500004,-4.7409992598446138e-15,-4.2240516640035253e-15
55,data/1_2024/shard-000477.tar,685503,END,medium,31,97,128,384,-33,2to4,true,false,-0.004599250853061676,0.0011890307068824768,0,0,-0.017327278852462769,-0.0045992508530600003,0.0011890307068800001,-1.6757428777935957e-15,2.4767514428258863e-15
56,data/1_2024/shard-000477.tar,689503,END,mild,30,76,106,362,-23,lt2,false,true,0.0016964823007583618,0.0016903430223464966,0,0,0.0016103982925415039,0.00169648230076,0.0016903430223500001,-1.6382294826255972e-15,-3.503490900169659e-15
57,data/1_2024/shard-000477.tar,708375,END,mild,28,83,111,367,-27.5,lt2,false,true,0.0046279579401016235,0.0060175955295562744,0,0,0.01117861270904541,0.0046279579400999998,0.0060175955295599997,1.6237011735142914e-15,-3.7253186646601932e-15
58,data/1_2024/shard-000477.tar,734503,END,mild,18,37,55,311,-9.5,lt2,false,true,0.0012851245701313019,0.00031625851988792419,-3.1881034374237061e-05,-5.3569674491882324e-06,-0.033993877470493317,0.0012812428176399999,0.000325884670019,3.8817524913019753e-06,-9.6261501310758034e-06
59,data/1_2024/shard-000477.tar,738375,START,mild,20,86,106,362,-33,2to4,true,false,0.011877119541168213,0.0032111182808876038,0,0,-0.10882122069597244,0.0118771195412,0.0032111182808899998,-3.1787072973799013e-14,-2.3960868011929648e-15
60,data/1_2024/shard-000477.tar,739375,START,mild,0,110,110,366,-55,2to4,true,false,0.0064898133277893066,-0.001684233546257019,0,0,-0.073665246367454529,0.0064898133277899997,-0.0016842335462599999,-6.9302202865273443e-16,2.9809054530316459e-15
61,data/1_2024/shard-000477.tar,742375,END,mild,12,90,102,358,-39,2to4,true,true,0.010636501014232635,0.0047382637858390808,0,0,0.024083033204078674,0.0106365010142,0.0047382637858400002,3.2635352753551672e-14,-9.1940344226770776e-16
62,data/1_2024/shard-000477.tar,745375,START,medium,24,89,113,369,-32.5,2to4,true,true,0.00072495639324188232,0.00059580802917480469,0,0,-0.024974025785923004,0.00072495639324199996,0.00059580802917499995,-1.1763593571467723e-16,-1.9526481126463935e-16
63,data/1_2024/shard-000477.tar,748375,START,medium,40,95,135,391,-27.5,lt2,false,true,0.0013020634651184082,-0.00039637088775634766,0,0,0.027991771697998047,0.00130206346512,-0.00039637088775600001,-1.5918256296432176e-15,-3.47649426607477e-16
64,data/1_2024/shard-000477.tar,779503,START,mild,1,102,103,359,-50.5,2to4,true,false,0.0033030807971954346,-0.0011171624064445496,0,0,-0.14903951436281204,0.0033030807971999999,-0.00111716240644,-4.5653585079019621e-15,-4.5495291561836737e-15
65,data/1_2024/shard-000477.tar,782375,END,mild,2,104,106,362,-51,2to4,true,true,0.0084115937352180481,0.0020503178238868713,0,0,0.030113078653812408,0.0084115937352199997,0.0020522400736799999,-1.951563910473908e-15,-1.9222497931285776e-06
66,data/1_2024/shard-000477.tar,782503,START,mild,1,105,106,362,-52,2to4,true,false,0.0024417787790298462,0.0021684318780899048,0,0,0.11101718991994858,0.0024417787790300001,0.0021684318780900002,-1.5395670849294163e-16,-9.540979117872439e-17
67,data/1_2024/shard-000477.tar,788375,START,mild,30,72,102,358,-21,lt2,false,false,0.0011740103363990784,-0.00084463506937026978,-1.8954277038574219e-05,0,-0.0050839036703109741,0.0011737123131800001,-0.00079090148210500001,2.9802321907827431e-07,-5.3733587265269761e-05
68,data/1_2024/shard-000477.tar,798375,START,mild,14,71,85,341,-28.5,lt2,false,false,0.0034689530730247498,0.0036794990301132202,0,0,-0.047346629202365875,0.0034689530730200001,0.0036794990301100001,4.7496728772244978e-15,3.2200804522819482e-15
69,data/1_2024/shard-000477.tar,801375,START,mild,6,79,85,341,-36.5,2to4,true,false,0.0021765753626823425,0.0012827664613723755,0,0,0.037659019231796265,0.0021765753626799998,0.00128276646137,2.342744054306678e-15,2.3754869599157402e-15
70,data/1_2024/shard-000477.tar,806375,END,mild,2,103,105,361,-50.5,2to4,true,true,0.006058230996131897,-0.0011020749807357788,0,0,0.084657385945320129,0.0060582309961300001,-0.00110207498074,1.8969201209806386e-15,4.221232738355063e-15
71,data/1_2024/shard-000477.tar,811375,END,mild,18,87,105,361,-34.5,2to4,true,false,-0.00099465996026992798,0.0026201382279396057,0,0,0.011748924851417542,-0.00099465996026999997,0.0026201382279399999,7.1991024253037494e-17,-3.9421590991572941e-16
72,data/1_2024/shard-000477.tar,821503,END,mild,6,50,56,312,-22,lt2,false,false,0.0024453103542327881,-0.0012141689658164978,0,0,0.0099188908934593201,0.00244531035423,-0.00121416896582,2.7881343067637232e-15,3.5021898575626764e-15
73,data/1_2024/shard-000477.tar,838503,END,mild,11,95,106,362,-42,2to4,true,true,-0.0010048449039459229,0.0061261355876922607,0,0,-0.025189891457557678,-0.0010048449039500001,0.0061261355876900004,4.077250689848988e-15,2.2603446891977796e-15
74,data/1_2024/shard-000477.tar,859375,END,mild,5,49,54,310,-22,lt2,false,false,0.0014247223734855652,0.00031524151563644409,0,0,-0.042695470154285431,0.00142472237349,0.000315241515636,-4.4348205663347073e-15,4.4408920985006262e-16
75,data/1_2024/shard-000477.tar,868503,START,mild,16,84,100,356,-34,2to4,true,false,0.00035803020000457764,0.0036524832248687744,0,0,0.016462042927742004,0.00035803020000499999,0.00365248322487,-4.2235095629172825e-16,-1.2255821357776142e-15
76,data/1_2024/shard-000477.tar,876375,START,medium,4,110,114,370,-53,2to4,true,false,-0.0011052563786506653,0.0062088221311569214,0,0,0.028776094317436218,-0.00110525637865,0.0062088221311599997,-6.6526645303710552e-16,-3.0782668081208442e-15
77,data/1_2024/shard-000477.tar,886375,END,medium,59,119,178,434,-30,lt2,false,true,-0.00067752599716186523,0.00094069540500640869,0,0,-0.020902030169963837,-0.000677525997162,0.00094069540500599995,1.347663300399482e-16,4.0874421902703517e-16
78,data/1_2024/shard-000477.tar,897375,START,medium,16,130,146,402,-57,2to4,true,true,0.003011748194694519,0.0028230398893356323,0,0,0.023944422602653503,0.0030117481946900001,0.0028230398893399999,4.5189546549195825e-15,-4.3676000316406061e-15
79,data/1_2024/shard-000477.tar,903503,END,mild,9,97,106,362,-44,2to4,true,true,0.0025263428688049316,0.0034678280353546143,0,-4.9173831939697266e-06,0.0072486251592636108,0.0025486201047900002,0.0034284144640000002,-2.2277235985068526e-05,3.941357135461409e-05
80,data/1_2024/shard-000477.tar,912503,END,mild,33,75,108,364,-21,lt2,false,true,0.001346290111541748,0.0013323649764060974,0,0,0.039838232100009918,0.0013462901115400001,0.0013323649764100001,1.7479507424811302e-15,-3.9026941400788218e-15
81,data/1_2024/shard-000477.tar,926503,END,medium,18,110,128,384,-46,2to4,true,false,0.0054927915334701538,0.0077429711818695068,0,0,0.021964132785797119,0.0054927915334700003,0.0077429711818700004,1.5352302762394743e-16,-4.9352882891540162e-16
82,data/1_2024/shard-000477.tar,927503,END,mild,16,69,85,341,-26.5,lt2,false,false,0.0017097070813179016,0.0037856623530387878,0,0,0.0032614320516586304,0.00170970708132,0.00378566235304,-2.0983648846284453e-15,-1.212138028838794e-15
83,data/1_2024/shard-000477.tar,957503,START,medium,24,97,121,377,-36.5,2to4,true,false,0.0035413056612014771,0.00013697892427444458,0,0,-0.014974460005760193,0.0035413056611999999,0.000136978924274,1.4771170397942512e-15,4.4457710082768109e-16
84,data/1_2024/shard-000477.tar,966375,END,mild,16,69,85,341,-26.5,lt2,false,true,0.0015301331877708435,-0.0014410465955734253,0,0,0.036101065576076508,0.00153013318777,-0.0014410465955700001,8.4350929019372245e-16,-3.4252115033162056e-15
85,data/1_2024/shard-000477.tar,976375,START,mild,25,60,85,341,-17.5,lt2,false,true,-0.0012880712747573853,0.0012231916189193726,0,0,0.0014044046401977539,-0.0012880712747599999,0.0012231916189200001,2.6146619591660425e-15,-6.2753621743460997e-16
86,data/1_2024/shard-000477.tar,985375,END,mild,10,92,102,358,-41,2to4,true,false,0.0023596957325935364,0.0041416212916374207,0,0,-0.047724075615406036,0.0023596957325900001,0.0041416212916400002,3.5362338057787213e-15,-2.5795338087775121e-15
87,data/1_2024/shard-000477.tar,993503,START,medium,21,112,133,389,-45.5,2to4,true,false,0.0035149082541465759,0.001288488507270813,0,0,-0.007778562605381012,0.0035149082541499998,0.0012884885072700001,-3.423910460709223e-15,8.1293478892963122e-16
88,data/1_2024/shard-000477.tar,996375,START,mild,0,102,102,358,-51,2to4,true,false,-0.0013819485902786255,0.00053590536117553711,0,0,-0.12203061580657959,-0.00138194859028,0.00053590536117599996,1.3745515142771225e-15,-4.6284590743406184e-16
89,data/1_2024/shard-000477.tar,1005375,END,medium,12,111,123,379,-49.5,2to4,true,false,0.0038522481918334961,-0.0009767189621925354,0,0,-0.0085291415452957153,0.0038522481918300002,-0.00097671896219300009,3.4959014849622605e-15,4.646890511272872e-16
90,data/1_2024/shard-000477.tar,1006503,START,mild,16,45,61,317,-14.5,lt2,false,true,0.00035578757524490356,-0.00024732202291488647,0,0,-0.02638901025056839,0.000355787575245,-0.00024732202291499999,-9.6439783242585619e-17,1.1351596745923231e-16
91,data/1_2024/shard-000477.tar,1016375,END,mild,29,73,102,358,-22,lt2,false,true,-0.0024520307779312134,0.00027906149625778198,0,-8.9257955551147461e-06,-0.022190175950527191,-0.00242269039154,0.00031562894582699998,-2.9340386391213391e-05,-3.6567449569217998e-05
92,data/1_2024/shard-000477.tar,1019503,START,mild,15,91,106,362,-38,2to4,true,false,0.0016134679317474365,-0.0013176053762435913,0,8.3595514297485352e-06,-0.026274457573890686,0.0015785098075899999,-0.0013200938701600001,3.4958124157436583e-05,2.4884939164087835e-06
93,data/1_2024/shard-000477.tar,1027503,END,mild,26,80,106,362,-27,lt2,false,false,-0.0010188817977905273,0.0019052177667617798,0,0,0.0048600584268569946,-0.00101888179779,0.00190521776676,-5.2735593669694936e-16,1.7798262863522041e-15
94,data/1_2024/shard-000477.tar,1038503,END,mild,15,40,55,311,-12.5,lt2,false,true,0.0018751993775367737,0.0018747523427009583,0,0,-0.018330954015254974,0.0018751993775400001,0.0018747523427,-3.2263688248823641e-15,9.5821788004268882e-16
95,data/1_2024/shard-000477.tar,1040503,END,mild,2,82,84,340,-40,2to4,true,true,0.0019992142915725708,0.0038604289293289185,0,0,0.046922981739044189,0.0019992142915699999,0.0038604289293300001,2.5708601913976281e-15,-1.0816000872715392e-15
96,data/1_2024/shard-000477.tar,1054503,END,mild,3,55,58,314,-26,lt2,false,false,0.0046742558479309082,0.013672366738319397,0,0,0.0058107972145080566,0.0046742558479300001,0.013672366738299999,9.0812773967385851e-16,1.9397677908372657e-14
97,data/1_2024/shard-000477.tar,1059375,END,mild,17,86,103,359,-34.5,2to4,true,false,-0.00079257786273956299,0.0049424171447753906,0,0,0.013966947793960571,-0.00079257786274000003,0.0049424171447799998,4.3704189572890684e-16,-4.6091602756703764e-15
98,data/1_2024/shard-000477.tar,1078375,END,mild,1,101,102,358,-50,2to4,true,false,0.0016873069107532501,0.0058876574039459229,0,-1.0773539543151855e-05,0.032379519194364548,0.0017073452472699999,0.0058984309434900002,-2.0038336516749796e-05,-1.077353954407733e-05
99,data/1_2024/shard-000477.tar,1084375,START,mild,30,76,106,362,-23,lt2,false,false,0.00029611587524414062,0.0015776380896568298,0,0,-0.0054656863212585449,0.000296115875244,0.00157763808966,1.4062102177136993e-16,-3.170207152347615e-15
100,data/1_2024/shard-000477.tar,1089503,START,mild,7,103,110,366,-48,2to4,true,false,0.0034886747598648071,0.00018487870693206787,0,0,-0.020962513983249664,0.0034886747598600002,0.000184878706932,4.8069187519317325e-15,6.7871055997592578e-17
101,data/1_2024/shard-000477.tar,1092375,END,mild,16,79,95,351,-31.5,lt2,false,true,0.00064010173082351685,0.00048486143350601196,0,0,-0.017949149012565613,0.00064010173082399997,0.00048486143350599998,-4.8312048805954078e-16,1.1980434005964824e-17
102,data/1_2024/shard-000477.tar,1095503,END,mild,7,95,102,358,-44,2to4,true,false,0.00087560713291168213,0.0022441036999225616,0,0,-0.055268630385398865,0.00087560713291200002,0.0022441036999199999,-3.178880769727499e-16,2.5617528931487499e-15
103,data/1_2024/shard-000477.tar,1102503,START,medium,36,84,120,376,-24,lt2,false,false,0.0012368932366371155,0.0028221085667610168,0,0,-0.050465889275074005,0.0012368932366400001,0.0028221085667599999,-2.8846283001149331e-15,1.0169816377914032e-15
104,data/1_2024/shard-000477.tar,1105503,START,strong,90,200,290,546,-55,2to4,true,true,0.0017507150769233704,0.0018046274781227112,0,0,-0.083370380103588104,0.00175071507692,0.00180462747812,3.3703508733884391e-15,2.7111559525172524e-15
105,data/1_2024/shard-000477.tar,1115503,START,mild,6,98,104,360,-46,2to4,true,false,-0.00055103003978729248,0.0030259117484092712,0,0,0.032375603914260864,-0.00055103003978699996,0.0030259117484099998,-2.925177461365891e-16,-7.2858385991025898e-16
106,data/1_2024/shard-000477.tar,1118503,END,mild,6,104,110,366,-49,2to4,true,true,0.0012444555759429932,-0.00071243941783905029,0,0,0.0050106644630432129,0.0012444555759399999,-0.00071243941783899999,2.9932653577979806e-15,-5.0306980803327406e-17
107,data/1_2024/shard-000477.tar,1130503,END,mild,9,55,64,320,-23,lt2,false,true,0.00071963667869567871,0.0089989453554153442,7.1465969085693359e-05,0,-0.0068889409303665161,0.00071963667869599996,0.0089059621095700005,-3.2124910370745496e-16,9.298324584534369e-05
108,data/1_2024/shard-000477.tar,1142503,END,mild,11,53,64,320,-21,lt2,false,true,0.014962807297706604,0.024181976914405823,0,0,0.014747977256774902,0.0149628072977,0.024181976914400001,6.6040922730437046e-15,5.8217319853781646e-15
109,data/1_2024/shard-000477.tar,1148503,END,mild,6,95,101,357,-44.5,2to4,true,false,-0.0011482387781143188,0.0053086131811141968,0,0,0.0034287422895431519,-0.0012469738721800001,0.0052220076322600003,9.8735094065681211e-05,8.6605548854196482e-05
110,data/1_2024/shard-000477.tar,1155503,START,medium,38,88,126,382,-25,lt2,false,true,0.00038997083902359009,0.00074748694896697998,0,0,0.0058290064334869385,0.00038997083902400002,0.00074748694896700004,-4.0993684141676923e-16,-2.0057740190981832e-17
111,data/1_2024/shard-000477.tar,1157503,START,mild,15,70,85,341,-27.5,lt2,false,true,0.0038699954748153687,-0.00026074051856994629,0,0,0.024225279688835144,0.0038699954748199999,-0.00026074051857000001,-4.6312779999890807e-15,5.3722217646656745e-17
112,data/1_2024/shard-000477.tar,1181375,START,mild,0,102,102,358,-51,2to4,true,false,8.7764114141464233e-05,-0.0010968521237373352,0,0,0.028520777821540833,8.7764114141499999e-05,-0.00109685212374,-3.5765119164865578e-17,2.6647520995348728e-15
113,data/1_2024/shard-000477.tar,1189375,START,mild,6,89,95,351,-41.5,2to4,true,false,0.00097191333770751953,0.003237500786781311,0,0,0.0081716626882553101,0.00097191333770800005,0.00323750078678,-4.8051840284557557e-16,1.311017266969472e-15
114,data/1_2024/shard-000477.tar,1189503,START,strong,8,227,235,491,-109.5,ge4,true,false,-0.0007499009370803833,0.0029786676168441772,0,0,-0.034454159438610077,-0.00074990093708000004,0.00297866761684,-3.8326546797362582e-16,4.1772141301521515e-15
115,data/1_2024/shard-000477.tar,1200375,START,mild,0,106,106,362,-53,2to4,true,false,0.0010243654251098633,0.0017834603786468506,0,0,0.0054855197668075562,0.0010243654251100001,0.00178346037865,-1.3682631416767066e-16,-3.1493904706358933e-15
116,data/1_2024/shard-000477.tar,1216503,END,mild,3,102,105,361,-49.5,2to4,true,true,0.004894554615020752,0.003536812961101532,0,5.5134296417236328e-07,0.060949467122554779,0.0049187391996399999,0.00351236760616,-2.4184584619247988e-05,2.4445354941532004e-05
117,data/1_2024/shard-000477.tar,1251375,START,mild,10,97,107,363,-43.5,2to4,true,false,0.0016903728246688843,0.0042832829058170319,-1.8686056137084961e-05,-6.7055225372314453e-07,-0.01606127992272377,0.0017087645828700001,0.00427315756679,-1.8391758201115804e-05,1.012533902703186e-05
118,data/1_2024/shard-000477.tar,1262503,START,mild,1,102,103,359,-50.5,2to4,true,false,-0.0018041059374809265,0.014483183622360229,0,0,-0.046031415462493896,-0.00180410593748,0.0144831836224,-9.2655917660611209e-16,-3.9770270410244279e-14
119,data/1_2024/shard-000477.tar,1272503,END,mild,5,97,102,358,-46,2to4,true,true,0.0048348605632781982,0.0098232999444007874,0,0,-0.071885883808135986,0.0048348605632799998,0.0098232999443999998,-1.8015103298019142e-15,7.8756445809347042e-16
120,data/1_2024/shard-000477.tar,1278503,END,medium,22,101,123,379,-39.5,2to4,true,false,0.0010131821036338806,-7.6964497566223145e-06,-4.6938657760620117e-07,3.3654272556304932e-05,0.087515197694301605,0.0010145157575600001,-1.75610184669e-05,-1.3336539261194803e-06,9.8645687102776851e-06
121,data/1_2024/shard-000477.tar,1283375,START,mild,1,101,102,358,-50,2to4,true,false,0.0029892399907112122,0.00057499110698699951,0,0,0.053982347249984741,0.00298923999071,0.00059219449758499999,1.212138028838794e-15,-1.7203390598000481e-05
122,data/1_2024/shard-000477.tar,1317503,START,mild,8,62,70,326,-27,lt2,false,true,-0.0001923292875289917,0.0012294799089431763,0,0,0.11501473188400269,-0.00019232928752899999,0.00122947990894,8.2941466195141089e-18,3.1762786845135338e-15
123,data/1_2024/shard-000477.tar,1324503,END,mild,22,86,108,364,-32,2to4,true,false,0.0035383701324462891,0.0014161020517349243,0,0,-0.03346484899520874,0.0035383701324500001,0.0014161020517300001,-3.7110071959833846e-15,4.924229426994664e-15
124,data/1_2024/shard-000477.tar,1326503,END,mild,6,54,60,316,-24,lt2,false,true,0.0015927404165267944,6.8962574005126953e-05,0,0,-0.030892372131347656,0.00159274041653,6.8962574005099997e-05,-3.2055521431706424e-15,2.6955976513420854e-17
125,data/1_2024/shard-000477.tar,1348503,START,mild,16,48,64,320,-16,lt2,false,true,0.00064314901828765869,0.00082555413246154785,-8.8736414909362793e-06,-2.8751790523529053e-05,0.0014686994254589081,0.00063543394207999997,0.00085742771625499999,7.715076207658717e-06,-3.1873583793452136e-05
126,data/1_2024/shard-000477.tar,1360503,START,mild,12,93,105,361,-40.5,2to4,true,true,0.0017201751470565796,0.0033124685287475586,0,0,0.011314481496810913,0.00172017514706,0.0033124685287499998,-3.4204410137572694e-15,-2.4411896115683618e-15
127,data/1_2024/shard-000477.tar,1390375,START,mild,26,80,106,362,-27,lt2,false,true,-0.00086116045713424683,0.00012212619185447693,0,0,-0.023886267095804214,-0.00086116045713399995,0.00012212619185399999,-2.4687283467494936e-16,4.769405356763734e-16
128,data/1_2024/shard-000477.tar,1400503,END,mild,26,76,102,358,-25,lt2,false,true,0.0031878501176834106,0.0027849674224853516,0,0,-0.015277326107025146,0.0031878501176800002,0.0027849674224900002,3.4104663537704027e-15,-4.6486252347488488e-15
129,data/1_2024/shard-000477.tar,1408503,START,mild,9,97,106,362,-44,2to4,true,true,0.0019133687019348145,0.0038734376430511475,0,2.2321939468383789e-05,0.0008589625358581543,0.0019133687019299999,0.0038751065730999999,4.814508167139131e-15,-1.6689300488524107e-06
130,data/1_2024/shard-000477.tar,1439375,START,strong,81,173,254,510,-46,2to4,true,false,-0.00040078163146972656,0.0063105523586273193,0,0,-0.017236948013305664,-0.00040078163147,0.0063105523586300004,2.7343578790084422e-16,-2.6810151321221554e-15
131,data/1_2024/shard-000477.tar,1453503,END,medium,35,78,113,369,-21.5,lt2,false,true,0.0035754591226577759,0.013140037655830383,0,0,-0.034203797578811646,0.0035754591226599998,0.0131400376558,-2.2239154962022667e-15,3.0383681681733776e-14
132,data/1_2024/shard-000477.tar,1454503,START,mild,17,70,87,343,-26.5,lt2,false,false,0.0026914030313491821,6.5699219703674316e-05,0,0,-0.0092820972204208374,0.0026914030313500001,6.5699219703699998e-05,-8.1792211892306455e-16,-2.5682038960750386e-17
133,data/1_2024/shard-000477.tar,1466375,END,mild,20,42,62,318,-11,lt2,false,true,-0.00058144330978393555,0.00087299942970275879,0,0,0.014975458383560181,-0.00058144330978399995,0.00087299942970300002,6.4401609045638963e-17,-2.4123498337802474e-16
134,data/1_2024/shard-000477.tar,1478375,START,mild,23,79,102,358,-28,lt2,false,false,0.0025407597422599792,0.0058510452508926392,0,0,-0.014212764799594879,0.0025407597422600001,0.0058510452508899998,-2.0816681711721685e-17,2.639381768698712e-15
135,data/1_2024/shard-000477.tar,1496503,START,mild,4,63,67,323,-29.5,lt2,false,true,0.0034709274768829346,0.0076563730835914612,1.2069940567016602e-06,-5.1513314247131348e-05,-0.12052218616008759,0.00345738232136,0.0077078863978400003,1.3545155522934598e-05,-5.1513314248539076e-05
136,data/1_2024/shard-000477.tar,1497375,END,mild,26,53,79,335,-13.5,lt2,false,true,-0.0010199546813964844,-0.00078618526458740234,0,0,0.01657915860414505,-0.0010199546814,-0.000786185264587,3.5156339645014967e-15,-4.023474262093707e-16
137,data/1_2024/shard-000477.tar,1503503,END,mild,26,53,79,335,-13.5,lt2,false,true,-0.0015017092227935791,0.0022501647472381592,0,2.3618340492248535e-05,0.0043527334928512573,-0.0014891922473900001,0.0021909773349800001,-1.2516975403579047e-05,5.9187412258159076e-05
138,data/1_2024/shard-000477.tar,1519503,START,mild,11,74,85,341,-31.5,lt2,false,false,0.0031163543462753296,-8.9183449745178223e-05,0,0,-0.010334223508834839,0.0031163543462799999,-8.9183449745200002e-05,-4.6703092781985589e-15,2.177891113980257e-17
139,data/1_2024/shard-000477.tar,1521503,START,mild,19,87,106,362,-34,2to4,true,true,0.0035043582320213318,0.020363479852676392,0,0,-0.031848922371864319,0.00350435823202,0.020363479852700001,1.3318339486811936e-15,-2.3609586508044345e-14
140,data/1_2024/shard-000477.tar,1530503,START,mild,18,49,67,323,-15.5,lt2,false,true,-0.00058525800704956055,0.0025664269924163818,0,0,0.086265303194522858,-0.00058525800704999997,0.00256642699242,4.3942714050837495e-16,-3.6181994900186254e-15
141,data/1_2024/shard-000477.tar,1533503,END,mild,23,84,107,363,-30.5,lt2,false,false,0.00032535940408706665,0.0019511431455612183,0,0,0.016190528869628906,0.00032535940408700003,0.0019511431455600001,6.6624223499234247e-17,1.2182095610047128e-15
142,data/1_2024/shard-000477.tar,1538503,END,mild,8,98,106,362,-45,2to4,true,true,0.0068546496331691742,0.0027772560715675354,0,0,0.061337292194366455,0.0068546496331699999,0.00277725607157,-8.2572837456496018e-16,-2.4646083784940487e-15
143,data/1_2024/shard-000477.tar,1579375,START,mild,24,79,103,359,-27.5,lt2,false,false,-0.00017768144607543945,0.0016311407089233398,5.3942203521728516e-06,-7.8827142715454102e-06,0.008350074291229248,-0.00016269087791399999,0.00163854658604,-1.4990568161439463e-05,-7.4058771166601606e-06
144,data/1_2024/shard-000477.tar,1615503,END,mild,6,53,59,315,-23.5,lt2,false,true,-4.682689905166626e-05,0.0057806819677352905,0,0,-0.011465176939964294,-4.6826899051699999e-05,0.0057806819677400003,3.3739016355033291e-17,-4.7097742372770313e-15
145,data/1_2024/shard-000477.tar,1617503,START,medium,54,113,167,423,-29.5,lt2,false,true,0.0034417733550071716,0.0034018158912658691,0,0,-0.091990664601325989,0.0034417733550100001,0.00340181589127,-2.828466627580184e-15,-4.1308102771697719e-15
146,data/1_2024/shard-000477.tar,1637503,START,mild,22,84,106,362,-31,lt2,false,true,0.0020814239978790283,0.0037080645561218262,1.3709068298339844e-05,2.3618340492248535e-05,0.0039960294961929321,0.00211691856384,0.00368444621563,-3.5494565960971728e-05,2.361834049182613e-05
147,data/1_2024/shard-000477.tar,1641503,START,mild,22,70,92,348,-24,lt2,false,true,0.0013260990381240845,0.0018391013145446777,0,0,-0.00071820616722106934,0.0013260990381200001,0.0018391013145400001,4.0844064241873923e-15,4.6776818529714603e-15
148,data/1_2024/shard-000477.tar,1652375,END,mild,5,101,106,362,-48,2to4,true,true,-0.00064381957054138184,0.0055082738399505615,0,0,0.0097654163837432861,-0.00064381957054099998,0.0055082738399500003,-3.8185600514939466e-16,5.611830444784971e-16
149,data/1_2024/shard-000477.tar,1663375,START,mild,30,72,102,358,-21,lt2,false,false,-0.00055077672004699707,0.00099822133779525757,0,2.1338462829589844e-05,0.013079613447189331,-0.00054303556680699997,0.00099822133779499996,-7.7411532399971001e-06,2.5760643618255585e-16
150,data/1_2024/shard-000477.tar,1666503,START,mild,0,105,105,361,-52.5,2to4,true,false,0.006054263561964035,-0.00021940097212791443,0,-6.4916908740997314e-05,0.030111756175756454,0.0060584992170300001,-0.00023215636611,-4.2356550659650161e-06,1.2755393982085572e-05
151,data/1_2024/shard-000477.tar,1675503,START,strong,36,199,235,491,-81.5,ge4,true,false,0.003263518214225769,0.003369554877281189,0,0,0.0337638258934021,0.00326351821423,0.0033695548772799998,-4.2309905579074325e-15,1.1891529427821013e-15
152,data/1_2024/shard-000477.tar,1680503,START,mild,21,43,64,320,-11,lt2,false,false,0.0013402700424194336,0.00043309479951858521,0,0,-0.0034200698137283325,0.00134027004242,0.00043309479951900002,-5.6638721490642752e-16,-4.14815751192954e-16
153,data/1_2024/shard-000477.tar,1715503,START,medium,40,83,123,379,-21.5,lt2,false,true,0.00047391653060913086,-0.00018835067749023438,0,0,0.008011355996131897,0.000473916530609,-0.00018835067749,1.3086320221900039e-16,-2.3437740463705392e-16
154,data/1_2024/shard-000477.tar,1723503,START,mild,26,59,85,341,-16.5,lt2,false,true,-0.00051419436931610107,-0.00050520151853561401,0,0,0.045676402747631073,-0.00051419436931600003,-0.00050520151853599999,-1.0104764247564901e-16,3.8597597340483958e-16
155,data/1_2024/shard-000477.tar,1726503,START,mild,5,97,102,358,-46,2to4,true,false,0.0025655478239059448,0.00453224778175354,2.0086765289306641e-05,3.6768615245819092e-05,0.013166069984436035,0.0025620609521900001,0.0045181736350099998,3.486871715944681e-06,1.4074146743540267e-05
156,data/1_2024/shard-000477.tar,1729375,START,mild,24,61,85,341,-18.5,lt2,false,true,-0.0017713010311126709,0.00015031546354293823,0,0,0.005072765052318573,-0.0017713010311100001,0.000150315463543,-2.6708236317007916e-15,-6.1772418777361615e-17
157,data/1_2024/shard-000477.tar,1734503,END,mild,7,57,64,320,-25,lt2,false,false,-0.00034597516059875488,0.0052422583103179932,-7.584691047668457e-06,1.52587890625e-05,-0.017749771475791931,-0.00033839046955100001,0.0052142143249500001,-7.5846910477548679e-06,2.8043985367993095e-05
158,data/1_2024/shard-000477.tar,1738503,START,mild,12,47,59,315,-17.5,lt2,false,true,-0.00015097856521606445,0.0063873976469039917,0,0,0.017526865005493164,-0.000150978565216,0.0063873976469000001,-6.4455819154263239e-17,3.9915987182226331e-15
159,data/1_2024/shard-000477.tar,1749503,START,mild,2,57,59,315,-27.5,lt2,false,true,0.002436518669128418,0.0020710080862045288,-6.2733888626098633e-06,5.8561563491821289e-06,-0.029139690101146698,0.0024153590202300001,0.0021225064992900001,2.1159648898417833e-05,-5.1498413085471293e-05
160,data/1_2024/shard-000477.tar,1762375,START,mild,1,84,85,341,-41.5,2to4,true,false,0.0018295124173164368,0.0038035735487937927,0,0,0.098748542368412018,0.0018295124173200001,0.0038035735487900002,-3.5633388600908589e-15,3.7925391993542945e-15
161,data/1_2024/shard-000477.tar,1768503,START,mild,22,83,105,361,-30.5,lt2,false,true,0.0017342120409011841,0.0024019703269004822,0,-2.9265880584716797e-05,0.032724730670452118,0.0017192661762200001,0.0024432316422499998,1.4945864681184008e-05,-4.1261315349517668e-05
162,data/1_2024/shard-000477.tar,1772503,START,mild,9,76,85,341,-33.5,2to4,true,true,-0.010096929967403412,0.00065702944993972778,0,0,-0.050172917544841766,-0.0100969299674,0.00065702944994000003,-3.4122010772463796e-15,-2.7224316551111016e-16
163,data/1_2024/shard-000477.tar,1778375,START,mild,9,91,100,356,-41,2to4,true,true,0.0018884390592575073,0.0016876459121704102,4.8428773880004883e-06,-9.0450048446655273e-06,-0.032900050282478333,0.0018638670444500001,0.0016876459121699999,2.4572014807507266e-05,4.1026210206851488e-16
164,data/1_2024/shard-000477.tar,1780375,END,mild,29,77,106,362,-24,lt2,false,false,0.00060523301362991333,-9.9755823612213135e-05,0,0,-0.018873095512390137,0.00060523301362999996,-9.9755823612200002e-05,-8.6627753581591804e-17,-1.3132398814230672e-17
165,data/1_2024/shard-000477.tar,1789503,START,mild,10,75,85,341,-32.5,2to4,true,true,-0.0033969283103942871,0.0018620342016220093,0,0,0.020271480083465576,-0.0033969283103900002,0.00186203420162,-4.2869353900076845e-15,2.0092434660501368e-15
166,data/1_2024/shard-000477.tar,1797375,START,medium,8,146,154,410,-69,ge4,true,false,0.0020582824945449829,-0.001708589494228363,1.7903745174407959e-05,0,-0.019276611506938934,0.0020668953657199999,-0.00170858949423,-8.6128711750169638e-06,1.6369284400186146e-15
167,data/1_2024/shard-000477.tar,1820503,END,medium,11,165,176,432,-77,ge4,true,false,-0.00079834461212158203,0.0096582025289535522,0,0,-0.078733935952186584,-0.00079834461212199999,0.0096582025289499995,4.1795993749316196e-16,3.5527136788005009e-15
168,data/1_2024/shard-000477.tar,1824503,START,mild,8,56,64,320,-24,lt2,false,false,0.00030823051929473877,0.00074806809425354004,0,0,0.053339838981628418,0.00030823051929500001,0.00074806809425399996,-2.6123851346038229e-16,-4.5991856156835098e-16
169,data/1_2024/shard-000477.tar,1835503,START,mild,6,104,110,366,-49,2to4,true,true,-5.0023198127746582e-05,0.012889377772808075,0,0,0.055987752974033356,-5.0023198127700002e-05,0.0128893777728,-4.6580035835408484e-17,8.075137780672037e-15
170,data/1_2024/shard-000477.tar,1848503,START,mild,12,73,85,341,-30.5,lt2,false,false,-0.00193825364112854,0.008338049054145813,0,0,0.00078532099723815918,-0.00193825364113,0.0083380490541500006,1.4599866454689803e-15,-4.1876224710080123e-15
171,data/1_2024/shard-000477.tar,1855375,START,medium,31,121,152,408,-45,2to4,true,true,-6.8187713623046875e-05,-0.00033897161483764648,0,0,0.012124434113502502,-6.8187713622999997e-05,-0.00033897161483799999,-4.6878191432841998e-17,3.5350411833889872e-16
172,data/1_2024/shard-000477.tar,1859503,START,mild,26,76,102,358,-25,lt2,false,true,-0.00015647709369659424,0.0024404525756835938,0,0,-0.019771978259086609,-0.000156477093697,0.0024404525756799998,4.0576266305270003e-16,3.5939133613549501e-15
173,data/1_2024/shard-000477.tar,1867503,START,mild,8,100,108,364,-46,2to4,true,true,0.0054768472909927368,0.0090549588203430176,0,0,0.03866952657699585,0.0054768472909900003,0.0090549588203399992,2.7365262833534132e-15,3.0184188481996443e-15
174,data/1_2024/shard-000477.tar,1873375,START,medium,27,144,171,427,-58.5,2to4,true,true,0.0096873939037322998,0.0054596737027168274,0,0,-0.075839973986148834,0.0096873939037299996,0.0054596737027200002,2.3002433291452462e-15,-3.1728092375615802e-15
175,data/1_2024/shard-000477.tar,1883503,START,mild,10,97,107,363,-43.5,2to4,true,true,-0.0021073520183563232,0.0035231411457061768,0,0,0.042432487010955811,-0.00210735201836,0.0035231411457100001,3.6767464073328426e-15,-3.8233305410528828e-15
176,data/1_2024/shard-000477.tar,1895503,END,mild,25,77,102,358,-26,lt2,false,true,0.0028124898672103882,0.004277646541595459,0,0,0.029218368232250214,0.00281248986721,0.0042776465415999996,3.8814437774981059e-16,-4.5406386983692926e-15
177,data/1_2024/shard-000477.tar,1897503,END,mild,7,95,102,358,-44,2to4,true,false,0.00023974478244781494,0.004255145788192749,0,0,0.0315665602684021,0.00023974478244799999,0.0042551457881900004,-1.8504620578896347e-16,2.7486693476852508e-15
178,data/1_2024/shard-000477.tar,1901503,END,medium,6,173,179,435,-83.5,ge4,true,false,0.0046948269009590149,0.0022303089499473572,0,0,-0.029165409505367279,0.0046948269009600002,0.00223030894995,-9.8532293435482643e-16,-2.6428512156506656e-15
179,data/1_2024/shard-000477.tar,1903503,START,mild,16,86,102,358,-35,2to4,true,false,0.0042649954557418823,0.012790381908416748,0,0,0.05293552577495575,0.0042649954557400001,0.012790381908399999,1.8821749714348357e-15,1.6748755160556072e-14
180,data/1_2024/shard-000477.tar,1917375,END,mild,13,92,105,361,-39.5,2to4,true,false,0.0052835792303085327,-0.0015701055526733398,0,0,-0.016846343874931335,0.0052835792303100003,-0.0015701055526700001,-1.4675760606763788e-15,-3.3397763721243479e-15
181,data/1_2024/shard-000477.tar,1925375,START,mild,1,105,106,362,-52,2to4,true,true,0.0028707459568977356,0.026725463569164276,0,0,-0.065116137266159058,0.0028707459568999998,0.026725463569200001,-2.2642478170187275e-15,-3.5724895264266365e-14
182,data/1_2024/shard-000477.tar,1928375,END,mild,6,77,83,339,-35.5,2to4,true,true,0.0036539807915687561,0.013407513499259949,0,0,-0.049984276294708252,0.0036539807915699999,0.0134075134993,-1.2437967322753707e-15,-4.0051295613352522e-14
183,data/1_2024/shard-000477.tar,1946503,END,medium,25,89,114,370,-32,2to4,true,false,0.0006783604621887207,0.002681344747543335,7.3611736297607422e-06,0,-0.029013440012931824,0.00067099928855899997,0.00268134474754,7.3611736297207351e-06,3.3350058825654116e-15
184,data/1_2024/shard-000477.tar,1979503,START,mild,17,89,106,362,-36,2to4,true,false,-0.0023601129651069641,-0.00065124779939651489,0,0,-0.030742257833480835,-0.0023601129651099999,-0.00065124779939699996,3.0357660829594124e-15,4.8507205197001468e-16
185,data/1_2024/shard-000477.tar,1983503,START,mild,15,87,102,358,-36,2to4,true,false,0.00038310885429382324,0.0046593397855758667,0,0,0.0019856095314025879,0.00038310885429400002,0.0046593397855799997,-1.767791642237615e-16,-4.1329786815147429e-15
186,data/1_2024/shard-000477.tar,1995375,START,medium,34,171,205,461,-68.5,ge4,true,false,0.0011592358350753784,0.002419397234916687,0,0,-0.020800158381462097,0.0011592358350799999,0.0024193972349199999,-4.6215201804367112e-15,-3.3128881582467073e-15
187,data/1_2024/shard-000477.tar,2002503,END,mild,4,102,106,362,-49,2to4,true,true,0.0027093589305877686,0.0032517910003662109,0,0,-0.010601416230201721,0.0027093589305899998,0.00325179100037,-2.2312880709751681e-15,-3.7890697524023409e-15
188,data/1_2024/shard-000477.tar,2012503,START,mild,12,79,91,347,-33.5,2to4,true,true,0.003473527729511261,0.0022580474615097046,0,0,0.048981450498104095,0.0034735277295099998,0.0022580474615099999,1.2611439670351388e-15,-2.9533667178505141e-16
189,data/1_2024/shard-000477.tar,2013503,END,mild,15,74,89,345,-29.5,lt2,false,true,0.0064705982804298401,0.0011879205703735352,0,0,-0.038507245481014252,0.0064705982804299997,0.00118792057037,-1.5959455978986625e-16,3.5351496036062358e-15
190,data/1_2024/shard-000477.tar,2026375,START,mild,0,61,61,317,-30.5,lt2,false,true,0.012151435017585754,0.0018663853406906128,0,0,-0.0077155977487564087,0.0121514350176,0.00186638534069,-1.424554918472154e-14,6.1279106788880711e-16
191,data/1_2024/shard-000477.tar,2037375,START,mild,30,76,106,362,-23,lt2,false,false,0.001264616847038269,0.0029364526271820068,0,0,0.0012951940298080444,0.0012646168470400001,0.0029364526271800002,-1.7310371885903564e-15,2.0066413808361716e-15
192,data/1_2024/shard-000477.tar,2038375,END,mild,0,105,105,361,-52.5,2to4,true,false,0.0013461560010910034,0.0033312365412712097,0,0,-0.0070255696773529053,0.0013461560010900001,0.0033312365412700002,1.0033206904180858e-15,1.2095359436248287e-15
193,data/1_2024/shard-000477.tar,2039503,START,mild,0,102,102,358,-51,2to4,true,false,0.0092338621616363525,-0.011391162872314453,0,0,0.0098316073417663574,0.0092338621616400007,-0.011391162872299999,-3.6481234699792253e-15,-1.4453716001838757e-14
194,data/1_2024/shard-000477.tar,2044503,START,mild,18,88,106,362,-35,2to4,true,false,0.00042842328548431396,0.0012293756008148193,0,0,0.015960365533828735,0.00042842328548399998,0.0012293756008100001,3.1398494915180208e-16,4.8192786566980672e-15
195,data/1_2024/shard-000477.tar,2075503,START,mild,20,83,103,359,-31.5,lt2,false,true,0.0089661702513694763,0.00095462054014205933,0,0,0.012649103999137878,0.0089661702513700002,0.00095462054014200002,-5.2388648974499574e-16,5.9305858834957093e-17
196,data/1_2024/shard-000477.tar,2080503,END,strong,59,158,217,473,-49.5,2to4,true,false,-0.0046945586800575256,0.0022939443588256836,0,0,-0.021191231906414032,-0.0046945586800600002,0.00229394435883,2.4745830384809153e-15,-4.3164256890992903e-15
197,data/1_2024/shard-000477.tar,2085375,START,mild,16,86,102,358,-35,2to4,true,false,0.0023721158504486084,0.0041616708040237427,3.9890408515930176e-05,5.0663948059082031e-07,0.025223523378372192,0.00230903923512,0.0041902512311900002,6.3076615328608397e-05,-2.8580427166257499e-05
198,data/1_2024/shard-000477.tar,2086503,START,mild,5,101,106,362,-48,2to4,true,true,0.0036375671625137329,0.0038875788450241089,0,0,-0.012939102947711945,0.0036375671625099998,0.0038875788450200002,3.7331249203020889e-15,4.1086925528510676e-15
199,data/1_2024/shard-000477.tar,2092503,START,mild,26,80,106,362,-27,lt2,false,true,0.0025172829627990723,0.00038352608680725098,3.5762786865234375e-07,2.1025538444519043e-05,-0.0090053528547286987,0.0025172829627999999,0.00032103061675999999,-9.2764337877859759e-16,6.249547004725099e-05
200,data/1_2024/shard-000477.tar,2099503,END,mild,8,88,96,352,-40,2to4,true,true,0.00097692012786865234,-0.0074754059314727783,0,0,-0.021147444844245911,0.00097692012786899994,-0.0074754059314700002,-3.4759521649885272e-16,-2.7781596467768566e-15
201,data/1_2024/shard-000477.tar,2105503,START,mild,31,75,106,362,-22,lt2,false,false,-0.00054011493921279907,0.0011018812656402588,0,0,-0.032467260956764221,-0.00054011493921299997,0.0011018812656400001,2.0090266256156397e-16,2.5869063835504136e-16
202,data/1_2024/shard-000477.tar,2107375,START,medium,38,154,192,448,-58,2to4,true,true,0.044266067445278168,0.00034956634044647217,0,0,-0.010983452200889587,0.044266067445299997,0.000349566340446,-2.182976022169214e-14,4.7217004611743718e-16
203,data/1_2024/shard-000477.tar,2115375,START,mild,23,75,98,354,-26,lt2,false,true,0.0044341683387756348,0.0043747872114181519,0,0,0.0078521370887756348,0.0041687190532699999,0.0044755339622499996,0.00026544928550563483,-0.00010074675083184773
204,data/1_2024/shard-000477.tar,2138503,END,mild,18,86,104,360,-34,2to4,true,false,0.0021012872457504272,0.0033871084451675415,0,0,-0.0064009726047515869,0.0021012872457500001,0.00338710844517,4.2717565595928875e-16,-2.4585368463281299e-15
205,data/1_2024/shard-000477.tar,2149375,END,mild,27,79,106,362,-26,lt2,false,false,0.003534168004989624,0.005910627543926239,0,0,0.019521817564964294,0.00353416800499,0.0059106275439299999,-3.7600131341797294e-16,-3.7608804959177178e-15
206,data/1_2024/shard-000477.tar,2154503,END,medium,26,128,154,410,-51,2to4,true,true,-0.0014856904745101929,0.0037082135677337646,0,0,0.015955246984958649,-0.0014856904745100001,0.0037082135677299999,-1.9277114626792269e-16,3.7647836237386656e-15
207,data/1_2024/shard-000477.tar,2161503,END,medium,5,110,115,371,-52.5,2to4,true,true,0.011408671736717224,-0.0012622103095054626,0,0,0.080162562429904938,0.0114086717367,-0.00126221030951,1.7224069392973718e-14,4.5373860918518361e-15
208,data/1_2024/shard-000477.tar,2172503,END,medium,33,94,127,383,-30.5,lt2,false,true,0.0018069930374622345,0.0017161630094051361,0,0,-0.05381382629275322,0.00180699303746,0.0017161630094100001,2.2345406774926246e-15,-4.86394778620447e-15
209,data/1_2024/shard-000477.tar,2173503,START,medium,59,134,193,449,-37.5,2to4,true,true,0.00088708102703094482,0.00036998093128204346,0,0,-0.043195575475692749,0.00088708102703100001,0.00036998093128199998,-5.5185890579512176e-17,4.3476507116668728e-17
210,data/1_2024/shard-000477.tar,2192503,END,medium,23,105,128,384,-41,2to4,true,false,0.0034154653549194336,0.0088273808360099792,0,0,-0.012016803026199341,0.00341546535492,0.0088273808360100001,-5.6638721490642752e-16,-2.0816681711721685e-17
211,data/1_2024/shard-000477.tar,2197375,START,medium,11,128,139,395,-58.5,2to4,true,false,-0.00062870979309082031,0.0023961812257766724,0,0,0.0025806352496147156,-0.00062870979309099996,0.00239618122578,1.7965229998084808e-16,-3.3276333077925102e-15
212,data/1_2024/shard-000477.tar,2199503,END,mild,31,73,104,360,-21,lt2,false,false,0.0016548484563827515,0.0013422071933746338,-1.1533498764038086e-05,3.0919909477233887e-06,-0.021546840667724609,0.0016883090138399999,0.0013408809900300001,-3.3460557457248461e-05,1.3262033446337276e-06
213,data/1_2024/shard-000477.tar,2207503,END,mild,11,69,80,336,-29,lt2,false,false,0.00046677142381668091,-0.0026719272136688232,0,0,0.03728223592042923,0.00046677142381699999,-0.0026719272136699998,-3.1908069936248395e-16,1.1765761975812694e-15
214,data/1_2024/shard-000477.tar,2211375,END,mild,21,85,106,362,-32,2to4,true,false,0.0015598312020301819,0.0015980526804924011,0,0,-0.023270167410373688,0.00155983120203,0.00159805268049,1.8192912454306764e-16,2.4010741311863981e-15
215,data/1_2024/shard-000477.tar,2240503,START,mild,22,84,106,362,-31,lt2,false,true,0.0012443140149116516,0.0022816210985183716,0,0,0.028408192098140717,0.0012443140149099999,0.0022816210985200001,1.6516735895644175e-15,-1.6284716630732277e-15
216,data/1_2024/shard-000477.tar,2245503,START,mild,2,104,106,362,-51,2to4,true,true,0.012133263051509857,0.0042267516255378723,0,0,-0.021411016583442688,0.0121332630515,0.00422675162554,9.8566987905002179e-15,-2.1276383432855539e-15
217,data/1_2024/shard-000477.tar,2256375,START,mild,1,105,106,362,-52,2to4,true,false,0.0055906623601913452,0.0087258443236351013,0,0,-0.12543245404958725,0.0055906623601899999,0.0087258443236400002,1.3452780556200139e-15,-4.8988590961585032e-15
218,data/1_2024/shard-000477.tar,2269375,END,mild,11,74,85,341,-31.5,lt2,false,true,0.0018700137734413147,0.0059417933225631714,0,0,-0.0095952525734901428,0.00187001377344,0.0059417933225600003,1.3147035543559227e-15,3.1710745140856034e-15
219,data/1_2024/shard-000477.tar,2278375,END,mild,2,83,85,341,-40.5,2to4,true,true,0.00077369809150695801,0.0029926151037216187,0,0,-0.031411632895469666,0.00077369809150699997,0.0029926151037200002,-4.1958624075189022e-17,1.618497003086361e-15
220,data/1_2024/shard-000477.tar,2280503,START,mild,27,79,106,362,-26,lt2,false,true,-0.00079263746738433838,-0.0003198087215423584,0,0,0.053527846932411194,-0.000792637467384,-0.00031980872154200002,-3.3837949803272593e-16,-3.5838302811508349e-16
221,data/1_2024/shard-000477.tar,2287503,START,mild,15,90,105,361,-37.5,2to4,true,true,0.0024858936667442322,0.0042280331254005432,0,0,-0.015224955976009369,0.00244624167681,0.0042164996266399997,3.9651989934232166e-05,1.1533498760543485e-05
222,data/1_2024/shard-000477.tar,2290375,START,mild,35,71,106,362,-18,lt2,false,true,0.0028377622365951538,0.0080821067094802856,0,0,-0.026691824197769165,0.0028377622366000002,0.0080821067094799994,-4.8463837110102048e-15,2.8622937353617317e-16
223,data/1_2024/shard-000477.tar,2299503,END,mild,13,94,107,363,-40.5,2to4,true,false,0.003472059965133667,0.0028923004865646362,0,0,0.0080965012311935425,0.0034720599651299998,0.0028923004865600002,3.6672054282149702e-15,4.636048489548017e-15
224,data/1_2024/shard-000477.tar,2310375,END,medium,13,140,153,409,-63.5,2to4,true,false,0.001872234046459198,0.0031963065266609192,0,0,-0.027356095612049103,0.0018722340464600001,0.0031963065266599998,-8.0209276720477618e-16,9.1940344226770776e-16
225,data/1_2024/shard-000477.tar,2312503,START,mild,6,100,106,362,-47,2to4,true,false,0.0035773515701293945,0.0042435154318809509,0,0,0.016441203653812408,0.0035773515701299999,0.0042435154318800003,-6.0541849311590568e-16,9.5062846483529029e-16
226,data/1_2024/shard-000477.tar,2322375,END,medium,13,127,140,396,-57,2to4,true,false,0.0028239712119102478,0.0077755972743034363,0,0,0.037708163261413574,0.0028239712119100002,0.0077755972742999998,2.4763177619568921e-16,3.4364872059100549e-15
227,data/1_2024/shard-000477.tar,2325375,START,medium,13,114,127,383,-50.5,2to4,true,false,0.0009149014949798584,0.00093714892864227295,0,0,0.038288384675979614,0.00091490149498,0.00093714892864199995,-1.4159680372660688e-16,2.7300210703185002e-16
228,data/1_2024/shard-000477.tar,2333503,START,mild,5,68,73,329,-31.5,lt2,false,false,0.00092780590057373047,0.0027965903282165527,0,0,-0.017721056938171387,0.000927805900574,0.0027965903282200001,-2.695326600798964e-16,-3.4473292276349099e-15
229,data/1_2024/shard-000477.tar,2344503,END,strong,54,157,211,467,-51.5,2to4,true,false,0.0029004514217376709,0.00036969035863876343,0,0,0.00053798407316207886,0.0029004514217400002,0.000369690358639,-2.3292999473678577e-15,-2.3657291403633707e-16
230,data/1_2024/shard-000477.tar,2345375,START,mild,26,59,85,341,-16.5,lt2,false,true,0.00066053867340087891,-0.00022105872631072998,0,0,0.011359073221683502,0.00066053867340100001,-0.000221058726311,-1.2110538266663085e-16,2.7002055105751488e-16
231,data/1_2024/shard-000477.tar,2347503,END,mild,31,70,101,357,-19.5,lt2,false,true,0.00068668276071548462,0.0001288875937461853,0,0,-0.012936435639858246,0.00068668276071499998,0.00012888759374600001,4.8463837110102048e-16,1.8529015127777271e-16
232,data/1_2024/shard-000477.tar,2353375,START,mild,0,105,105,361,-52.5,2to4,true,false,0.0010119900107383728,0.0089019685983657837,0,0,0.050511464476585388,0.00101199001074,0.0089019685983700008,-1.6271706204662451e-15,-4.217112770099618e-15
233,data/1_2024/shard-000477.tar,2376375,START,medium,14,133,147,403,-59.5,2to4,true,false,0.006852366030216217,0.013369791209697723,0,0,0.053031645715236664,0.0068523660302199996,0.013369791209699999,-3.7825645393674279e-15,-2.2759572004815709e-15
234,data/1_2024/shard-000477.tar,2377375,START,mild,1,107,108,364,-53,2to4,true,false,0.0068986564874649048,0.0020517408847808838,0,0,0.044038161635398865,0.0068986564874599999,0.0020517408847799999,4.9049306283244221e-15,8.8384161101018321e-16
235,data/1_2024/shard-000477.tar,2377503,END,mild,22,85,107,363,-31.5,lt2,false,true,0.0046603530645370483,0.0019448250532150269,0,0,-0.0094297677278518677,0.00466035306454,0.0019448250532200001,-2.9516319943745373e-15,-4.9732353651910088e-15
236,data/1_2024/shard-000477.tar,2379375,START,mild,21,64,85,341,-21.5,lt2,false,true,0.0073612630367279053,0.0011426210403442383,0,0,0.021896585822105408,0.00736126303673,0.0011426210403399999,-2.0946785972419946e-15,4.2383631326803339e-15
237,data/1_2024/shard-000477.tar,2379503,END,mild,5,101,106,362,-48,2to4,true,true,0.0026146695017814636,0.00057146698236465454,0,1.3634562492370605e-06,-0.0027435272932052612,0.00261466950178,0.00057010352611499995,1.463672932855431e-15,1.3634562496545868e-06
238,data/1_2024/shard-000477.tar,2381503,START,mild,1,104,105,361,-51.5,2to4,true,false,0.00056196749210357666,0.0084472596645355225,0,0,0.040428757667541504,0.00056196749210400004,0.0084472596645399998,-4.2338094835558948e-16,-4.4773212914961391e-15
239,data/1_2024/shard-000477.tar,2382503,END,mild,31,75,106,362,-22,lt2,false,false,0.00066450238227844238,0.00056383758783340454,0,0,-0.014534607529640198,0.00066450238227800003,0.00056383758783300003,4.4235448637408581e-16,4.045158305543417e-16
240,data/1_2024/shard-000477.tar,2391503,START,mild,9,51,60,316,-21,lt2,false,false,0.0050506144762039185,0.0018240362405776978,0,0,0.027791693806648254,0.0050506144761999997,0.0018240362405799999,3.9187403322316072e-15,-2.3021948930557201e-15
241,data/1_2024/shard-000477.tar,2393375,END,mild,16,90,106,362,-37,2to4,true,true,0.0016771256923675537,0.0069210976362228394,5.6624412536621094e-06,-5.3465366363525391e-05,-0.032429561018943787,0.00167499482632,0.0069745630025899999,2.130866047553694e-06,-5.3465366367160504e-05
242,data/1_2024/shard-000477.tar,2400375,END,mild,27,58,85,341,-15.5,lt2,false,true,0.00059486925601959229,0.00052189826965332031,0,-1.4819204807281494e-05,0.0064139366149902344,0.00059169530868500003,0.00055990368127799999,3.17394733459226e-06,-3.8005411624679681e-05
243,data/1_2024/shard-000477.tar,2429375,END,medium,21,133,154,410,-56,2to4,true,false,0.0014077313244342804,0.00029958412051200867,0,0,-0.027250371873378754,0.00140773132443,0.00029958412051199999,4.2804301769727715e-15,8.6736173798840355e-18
244,data/1_2024/shard-000477.tar,2437503,START,medium,35,79,114,370,-22,lt2,false,false,0.001674845814704895,-9.7304582595825195e-05,0,0,0.044049322605133057,0.0016748458147000001,-9.7304582595800001e-05,4.8949559683375554e-15,-2.5194147983131909e-17
245,data/1_2024/shard-000477.tar,2439503,END,mild,1,67,68,324,-33,2to4,true,false,0.0047071725130081177,0.00091642141342163086,0,0,0.041201546788215637,0.0047071725130099999,0.00091642141342200003,-1.8821749714348357e-15,-3.6917083973131426e-16
246,data/1_2024/shard-000477.tar,2443375,START,mild,15,70,85,341,-27.5,lt2,false,false,0.0012652724981307983,0.0041637420654296875,0,0,0.039147332310676575,0.0012652724981299999,0.0041637420654299998,7.9840647981832547e-16,-3.1225022567582528e-16
247,data/1_2024/shard-000477.tar,2457503,START,mild,13,97,110,366,-42,2to4,true,true,-0.0013408288359642029,0.00059343874454498291,0,0,-0.029337033629417419,-0.0013408288359600001,0.00059343874454500004,-4.2028013014228094e-15,-1.713039432527097e-17
248,data/1_2024/shard-000477.tar,2492375,START,mild,4,101,105,361,-48.5,2to4,true,false,0.0043294131755828857,0.0028567314147949219,0,0,-0.016326740384101868,0.00432941317558,0.00285673141479,2.8857125022874186e-15,4.9218441822151959e-15
249,data/1_2024/shard-000477.tar,2496375,END,medium,10,106,116,372,-48,2to4,true,true,0.0015878602862358093,0.0065959170460700989,0,0,-0.049968712031841278,0.00158786028624,0.00659591704607,-4.1906582370909717e-15,9.8879238130678004e-17
250,data/1_2024/shard-000477.tar,2500503,START,medium,42,110,152,408,-34,2to4,true,true,0.0045912414789199829,0.0012699514627456665,0,2.1308660507202148e-06,-0.027131423354148865,0.004584223032,0.0012576729059200001,7.0184469199829208e-06,1.227855682566642e-05
251,data/1_2024/shard-000477.tar,2526375,START,medium,24,91,115,371,-33.5,2to4,true,false,0.00071255862712860107,5.9083104133605957e-05,0,0,0.017446279525756836,0.00071255862712899995,5.9083104133600001e-05,-3.9887797925741708e-16,5.95633568509224e-18
252,data/1_2024/shard-000477.tar,2529375,END,mild,10,60,70,326,-25,lt2,false,true,0.00085524469614028931,-0.0050936117768287659,0,0,0.024003572762012482,0.00085524469614000004,-0.0050936117768300001,2.8926513961913258e-16,1.2342557531574982e-15
253,data/1_2024/shard-000477.tar,2533375,START,medium,7,150,157,413,-71.5,ge4,true,false,0.0027481243014335632,-0.001791439950466156,0,0,0.015979573130607605,0.0027481243014300001,-0.0017914399504699999,3.5631220196563618e-15,3.8439303823301074e-15
254,data/1_2024/shard-000477.tar,2534503,END,mild,8,100,108,364,-46,2to4,true,true,0.0021837055683135986,0.0010740160942077637,0,0,0.024550303816795349,0.0021837055683099999,0.00106732547283,3.5986838509138863e-15,6.6906213777636475e-06
255,data/1_2024/shard-000477.tar,2555503,END,mild,9,60,69,325,-25.5,lt2,false,true,0.0013157278299331665,0.0015480369329452515,0,0,0.0083450227975845337,0.00131572782993,0.0015480369329500001,3.1665208649611642e-15,-4.7485886750520123e-15
256,data/1_2024/shard-000477.tar,2557503,END,mild,19,87,106,362,-34,2to4,true,true,-0.00080982595682144165,0.003867127001285553,0,0,0.069054052233695984,-0.00080982595682099995,0.0038671270012899999,-4.4170396507059451e-16,-4.446963630666545e-15
257,data/1_2024/shard-000477.tar,2581503,START,mild,12,90,102,358,-39,2to4,true,true,0.0008627772331237793,0.0043849050998687744,0,0,-0.0031094774603843689,0.00086277723312400004,0.00438490509987,-2.207435623180487e-16,-1.2255821357776142e-15
258,data/1_2024/shard-000477.tar,2587375,END,medium,26,90,116,372,-32,2to4,true,true,0.0025641992688179016,0.0023847967386245728,0,0,-0.11352945864200592,0.0025641992688200002,0.00238479673862,-2.0985817250629424e-15,4.5727310826748635e-15
259,data/1_2024/shard-000477.tar,2592503,END,mild,7,99,106,362,-46,2to4,true,false,-0.00080320239067077637,0.0097513496875762939,0,0,0.0078270435333251953,-0.00080320239067100004,0.0097513496875799993,2.2367090818375956e-16,-3.70536934468646e-15
260,data/1_2024/shard-000477.tar,2636503,END,mild,12,94,106,362,-41,2to4,true,true,0.0051520317792892456,0.006745457649230957,0,0,-0.005672752857208252,0.0051520317792900002,0.0067454576492300003,-7.5460471204991109e-16,9.5669999700120911e-16
261,data/1_2024/shard-000477.tar,2644375,END,mild,0,106,106,362,-53,2to4,true,true,0.0059457942843437195,0.020513802766799927,0,0,0.058333486318588257,0.0059457942843400002,0.0205138027668,3.7192471324942744e-15,-7.2858385991025898e-17
262,data/1_2024/shard-000477.tar,2646503,END,strong,22,191,213,469,-84.5,ge4,true,true,0.0015576779842376709,0.0047348439693450928,0,0,-0.061148680746555328,0.00155767798424,0.0047348439693500003,-2.3290831069333606e-15,-4.9075327135383873e-15
263,data/1_2024/shard-000477.tar,2647375,END,mild,9,96,105,361,-43.5,2to4,true,false,0.00044343248009681702,0.0008023679256439209,0,0,-0.022103946655988693,0.00044343248009699998,0.00080236792564400005,-1.8295911660692887e-16,-7.9146758591441824e-17
264,data/1_2024/shard-000477.tar,2663503,START,mild,20,51,71,327,-15.5,lt2,false,true,-0.00039981305599212646,0.0013938769698143005,0,0,-0.012460142374038696,-0.00039981305599199999,0.0013938769698099999,-1.2647218342043409e-16,4.3005963373810019e-15
265,data/1_2024/shard-000477.tar,2680503,END,mild,15,62,77,333,-23.5,lt2,false,false,-0.0012356042861938477,0.0025264732539653778,0,0,0.015253584831953049,-0.00123560428619,0.00252647325397,-3.8476166697165581e-15,-4.6221707017402025e-15
266,data/1_2024/shard-000477.tar,2692375,START,mild,30,76,106,362,-23,lt2,false,true,-0.00037716329097747803,-0.0012012720108032227,0,0,-0.0040523707866668701,-0.000377163290977,-0.0012012720108,-4.780247378488589e-16,-3.2226825374959134e-15
267,data/1_2024/shard-000477.tar,2698503,END,strong,47,272,319,575,-112.5,ge4,true,true,0.0010089576244354248,0.00086173415184020996,0,0,-0.080201666802167892,0.0010089576244399999,0.00086173415183999995,-4.5751163274543316e-15,2.1000996081044221e-16
268,data/1_2024/shard-000477.tar,2699503,START,mild,18,89,107,363,-35.5,2to4,true,true,0.0031379908323287964,0.0019934028387069702,0,0,0.051261082291603088,0.0031379908323299999,0.0019934028387099999,-1.2034644114589099e-15,-3.0296945507934936e-15
269,data/1_2024/shard-000477.tar,2709375,START,strong,44,174,218,474,-65,ge4,true,false,0.0031026750802993774,0.025316730141639709,0,0,-0.10048364102840424,0.0031026750803000002,0.025316730141600002,-6.2276572787567375e-16,3.9707820365109114e-14
270,data/1_2024/shard-000477.tar,2727375,START,mild,3,65,68,324,-31,lt2,false,false,0.0057577937841415405,0.0033302754163742065,0,0,0.016560003161430359,0.0057577937841400001,0.0033302754163699998,1.5404344466674047e-15,4.2067044292437572e-15
271,data/1_2024/shard-000477.tar,2728503,END,mild,28,68,96,352,-20,lt2,false,true,0.0001255720853805542,-0.0013196617364883423,0,0,0.089322686195373535,0.000125572085381,-0.00131966173649,-4.4579682827172729e-16,1.6577451217303363e-15
272,data/1_2024/shard-000477.tar,2737375,START,medium,29,163,192,448,-67,ge4,true,false,0.0051217153668403625,0.0024172961711883545,0,0,-0.14056443423032761,0.00512171536684,0.0024172961711899999,3.6255720647915268e-16,-1.6453852169640015e-15
273,data/1_2024/shard-000477.tar,2745503,START,mild,16,52,68,324,-18,lt2,false,false,-0.00045478343963623047,0.00030160695314407349,0,0,0.011270314455032349,-0.00045478343963600002,0.00030160695314399998,-2.3044717176179397e-16,7.3508907294517201e-17
274,data/1_2024/shard-000477.tar,2755503,END,strong,38,217,255,511,-89.5,ge4,true,true,-0.00096021592617034912,0.0017081312835216522,0,0,0.0034605897963047028,-0.00096021592617000001,0.0017081312835199999,-3.4911309954033243e-16,1.6523241108679088e-15
275,data/1_2024/shard-000477.tar,2764503,START,mild,10,92,102,358,-41,2to4,true,true,-0.0029352009296417236,0.0034515783190727234,0,0,-0.021480739116668701,-0.0029352009296400002,0.0034515783190699999,-1.7234477733829578e-15,2.7235158572835871e-15
276,data/1_2024/shard-000477.tar,2766503,END,mild,9,97,106,362,-44,2to4,true,false,0.0015678927302360535,-0.0015490129590034485,0,0,-0.016504637897014618,0.00156789273024,-0.0015490129590000001,-3.9464959078472361e-15,-3.4484134298073954e-15
277,data/1_2024/shard-000477.tar,2798375,END,mild,5,64,69,325,-29.5,lt2,false,false,0.0023815184831619263,-0.00042982399463653564,0,0,0.10172268748283386,0.0023815184831599999,-0.00042982399463700001,1.9264104200722443e-15,4.6436379047554155e-16
278,data/1_2024/shard-000477.tar,2798503,START,medium,31,92,123,379,-30.5,lt2,false,true,0.00091822445392608643,0.00013060122728347778,0,0,-0.008426375687122345,0.00100576877594,7.3246657848400005e-05,-8.7544322013913527e-05,5.7354569435077779e-05
279,data/1_2024/shard-000477.tar,2803375,END,medium,17,100,117,373,-41.5,2to4,true,true,0.00123625248670578,-0.00019452720880508423,0,0,-0.050197750329971313,0.00123625248671,-0.00019452720880500001,-4.2199316957480804e-15,-8.4215403747811557e-17
280,data/1_2024/shard-000477.tar,2811503,END,mild,13,89,102,358,-38,2to4,true,false,0.0070109590888023376,-0.0018958598375320435,0,0,0.012379579246044159,0.0070109590888000001,-0.00189585983753,2.3375398838787476e-15,-2.0435042547006788e-15
281,data/1_2024/shard-000477.tar,2813375,END,mild,6,100,106,362,-47,2to4,true,false,0.004881344735622406,-6.2555074691772461e-05,0,0,0.011278741061687469,0.0048813447356199999,-6.25550746918e-05,2.4060614611798314e-15,2.7538735181131813e-17
282,data/1_2024/shard-000477.tar,2819503,START,mild,15,49,64,320,-17,lt2,false,false,0.0079609788954257965,0.0028297603130340576,0,0,-0.0034306272864341736,0.0079609788954299997,0.0028297603130300001,-4.2032349822918036e-15,4.0575182103097518e-15
283,data/1_2024/shard-000477.tar,2821375,END,mild,6,58,64,320,-26,lt2,false,false,0.000415019690990448,0.0017778575420379639,-1.8231570720672607e-05,0,0.071700476109981537,0.00041658431291599998,0.0017728209495500001,-1.5646219255519792e-06,5.0365924879637852e-06
284,data/1_2024/shard-000477.tar,2821503,END,mild,9,94,103,359,-42.5,2to4,true,true,0.0013294816017150879,0.0042099058628082275,0,0,-0.01510252058506012,0.00132948160172,0.0042099058628100004,-4.9120863626628264e-15,-1.7728873924482969e-15
285,data/1_2024/shard-000477.tar,2826503,START,medium,0,140,140,396,-70,ge4,true,false,-0.00031067430973052979,-0.00085505843162536621,0,0,0.056356616318225861,-0.000310674309731,-0.00085505843162499997,4.7021848220696327e-16,-3.662434938656034e-16
286,data/1_2024/shard-000477.tar,2829503,END,mild,11,61,72,328,-25,lt2,false,true,0.0011432245373725891,0.0004415363073348999,0,0,0.034362331032752991,0.00114322453737,0.00044153630733499997,2.5890747878953846e-15,-1.0007186052041206e-16
287,data/1_2024/shard-000477.tar,2832503,END,medium,29,90,119,375,-30.5,lt2,false,true,0.00022973120212554932,2.0042061805725098e-06,0,0,-0.011657945811748505,0.00022973120212599999,2.00420618057e-06,-4.5067573804791206e-16,2.5097586227144919e-18
288,data/1_2024/shard-000477.tar,2833375,END,mild,31,75,106,362,-22,lt2,false,false,-0.0010268688201904297,0.015614405274391174,0,0,-0.010003730654716492,-0.0010268688201899999,0.015614405274400001,-4.2977774117325396e-16,-8.8262730457699945e-15
289,data/1_2024/shard-000477.tar,2835503,END,mild,6,96,102,358,-45,2to4,true,true,0.003174319863319397,0.01200219988822937,0,0,-0.0023048073053359985,0.0031743198633199998,0.0120021998882,-6.0281640790194047e-16,2.9370603171763321e-14
290,data/1_2024/shard-000477.tar,2864503,START,medium,22,128,150,406,-53,2to4,true,false,-0.00090350210666656494,-0.0017469078302383423,0,0,-0.086342543363571167,-0.00090350210666700003,-0.00174690783024,4.3509033181843293e-16,1.6577451217303363e-15
291,data/1_2024/shard-000477.tar,2875503,START,mild,20,41,61,317,-10.5,lt2,false,false,-0.00017333030700683594,0.0071734711527824402,0,0,-0.020965501666069031,-0.000173330307007,0.0071734711527800003,1.6406689375136896e-16,2.4398885689613792e-15
292,data/1_2024/shard-000477.tar,2878503,START,medium,30,173,203,459,-71.5,ge4,true,true,0.0011283457279205322,0.0010582581162452698,0,0,0.010441862046718597,0.0011283457279200001,0.0010582581162499999,5.3212642625588558e-16,-4.7301572381197587e-15
293,data/1_2024/shard-000477.tar,2879503,START,mild,5,101,106,362,-48,2to4,true,false,0.0041272491216659546,0.0027221143245697021,0,0,0.056677773594856262,0.00412724912167,0.0027221143245700001,-4.0453751459779141e-15,-2.9793875699901662e-16
294,data/1_2024/shard-000477.tar,2881375,END,medium,33,95,128,384,-31,lt2,false,true,0.0033787637948989868,-0.000575236976146698,0,0,0.0011873692274093628,0.0033759698271800002,-0.00055983662605299999,2.7939677189866077e-06,-1.5400350093698004e-05
295,data/1_2024/shard-000477.tar,2886503,START,strong,14,256,270,526,-121,ge4,true,false,0.0061796456575393677,-0.0019409023225307465,0,0,-0.096024475991725922,0.00617964565754,-0.0019409023225300001,-6.3230670699354619e-16,-7.4636477553902125e-16
296,data/1_2024/shard-000477.tar,2890503,START,medium,25,171,196,452,-73,ge4,true,true,0.0033608525991439819,0.0091333836317062378,0,0,-0.030304744839668274,0.0033608525991399999,0.0091333836317100004,3.9820577391047607e-15,-3.7626152193936946e-15
297,data/1_2024/shard-000477.tar,2901503,END,mild,9,67,76,332,-29,lt2,false,false,0.0037831589579582214,-0.00049713999032974243,0,0,0.021222911775112152,0.00378315895796,-0.00049713999033000004,-1.7785252437452215e-15,2.5760643618255585e-16
298,data/1_2024/shard-000477.tar,2918503,END,medium,4,182,186,442,-89,ge4,true,true,0.0063383579254150391,-0.0014577209949493408,0,0,-0.023625180125236511,0.0060649067163500003,-0.00149573385715,0.00027345120906503879,3.8012862200659204e-05
299,data/1_2024/shard-000477.tar,2927375,END,mild,18,67,85,341,-24.5,lt2,false,false,0.0020952671766281128,0.0029913410544395447,0,0,0.033460430800914764,0.0020952671766300002,0.00299134105444,-1.8873791418627661e-15,-4.5536491244391186e-16
300,data/1_2024/shard-000477.tar,2938375,END,mild,11,87,98,354,-38,2to4,true,false,0.0020782351493835449,0.0020279139280319214,0,0,0.069051995873451233,0.00207823514938,0.0020279139280300002,3.5449074231586053e-15,1.9212062496443139e-15
301,data/1_2024/shard-000477.tar,2944503,END,medium,35,82,117,373,-23.5,lt2,false,false,0.00057971477508544922,0.0032597184181213379,0,0,0.002922549843788147,0.00057971477508500003,0.00325971841812,4.4918496006074449e-16,1.3379054808471125e-15
302,data/1_2024/shard-000477.tar,2970503,END,mild,20,85,105,361,-32.5,2to4,true,true,0.0025001242756843567,0.0017119124531745911,0,0,-0.037065386772155762,0.0025001242756799999,0.0017119124531699999,4.356758009915751e-15,4.5911625196071171e-15
303,data/1_2024/shard-000477.tar,2975375,END,mild,21,85,106,362,-32,2to4,true,true,0.0034592151641845703,0.0016006976366043091,0,0,-0.00099281966686248779,0.0034592151641800002,0.0016006976366,4.5701289974608983e-15,4.3090531143263888e-15
304,data/1_2024/shard-000477.tar,2995503,START,mild,33,73,106,362,-20,lt2,false,true,-0.0011384040117263794,0.0033672302961349487,0,0,0.066644459962844849,-0.00113840401173,0.00336723029613,3.6205847347980935e-15,4.9487323960928364e-15
305,data/1_2024/shard-000477.tar,3001503,END,mild,9,97,106,362,-44,2to4,true,false,0.010482728481292725,0.0024255216121673584,0,0,0.052062809467315674,0.0104827284813,0.0024255216121699999,-7.275430258246729e-15,-2.641550173043683e-15
306,data/1_2024/shard-000477.tar,3003503,END,mild,3,107,110,366,-52,2to4,true,true,0.00075509399175643921,0.0069768279790878296,0,0,0.031523026525974274,0.000755093991756,0.0069768279790899997,4.3921030007387785e-16,-2.1701390684469857e-15
307,data/1_2024/shard-000477.tar,3005503,START,mild,12,94,106,362,-41,2to4,true,true,0.0014557912945747375,0.0020947381854057312,0,0,-0.051227673888206482,0.00145579129457,0.0020947381854099999,4.7375298128926602e-15,-4.2687207935099281e-15
308,data/1_2024/shard-000477.tar,3041503,END,mild,4,102,106,362,-49,2to4,true,true,0.00079572200775146484,0.003621026873588562,0,0,0.074663504958152771,0.00079572200775100005,0.0036210268735900001,4.6479747134453575e-16,-1.4380857615847731e-15
309,data/1_2024/shard-000477.tar,3045375,START,mild,4,58,62,318,-27,lt2,false,false,-0.0015163794159889221,0.0031224042177200317,0,0,0.023569777607917786,-0.00151637941599,0.0031224042177200001,1.0779137998850885e-15,3.1658703436576729e-17
310,data/1_2024/shard-000477.tar,3047375,START,medium,43,95,138,394,-26,lt2,false,false,-7.0348381996154785e-05,0.00071740150451660156,0,0,0.0060633271932601929,-7.0348381996199996e-05,0.00071740150451700001,4.5211230592645535e-17,-3.9844429838842288e-16
311,data/1_2024/shard-000477.tar,3049375,START,medium,33,89,122,378,-28,lt2,false,false,0.0018002018332481384,0.0069011449813842773,0,0,-0.036810461431741714,0.00180020183325,0.0069011449813800004,-1.8615751301576111e-15,4.2769607300208179e-15
312,data/1_2024/shard-000477.tar,3055375,END,medium,11,136,147,403,-62.5,2to4,true,false,0.0018585175275802612,-0.00056183338165283203,0,0,-0.093476191163063049,0.0018585175275799999,-0.00056183338165299997,2.6129272356900657e-16,1.6794291651800464e-16
313,data/1_2024/shard-000477.tar,3080503,END,mild,3,103,106,362,-50,2to4,true,true,0.0045459270477294922,0.0020920485258102417,0,0,0.0088839679956436157,0.0045415610075000001,0.0021495372057,4.3660402294920519e-06,-5.7488679889758278e-05
314,data/1_2024/shard-000477.tar,3084503,END,mild,21,72,93,349,-25.5,lt2,false,true,0.0038377866148948669,0.0051295608282089233,0,0,-0.049296319484710693,0.0038377866148900002,0.0051295608282099997,4.8667667118529323e-15,-1.0763959168436088e-15
315,data/1_2024/shard-000477.tar,3091375,END,mild,5,100,105,361,-47.5,2to4,true,false,0.0072853118181228638,-0.0011995136737823486,0,0,0.042315855622291565,0.0072853118181199997,-0.00119951367378,2.8640284588377085e-15,-2.3485987460380997e-15
316,data/1_2024/shard-000477.tar,3100503,END,mild,26,74,100,356,-24,lt2,false,false,0.0017758011817932129,0.0021455734968185425,0,0,-0.028646677732467651,0.00177580118179,0.0021455734968200001,3.2129247179435438e-15,-1.4576014006895122e-15
317,data/1_2024/shard-000477.tar,3123503,END,mild,17,57,74,330,-20,lt2,false,false,0.00098188221454620361,0.00034312903881072998,0,0,-0.053107172250747681,0.000981882214546,0.000343129038811,2.0361316799277773e-16,-2.7002055105751488e-16
318,data/1_2024/shard-000477.tar,3142375,START,mild,23,53,76,332,-15,lt2,false,false,0.00026616454124450684,0.00079381465911865234,0,0,-0.026686906814575195,0.00026616454124499999,0.00079381465911900005,-4.9314935815503169e-16,-3.4770363671610127e-16
319,data/1_2024/shard-000477.tar,3197375,END,mild,21,85,106,362,-32,2to4,true,false,0.0020533502101898193,0.0078988522291183472,0,0,-0.0066877454519271851,0.0020533502101900002,0.0078988522291200004,-1.8084492237058214e-16,-1.6531914726058972e-15
320,data/1_2024/shard-000477.tar,3213375,END,mild,17,90,107,363,-36.5,2to4,true,false,1.1727213859558105e-05,0.0039035826921463013,0,0,-0.021973386406898499,1.17272138596e-05,0.0039035826921500001,-4.1894249571197695e-17,-3.6988641316515469e-15
321,data/1_2024/shard-000477.tar,3213503,END,mild,18,87,105,361,-34.5,2to4,true,true,-0.0041398555040359497,0.0014128684997558594,0,0,-0.050563931465148926,-0.0041398555040400003,0.0014128684997599999,4.0505793164058446e-15,-4.1405680967221414e-15
322,data/1_2024/shard-000477.tar,3214375,END,mild,5,82,87,343,-38.5,2to4,true,true,0.0035374090075492859,0.003306753933429718,0,0,0.0084273070096969604,0.0035374090075500002,0.0033067539334299999,-7.1427239123345032e-16,-2.8189256484623115e-16
323,data/1_2024/shard-000477.tar,3225503,END,mild,3,80,83,339,-38.5,2to4,true,true,-0.0078275576233863831,0.0062420889735221863,0,0,0.035727366805076599,-0.00782755762339,0.0062420889735199997,3.6168984474116428e-15,2.1866189414687653e-15
324,data/1_2024/shard-000477.tar,3239503,START,medium,56,139,195,451,-41.5,2to4,true,false,0.013163246214389801,0.00050387531518936157,0,0,-0.057338222861289978,0.013163246214399999,0.00050387531518899999,-1.0198439315267649e-14,3.6158142452391573e-16
325,data/1_2024/shard-000477.tar,3244503,END,mild,34,72,106,362,-19,lt2,false,false,0.00014694035053253174,0.00082012265920639038,0,0,0.0482000932097435,0.00014694035053300001,0.00082012265920599996,-4.6826691829648937e-16,3.9042120231203015e-16
326,data/1_2024/shard-000477.tar,3256503,START,medium,32,141,173,429,-54.5,2to4,true,false,0.0006726682186126709,-0.00060194730758666992,0,0,-0.009523436427116394,0.00067266821861299995,-0.00060194730758699995,-3.290553593493506e-16,3.3003114130458755e-16
327,data/1_2024/shard-000477.tar,3266375,START,medium,4,132,136,392,-64,ge4,true,false,0.0040493644773960114,0.0091716386377811432,0,0,-0.030114781111478806,0.0040493644774000003,0.00917163863778,-3.9889966330086679e-15,1.1431827706687159e-15
328,data/1_2024/shard-000477.tar,3267375,START,mild,29,77,106,362,-24,lt2,false,true,0.0015362650156021118,0.0019560754299163818,0,0,-0.041239112615585327,0.0015362650156,0.00195607542992,2.1118089915672655e-15,-3.6181994900186254e-15
329,data/1_2024/shard-000477.tar,3291503,START,mild,1,105,106,362,-52,2to4,true,true,-0.0014908052980899811,0.0032185539603233337,0,0,-0.022919043898582458,-0.0014908052980899999,0.00321855396032,1.8865117801247777e-17,3.333704839958429e-15
330,data/1_2024/shard-000477.tar,3304503,START,mild,28,57,85,341,-14.5,lt2,false,true,-0.0004869997501373291,0.0015323162078857422,0,0,-0.013527646660804749,-0.00048699975013699999,0.0015323162078900001,-3.2910956945797487e-16,-4.257878771785073e-15
331,data/1_2024/shard-000477.tar,3309503,START,mild,0,85,85,341,-42.5,2to4,true,false,0.0023913532495498657,0.0069006383419036865,0,0,0.057331815361976624,0.0024217814207099998,0.0070169270038600001,-3.0428171160134122e-05,-0.00011628866195631353
332,data/1_2024/shard-000477.tar,3313503,END,mild,21,84,105,361,-31.5,lt2,false,false,0.003695264458656311,0.0080035626888275146,0,0,-0.032228678464889526,0.0036952644586599999,0.0080035626888300005,-3.6888894716646803e-15,-2.4858587410747646e-15
333,data/1_2024/shard-000477.tar,3338503,END,mild,3,103,106,362,-50,2to4,true,false,-0.0035139918327331543,0.0063207298517227173,0,0,-0.071228742599487305,-0.0035139918327300001,0.0063207298517199998,-3.1541609601948295e-15,2.7174443251176683e-15
334,data/1_2024/shard-000477.tar,3357503,START,mild,31,74,105,361,-21.5,lt2,false,true,0.0016406029462814331,0.0010356307029724121,0,0,-0.010146491229534149,0.00164060294628,0.00103563070297,1.4330984315913398e-15,2.4121329933457503e-15
335,data/1_2024/shard-000477.tar,3362375,START,mild,12,84,96,352,-36,2to4,true,true,0.0066996365785598755,0.0023482441902160645,0,0,-0.030662961304187775,0.0066996365785600004,0.0023482441902200001,-1.2490009027033011e-16,-3.9356538861223811e-15
336,data/1_2024/shard-000477.tar,3378375,START,mild,19,45,64,320,-13,lt2,false,true,-0.00045815110206604004,-0.00087343156337738037,-2.549588680267334e-05,0,0.0096262842416763306,-0.00043438374996199999,-0.00088758766651200001,-2.3767352104040048e-05,1.4156103134619637e-05
337,data/1_2024/shard-000477.tar,3378503,START,mild,13,92,105,361,-39.5,2to4,true,false,0.0030886530876159668,0.0071908235549926758,0,0,0.03049439936876297,0.00308865308762,0.00719082355499,-4.0332320816460765e-15,2.6758109616942249e-15
338,data/1_2024/shard-000477.tar,3379375,END,mild,28,79,107,363,-25.5,lt2,false,false,0.00043542683124542236,0.0084338784217834473,0,0,-0.022349268198013306,0.00043542683124500001,0.0084338784217800004,4.2235095629172825e-16,3.4468955467659157e-15
339,data/1_2024/shard-000477.tar,3381375,END,medium,5,123,128,384,-59,2to4,true,true,-6.1064958572387695e-05,0.0037248730659484863,0,0,0.08249346911907196,-6.1064958572400001e-05,0.0037248730659499999,1.2305694657710475e-17,-1.5135462327897642e-15
340,data/1_2024/shard-000477.tar,3382503,START,mild,27,79,106,362,-26,lt2,false,true,0.004160657525062561,0.0028781667351722717,0,0,-0.030900172889232635,0.0041606575250599997,0.0028781667351700001,2.5613192122797557e-15,2.2716203917916289e-15
341,data/1_2024/shard-000477.tar,3383375,END,mild,3,99,102,358,-48,2to4,true,false,0.0019214525818824768,0.0032403767108917236,0,0,0.05254315584897995,0.0019214525818800001,0.0032403767108900002,2.4767514428258863e-15,1.7234477733829578e-15
342,data/1_2024/shard-000477.tar,3403503,START,mild,12,98,110,366,-43,2to4,true,true,0.00061570852994918823,0.0086998492479324341,0,0,0.03081066906452179,0.00061570852994900001,0.0086998492479300003,1.8821749714348357e-16,2.4338170367954604e-15
343,data/1_2024/shard-000477.tar,3404503,START,mild,35,71,106,362,-18,lt2,false,false,0.0042192637920379639,-0.00044584274291992188,0,0,-0.033723793923854828,0.0042192637920400004,-0.00044584274291999999,-2.0365653607967715e-15,7.8116766527580594e-17
344,data/1_2024/shard-000477.tar,3406375,END,mild,7,93,100,356,-43,2to4,true,true,-0.00047796964645385742,0.0063444375991821289,0,0,0.073528841137886047,-0.00047796964645399999,0.0063444375991800004,1.4257258568184383e-16,2.1285057050235423e-15
345,data/1_2024/shard-000477.tar,3409503,END,mild,9,96,105,361,-43.5,2to4,true,false,0.0046823769807815552,-0.00094397366046905518,0,0,-0.012142211198806763,0.00468237698078,-0.00094397366046899999,1.5551795962132076e-15,-5.5185890579512176e-17
346,data/1_2024/shard-000477.tar,3416503,START,mild,18,71,89,345,-26.5,lt2,false,false,0.0016750842332839966,0.0014496147632598877,0,0,0.01005341112613678,0.00167508423328,0.00144961476326,3.9965860482160664e-15,-1.1232334506949826e-16
347,data/1_2024/shard-000477.tar,3434375,START,strong,71,163,234,490,-46,2to4,true,true,0.0017585307359695435,-0.0041872933506965637,0,0,-0.072428710758686066,0.0017585307359699999,-0.0041872933507000002,-4.5644911461639737e-16,3.4364872059100549e-15
348,data/1_2024/shard-000477.tar,3436503,END,mild,26,84,110,366,-29,lt2,false,true,-0.0005830228328704834,0.0032396912574768066,0,0,-0.00063307583332061768,-0.00056505203247099998,0.0033055096864700001,-1.7970800399483419e-05,-6.5818428993193439e-05
349,data/1_2024/shard-000477.tar,3453503,END,mild,11,81,92,348,-35,2to4,true,false,-0.00019845366477966309,0.017397940158843994,0,0,0.03867708146572113,-0.00019845366478,0.017397940158800002,3.369158250998705e-16,4.3992587350771828e-14
350,data/1_2024/shard-000477.tar,3498375,END,medium,55,133,188,444,-39,2to4,true,true,-0.00074131786823272705,0.012989632785320282,0,0,-0.042252369225025177,-0.00074131786823300005,0.0129896327853,2.7300210703185002e-16,2.0282386881120829e-14
351,data/1_2024/shard-000477.tar,3502375,START,mild,24,59,83,339,-17.5,lt2,false,false,0.0020967572927474976,-0.00020000338554382324,0,0,0.035731077194213867,0.0020967572927499999,-0.00020000338554399999,-2.5023386140965442e-15,1.7675205916944936e-16
352,data/1_2024/shard-000477.tar,3508375,START,mild,0,106,106,362,-53,2to4,true,true,0.0041517913341522217,-0.00073713064193725586,0,0,0.012408286333084106,0.0041517913341500004,-0.00073713064193699999,2.2213134109883015e-15,-2.5587171270657905e-16
353,data/1_2024/shard-000477.tar,3509375,START,mild,2,73,75,331,-35.5,2to4,true,true,0.0039225667715072632,0.010025359690189362,0,0,-0.051468662917613983,0.0039225667715099997,0.010025359690200001,-2.7365262833534132e-15,-1.0639059078165758e-14
354,data/1_2024/shard-000477.tar,3511375,START,mild,20,86,106,362,-33,2to4,true,true,0.0063069909811019897,0.0013365596532821655,0,0,0.019639298319816589,0.0063069909811,0.0013365596532799999,1.9897278269453977e-15,2.1655854193225466e-15
355,data/1_2024/shard-000477.tar,3528503,START,medium,33,95,128,384,-31,lt2,false,true,-0.00010827183723449707,0.0012141838669776917,0,0,-0.013099111616611481,-0.000108271837234,0.0012141838669799999,-4.9706603850313558e-16,-2.3082664252216389e-15
356,data/1_2024/shard-000477.tar,3531375,END,medium,10,118,128,384,-54,2to4,true,true,0.00016137957572937012,0.0023918971419334412,0,0,-0.045621022582054138,0.000161379575729,0.0023918971419299999,3.7011951663223908e-16,3.4412576954689911e-15
357,data/1_2024/shard-000477.tar,3531503,END,medium,31,84,115,371,-26.5,lt2,false,true,0.00041224062442779541,-0.0010089129209518433,0,0,-0.0040596947073936462,0.000412240624428,-0.0010089129209499999,-2.0458894994801469e-16,-1.8433605336598546e-15
358,data/1_2024/shard-000477.tar,3533503,START,mild,4,99,103,359,-47.5,2to4,true,false,0.00018244236707687378,0.0063426047563552856,0,0,-0.019799135625362396,0.00018244236707700001,0.0063426047563599998,-1.2622823793162485e-16,-4.7141110459669733e-15
359,data/1_2024/shard-000477.tar,3538503,START,mild,8,98,106,362,-45,2to4,true,true,0.0019086450338363647,-0.00010275840759277344,0,0,0.021809756755828857,0.0019086450338400001,-0.000102758407593,-3.6353298843438964e-15,2.2655759646800222e-16
360,data/1_2024/shard-000477.tar,3541503,START,mild,14,90,104,360,-38,2to4,true,false,0.0024536699056625366,0.0024798139929771423,0,0,0.069882355630397797,0.00245366990566,0.0024798139929799999,2.5365994027470862e-15,-2.8575232458027955e-15
361,data/1_2024/shard-000477.tar,3550503,START,mild,26,79,105,361,-26.5,lt2,false,false,0.0010968297719955444,0.00029642879962921143,0,0,-0.04143071174621582,0.0010968297720000001,0.00029642879962900001,-4.455637248046429e-15,2.1141942363467336e-16
362,data/1_2024/shard-000477.tar,3552375,END,medium,26,110,136,392,-42,2to4,true,false,0.0023684501647949219,0.0055487006902694702,0,0,0.025437615811824799,0.00236845016479,0.0055487006902700002,4.9218441822151959e-15,-5.2995802191091457e-16
363,data/1_2024/shard-000477.tar,3556503,END,medium,60,122,182,438,-31,lt2,false,false,-0.00085484236478805542,0.0021568834781646729,0,0,0.0041293129324913025,-0.00085484236478800002,0.0021568834781599999,-5.5402731014009277e-17,4.6729113634125241e-15
364,data/1_2024/shard-000477.tar,3559503,END,mild,5,79,84,340,-37,2to4,true,false,0.0012516975402832031,0.00031211972236633301,0,0,0.043036505579948425,0.00125169754028,0.000312119722366,3.2031668983911743e-15,3.3301269727892269e-16
365,data/1_2024/shard-000477.tar,3562375,START,medium,37,82,119,375,-22.5,lt2,false,true,-0.00087159126996994019,0.0040230602025985718,0,0,-0.027333490550518036,-0.00087159126997000003,0.0040230602026000003,5.9847959921199845e-17,-1.4285447824669006e-15
366,data/1_2024/shard-000477.tar,3565503,START,mild,11,74,85,341,-31.5,lt2,false,true,-0.0035012662410736084,0.00015902519226074219,0,0,-0.0050542429089546204,-0.0035012662410700002,0.00015902519226100001,-3.6082248300317588e-15,-2.5782327661705295e-16
367,data/1_2024/shard-000477.tar,3601503,END,mild,9,98,107,363,-44.5,2to4,true,false,-0.00037780404090881348,0.0010022148489952087,0,0,0.020685493946075439,-0.00037780404090900001,0.001002214849,1.8653698377613104e-16,-4.7913062406479412e-15
368,data/1_2024/shard-000477.tar,3608503,START,mild,20,78,98,354,-29,lt2,false,false,0.0041306987404823303,0.0060403421521186829,-1.7158687114715576e-05,-1.8708407878875732e-05,-0.09868166595697403,0.0041869580745699997,0.0060590505600000002,-5.6259334087669331e-05,-1.8708407881317356e-05
369,data/1_2024/shard-000477.tar,3611503,START,medium,28,126,154,410,-49,2to4,true,false,0.0021069645881652832,0.0070781335234642029,0,0,-0.0090288296341896057,0.0021069645881699999,0.0070781335234599996,-4.7167131311809385e-15,4.2032349822918036e-15
370,data/1_2024/shard-000477.tar,3638503,END,mild,11,74,85,341,-31.5,lt2,false,false,0.0018433034420013428,0.00080110877752304077,0,0,-0.053782761096954346,0.0018433034420000001,0.00080110877752300001,1.3426759704060487e-15,4.0766001685454967e-17
371,data/1_2024/shard-000477.tar,3651503,START,mild,25,81,106,362,-28,lt2,false,false,-0.0004864037036895752,0.0028490573167800903,0,0,-0.02480471134185791,-0.00059473514556899999,0.00289067625999,0.00010833144187942479,-4.1618943209909692e-05
372,data/1_2024/shard-000477.tar,3654503,START,mild,0,108,108,364,-54,2to4,true,true,0.0042563527822494507,0.0023890137672424316,0,0,0.028610721230506897,0.0042563527822499997,0.00238901376724,-5.4903998014665945e-16,2.4316486324504893e-15
373,data/1_2024/shard-000477.tar,3659503,END,mild,25,74,99,355,-24.5,lt2,false,false,0.00043097138404846191,0.0020456910133361816,0,0,0.043184295296669006,0.00043097138404799999,0.0020456910133400002,4.6192433558744916e-16,-3.8185600514939466e-15
374,data/1_2024/shard-000477.tar,3665503,END,mild,31,74,105,361,-21.5,lt2,false,true,-0.0008096843957901001,0.0018989443778991699,0,0,0.043120861053466797,-0.00080968439579000003,0.0018989443779,-1.0007186052041206e-16,-8.3006518325490219e-16
375,data/1_2024/shard-000477.tar,3668503,END,mild,20,50,70,326,-15,lt2,false,false,0.0019581317901611328,-0.0011998116970062256,0,0,-0.0030320584774017334,0.00195813179016,-0.0011998116970099999,1.132774429812855e-15,3.774324602856538e-15
376,data/1_2024/shard-000477.tar,3670503,END,mild,30,63,93,349,-16.5,lt2,false,true,-0.00013650953769683838,-0.00068537890911102295,0,0,0.037547022104263306,-0.00013650953769700001,-0.00068537890911099996,1.6162743886327657e-16,-2.2985086056692694e-17
377,data/1_2024/shard-000477.tar,3671503,START,mild,12,95,107,363,-41.5,2to4,true,true,0.0053911656141281128,0.0077287852764129639,0,0,-0.018536433577537537,0.0053911656141300002,0.0077287852764100001,-1.8873791418627661e-15,2.9637750587063749e-15
378,data/1_2024/shard-000477.tar,3672375,END,mild,2,104,106,362,-51,2to4,true,true,0.0057985782623291016,0.017510116100311279,0,0,-0.041224315762519836,0.0057985782623300001,0.0175101161003,-8.9858676055598607e-16,1.12791720408012e-14
379,data/1_2024/shard-000477.tar,3674503,START,mild,2,60,62,318,-29,lt2,false,true,0.0036790147423744202,0.0085045099258422852,0,0,0.047779761254787445,0.0036790147423700001,0.0085045099258400005,4.4200754167889045e-15,2.2846308178614549e-15
380,data/1_2024/shard-000477.tar,3682503,END,medium,0,145,145,401,-72.5,ge4,true,false,0.015004634857177734,0.0052894949913024902,0,0,0.013504162430763245,0.0150046348572,0.0052894949913,-2.2265175814162319e-14,2.4901955497647066e-15
381,data/1_2024/shard-000477.tar,3698503,END,mild,4,58,62,318,-27,lt2,false,true,0.0016208961606025696,0.0049524158239364624,0,0,0.025999210774898529,0.0016208961606,0.0049524158239400004,2.5695591487906455e-15,-3.5379685292546981e-15
382,data/1_2024/shard-000477.tar,3702503,START,mild,31,75,106,362,-22,lt2,false,false,0.0011020004749298096,0.0039615556597709656,0,0,0.0081812143325805664,0.00110200047493,0.0039615556597700002,-1.9038590148845458e-16,9.6537361438109315e-16
383,data/1_2024/shard-000477.tar,3722375,END,mild,5,98,103,359,-46.5,2to4,true,true,-0.0027809441089630127,-4.0844082832336426e-05,0,0,-0.026111766695976257,-0.0027809441089599999,-4.0844082832300003e-05,-3.0127809969027197e-15,-3.6422416731934915e-17
384,data/1_2024/shard-000477.tar,3762375,END,mild,17,89,106,362,-36,2to4,true,false,0.0014284253120422363,0.015536516904830933,0,0,0.024898476898670197,0.0014284253120400001,0.015536516904800001,2.2362754009686014e-15,3.0931854300142447e-14
385,data/1_2024/shard-000477.tar,3769503,START,strong,38,179,217,473,-70.5,ge4,true,false,0.0015121996402740479,0.00091600418090820312,0,0,-0.021375715732574463,0.0015121996402700001,0.00091600418090800005,4.0477603907573823e-15,2.0307106690653498e-16
386,data/1_2024/shard-000477.tar,3771503,START,mild,8,73,81,337,-32.5,2to4,true,true,-0.00042902678251266479,0.0017203837633132935,0,0,0.023950479924678802,-0.00042902678251299998,0.0017203837633100001,3.351811016238937e-16,3.2933725191419683e-15
387,data/1_2024/shard-000477.tar,3776503,END,mild,30,77,107,363,-23.5,lt2,false,true,0.0026409924030303955,0.0031680315732955933,0,0,-0.0034764409065246582,0.00264099240303,0.0031680315732999999,3.9551695252271202e-16,-4.4066313098500842e-15
388,data/1_2024/shard-000477.tar,3807503,START,mild,17,85,102,358,-34,2to4,true,true,0.0016266703605651855,0.0070815235376358032,0,0,-0.068438977003097534,0.0016266703605700001,0.0070815235376400004,-4.814508167139131e-15,-4.1971634501258848e-15
389,data/1_2024/shard-000477.tar,3809503,END,medium,21,107,128,384,-43,2to4,true,false,-8.9436769485473633e-05,0.0054700896143913269,0,0,-0.031736671924591064,-8.9436769485500006e-05,0.0054700896143899998,2.6373217845709895e-17,1.3270634591222574e-15
390,data/1_2024/shard-000477.tar,3841503,END,medium,56,149,205,461,-46.5,2to4,true,false,0.0028033331036567688,0.0010386109352111816,0,0,0.0081452503800392151,0.0028033331036600002,0.0010386109352100001,-3.2313561548757974e-15,1.1815635275747027e-15
391,data/1_2024/shard-000477.tar,3843503,START,medium,27,115,142,398,-44,2to4,true,true,-0.002612382173538208,0.007804572582244873,0,0,0.019300580024719238,-0.00261238217354,0.0078045725822400002,1.7919693506840417e-15,4.8728382440188511e-15
392,data/1_2024/shard-000477.tar,3848503,END,mild,2,105,107,363,-51.5,2to4,true,false,0.0014479011297225952,0.0059015154838562012,0,0,0.052847236394882202,0.0014479011297200001,0.0059015154838600002,2.5951463200613034e-15,-3.7990444123892075e-15
393,data/1_2024/shard-000477.tar,3861503,END,mild,5,100,105,361,-47.5,2to4,true,true,0.00020285695791244507,0.012219801545143127,0,0,0.034986600279808044,0.000202856957912,0.0122198015451,4.4506499180529957e-16,4.3126960336259401e-14
394,data/1_2024/shard-000477.tar,3863503,END,mild,23,64,87,343,-20.5,lt2,false,true,0.0014091134071350098,7.3477625846862793e-05,0,0,-0.025290250778198242,0.0014091134071399999,7.3477625846899995e-05,-4.9901489190817827e-15,-3.7201687043408871e-17
395,data/1_2024/shard-000477.tar,3866375,END,medium,11,153,164,420,-71,ge4,true,true,0.00211353600025177,0.0079175233840942383,0,0,0.013501852750778198,0.0021135360002500002,0.0079175233840900004,1.7698516263653374e-15,4.2379294518113397e-15
396,data/1_2024/shard-000477.tar,3868375,END,mild,30,76,106,362,-23,lt2,false,false,-0.0019926875829696655,0.0019132718443870544,0,0,0.0069991946220397949,-0.0019926875829699999,0.00191327184439,3.3436794999452957e-16,-2.9455604622086184e-15
397,data/1_2024/shard-000477.tar,3872375,END,medium,34,95,129,385,-30.5,lt2,false,false,-0.0060659050941467285,0.002045460045337677,0,0,-0.04336211085319519,-0.0060659050941500002,0.0020454600453399998,3.2716884756922582e-15,-2.3227947343329447e-15
398,data/1_2024/shard-000477.tar,3873503,END,mild,9,62,71,327,-26.5,lt2,false,true,-2.3581087589263916e-05,0.00072816014289855957,0,0,-0.047388061881065369,-2.35810875893e-05,0.00072816014289899997,3.6083603553033194e-17,-4.404029224636119e-16
399,data/1_2024/shard-000477.tar,3876503,END,medium,25,93,118,374,-34,2to4,true,true,0.0015304014086723328,-2.4147331714630127e-05,0,0,-0.037151433527469635,0.00153040140867,-2.41473317146e-05,2.3327693943198113e-15,-3.0127267867940954e-17
400,data/1_2024/shard-000477.tar,3889375,END,medium,53,156,209,465,-51.5,2to4,true,false,0.0019037872552871704,0.0050431489944458008,0,0,0.0060890167951583862,0.00200223922729,0.0048129633069000002,-9.8451972002829621e-05,0.00023018568754580061
401,data/1_2024/shard-000477.tar,3893375,START,mild,34,72,106,362,-19,lt2,false,true,0.0012550503015518188,-0.00078362226486206055,0,0,-0.026988610625267029,0.00125505030155,-0.00078362226486200005,1.8188575645616822e-15,-6.0498481224691147e-17
402,data/1_2024/shard-000477.tar,3895503,END,medium,46,120,166,422,-37,2to4,true,false,0.0011842846870422363,0.0041322559118270874,0,0,0.026965156197547913,0.0011842846870400001,0.00413225591183,2.2362754009686014e-15,-2.9126007161650591e-15
403,data/1_2024/shard-000477.tar,3897503,END,mild,16,52,68,324,-18,lt2,false,true,-0.0002721250057220459,2.4691224098205566e-05,0,0,0.02095099538564682,-0.00027212500572199998,2.46912240982e-05,-4.5915962004761113e-17,5.5667005293552618e-18
404,data/1_2024/shard-000477.tar,3900503,END,mild,15,91,106,362,-38,2to4,true,true,-0.0005497857928276062,-0.0023932307958602905,0,0,-0.012174978852272034,-0.00054978579282799998,-0.00239323079586,3.9378222904673521e-16,-2.9056618222611519e-16
405,data/1_2024/shard-000477.tar,3917503,START,mild,9,76,85,341,-33.5,2to4,true,false,0.0030310377478599548,0.0016368329524993896,0,0,0.059462316334247589,0.0030310377478599999,0.0016368329525000001,-4.5102810375396984e-17,-6.10405823109339e-16
406,data/1_2024/shard-000477.tar,3922503,START,mild,1,110,111,367,-54.5,2to4,true,false,0.0024338997900485992,0.0036893114447593689,0,0,0.0282488614320755,0.00243389979005,0.0036893114447599999,-1.4007892068512717e-15,-6.3100566438656358e-16
407,data/1_2024/shard-000477.tar,3925503,END,medium,14,152,166,422,-69,ge4,true,false,0.0065623894333839417,0.023103535175323486,0,0,0.14463070780038834,0.0065623894333800004,0.023103535175300002,3.9412917374193057e-15,2.3484686417774014e-14
408,data/1_2024/shard-000477.tar,3928503,START,mild,2,104,106,362,-51,2to4,true,false,0.0033251047134399414,0.0038900822401046753,0,0,-0.065236732363700867,0.00332510471344,0.0038900822401000002,-5.8546917314217239e-17,4.6750797677574951e-15
409,data/1_2024/shard-000477.tar,3949375,START,mild,15,70,85,341,-27.5,lt2,false,false,-0.00016006827354431152,-1.9900500774383545e-05,0,0,-0.021316491067409515,-0.00016006827354400001,-1.9900500774400001e-05,-3.1151838920939756e-16,1.6456156099256547e-17
410,data/1_2024/shard-000477.tar,3949503,END,mild,13,86,99,355,-36.5,2to4,true,true,-0.0001255422830581665,0.0026458054780960083,0,0,0.016394764184951782,-0.000125542283058,0.0026458054780999999,-1.6650634863946134e-16,-3.9915987182226331e-15
411,data/1_2024/shard-000477.tar,3960375,END,mild,16,69,85,341,-26.5,lt2,false,false,0.0029584094882011414,0.00015918910503387451,0,0,-0.00041246414184570312,0.0029584094881999999,0.00015918910503400001,1.1414480471927391e-15,-1.2549640146519714e-16
412,data/1_2024/shard-000477.tar,3960503,START,mild,27,79,106,362,-26,lt2,false,true,0.001466311514377594,0.00041276216506958008,0,0,0.044983252882957458,0.0014663115143800001,0.00041276216506999999,-2.4060614611798314e-15,-4.1991150140363587e-16
413,data/1_2024/shard-000477.tar,3963503,START,medium,47,111,158,414,-32,2to4,true,false,-0.0025990903377532959,0.0012230426073074341,0,0,-0.052105218172073364,-0.0025990903377499999,0.00122304260731,-3.2959746043559335e-15,-2.5658728614041948e-15
414,data/1_2024/shard-000477.tar,3977503,START,mild,32,74,106,362,-21,lt2,false,true,0.0021271705627441406,0.011719509959220886,0,0,0.01458016037940979,0.0021271705627399998,0.0117195099592,4.1407849371566385e-15,2.0886070650760757e-14
415,data/1_2024/shard-000477.tar,3982375,END,mild,12,69,81,337,-28.5,lt2,false,true,0.0035382062196731567,0.0040219277143478394,0,0,0.0082612186670303345,0.00353820621967,0.00402192771435,3.1567630454087947e-15,-2.1605980893291132e-15
416,data/1_2024/shard-000477.tar,3988375,END,mild,12,73,85,341,-30.5,lt2,false,true,0.0011854022741317749,0.0020120590925216675,0,0,-0.03719659149646759,0.0011854022741300001,0.00201205909252,1.7748389563587708e-15,1.6675029412827058e-15
417,data/1_2024/shard-000477.tar,3995503,START,mild,24,83,107,363,-29.5,lt2,false,false,0.0011097192764282227,0.003794156014919281,0,0,0.0099524706602096558,0.0011097192764300001,0.00379415601492,-1.777441041572736e-15,-7.1904288079238654e-16
418,data/1_2024/shard-000477.tar,4010503,END,mild,5,84,89,345,-39.5,2to4,true,false,-0.0031181573867797852,0.016288600862026215,0,0,0.018002845346927643,-0.0031181573867799998,0.016288600861999999,2.1467203015212988e-16,2.6215141168961509e-14
419,data/1_2024/shard-000477.tar,4011503,END,mild,5,80,85,341,-37.5,2to4,true,false,0.0039095953106880188,0.0054610967636108398,0,0,0.0019840449094772339,0.0039095953106899999,0.0054610967636100002,-1.9810542095655137e-15,8.3960616237277463e-16
420,data/1_2024/shard-000477.tar,4019503,START,mild,2,100,102,358,-49,2to4,true,true,0.0062856525182723999,0.014481961727142334,0,0,-0.019854545593261719,0.0063219070434600002,0.0143399834633,-3.6254525187600327e-05,0.00014197826384233433
421,data/1_2024/shard-000477.tar,4021375,START,mild,29,77,106,362,-24,lt2,false,true,0.00060829520225524902,0.00055068731307983398,0,0,0.0010101273655891418,0.00060829520225499998,0.00055068731307999998,2.4904123901992037e-16,-1.6599135260753073e-16
422,data/1_2024/shard-000477.tar,4023503,END,mild,18,88,106,362,-35,2to4,true,false,0.0061435401439666748,0.0038465261459350586,0,0,0.021840989589691162,0.0061435401439700003,0.00384652614594,-3.3254649034475392e-15,-4.941359821319935e-15
423,data/1_2024/shard-000477.tar,4033503,END,medium,3,120,123,379,-58.5,2to4,true,false,0.0052300766110420227,0.00033274292945861816,0,0,0.084694504737854004,0.00523007661104,0.00033274292945900002,2.0226875729889571e-15,-3.8185600514939466e-16
424,data/1_2024/shard-000477.tar,4058375,END,medium,17,101,118,374,-42,2to4,true,false,0.0032065436244010925,0.0041812136769294739,0,0,-0.034101329743862152,0.0032065436244000001,0.0041812136769300004,1.0924421089963943e-15,-5.2648857495896095e-16
425,data/1_2024/shard-000477.tar,4074503,END,medium,43,95,138,394,-26,lt2,false,false,0.002272874116897583,7.197260856628418e-05,0,0,-0.033700093626976013,0.0022728741168999999,7.1972608566299995e-05,-2.4169034829046865e-15,-1.5815799191132296e-17
426,data/1_2024/shard-000477.tar,4093503,END,mild,31,79,110,366,-24,lt2,false,true,0.0019277632236480713,0.020959287881851196,0,0,0.049817800521850586,0.0019277632236500001,0.020959287881900001,-1.9287956648517124e-15,-4.8804710273131491e-14
427,data/1_2024/shard-000477.tar,4097503,START,mild,17,89,106,362,-36,2to4,true,true,0.0047143325209617615,0.0025212317705154419,0,0,-0.010224692523479462,0.0047143325209599999,0.0025212317705199999,1.7616116898544476e-15,-4.5579859331290606e-15
428,data/1_2024/shard-000477.tar,4105503,END,medium,23,186,209,465,-81.5,ge4,true,false,0.036009132862091064,0.0051785781979560852,0,0,-0.067840501666069031,0.036009132862100002,0.0051785781979599996,-8.9372953482325102e-15,-3.9144035235416652e-15
429,data/1_2024/shard-000477.tar,4107503,START,medium,43,141,184,440,-49,2to4,true,true,0.0050418674945831299,0.0060125738382339478,0,0,0.013426519930362701,0.0050418674945799996,0.0060125738382300004,3.1303085124001484e-15,3.9473632695852245e-15
430,data/1_2024/shard-000477.tar,4109503,START,medium,23,114,137,393,-45.5,2to4,true,false,-0.0011539310216903687,-0.0011452734470367432,0,0,-0.098106861114501953,-0.00115393102169,-0.0011452734470400001,-3.6862873864507151e-16,3.2569433261464553e-15
431,data/1_2024/shard-000477.tar,4115375,START,strong,56,178,234,490,-61,2to4,true,false,0.001207396388053894,0.0040315985679626465,0,0,0.010145962238311768,0.00120739638805,0.0040315985679600002,3.8940205226989377e-15,2.6463206626026192e-15
432,data/1_2024/shard-000477.tar,4116503,END,mild,23,83,106,362,-30,lt2,false,true,0.00081342458724975586,-0.0017065703868865967,0,0,0.033292964100837708,0.00081342458725000002,-0.00170657038689,-2.441623292437356e-16,3.4033106194319984e-15
433,data/1_2024/shard-000477.tar,4119503,START,mild,10,96,106,362,-43,2to4,true,true,0.0010670274496078491,0.011802837252616882,0,0,-0.018451996147632599,0.00106702744961,0.0118028372526,-2.1508402697767437e-15,1.6882328868206287e-14
434,data/1_2024/shard-000477.tar,4123503,END,mild,31,75,106,362,-22,lt2,false,true,-0.0041868090629577637,0.0016746222972869873,0,0,0.025705724954605103,-0.0041868090629599997,0.0016746222972900001,2.2360585605341043e-15,-3.0127809969027197e-15
435,data/1_2024/shard-000477.tar,4131503,END,medium,15,132,147,403,-58.5,2to4,true,true,0.0075221545994281769,0.0071432925760746002,0,0,0.0056042857468128204,0.0075221545994300001,0.0071432925760699997,-1.8231943732516243e-15,4.6004866582904924e-15
436,data/1_2024/shard-000477.tar,4135503,END,mild,4,81,85,341,-38.5,2to4,true,true,0.0034273192286491394,0.00050854682922363281,0,0,-0.012718811631202698,0.0034273192286499998,0.00050854682922400003,-8.6042284408449632e-16,-3.6721927582084035e-16
437,data/1_2024/shard-000477.tar,4145375,START,mild,22,83,105,361,-30.5,lt2,false,true,0.00010244548320770264,-0.00061455368995666504,0,0,0.0093051046133041382,0.00010244548320800001,-0.00061455368995699995,-2.9736955085846173e-16,3.3491005108077232e-16
438,data/1_2024/shard-000477.tar,4154375,START,medium,23,105,128,384,-41,2to4,true,false,0.0026015043258666992,0.0016612336039543152,0,0,0.029094606637954712,0.00260150432587,0.0016612336039500001,-3.3007450939148697e-15,4.3151246464923076e-15
439,data/1_2024/shard-000477.tar,4158375,END,mild,31,77,108,364,-23,lt2,false,true,0.0008142814040184021,0.0001896396279335022,0,0,0.021986201405525208,0.00081428140401799997,0.00018963962793400001,4.0213058577487359e-16,-4.9781142749671936e-16
440,data/1_2024/shard-000477.tar,4163503,START,mild,26,80,106,362,-27,lt2,false,true,-0.00053139030933380127,0.0003396645188331604,0,0,-0.017747238278388977,-0.000531390309334,0.00033966451883299999,1.9873425821659296e-16,1.6040771141923038e-16
441,data/1_2024/shard-000477.tar,4170503,START,mild,7,101,108,364,-47,2to4,true,false,-0.0029449462890625,0.0050781071186065674,0,0,-0.010449253022670746,-0.0029449462890599998,0.0050781071186100004,-2.5001702097515732e-15,-3.4330177589581012e-15
442,data/1_2024/shard-000477.tar,4185503,START,mild,14,92,106,362,-39,2to4,true,true,-0.0067363753914833069,0.0024714395403862,0,0,-0.0097540691494941711,-0.0067363753914799996,0.0024714395403899999,-3.3072503069497827e-15,-3.7999117741271959e-15
443,data/1_2024/shard-000477.tar,4186503,START,mild,21,85,106,362,-32,2to4,true,false,0.0015541911125183105,0.0023544132709503174,0,0,0.020994633436203003,0.00155419111252,0.0023544132709499999,-1.689403825166913e-15,3.174543961037557e-16
444,data/1_2024/shard-000477.tar,4200375,END,mild,14,93,107,363,-39.5,2to4,true,false,0.0014077797532081604,0.0035774931311607361,0,0,0.021433643996715546,0.0014077797532100001,0.0035774931311600001,-1.8396742462734039e-15,7.3595643468316041e-16
445,data/1_2024/shard-000477.tar,4206375,END,medium,12,113,125,381,-50.5,2to4,true,false,0.0024407282471656799,0.0010821521282196045,0,0,0.0062667727470397949,0.0024407282471699998,0.00108215212822,-4.3198951360512439e-15,-3.9551695252271202e-16
446,data/1_2024/shard-000477.tar,4208503,START,mild,17,85,102,358,-34,2to4,true,true,0.0020742714405059814,0.00027182698249816895,0,0,-0.038509227335453033,0.0020742714405099999,0.00027182698249800003,-4.0184869321002736e-15,1.6891869847324159e-16
447,data/1_2024/shard-000477.tar,4213375,START,mild,13,46,59,315,-16.5,lt2,false,false,-0.00056473910808563232,0.0039348229765892029,0,0,-0.028078563511371613,-0.00056473910808599998,0.00393482297659,3.6765295668983455e-16,-7.9710543721134286e-16
448,data/1_2024/shard-000477.tar,4222375,END,mild,17,88,105,361,-35.5,2to4,true,false,-2.3204833269119263e-05,0.00031084567308425903,0,0,-0.0096695087850093842,-2.3204833269100001e-05,0.00031084567308400002,-1.926152922056279e-17,2.5901589900678701e-16
449,data/1_2024/shard-000477.tar,4226503,END,medium,24,113,137,393,-44.5,2to4,true,true,0.0085578560829162598,0.00046452879905700684,0,0,0.057723134756088257,0.0085578560829199998,0.00046452879905700001,-3.7400638142059961e-15,6.8304736866586779e-18
450,data/1_2024/shard-000477.tar,4241375,START,mild,25,77,102,358,-26,lt2,false,false,0.0018241181969642639,-0.0018988177180290222,0,0,0.031477972865104675,0.00182411819696,-0.00189881771803,4.2639503039509918e-15,9.777335191474279e-16
451,data/1_2024/shard-000477.tar,4257503,END,strong,69,152,221,477,-41.5,2to4,true,false,-0.00086953490972518921,0.001242414116859436,1.2867152690887451e-05,0,-0.0012647137045860291,-0.00081834942102399996,0.00124470889568,-5.1185488701189249e-05,-2.294778820563937e-06
452,data/1_2024/shard-000477.tar,4266503,END,mild,15,70,85,341,-27.5,lt2,false,true,0.0023206323385238647,-0.0019814670085906982,0,0,0.0025736540555953979,0.0023206323385200002,-0.00198146700859,3.864530223607332e-15,-6.9822619908066486e-16
453,data/1_2024/shard-000477.tar,4269375,START,mild,21,85,106,362,-32,2to4,true,false,0.0060775503516197205,0.0018462091684341431,0,0,-0.0064559727907180786,0.0060775503516199997,0.0018462091684299999,-2.7929047963226594e-16,4.1431701819361066e-15
454,data/1_2024/shard-000477.tar,4274375,END,mild,14,92,106,362,-39,2to4,true,false,0.0031110495328903198,0.0079672485589981079,0,0,-0.025116056203842163,0.0031110495328900002,0.0079672485590000005,3.1962280044872671e-16,-1.8925833122906965e-15
455,data/1_2024/shard-000477.tar,4288503,START,mild,7,78,85,341,-35.5,2to4,true,false,-0.00023260712623596191,0.004121728241443634,0,0,0.0135297030210495,-0.000232607126236,0.0041217282414399998,3.8082601308553343e-17,3.6342456821714109e-15
456,data/1_2024/shard-000477.tar,4290375,END,mild,18,89,107,363,-35.5,2to4,true,true,-0.00063455104827880859,0.0026998370885848999,0,0,0.070211112499237061,-0.00063455104827899996,0.0026998370885800002,1.9136168344369153e-16,4.8997264578964916e-15
457,data/1_2024/shard-000477.tar,4292375,END,mild,17,89,106,362,-36,2to4,true,true,-0.0003978535532951355,0.0012462437152862549,0,0,-0.0057109296321868896,-0.00039785355329500003,0.0012462437152899999,-1.3547106145206378e-16,-3.7450511441994294e-15
458,data/1_2024/shard-000477.tar,4297503,END,mild,13,45,58,314,-16,lt2,false,true,-0.0062147006392478943,0.0033233053982257843,0,0,0.013001766055822372,-0.0062147006392500002,0.0033233053982300001,2.1059542998358438e-15,-4.2158117274926354e-15
459,data/1_2024/shard-000477.tar,4328375,END,medium,15,110,125,381,-47.5,2to4,true,true,-0.00024233013391494751,0.010322168469429016,0,0,0.004001714289188385,-0.00011861324310299999,0.0102254226804,-0.00012371689081194752,9.6745789029016246e-05
460,data/1_2024/shard-000477.tar,4330375,END,mild,18,92,110,366,-37,2to4,true,false,0.0011797621846199036,0.017323285341262817,0,0,0.056073896586894989,0.0011797621846200001,0.017323285341299999,-9.6493993351209895e-17,-3.7182062984086883e-14
461,data/1_2024/shard-000477.tar,4331375,END,medium,25,164,189,445,-69.5,ge4,true,false,0.0041694790124893188,0.017661876976490021,0,0,0.028881922364234924,0.0041694790124899997,0.017661876976499999,-6.8087896432089678e-16,-9.9781294338185944e-15
462,data/1_2024/shard-000477.tar,4336375,END,medium,9,133,142,398,-62,2to4,true,false,0.00254087895154953,0.0028724074363708496,0,0,0.064839385449886322,0.0025408789515500001,0.00287240743637,-4.7011006198971472e-16,8.4958082235964127e-16
463,data/1_2024/shard-000477.tar,4337503,END,mild,15,91,106,362,-38,2to4,true,true,-6.751716136932373e-05,0.0088132768869400024,0,0,0.048334434628486633,-6.75171613693e-05,0.0088132768869400007,-2.3730475050276478e-17,1.7347234759768071e-18
464,data/1_2024/shard-000477.tar,4349503,START,mild,4,102,106,362,-49,2to4,true,true,-0.0011030957102775574,0.0018087700009346008,0,0,-0.025758221745491028,-0.0011030957102800001,0.0018087700009299999,2.4427074946098415e-15,4.6009203391594866e-15
465,data/1_2024/shard-000477.tar,4357375,START,medium,25,135,160,416,-55,2to4,true,false,0.0037546530365943909,0.020307570695877075,0,0,0.030436024069786072,0.0037546530365899999,0.020307570695900001,4.391018798566293e-15,-2.2926105458509483e-14
466,data/1_2024/shard-000477.tar,4365375,END,mild,20,86,106,362,-33,2to4,true,true,0.00016839802265167236,0.0061050280928611755,0,0,-0.028675451874732971,0.00015604496002200001,0.0061050280928600003,1.2353062629672358e-05,1.1752751549742868e-15
467,data/1_2024/shard-000477.tar,4375375,END,mild,13,64,77,333,-25.5,lt2,false,false,0.0044374875724315643,0.0042520463466644287,0,0,0.052847381681203842,0.00446026772261,0.00425616651773,-2.2780150178435682e-05,-4.1201710655712487e-06
468,data/1_2024/shard-000477.tar,4377375,START,medium,31,97,128,384,-33,2to4,true,true,0.00016488134860992432,0.0048038214445114136,0,0,-0.013177022337913513,0.00016488134860999999,0.0048038214445099998,-7.5677311639488209e-17,1.4137996329210978e-15
469,data/1_2024/shard-000477.tar,4399375,END,medium,28,100,128,384,-36,2to4,true,false,0.00055268406867980957,0.0073213875293731689,0,0,-0.0143766850233078,0.00055268406867999996,0.0073213875293699996,-1.9038590148845458e-16,3.1693397906096266e-15
470,data/1_2024/shard-000477.tar,4400503,START,medium,21,95,116,372,-37,2to4,true,true,0.0025380328297615051,0.0053993239998817444,0,0,0.039739504456520081,0.0025380328297599998,0.0053993239998800001,1.5053062962788744e-15,1.7442644550946795e-15
471,data/1_2024/shard-000477.tar,4401503,START,mild,26,85,111,367,-29.5,lt2,false,false,0.0019931793212890625,-0.0020302087068557739,0,0,0.024932652711868286,0.0019931793212900001,-0.0020302087068600001,-9.3761803876546423e-16,4.2262200683484963e-15
472,data/1_2024/shard-000477.tar,4402503,END,medium,51,108,159,415,-28.5,lt2,false,false,0.0014673173427581787,-0.0012820065021514893,0,0,0.059377036988735199,0.00146731734276,-0.00128200650215,-1.8212428093411503e-15,-1.4892601041260889e-15
473,data/1_2024/shard-000477.tar,4408503,END,medium,7,112,119,375,-52.5,2to4,true,false,-0.0013182833790779114,0.0010180622339248657,0,0,0.006493203341960907,-0.00131828337908,0.00101806223392,2.0886070650760757e-15,4.8656825096804468e-15
474,data/1_2024/shard-000477.tar,4417375,START,mild,7,99,106,362,-46,2to4,true,true,0.0045821070671081543,0.011085376143455505,0,0,-0.021675556898117065,0.00458210706711,0.011085376143499999,-1.8457457784393227e-15,-4.4493922435329125e-14
475,data/1_2024/shard-000477.tar,4458503,START,mild,6,100,106,362,-47,2to4,true,false,0.0035890787839889526,0.00067148357629776001,0,0,-0.015002310276031494,0.00358907878399,0.00067148357629800005,-1.0473392986209973e-15,-2.4004236098829068e-16
476,data/1_2024/shard-000477.tar,4484375,END,medium,7,122,129,385,-57.5,2to4,true,true,-0.00011261552572250366,0.010982602834701538,0,0,0.07454448938369751,-0.000112615525723,0.010982602834699999,4.9633420203670786e-16,1.5386997231914279e-15
477,data/1_2024/shard-000477.tar,4499503,START,mild,1,61,62,318,-30,lt2,false,true,0.0011538565158843994,0.0031112134456634521,0,0,-0.0068778097629547119,0.0011538565158799999,0.00311121344566,4.3994755755116799e-15,3.4520997171938461e-15
478,data/1_2024/shard-000477.tar,4554503,START,medium,17,174,191,447,-78.5,ge4,true,false,0.00027377903461456299,0.007588505744934082,0,0,-0.16722530126571655,0.00027377903461499998,0.0075885057449300002,-4.3698768562028256e-16,4.0818043389734271e-15
479,data/1_2024/shard-000477.tar,4647375,START,medium,4,195,199,455,-95.5,ge4,true,false,0.0062794461846351624,-0.00283784419298172,0,0,-0.0027976781129837036,0.0062794461846399996,-0.00283784419298,-4.8372764127613266e-15,-1.7199783264310042e-15
480,data/1_2024/shard-000477.tar,4653375,START,medium,27,94,121,377,-33.5,2to4,true,false,-0.00024856626987457275,0.00082097947597503662,0,0,-0.010446086525917053,-0.00024856626987499998,0.00082097947597499998,4.2722986606791302e-16,3.664603343001005e-17
481,data/1_2024/shard-000477.tar,4656375,END,strong,67,185,252,508,-59,2to4,true,true,0.0042683854699134827,0.00046727806329727173,0,0,0.012900009751319885,0.0042683854699100002,0.00046727806329699997,3.4824573780234402e-15,2.7175527453349169e-16
482,data/1_2024/shard-000477.tar,4659503,END,medium,2,123,125,381,-60.5,2to4,true,false,-0.0018960684537887573,0.00035288184881210327,0,0,-0.043953008949756622,-0.00189606845379,0.000352881848812,1.2427125301028852e-15,1.032702569292443e-16
483,data/1_2024/shard-000477.tar,4667503,START,strong,91,212,303,559,-60.5,2to4,true,true,0.0030846372246742249,0.008488040417432785,0,0,-0.030552435666322708,0.0030846372246699999,0.0084880404174300008,4.2249190257415137e-15,2.7842311789427754e-15
484,data/1_2024/shard-000477.tar,4698503,START,medium,56,119,175,431,-31.5,lt2,false,true,-0.0027353912591934204,0.0017132312059402466,0,0,-0.017515793442726135,-0.00273539125919,0.00171323120594,-3.4204410137572694e-15,2.4654757402320371e-16
485,data/1_2024/shard-000477.tar,4701375,START,medium,44,117,161,417,-36.5,2to4,true,true,0.0031371563673019409,0.0051817595958709717,0,0,-0.031569615006446838,0.0031371563673000002,0.0051817595958700002,1.9407218887490529e-15,9.7144514654701197e-16
486,data/1_2024/shard-000477.tar,4762503,START,medium,39,143,182,438,-52,2to4,true,true,0.0090912580490112305,0.0101967453956604,0,0,-0.020216017961502075,0.0090912580490100005,0.010196745395700001,1.2299189444675562e-15,-3.9600267509598552e-14
487,data/1_2024/shard-000477.tar,4872375,START,medium,2,165,167,423,-81.5,ge4,true,false,0.011206887662410736,0.0049186460673809052,0,0,-0.12127726152539253,0.0112068876624,0.0049186460673799996,1.0736203592820459e-14,9.055256544598933e-16
488,data/1_2024/shard-000477.tar,4876503,END,medium,12,116,128,384,-52,2to4,true,false,-0.001565590500831604,0.0034147948026657104,0,-2.9802322387695312e-08,-0.040032967925071716,-0.00156237185001,0.0034000426530800001,-3.2186508216040018e-06,1.4752149585710393e-05
489,data/1_2024/shard-000477.tar,4885375,START,medium,22,111,133,389,-44.5,2to4,true,false,0.00085848569869995117,0.0010010004043579102,0,0,-0.019723460078239441,0.00085848569869999996,0.0010010004043600001,-4.87890977618477e-17,-2.0899081076830583e-15
490,data/1_2024/shard-000477.tar,4931375,START,medium,48,99,147,403,-25.5,lt2,false,true,0.0011438429355621338,-0.0012220069766044617,0,0,-0.0061669424176216125,0.0011438429355600001,-0.0012220069766,2.1337098754514727e-15,-4.4617087802123478e-15
491,data/1_2024/shard-000477.tar,4949503,START,medium,35,108,143,399,-36.5,2to4,true,false,-4.0829181671142578e-05,0.0028662830591201782,0,0,-0.0057550668716430664,-4.0829181671100003e-05,0.00286628305912,-4.2575264060790152e-17,1.7824283715661693e-16
492,data/1_2024/shard-000477.tar,4953503,END,medium,15,164,179,435,-74.5,ge4,true,true,0.019160717725753784,0.0015502721071243286,0,0,-0.032517567276954651,0.019160717725800001,0.00155027210712,-4.6216502846974095e-14,4.3285687534311279e-15
493,data/1_2024/shard-000477.tar,4956375,START,medium,1,127,128,384,-63,2to4,true,false,0.0031953006982803345,0.011895805597305298,0,0,-0.022412270307540894,0.0032164454460099998,0.0119393914938,-2.1144747729665361e-05,-4.358589649470189e-05
494,data/1_2024/shard-000477.tar,5055503,START,medium,61,139,200,456,-39,2to4,true,false,0.00057964026927947998,0.020024895668029785,0,0,0.039305031299591064,0.000579640269279,0.020024895668,4.7997630175933281e-16,2.9785202082521778e-14
495,data/1_2024/shard-000477.tar,5103375,START,medium,21,137,158,414,-58,2to4,true,false,0.0018674284219741821,0.00082504749298095703,0,0,-0.032975971698760986,0.0018674284219699999,0.00082504749298099997,4.1822014601455848e-15,-4.2934406030425976e-17
496,data/1_2024/shard-000477.tar,5167503,START,medium,50,103,153,409,-26.5,lt2,false,false,0.0025364905595779419,-0.00039451941847801208,0,0,-0.017223048955202103,0.0025364905595800001,-0.000394519418478,-2.0582494042464816e-15,-1.2088854223213374e-17
497,data/1_2024/shard-000477.tar,5172375,END,medium,27,158,185,441,-65.5,ge4,true,true,0.0010138005018234253,0.0055394768714904785,0,0,0.046637557446956635,0.0010138005018200001,0.0055264979600899997,3.4252115033162056e-15,1.2978911400478819e-05
498,data/1_2024/shard-000477.tar,5186503,START,medium,8,120,128,384,-56,2to4,true,true,0.0044881850481033325,0.0069057196378707886,0,0,0.0078640282154083252,0.0044881850481000001,0.0069057196378700001,3.3324037973514464e-15,7.8843181983145882e-16
499,data/1_2024/shard-000477.tar,5191375,END,medium,61,141,202,458,-40,2to4,true,false,0.0023523867130279541,0.005491107702255249,0,0,-0.0093637481331825256,0.0023523867130300002,0.0054911077022600004,-2.046106339914644e-15,-4.7514076007004746e-15
500,data/1_2024/shard-000477.tar,5199503,END,medium,33,89,122,378,-28,lt2,false,true,0.0011142343282699585,-0.001520983874797821,0,0,0.020032346248626709,0.0011142343282699999,-0.0015209838748000001,-4.1416522988946269e-17,2.1790295262613668e-15
501,data/1_2024/shard-000477.tar,5203503,START,medium,5,164,169,425,-79.5,ge4,true,true,0.015748709440231323,0.0096362531185150146,0,0,-0.068115487694740295,0.015748709440200001,0.0096362531185200002,3.1322167082237229e-14,-4.9855952699573436e-15
502,data/1_2024/shard-000477.tar,5224503,START,medium,41,99,140,396,-29,lt2,false,true,0.0024836063385009766,0.0093873739242553711,0,0,0.010828897356987,0.0024836063384999999,0.0093873739242599993,9.7664931697494239e-16,-4.6282422339061213e-15
503,data/1_2024/shard-000477.tar,5287375,START,medium,8,115,123,379,-53.5,2to4,true,false,-0.0021039023995399475,0.0029186978936195374,0,0,-0.033118613064289093,-0.00210390239954,0.0029186978936200001,5.2475385148298415e-17,-4.6273748721681329e-16
504,data/1_2024/shard-000477.tar,5295503,END,medium,48,158,206,462,-55,2to4,true,false,0.0024221166968345642,0.00029581040143966675,0,0,-0.12120655924081802,0.0024221166968300002,0.00029581040143999998,4.5640574652949795e-15,-3.3322953771341979e-16
505,data/1_2024/shard-000477.tar,5317503,START,medium,11,114,125,381,-51.5,2to4,true,false,0.0020223706960678101,0.022780150175094604,0,0,0.035339713096618652,0.0020223706960700001,0.022780150175099999,-2.190088388420719e-15,-5.3949900102878701e-15
506,data/1_2024/shard-000477.tar,5370503,END,medium,5,135,140,396,-65,ge4,true,false,0.00052948296070098877,0.018518693745136261,0,0,0.00049791485071182251,0.00052948296070100005,0.018518693745099998,-1.1275702593849246e-17,3.6262659541819176e-14
507,data/1_2024/shard-000477.tar,5374503,END,medium,51,148,199,455,-48.5,2to4,true,false,0.0026280581951141357,-0.00061806291341781616,0,0,0.021217264235019684,0.0026280581951100002,-0.00061806291341800004,4.1355807667287081e-15,1.8388068845354155e-16
508,data/1_2024/shard-000477.tar,5378503,START,strong,85,179,264,520,-47,2to4,true,true,0.00068165361881256104,0.00034180283546447754,0,0,-0.059569969773292542,0.00068165361881300003,0.000341802835464,-4.3899345963938075e-16,4.7753684687124043e-16
509,data/1_2024/shard-000477.tar,5388503,START,medium,47,139,186,442,-46,2to4,true,false,-0.00023441016674041748,-0.001389380544424057,0,0,-0.067425955086946487,-0.00023441016674000001,-0.0013893805444199999,-4.1747204651554348e-16,-4.0570845294407576e-15
510,data/1_2024/shard-000477.tar,5409503,START,medium,6,191,197,453,-92.5,ge4,true,true,0.0022638589143753052,0.027991175651550293,0,0,0.036508418619632721,0.0022638589143800002,0.0279911756516,-4.6950290877312284e-15,-4.970676648063943e-14
511,data/1_2024/shard-000477.tar,5462375,START,medium,11,160,171,427,-74.5,ge4,true,false,0.015744969248771667,0.0015420839190483093,0,0,-0.11180931329727173,0.015744969248799999,0.00154208391905,-2.8331503809653213e-14,-1.6907048677738956e-15
