pair_id,source_shard,sample_id,original_side,zoom_band,k_start,k_end,available,full_height,signed_shift_start,M_TOP_PRE,M_TOP_MID,M_TOP_POST,M_BOT_PRE,M_BOT_MID,M_BOT_POST,G_PRE_MID,G_MID_POST,G_PRE_POST,content_asymmetry,in_balanced_subset
0,data/1_2024/shard-000477.tar,6503,START,medium,29,111,140,396,-41.0,-0.000509008765221,-0.000549256801605,0.000403687357903,0.00737047195435,0.00584843754768,0.00639653205872,0.00148178637028,0.000404849648476,0.00188663601875,0.012757629,False
1,data/1_2024/shard-000477.tar,13503,END,mild,21,88,109,365,-33.5,0.00421734899282,0.000871084630489,0.000430800020695,0.0024828016758,0.00262804329395,0.00363716483116,-0.00349150598049,-0.001449406147,-0.00494091212749,0.005147703,True
2,data/1_2024/shard-000477.tar,16375,END,mild,19,87,106,362,-34.0,0.00468821823597,0.00436079502106,0.00518918037415,0.00432945787907,0.00324446707964,0.00309089571238,0.000757567584515,0.000981956720352,0.00173952430487,0.00181976,True
3,data/1_2024/shard-000477.tar,30375,START,medium,21,111,132,388,-45.0,0.000554692000151,0.00103971734643,0.00161525979638,0.0152584724128,0.0167272761464,0.0203036665916,-0.000983778387308,-0.00300084799528,-0.00398462638259,0.001411196,True
4,data/1_2024/shard-000477.tar,50375,START,medium,51,105,156,412,-27.0,-0.00102838873863,7.97584652901e-05,0.000237189233303,0.00187738239765,0.000396028161049,-0.000701688230038,0.00258950144053,0.0012551471591,0.00384464859962,0.008045264,True
5,data/1_2024/shard-000477.tar,83503,END,mild,3,94,97,353,-45.5,0.00184085965157,0.00162297487259,0.00170415639877,0.00339929759502,0.00214011967182,0.00164413452148,0.00104129314423,0.000577166676521,0.00161845982075,0.015701594,False
6,data/1_2024/shard-000477.tar,84503,START,mild,1,95,96,352,-47.0,0.00303226709366,0.000566139817238,0.00290974974632,0.000951334834099,0.0091680586338,0.00751416385174,-0.0106530636549,0.00400467216969,-0.00664839148521,0.026331987,False
7,data/1_2024/shard-000477.tar,117375,END,mild,5,80,85,341,-37.5,0.0111016444862,0.013374991715,0.0144824758172,0.00498026609421,0.00891256704926,0.00830852612853,-0.00165895372629,0.00171152502298,5.25712966919e-05,0.009110764,False
8,data/1_2024/shard-000477.tar,117503,END,medium,45,103,148,404,-29.0,0.00529427826405,0.00512475520372,0.00324490666389,0.00349320471287,0.00280463695526,0.00242073088884,0.000519044697285,-0.00149594247341,-0.000976897776127,0.001963962,True
9,data/1_2024/shard-000477.tar,121375,START,medium,22,133,155,411,-55.5,-0.00246972590685,0.00124587118626,0.00247134268284,0.00925554335117,0.00242795795202,0.00191911309958,0.0105431824923,0.00173431634903,0.0122774988413,0.008471578,True
10,data/1_2024/shard-000477.tar,124375,START,mild,11,80,91,347,-34.5,0.00329192727804,0.0020891353488,0.00330727547407,0.00166285037994,0.00160345435143,0.00144479423761,-0.00114339590073,0.00137680023909,0.00023340433836,0.009746626,False
11,data/1_2024/shard-000477.tar,124503,END,mild,4,65,69,325,-30.5,0.00296294689178,0.00197038054466,0.00224698334932,0.0077241808176,0.00951001793146,0.00880376249552,-0.00277840346098,0.000982858240604,-0.00179554522038,0.004446335,True
12,data/1_2024/shard-000477.tar,133375,START,medium,26,166,192,448,-70.0,-0.00513757765293,0.00664942711592,0.00654626637697,0.0169001817703,0.00738471001387,0.00499260425568,0.0213024765253,0.00228894501925,0.0235914215446,3.5167e-05,True
13,data/1_2024/shard-000477.tar,169503,START,mild,7,99,106,362,-46.0,0.00525458157063,0.00377136468887,0.00406941771507,9.98377799988e-05,0.00217045843601,0.00198310613632,-0.00355383753777,0.00048540532589,-0.00306843221188,0.003250092,True
14,data/1_2024/shard-000477.tar,172375,END,mild,0,103,103,359,-51.5,0.00181142985821,0.00396484136581,0.00394847989082,0.00401668250561,0.00273285806179,0.0012571066618,0.00343723595142,0.001459389925,0.00489662587643,0.009860843,False
15,data/1_2024/shard-000477.tar,177503,END,medium,28,118,146,402,-45.0,-0.00134509801865,0.000518843531609,0.000674277544022,0.00101618096232,-0.00680051371455,-0.00970484316349,0.00968063622713,0.00305976346135,0.0127403996885,0.013872109,False
16,data/1_2024/shard-000477.tar,182503,START,mild,4,81,85,341,-38.5,0.000472813844681,0.00101305544376,0.00120306015015,0.00201364606619,0.00125171989202,0.00134357064962,0.00126600265503,0.000155255198479,0.00142125785351,0.001451954,True
17,data/1_2024/shard-000477.tar,183503,START,medium,61,136,197,453,-37.5,0.00157955288887,0.00134208798409,0.00142422318459,-0.000157371163368,-0.000198692083359,0.000584691762924,-0.000196143984795,-0.000701248645782,-0.000897392630577,0.001947328,True
18,data/1_2024/shard-000477.tar,231503,END,mild,24,82,106,362,-29.0,0.00135533511639,-0.00010858476162,0.00233000516891,-0.000113964080811,0.00151029229164,0.00172489881516,-0.00308817625046,0.00222398340702,-0.000864192843437,0.011493534,False
19,data/1_2024/shard-000477.tar,240503,START,mild,21,60,81,337,-19.5,0.00317875295877,0.00319999456406,0.00206053256989,-0.000166557729244,0.0014476776123,0.00109243392944,-0.00159299373627,-0.00078421831131,-0.00237721204758,0.001581013,True
20,data/1_2024/shard-000477.tar,273503,END,mild,27,80,107,363,-26.5,0.00162410736084,-0.000834658741951,-0.000454805791378,-0.00152316689491,-0.000296339392662,-0.00156952440739,-0.00368559360504,0.0016530379653,-0.00203255563974,0.000611618,True
21,data/1_2024/shard-000477.tar,274503,END,mild,26,59,85,341,-16.5,-0.0035392716527,0.000552013516426,0.00198517739773,0.00780092924833,-0.000336602330208,0.000428251922131,0.0122288167477,0.000668309628963,0.0128971263766,0.008129872,True
22,data/1_2024/shard-000477.tar,278375,END,strong,78,166,244,500,-44.0,-0.00155547261238,0.0040879547596,0.00799305737019,0.00374814122915,0.00633542239666,0.00769909471273,0.00305614620447,0.00254143029451,0.00559757649899,0.014548093,False
23,data/1_2024/shard-000477.tar,305503,END,strong,13,219,232,488,-103.0,-0.00603583455086,0.000898107886314,0.00262299925089,0.00641075149179,0.00633009150624,0.00551610812545,0.00701460242271,0.00253887474537,0.00955347716808,0.042252541,False
24,data/1_2024/shard-000477.tar,331503,END,mild,5,97,102,358,-46.0,0.00598192214966,0.00513744354248,0.00285832583904,0.0321542993188,0.0177408903837,0.0278820097446,0.0135941505432,-0.0124428123236,0.00115133821964,0.009075657,False
25,data/1_2024/shard-000477.tar,335503,END,mild,5,88,93,349,-41.5,-0.00272808223963,-0.00160181522369,-0.0017863214016,0.00458607822657,0.0105466991663,0.00994089245796,-0.0048343539238,0.000421300530434,-0.00441305339336,0.003607959,True
26,data/1_2024/shard-000477.tar,346503,END,mild,6,102,108,364,-48.0,0.00284418463707,0.00185380876064,0.000847607851028,0.00750952959061,0.00948457419872,0.0100281834602,-0.00296542048454,-0.00154981017113,-0.00451523065567,0.002817683,True
27,data/1_2024/shard-000477.tar,364375,START,mild,6,91,97,353,-42.5,0.00302323698997,0.00104077905416,0.00143481791019,0.00511348992586,0.00770222395658,0.00779514759779,-0.00456681102514,0.000263921916485,-0.00430288910866,0.027837701,False
28,data/1_2024/shard-000477.tar,406503,END,mild,10,52,62,318,-21.0,0.00240181386471,0.00398177653551,0.00196727365255,1.96844339371e-05,-0.000150598585606,0.000662341713905,0.00181779265404,-0.00275985896587,-0.000942066311836,0.004187375,True
29,data/1_2024/shard-000477.tar,448503,START,mild,3,54,57,313,-25.5,0.00630855560303,0.00858926773071,0.0113341510296,0.000995844602585,0.00213311612606,0.00215864181519,0.00114344060421,0.00271935760975,0.00386279821396,0.006257124,True
30,data/1_2024/shard-000477.tar,473375,END,mild,19,66,85,341,-23.5,0.00398631393909,0.00433231890202,0.00467003881931,0.00214502215385,0.00118184089661,0.00209556519985,0.00130918622017,-0.000576004385948,0.000733181834221,0.006865434,True
31,data/1_2024/shard-000477.tar,476375,START,mild,21,69,90,346,-24.0,0.00276608765125,0.00185506045818,0.00152914226055,0.0102583914995,0.0135211497545,0.0146132111549,-0.00421269237995,-0.00142621994019,-0.00563891232014,0.01159586,False
32,data/1_2024/shard-000477.tar,487375,END,mild,25,60,85,341,-17.5,0.00295570120215,0.000456016510725,0.00125999003649,-0.00305873528123,-0.000626213848591,-0.000875487923622,-0.00493220612407,0.00105324760079,-0.00387895852327,0.011692964,False
33,data/1_2024/shard-000477.tar,518503,END,strong,28,211,239,495,-91.5,0.00341321527958,0.0110262110829,0.0123745948076,0.00356552004814,-0.00154725834727,0.000325310975313,0.0127257741988,-0.000524185597897,0.0122015886009,6.3889e-05,True
34,data/1_2024/shard-000477.tar,533375,END,medium,39,83,122,378,-22.0,0.00545306503773,0.00242105126381,0.00324167311192,0.00266335904598,0.000159218907356,-0.00177638232708,-0.000527873635292,0.00275622308254,0.00222834944725,0.006568611,True
35,data/1_2024/shard-000477.tar,542375,START,mild,5,53,58,314,-24.0,-4.62681055069e-05,0.00016114115715,0.000274851918221,0.0057714432478,0.0047220364213,0.00354139506817,0.00125681608915,0.0012943521142,0.00255116820335,0.015557632,False
36,data/1_2024/shard-000477.tar,551503,START,medium,13,187,200,456,-87.0,0.00156283378601,0.0119770914316,0.0107337683439,0.0165469497442,0.0112422853708,0.00891536474228,0.015718922019,0.00108359754086,0.0168025195599,0.009817898,False
37,data/1_2024/shard-000477.tar,552503,END,mild,23,88,111,367,-32.5,-0.00130507349968,0.000200137495995,0.000293120741844,-0.00107470154762,0.00280816853046,0.00290520489216,-0.00237765908241,-4.05311584473e-06,-0.00238171219826,0.006176107,True
38,data/1_2024/shard-000477.tar,559503,END,mild,3,103,106,362,-50.0,-0.00044297426939,0.00175937265158,0.00142089277506,-0.00179310142994,0.000967875123024,0.00160829722881,-0.000558629631996,-0.000978901982307,-0.0015375316143,0.002435736,True
39,data/1_2024/shard-000477.tar,567375,START,mild,16,88,104,360,-36.0,-0.00273753702641,-0.00218273699284,-0.00159183144569,0.00352407991886,0.00331990420818,0.00330221652985,0.000758975744247,0.000608593225479,0.00136756896973,0.007456034,True
40,data/1_2024/shard-000477.tar,571375,END,mild,26,59,85,341,-16.5,-9.59932804108e-05,-0.00103454291821,-0.000913798809052,0.000898495316505,9.57697629929e-05,-0.000878393650055,-0.000135824084282,0.0010949075222,0.00095908343792,0.000777267,True
41,data/1_2024/shard-000477.tar,581503,START,mild,8,77,85,341,-34.5,0.00172153860331,0.00172238051891,0.00290060043335,-0.00259567797184,-0.00453089922667,-0.00525822490454,0.00193606317043,0.00190554559231,0.00384160876274,0.007709865,True
42,data/1_2024/shard-000477.tar,589503,END,mild,17,47,64,320,-15.0,-0.00144931674004,-0.000728443264961,-0.000257045030594,-0.000555142760277,0.000443965196609,-0.000774100422859,-0.000269278883934,0.00169016420841,0.00142088532448,0.01226734,False
43,data/1_2024/shard-000477.tar,594375,START,mild,19,73,92,348,-27.0,-0.00440638512373,-0.00199194997549,-0.00120208412409,0.00219903886318,0.00186741352081,0.00280728191137,0.00274606049061,-0.000150002539158,0.00259605795145,0.002301492,True
44,data/1_2024/shard-000477.tar,604375,END,mild,13,67,80,336,-27.0,0.000909864902496,0.00101366639137,7.5176358223e-06,0.00139949470758,0.0057694837451,0.00518077611923,-0.00426618754864,-0.000417441129684,-0.00468362867832,0.002879508,True
45,data/1_2024/shard-000477.tar,616503,START,mild,14,50,64,320,-18.0,0.000465519726276,-0.000223577022552,-0.000143490731716,0.00178059190512,0.0014803186059,0.00162500888109,-0.000388823449612,-6.46039843559e-05,-0.000453427433968,0.018333182,False
46,data/1_2024/shard-000477.tar,630375,END,mild,15,70,85,341,-27.5,-0.00110585987568,0.000154137611389,0.000253230333328,0.00571943074465,-0.0017030313611,-0.000256635248661,0.00868245959282,-0.0013473033905,0.00733515620232,0.021096341,False
47,data/1_2024/shard-000477.tar,637375,START,mild,9,61,70,326,-26.0,-0.00402498245239,-0.00288254767656,-0.00179822742939,0.0013796761632,0.00148355215788,0.000527143478394,0.00103855878115,0.00204072892666,0.00307928770781,0.0206104,False
48,data/1_2024/shard-000477.tar,656375,END,mild,3,99,102,358,-48.0,-0.00254651904106,-0.000253856182098,-0.000305518507957,0.00318251550198,0.00364120304585,0.00107692182064,0.00183397531509,0.00251261889935,0.00434659421444,0.006148174,True
49,data/1_2024/shard-000477.tar,656503,END,medium,39,80,119,375,-20.5,-0.00310859084129,-0.00192324817181,-0.00115975737572,0.00210352241993,0.00103394687176,0.00152152776718,0.00225491821766,0.000275909900665,0.00253082811832,0.027602173,False
50,data/1_2024/shard-000477.tar,663375,START,mild,6,67,73,329,-30.5,0.00515581667423,0.00534778833389,0.00400914251804,0.00525346398354,0.00780592858791,0.0077555924654,-0.00234507024288,-0.00129954516888,-0.00364461541176,0.009593107,False
51,data/1_2024/shard-000477.tar,670375,START,mild,5,95,100,356,-45.0,-0.0022507160902,0.00126864761114,0.0017383992672,0.00362779945135,0.00111620873213,0.00179420411587,0.00603095442057,-0.000208243727684,0.00582271069288,0.001786426,True
52,data/1_2024/shard-000477.tar,675503,END,medium,27,89,116,372,-31.0,-0.000467173755169,0.000154592096806,0.000582739710808,0.00221190601587,0.00365263968706,0.00422120094299,-0.000870309770107,-0.00017698854208,-0.00104729831219,0.008040234,True
53,data/1_2024/shard-000477.tar,680503,END,mild,25,81,106,362,-28.0,0.000537142157555,-0.00103347748518,-0.00228556990623,-0.00220542401075,-0.00133407860994,0.00227477401495,-0.00244196504354,-0.00486094504595,-0.00730291008949,0.009014957,False
54,data/1_2024/shard-000477.tar,685375,START,mild,8,90,98,354,-41.0,0.00236409902573,0.00282034277916,0.00308552384377,0.00503382086754,0.00598773360252,0.00480100512505,-0.000497668981552,0.00145190954208,0.000954240560532,0.000986502,True
55,data/1_2024/shard-000477.tar,685503,END,medium,31,97,128,384,-33.0,-0.0039936453104,-0.00499275326729,-0.00459925085306,0.00150053948164,0.000851422548294,0.00118903070688,-0.00034999102354,5.58942556381e-05,-0.000294096767902,0.01622849,False
56,data/1_2024/shard-000477.tar,689503,END,mild,30,76,106,362,-23.0,0.00190399587154,0.00214627385139,0.00169648230076,0.00321224331856,0.00191189348698,0.00169034302235,0.00154262781143,-0.000228241086006,0.00131438672543,0.000668619,True
57,data/1_2024/shard-000477.tar,708375,END,mild,28,83,111,367,-27.5,0.00489739328623,0.00405618548393,0.0046279579401,0.0102257728577,0.00761725753546,0.00601759552956,0.00176730751991,0.00217143446207,0.00393874198198,0.001638066,True
58,data/1_2024/shard-000477.tar,734503,END,mild,18,37,55,311,-9.5,-0.000130020081997,0.0020949319005,0.00128124281764,0.000158898532391,0.000668682157993,0.000325884670019,0.0017151683569,-0.000470891594887,0.00124427676201,0.000288978,True
59,data/1_2024/shard-000477.tar,738375,START,mild,20,86,106,362,-33.0,0.00748786330223,0.0117875635624,0.0118771195412,-0.00153667479753,0.00326450169086,0.00321111828089,-0.000501476228237,0.000142939388752,-0.000358536839485,0.033490874,False
60,data/1_2024/shard-000477.tar,739375,START,mild,0,110,110,366,-55.0,0.000516667962074,0.00738789141178,0.00648981332779,0.00412778556347,-0.000827968120575,-0.00168423354626,0.0118269771338,-4.18126583099e-05,0.0117851644754,0.017935887,False
61,data/1_2024/shard-000477.tar,742375,END,mild,12,90,102,358,-39.0,0.00780689716339,0.00801546871662,0.0106365010142,0.00333196669817,0.00722908228636,0.00473826378584,-0.00368854403496,0.00511185079813,0.00142330676317,0.002064161,True
62,data/1_2024/shard-000477.tar,745375,START,medium,24,89,113,369,-32.5,0.00022841989994,0.000490352511406,0.000724956393242,0.000290013849735,0.000706791877747,0.000595808029175,-0.000154845416546,0.000345587730408,0.000190742313862,0.00103952,True
63,data/1_2024/shard-000477.tar,748375,START,medium,40,95,135,391,-27.5,-0.000766977667809,0.00111149251461,0.00130206346512,0.000922024250031,-9.83476638794e-07,-0.000396370887756,0.00280147790909,0.000585958361626,0.00338743627071,0.004464753,True
64,data/1_2024/shard-000477.tar,779503,START,mild,1,102,103,359,-50.5,0.00208656489849,0.00275164842606,0.0033030807972,0.00269943475723,-0.00150293856859,-0.00111716240644,0.00486745685339,0.000165656208992,0.00503311306238,0.008697405,False
65,data/1_2024/shard-000477.tar,782375,END,mild,2,104,106,362,-51.0,0.00492627173662,0.00626993924379,0.00841159373522,0.0107973814011,0.00331209599972,0.00205224007368,0.00882452726364,0.00343341380358,0.0122579410672,0.003190227,True
66,data/1_2024/shard-000477.tar,782503,START,mild,1,105,106,362,-52.0,-0.000647030770779,0.00219096243382,0.00244177877903,0.00104732811451,0.00152432918549,0.00216843187809,0.00236099213362,-0.000393286347389,0.00196770578623,0.010571599,False
67,data/1_2024/shard-000477.tar,788375,START,mild,30,72,102,358,-21.0,0.000845059752464,0.000995375216007,0.00117371231318,0.000173389911652,-0.00105506926775,-0.000790901482105,0.00135283917189,-3.1940639019e-05,0.00132089853287,0.0092033,False
68,data/1_2024/shard-000477.tar,798375,START,mild,14,71,85,341,-28.5,0.00535973161459,0.00290355831385,0.00346895307302,0.00372311472893,0.00350255519152,0.00367949903011,-0.00223561376333,0.000388450920582,-0.00184716284275,0.010602936,False
69,data/1_2024/shard-000477.tar,801375,START,mild,6,79,85,341,-36.5,0.00063643604517,0.00131722539663,0.00217657536268,0.00173257291317,-0.000184215605259,0.00128276646137,0.00259757786989,-0.000607632100582,0.00198994576931,0.013358139,False
70,data/1_2024/shard-000477.tar,806375,END,mild,2,103,105,361,-50.5,0.00260829925537,0.00455255806446,0.00605823099613,0.00413866341114,-7.95125961304e-05,-0.00110207498074,0.00616243481636,0.00252823531628,0.00869067013264,0.007505536,True
71,data/1_2024/shard-000477.tar,811375,END,mild,18,87,105,361,-34.5,0.000298783183098,-0.000145502388477,-0.00099465996027,0.00104137510061,0.00212252140045,0.00262013822794,-0.00152543187141,-0.00134677439928,-0.00287220627069,0.024341691,False
72,data/1_2024/shard-000477.tar,821503,END,mild,6,50,56,312,-22.0,0.00101939588785,0.001529738307,0.00244531035423,-0.00075975060463,-0.000863343477249,-0.00121416896582,0.000613935291767,0.0012663975358,0.00188033282757,0.009967633,False
73,data/1_2024/shard-000477.tar,838503,END,mild,11,95,106,362,-42.0,0.000301331281662,0.00049015879631,-0.00100484490395,0.0127032399178,0.00673477351665,0.00612613558769,0.00615729391575,-0.000886365771294,0.00527092814445,0.00849873,True
74,data/1_2024/shard-000477.tar,859375,END,mild,5,49,54,310,-22.0,0.000842608511448,0.000548265874386,0.00142472237349,4.27663326263e-06,0.000193707644939,0.000315241515636,-0.000483773648739,0.000754922628403,0.000271148979664,0.01083871,False
75,data/1_2024/shard-000477.tar,868503,START,mild,16,84,100,356,-34.0,-0.000595524907112,-0.000164002180099,0.000358030200005,0.0036531239748,0.00326319038868,0.00365248322487,0.000821456313133,0.000132739543915,0.000954195857048,0.010099679,False
76,data/1_2024/shard-000477.tar,876375,START,medium,4,110,114,370,-53.0,-0.00255279242992,-0.000764816999435,-0.00110525637865,0.00282245129347,0.00546234101057,0.00620882213116,-0.000851914286613,-0.0010869204998,-0.00193883478642,0.009271048,False
77,data/1_2024/shard-000477.tar,886375,END,medium,59,119,178,434,-30.0,0.00173591077328,2.34544277191e-05,-0.000677525997162,0.00897037982941,0.00159173458815,0.000940695405006,0.0056661888957,-4.99412417412e-05,0.00561624765396,0.007655315,True
78,data/1_2024/shard-000477.tar,897375,START,medium,16,130,146,402,-57.0,0.00285528600216,0.00240704417229,0.00301174819469,0.00276409089565,0.00278982520103,0.00282303988934,-0.000473976135254,0.000571489334106,9.75131988525e-05,0.003852412,True
79,data/1_2024/shard-000477.tar,903503,END,mild,9,97,106,362,-44.0,0.00357685983181,0.00195702910423,0.00254862010479,0.00233866274357,0.0025749951601,0.003428414464,-0.00184209644794,-0.000254794955254,-0.0020968914032,0.002705865,True
80,data/1_2024/shard-000477.tar,912503,END,mild,33,75,108,364,-21.0,-0.000507406890392,0.0010583922267,0.00134629011154,0.00072618573904,0.000142320990562,0.00133236497641,0.00214966386557,-0.000902146100998,0.00124751776457,0.006794557,True
81,data/1_2024/shard-000477.tar,926503,END,medium,18,110,128,384,-46.0,-0.00115241110325,0.00567685067654,0.00549279153347,0.00872004032135,0.00619624555111,0.00774297118187,0.00935305655003,-0.00173078477383,0.0076222717762,0.008963998,False
82,data/1_2024/shard-000477.tar,927503,END,mild,16,69,85,341,-26.5,-0.00494407117367,0.000241324305534,0.00170970708132,0.000805847346783,0.00292631983757,0.00378566235304,0.00305597484112,0.000627242028713,0.00368321686983,0.0193501,False
83,data/1_2024/shard-000477.tar,957503,START,medium,24,97,121,377,-36.5,0.00638791173697,0.00412990152836,0.0035413056612,0.00264486670494,0.00129173696041,0.000136978924274,-0.000904880464077,0.00056616216898,-0.000338718295097,0.020254321,False
84,data/1_2024/shard-000477.tar,966375,END,mild,16,69,85,341,-26.5,0.00152407586575,0.00214237719774,0.00153013318777,-0.00080868601799,-0.0011944770813,-0.00144104659557,0.00100409239531,-0.000365674495697,0.000638417899609,0.001087315,True
85,data/1_2024/shard-000477.tar,976375,START,mild,25,60,85,341,-17.5,-0.000629335641861,-0.001449868083,-0.00128807127476,0.00133937597275,0.00175109505653,0.00122319161892,-0.00123225152493,0.000689700245857,-0.000542551279068,0.003498197,True
86,data/1_2024/shard-000477.tar,985375,END,mild,10,92,102,358,-41.0,0.00496470928192,0.0042025744915,0.00235969573259,0.0023647248745,0.00265420973301,0.00414162129164,-0.00105161964893,-0.00333029031754,-0.00438190996647,0.013923377,False
87,data/1_2024/shard-000477.tar,993503,START,medium,21,112,133,389,-45.5,0.0010125041008,0.00392703711987,0.00351490825415,-0.00564274191856,0.00142291933298,0.00128848850727,-0.00415112823248,-0.000277698040009,-0.00442882627249,0.009277314,False
88,data/1_2024/shard-000477.tar,996375,START,mild,0,102,102,358,-51.0,-0.00214312970638,-0.00101764500141,-0.00138194859028,0.00226524472237,0.000534147024155,0.000535905361176,0.00285658240318,-0.000366061925888,0.00249052047729,0.010062389,False
89,data/1_2024/shard-000477.tar,1005375,END,medium,12,111,123,379,-49.5,0.0018710270524,0.00374816358089,0.00385224819183,0.00532679259777,0.000257439911366,-0.000976718962193,0.0069464892149,0.0013382434845,0.00828473269939,0.009101838,False
90,data/1_2024/shard-000477.tar,1006503,START,mild,16,45,61,317,-14.5,0.000556938350201,0.000912502408028,0.000355787575245,-0.000385865569115,-0.000228941440582,-0.000247322022915,0.000198639929295,-0.00053833425045,-0.000339694321156,0.003573656,True
91,data/1_2024/shard-000477.tar,1016375,END,mild,29,73,102,358,-22.0,-0.00191330909729,-0.0027954056859,-0.00242269039154,-0.000146001577377,0.000614374876022,0.000315628945827,-0.001619823277,0.000651136040688,-0.000968687236309,0.000494435,True
92,data/1_2024/shard-000477.tar,1019503,START,mild,15,91,106,362,-38.0,0.00213021039963,0.00205264985561,0.00157850980759,0.00115983188152,-0.000286519527435,-0.00132009387016,0.00139920413494,0.000531002879143,0.00193020701408,0.012226127,False
93,data/1_2024/shard-000477.tar,1027503,END,mild,26,80,106,362,-27.0,-0.000415444374084,0.000230625271797,-0.00101888179779,0.000827774405479,0.00193183124065,0.00190521776676,-0.000457987189293,-0.0012228935957,-0.00168088078499,0.013336606,False
94,data/1_2024/shard-000477.tar,1038503,END,mild,15,40,55,311,-12.5,0.00241167843342,0.00210930407047,0.00187519937754,0.0014595463872,0.00190694630146,0.0018747523427,-0.00074977427721,-0.000201910734177,-0.000951685011387,0.006209642,True
95,data/1_2024/shard-000477.tar,1040503,END,mild,2,82,84,340,-40.0,0.00116223096848,0.00217561423779,0.00199921429157,0.00395423173904,0.00385355949402,0.00386042892933,0.00111405551434,-0.000183269381523,0.000930786132812,0.004661217,True
96,data/1_2024/shard-000477.tar,1054503,END,mild,3,55,58,314,-26.0,0.00649376213551,0.00683999061584,0.00467425584793,0.0146561264992,0.0130925029516,0.0136723667383,0.00190985202789,-0.00274559855461,-0.000835746526718,0.01083231,False
97,data/1_2024/shard-000477.tar,1059375,END,mild,17,86,103,359,-34.5,-0.00149871408939,-0.000787064433098,-0.00079257786274,0.00145426392555,0.00322672724724,0.00494241714478,-0.00106081366539,-0.00172120332718,-0.00278201699257,0.012366846,False
98,data/1_2024/shard-000477.tar,1078375,END,mild,1,101,102,358,-50.0,0.000594649463892,0.00107247382402,0.00170734524727,0.003512121737,0.00496616959572,0.00589843094349,-0.00100838765502,-0.000269595533609,-0.00127798318863,0.023825474,False
99,data/1_2024/shard-000477.tar,1084375,START,mild,30,76,106,362,-23.0,-0.00026997178793,-0.000202901661396,0.000296115875244,0.000731386244297,0.00120721757412,0.00157763808966,-0.000408761203289,0.000128597021103,-0.000280164182186,0.026964329,False
100,data/1_2024/shard-000477.tar,1089503,START,mild,7,103,110,366,-48.0,-0.000870011746883,0.00476945191622,0.00348867475986,0.00208962708712,0.000379294157028,0.000184878706932,0.00734979659319,-0.00108636170626,0.00626343488693,0.029329106,False
101,data/1_2024/shard-000477.tar,1092375,END,mild,16,79,95,351,-31.5,-0.000494800508022,-0.000294342637062,0.000640101730824,0.00113890320063,8.5286796093e-05,0.000484861433506,0.00125407427549,0.000534869730473,0.00178894400597,0.008421153,True
102,data/1_2024/shard-000477.tar,1095503,END,mild,7,95,102,358,-44.0,-0.00322907418013,-0.00162094086409,0.000875607132912,0.000281926244497,0.00199257209897,0.00224410369992,-0.000102512538433,0.00224501639605,0.00214250385761,0.031348415,False
103,data/1_2024/shard-000477.tar,1102503,START,medium,36,84,120,376,-24.0,-0.000342451035976,0.000898838043213,0.00123689323664,0.00337148457766,0.00205162912607,0.00282210856676,0.00256114453077,-0.000432424247265,0.00212872028351,0.019450709,False
104,data/1_2024/shard-000477.tar,1105503,START,strong,90,200,290,546,-55.0,-0.00373849272728,0.00344553589821,0.00175071507692,0.0144018009305,0.000212803483009,0.00180462747812,0.021373026073,-0.0032866448164,0.0180863812566,0.001768336,True
105,data/1_2024/shard-000477.tar,1115503,START,mild,6,98,104,360,-46.0,0.00195772945881,0.000145889818668,-0.000551030039787,-0.000507958233356,0.000692076981068,0.00302591174841,-0.00301187485456,-0.0030307546258,-0.00604262948036,0.012408413,False
106,data/1_2024/shard-000477.tar,1118503,END,mild,6,104,110,366,-49.0,-0.000654011964798,0.000692397356033,0.00124445557594,0.000898078083992,-0.000384002923965,-0.000712439417839,0.00262849032879,0.000880494713783,0.00350898504257,0.006194763,True
107,data/1_2024/shard-000477.tar,1130503,END,mild,9,55,64,320,-23.0,0.0017871260643,0.000344201922417,0.000719636678696,0.00910836458206,0.00798489153385,0.00890596210957,-0.000299751758575,-0.000569924712181,-0.000869676470757,0.001846023,True
108,data/1_2024/shard-000477.tar,1142503,END,mild,11,53,64,320,-21.0,0.00974161177874,0.00938346982002,0.0149628072977,0.0186012983322,0.0157143324614,0.0241819769144,0.00252882391214,-0.00288830697536,-0.000359483063221,0.00405005,True
109,data/1_2024/shard-000477.tar,1148503,END,mild,6,95,101,357,-44.5,-0.00365041196346,-0.00177846848965,-0.00124697387218,0.0083921700716,0.00778755545616,0.00522200763226,0.00247655808926,0.00309704244137,0.00557360053062,0.013087772,False
110,data/1_2024/shard-000477.tar,1155503,START,medium,38,88,126,382,-25.0,-0.000579662621021,0.000398404896259,0.000389970839024,0.000625528395176,0.000914297997952,0.000747486948967,0.000689297914505,0.000158376991749,0.000847674906254,0.003676772,True
111,data/1_2024/shard-000477.tar,1157503,START,mild,15,70,85,341,-27.5,0.0030115544796,0.00399604439735,0.00386999547482,-0.00141988694668,-0.000828802585602,-0.00026074051857,0.000393405556679,-0.000694110989571,-0.000300705432892,0.002146393,True
112,data/1_2024/shard-000477.tar,1181375,START,mild,0,102,102,358,-51.0,-0.00211284309626,-0.000374164432287,8.77641141415e-05,0.00270805880427,-0.00181541591883,-0.00109685212374,0.00626215338707,-0.000256635248661,0.00600551813841,0.016193628,False
113,data/1_2024/shard-000477.tar,1189375,START,mild,6,89,95,351,-41.5,-0.0011580735445,0.000728651881218,0.000971913337708,0.00281639397144,0.00290462374687,0.00323750078678,0.00179849565029,-8.96155834198e-05,0.00170888006687,0.015078343,False
114,data/1_2024/shard-000477.tar,1189503,START,strong,8,227,235,491,-109.5,-0.017077177763,-0.000866301357746,-0.00074990093708,-0.00276922434568,0.00409794598818,0.00297866761684,0.00934370607138,0.001235678792,0.0105793848634,0.052222367,False
115,data/1_2024/shard-000477.tar,1200375,START,mild,0,106,106,362,-53.0,-0.00267972052097,-0.000301346182823,0.00102436542511,0.00563015043736,0.00226226449013,0.00178346037865,0.00574626028538,0.00180451571941,0.00755077600479,0.025838003,False
116,data/1_2024/shard-000477.tar,1216503,END,mild,3,102,105,361,-49.5,0.00257592648268,0.00457329303026,0.00491873919964,0.00402516871691,0.00395443290472,0.00351236760616,0.00211678445339,0.000826455652714,0.00294324010611,0.007864185,True
117,data/1_2024/shard-000477.tar,1251375,START,mild,10,97,107,363,-43.5,-0.000462129712105,0.00152262672782,0.00170876458287,0.00338968634605,0.00366899371147,0.00427315756679,0.00162668898702,-0.000330846756697,0.00129584223032,0.011275433,False
118,data/1_2024/shard-000477.tar,1262503,START,mild,1,102,103,359,-50.5,-0.00205063074827,-0.00221164524555,-0.00180410593748,0.0120151042938,0.0145055726171,0.0144831836224,-0.00265148282051,0.000429928302765,-0.00222155451775,0.014590323,False
119,data/1_2024/shard-000477.tar,1272503,END,mild,5,97,102,358,-46.0,0.00557397305965,0.00513498485088,0.00483486056328,0.00702159106731,0.00883055478334,0.0098232999444,-0.0022479519248,-0.00129286944866,-0.00354082137346,0.007499978,True
120,data/1_2024/shard-000477.tar,1278503,END,medium,22,101,123,379,-39.5,0.000651068985462,0.000986315310001,0.00101451575756,0.00123436748981,0.000198222696781,-1.75610184669e-05,0.00135438889265,0.00021743029356,0.00157181918621,0.039418802,False
121,data/1_2024/shard-000477.tar,1283375,START,mild,1,101,102,358,-50.0,0.00131415575743,0.00225543230772,0.00298923999071,0.00370537489653,0.000995770096779,0.000592194497585,0.00359028577805,0.00115908682346,0.00474937260151,0.031577729,False
122,data/1_2024/shard-000477.tar,1317503,START,mild,8,62,70,326,-27.0,-0.000324428081512,-0.000208780169487,-0.000192329287529,0.00250533223152,0.00201518833637,0.00122947990894,0.000605791807175,0.000802159309387,0.00140795111656,0.007866509,True
123,data/1_2024/shard-000477.tar,1324503,END,mild,22,86,108,364,-32.0,0.00298544764519,0.00311283767223,0.00353837013245,0.000185891985893,0.00171001255512,0.00141610205173,-0.00139673054218,0.0007194429636,-0.000677287578583,0.028762598,False
124,data/1_2024/shard-000477.tar,1326503,END,mild,6,54,60,316,-24.0,0.00164838135242,0.00212585926056,0.00159274041653,-0.0009506046772,-0.000663012266159,6.89625740051e-05,0.000189885497093,-0.0012650936842,-0.0010752081871,0.004781291,True
125,data/1_2024/shard-000477.tar,1348503,START,mild,16,48,64,320,-16.0,0.000769954174757,0.000571925193071,0.00063543394208,0.000328198075294,0.00168187916279,0.000857427716255,-0.00154246017337,0.000856440514326,-0.000686019659042,0.006800108,True
126,data/1_2024/shard-000477.tar,1360503,START,mild,12,93,105,361,-40.5,-0.00180004537106,0.000374689698219,0.00172017514706,0.00360675156116,0.00252442061901,0.00331246852875,0.00325706601143,0.000557437539101,0.00381450355053,0.003161728,True
127,data/1_2024/shard-000477.tar,1390375,START,mild,26,80,106,362,-27.0,-0.000726312398911,-0.00104363262653,-0.000861160457134,0.00048341229558,0.000151868909597,0.000122126191854,1.42231583595e-05,0.000212214887142,0.000226438045502,0.003107414,True
128,data/1_2024/shard-000477.tar,1400503,END,mild,26,76,102,358,-25.0,0.00431793928146,0.00275178253651,0.00318785011768,0.00365854799747,0.00279557704926,0.00278496742249,-0.000703185796738,0.000446677207947,-0.000256508588791,0.004655987,True
129,data/1_2024/shard-000477.tar,1408503,START,mild,9,97,106,362,-44.0,-9.28193330765e-05,0.00238136947155,0.00191336870193,0.00544455647469,0.00363422930241,0.0038751065731,0.00433546304703,-0.000706136226654,0.00362932682037,0.000924237,True
130,data/1_2024/shard-000477.tar,1439375,START,strong,81,173,254,510,-46.0,0.000811368227005,-0.000876188278198,-0.00040078163147,0.0228922665119,0.0105049312115,0.00631055235863,0.0106997787952,0.00466978549957,0.0153695642948,0.025468752,False
131,data/1_2024/shard-000477.tar,1453503,END,medium,35,78,113,369,-21.5,0.00434885919094,0.00266633927822,0.00357545912266,0.00959555804729,0.0134761184454,0.0131400376558,-0.00556308031082,0.001245200634,-0.00431787967682,0.003176637,True
132,data/1_2024/shard-000477.tar,1454503,START,mild,17,70,87,343,-26.5,0.00404940545559,0.000922784209251,0.00269140303135,0.00488004088402,0.00174990296364,6.56992197037e-05,3.51667404175e-06,0.00345282256603,0.00345633924007,0.015921198,False
133,data/1_2024/shard-000477.tar,1466375,END,mild,20,42,62,318,-11.0,1.99675559998e-06,-0.000571683049202,-0.000581443309784,4.76837158203e-06,0.000400960445404,0.000872999429703,-0.000969871878624,-0.000481799244881,-0.0014516711235,0.003910832,True
134,data/1_2024/shard-000477.tar,1478375,START,mild,23,79,102,358,-28.0,0.00274746865034,0.00128026306629,0.00254075974226,0.00450480729342,0.00474210083485,0.00585104525089,-0.00170449912548,0.000151552259922,-0.00155294686556,0.026301935,False
135,data/1_2024/shard-000477.tar,1496503,START,mild,4,63,67,323,-29.5,0.00417926907539,0.00277377665043,0.00345738232136,0.00690180808306,0.00602688640356,0.00770788639784,-0.000591263175011,-0.00102358311415,-0.00161484628916,0.004781157,True
136,data/1_2024/shard-000477.tar,1497375,END,mild,26,53,79,335,-13.5,-0.00124347954988,-0.000719808042049,-0.0010199546814,0.000246182084084,-0.000146277248859,-0.000786185264587,0.000947922468185,0.000319220125675,0.00126714259386,0.001942314,True
137,data/1_2024/shard-000477.tar,1503503,END,mild,26,53,79,335,-13.5,-0.0041501224041,-0.00262013077736,-0.00148919224739,0.0033130645752,0.00249633193016,0.00219097733498,0.00231775641441,0.00138106942177,0.00369882583618,0.00436642,True
138,data/1_2024/shard-000477.tar,1519503,START,mild,11,74,85,341,-31.5,0.00236026197672,0.00271532684565,0.00311635434628,0.00178809463978,0.000111661851406,-8.91834497452e-05,0.0020314976573,0.000601872801781,0.00263337045908,0.009752907,False
139,data/1_2024/shard-000477.tar,1521503,START,mild,19,87,106,362,-34.0,-0.00067875534296,0.00328767299652,0.00350435823202,0.0243909955025,0.0200284048915,0.0203634798527,0.00832901895046,-0.000118389725685,0.00821062922478,0.008323781,True
140,data/1_2024/shard-000477.tar,1530503,START,mild,18,49,67,323,-15.5,-0.000974498689175,-0.000417537987232,-0.00058525800705,-0.00196373462677,0.00262719392776,0.00256642699242,-0.00403396785259,-0.000106953084469,-0.00414092093706,0.004430786,True
141,data/1_2024/shard-000477.tar,1533503,END,mild,23,84,107,363,-30.5,8.68886709213e-05,0.000787071883678,0.000325359404087,0.00107643008232,0.00130307674408,0.00195114314556,0.000473536550999,-0.00110977888107,-0.000636242330074,0.01133392,False
142,data/1_2024/shard-000477.tar,1538503,END,mild,8,98,106,362,-45.0,-0.000320721417665,0.00482795014977,0.00685464963317,0.00692328810692,0.00369937717915,0.00277725607157,0.00837258249521,0.00294882059097,0.0113214030862,0.006431412,True
143,data/1_2024/shard-000477.tar,1579375,START,mild,24,79,103,359,-27.5,0.000350892543793,-0.000126153230667,-0.000162690877914,-0.000570014119148,0.00350540876389,0.00163854658604,-0.00457990169525,0.00185292959213,-0.00272697210312,0.015570417,False
144,data/1_2024/shard-000477.tar,1615503,END,mild,6,53,59,315,-23.5,-0.000503420829773,-0.000832341611385,-4.68268990517e-05,0.00778715312481,0.00700044631958,0.00578068196774,0.000457786023617,0.00200527906418,0.0024630650878,0.004243717,True
145,data/1_2024/shard-000477.tar,1617503,START,medium,54,113,167,423,-29.5,-0.00480553507805,0.00233981758356,0.00344177335501,0.00435065478086,0.0028203651309,0.00340181589127,0.00867564231157,0.000520505011082,0.00919614732265,0.001714654,True
146,data/1_2024/shard-000477.tar,1637503,START,mild,22,84,106,362,-31.0,0.0011450946331,0.000619277358055,0.00211691856384,0.00365489721298,0.00474750995636,0.00368444621563,-0.00165610015392,0.00249724090099,0.00084114074707,0.003868185,True
147,data/1_2024/shard-000477.tar,1641503,START,mild,22,70,92,348,-24.0,0.000380858778954,0.000450387597084,0.00132609903812,0.00166507065296,0.00195001065731,0.00183910131454,-0.000215411186218,0.000986620783806,0.000771209597588,0.001861326,True
148,data/1_2024/shard-000477.tar,1652375,END,mild,5,101,106,362,-48.0,0.000433623790741,-0.000306561589241,-0.000643819570541,0.00265097618103,0.00597721338272,0.00550827383995,-0.00406642258167,0.00013168156147,-0.0039347410202,0.004340895,True
149,data/1_2024/shard-000477.tar,1663375,START,mild,30,72,102,358,-21.0,-0.000748254358768,-0.000660456717014,-0.000543035566807,0.000842720270157,0.0010604634881,0.000998221337795,-0.000123344361782,0.000173062086105,4.97177243233e-05,0.016238466,False
150,data/1_2024/shard-000477.tar,1666503,START,mild,0,105,105,361,-52.5,0.00189099833369,0.0025707706809,0.00605849921703,0.0047031454742,-0.00144927576184,-0.00023215636611,0.00679042935371,0.00231504440308,0.00910547375679,0.009577297,False
151,data/1_2024/shard-000477.tar,1675503,START,strong,36,199,235,491,-81.5,-0.000611752271652,0.000876113772392,0.00326351821423,0.00464415550232,0.00386907160282,0.00336955487728,0.00226294994354,0.00288692116737,0.00514987111092,0.018685021,False
152,data/1_2024/shard-000477.tar,1680503,START,mild,21,43,64,320,-11.0,0.00271364301443,0.00151272118092,0.00134027004242,-0.000301465392113,-3.62992286682e-05,0.000433094799519,-0.00146608799696,-0.000641845166683,-0.00210793316364,0.013582818,False
153,data/1_2024/shard-000477.tar,1715503,START,medium,40,83,123,379,-21.5,-0.00227138400078,-0.00102578103542,0.000473916530609,0.00442552566528,-0.000385731458664,-0.00018835067749,0.0060568600893,0.00130231678486,0.00735917687416,0.007241938,True
154,data/1_2024/shard-000477.tar,1723503,START,mild,26,59,85,341,-16.5,0.000210911035538,-0.00087832659483,-0.000514194369316,-9.25287604332e-05,0.000114560127258,-0.000505201518536,-0.00129632651806,0.000983893871307,-0.000312432646751,0.000176176,True
155,data/1_2024/shard-000477.tar,1726503,START,mild,5,97,102,358,-46.0,0.00194928050041,0.00261881947517,0.00256206095219,0.0049622580409,0.00395543128252,0.00451817363501,0.00171887874603,-0.000614926218987,0.00110395252705,0.022031784,False
156,data/1_2024/shard-000477.tar,1729375,START,mild,24,61,85,341,-18.5,-0.00406225025654,-0.0019047036767,-0.00177130103111,0.000848986208439,-3.61576676369e-05,0.000150315463543,0.00304269045591,-5.30704855919e-05,0.00298961997032,0.001217261,True
157,data/1_2024/shard-000477.tar,1734503,END,mild,7,57,64,320,-25.0,-0.000317633152008,-0.000287413597107,-0.000338390469551,0.00408713519573,0.00538867712021,0.00521421432495,-0.00127649307251,0.000116407871246,-0.00116008520126,0.011856928,False
158,data/1_2024/shard-000477.tar,1738503,START,mild,12,47,59,315,-17.5,-0.00128140300512,0.000190936028957,-0.000150978565216,0.0024760812521,0.00514236837626,0.0063873976469,-0.00119394809008,-0.00158694386482,-0.0027808919549,0.005706877,True
159,data/1_2024/shard-000477.tar,1749503,START,mild,2,57,59,315,-27.5,0.00331610441208,0.00211936235428,0.00241535902023,0.00778312981129,0.00746660679579,0.00212250649929,-0.000912480056286,0.00568003207445,0.00476755201817,0.006829038,True
160,data/1_2024/shard-000477.tar,1762375,START,mild,1,84,85,341,-41.5,0.00131154805422,0.00251548737288,0.00182951241732,0.00627488642931,0.00272455066442,0.00380357354879,0.00475427508354,-0.00176499783993,0.00298927724361,0.00901074,False
161,data/1_2024/shard-000477.tar,1768503,START,mild,22,83,105,361,-30.5,0.00430989265442,0.00233297049999,0.00171926617622,0.000157102942467,0.000878028571606,0.00244323164225,-0.00270916521549,-0.00216758996248,-0.00487675517797,3.3662e-05,True
162,data/1_2024/shard-000477.tar,1772503,START,mild,9,76,85,341,-33.5,-0.00924459844828,-0.00941668450832,-0.0100969299674,-0.000749476253986,0.000745840370655,0.00065702944994,-0.00166740268469,-0.000591434538364,-0.00225883722305,0.007422805,True
163,data/1_2024/shard-000477.tar,1778375,START,mild,9,91,100,356,-41.0,0.000611364841461,0.00126941502094,0.00186386704445,0.0014518648386,0.000170782208443,0.00168764591217,0.0019233673811,-0.000881925225258,0.00104144215584,0.004751772,True
164,data/1_2024/shard-000477.tar,1780375,END,mild,29,77,106,362,-24.0,0.000166930258274,0.00102338194847,0.00060523301363,-5.2273273468e-05,-0.000299125909805,-9.97558236122e-05,0.00110369175673,-0.000614486634731,0.000489205121994,0.012228299,False
165,data/1_2024/shard-000477.tar,1789503,START,mild,10,75,85,341,-32.5,-0.000902853906155,5.60581684113e-05,-0.00339692831039,0.000984326004982,0.00122748315334,0.00186203420162,0.000715754926205,-0.00408753752708,-0.00337178260088,0.000110783,True
166,data/1_2024/shard-000477.tar,1797375,START,medium,8,146,154,410,-69.0,-0.00344757735729,0.00171189010143,0.00206689536572,0.00327442586422,-0.00117741525173,-0.00170858949423,0.00951247662306,0.000966891646385,0.0104793682694,0.017951034,False
167,data/1_2024/shard-000477.tar,1820503,END,medium,11,165,176,432,-77.0,-0.0121385678649,-0.00210626423359,-0.000798344612122,0.0295408368111,0.0240519344807,0.00965820252895,0.0155212059617,0.0157016515732,0.0312228575349,0.014111683,False
168,data/1_2024/shard-000477.tar,1824503,START,mild,8,56,64,320,-24.0,0.000693678855896,0.000472515821457,0.000308230519295,0.00145661830902,0.000634014606476,0.000748068094254,0.000601440668106,-0.00027833878994,0.000323101878166,0.01380422,False
169,data/1_2024/shard-000477.tar,1835503,START,mild,6,104,110,366,-49.0,-0.00315821170807,-0.000924997031689,-5.00231981277e-05,0.00644086301327,0.0126818269491,0.0128893777728,-0.00400774925947,0.000667423009872,-0.0033403262496,0.007529262,True
170,data/1_2024/shard-000477.tar,1848503,START,mild,12,73,85,341,-30.5,-0.00349614024162,-0.0020475462079,-0.00193825364113,0.0142268687487,0.0107429549098,0.00833804905415,0.00493250787258,0.00251419842243,0.00744670629501,0.026697412,False
171,data/1_2024/shard-000477.tar,1855375,START,medium,31,121,152,408,-45.0,0.000275403261185,0.000341489911079,-6.8187713623e-05,0.00217247009277,-0.000181883573532,-0.000338971614838,0.0024204403162,-0.000252589583397,0.0021678507328,0.003518065,True
172,data/1_2024/shard-000477.tar,1859503,START,mild,26,76,102,358,-25.0,0.000629097223282,-0.000822499394417,-0.000156477093697,0.000724449753761,0.00249943137169,0.00244045257568,-0.00322657823563,0.000725001096725,-0.0025015771389,0.001135781,True
173,data/1_2024/shard-000477.tar,1867503,START,mild,8,100,108,364,-46.0,0.00638750195503,0.00545404851437,0.00547684729099,0.00393530726433,0.0060650408268,0.00905495882034,-0.00306318700314,-0.00296711921692,-0.00603030622005,0.002752282,True
174,data/1_2024/shard-000477.tar,1873375,START,medium,27,144,171,427,-58.5,-4.42117452621e-05,0.00105075538158,0.00968739390373,0.00914891064167,0.0069629997015,0.00545967370272,0.00328087806702,0.0101399645209,0.0134208425879,0.000357345,True
175,data/1_2024/shard-000477.tar,1883503,START,mild,10,97,107,363,-43.5,-0.00472490489483,-0.00321717560291,-0.00210735201836,0.00476744771004,0.00321908295155,0.00352314114571,0.00305609405041,0.000805765390396,0.0038618594408,0.008165486,True
176,data/1_2024/shard-000477.tar,1895503,END,mild,25,77,102,358,-26.0,0.00268733501434,0.00100722163916,0.00281248986721,-0.00135643780231,0.00418449938297,0.0042776465416,-0.00722105056047,0.00171212106943,-0.00550892949104,0.004475757,True
177,data/1_2024/shard-000477.tar,1897503,END,mild,7,95,102,358,-44.0,0.00338891148567,0.000754535198212,0.000239744782448,0.0030509531498,0.00504845380783,0.00425514578819,-0.0046318769455,0.000278517603874,-0.00435335934162,0.009098835,False
178,data/1_2024/shard-000477.tar,1901503,END,medium,6,173,179,435,-83.5,-0.00466594845057,0.00416852533817,0.00469482690096,0.00609774142504,0.00319845974445,0.00223030894995,0.0117337554693,0.00149445235729,0.0132282078266,0.017208911,False
179,data/1_2024/shard-000477.tar,1903503,START,mild,16,86,102,358,-35.0,-0.0010039806366,0.0010816603899,0.00426499545574,-0.000211790204048,0.00473919510841,0.0127903819084,-0.00286534428596,-0.00486785173416,-0.00773319602013,0.019324236,False
180,data/1_2024/shard-000477.tar,1917375,END,mild,13,92,105,361,-39.5,0.00226804614067,0.00682500004768,0.00528357923031,0.00324988365173,-0.00169877707958,-0.00157010555267,0.00950561463833,-0.00167009234428,0.00783552229404,0.010768317,False
181,data/1_2024/shard-000477.tar,1925375,START,mild,1,105,106,362,-52.0,0.000231899321079,0.00220776349306,0.0028707459569,0.00864899158478,0.0268089398742,0.0267254635692,-0.0161840841174,0.000746458768845,-0.0154376253486,0.006129742,True
182,data/1_2024/shard-000477.tar,1928375,END,mild,6,77,83,339,-35.5,0.00299752503633,0.0018737912178,0.00365398079157,0.0153875499964,0.0116431266069,0.0134075134993,0.0026206895709,1.58026814461e-05,0.00263649225235,0.007321134,True
183,data/1_2024/shard-000477.tar,1946503,END,medium,25,89,114,370,-32.0,-0.000650897622108,0.000139757990837,0.000670999288559,0.00222067534924,0.00245463848114,0.00268134474754,0.000556692481041,0.000304535031319,0.00086122751236,0.010485776,False
184,data/1_2024/shard-000477.tar,1979503,START,mild,17,89,106,362,-36.0,-0.0002456381917,-0.00138383358717,-0.00236011296511,-0.0041511580348,-0.00109221041203,-0.000651247799397,-0.00419714301825,-0.00141724199057,-0.00561438500881,0.015118621,False
185,data/1_2024/shard-000477.tar,1983503,START,mild,15,87,102,358,-36.0,-0.00137016177177,0.000256240367889,0.000383108854294,0.00170765072107,0.00505404174328,0.00465933978558,-0.00171998888254,0.000521570444107,-0.00119841843843,0.011593401,False
186,data/1_2024/shard-000477.tar,1995375,START,medium,34,171,205,461,-68.5,-0.00138118863106,0.00123901665211,0.00115923583508,0.0061292052269,0.00248496234417,0.00241939723492,0.00626444816589,-1.42157077789e-05,0.00625023245811,0.034306459,False
187,data/1_2024/shard-000477.tar,2002503,END,mild,4,102,106,362,-49.0,-0.000479459762573,0.00246615707874,0.00270935893059,0.00192113220692,0.00263975560665,0.00325179100037,0.00222699344158,-0.00036883354187,0.00185815989971,0.00648579,True
188,data/1_2024/shard-000477.tar,2012503,START,mild,12,79,91,347,-33.5,0.00267642736435,0.00283861160278,0.00347352772951,-0.000124908983707,0.00188723951578,0.00225804746151,-0.00184996426105,0.000264108181,-0.00158585608006,0.003579952,True
189,data/1_2024/shard-000477.tar,2013503,END,mild,15,74,89,345,-29.5,0.00258761644363,0.00486428290606,0.00647059828043,0.00191667675972,0.00138689577579,0.00118792057037,0.00280644744635,0.0018052905798,0.00461173802614,0.00021179,True
190,data/1_2024/shard-000477.tar,2026375,START,mild,0,61,61,317,-30.5,0.0133848190308,0.0136937201023,0.0121514350176,0.00229947268963,0.00137446820736,0.00186638534069,0.00123390555382,-0.00203420221806,-0.000800296664238,0.00606773,True
191,data/1_2024/shard-000477.tar,2037375,START,mild,30,76,106,362,-23.0,0.00082890689373,0.00128388404846,0.00126461684704,0.00358672440052,0.00355094671249,0.00293645262718,0.000490754842758,0.000595226883888,0.00108598172665,0.01200819,False
192,data/1_2024/shard-000477.tar,2038375,END,mild,0,105,105,361,-52.5,-0.00164179503918,0.00184132158756,0.00134615600109,0.00530152767897,0.00375065207481,0.00333123654127,0.00503399223089,-7.57500529289e-05,0.00495824217796,0.013527974,False
193,data/1_2024/shard-000477.tar,2039503,START,mild,0,102,102,358,-51.0,0.00680943578482,0.00899270921946,0.00923386216164,-0.00633972883224,-0.00679091364145,-0.0113911628723,0.00263445824385,0.00484140217304,0.00747586041689,0.009600475,False
194,data/1_2024/shard-000477.tar,2044503,START,mild,18,88,106,362,-35.0,-0.00143065303564,0.00039242208004,0.000428423285484,-0.000559836626053,0.000626623630524,0.00122937560081,0.000636614859104,-0.000566750764847,6.98640942574e-05,0.009083033,False
195,data/1_2024/shard-000477.tar,2075503,START,mild,20,83,103,359,-31.5,0.0113555938005,0.00855024904013,0.00896617025137,0.00215651839972,0.00156289339066,0.000954620540142,-0.00221171975136,0.00102419406176,-0.0011875256896,0.000701692,True
196,data/1_2024/shard-000477.tar,2080503,END,strong,59,158,217,473,-49.5,-0.00430768728256,-0.00211373716593,-0.00469455868006,0.0120511502028,0.00424859672785,0.00229394435883,0.00999650359154,-0.000626169145107,0.00937033444643,0.015455477,False
197,data/1_2024/shard-000477.tar,2085375,START,mild,16,86,102,358,-35.0,0.00268721580505,0.00253714621067,0.00230903923512,0.00639288127422,0.00440447032452,0.00419025123119,0.00186538696289,-2.15917825699e-05,0.00184379518032,0.024582826,False
198,data/1_2024/shard-000477.tar,2086503,START,mild,5,101,106,362,-48.0,0.0269748643041,0.0328684896231,0.00363756716251,0.00477881729603,0.00364296138287,0.00388757884502,0.00702948123217,-0.0294755399227,-0.0224460586905,0.007578626,True
199,data/1_2024/shard-000477.tar,2092503,START,mild,26,80,106,362,-27.0,0.00280778110027,0.00242917239666,0.0025172829628,0.000194400548935,0.000918447971344,0.00032103061676,-0.00112481415272,0.000702500343323,-0.000422313809395,0.006180629,True
200,data/1_2024/shard-000477.tar,2099503,END,mild,8,88,96,352,-40.0,0.000127211213112,0.000498130917549,0.000976920127869,-0.00383105874062,-0.0107809752226,-0.00747540593147,0.00732083618641,-0.0028267800808,0.00449405610561,0.007084049,True
201,data/1_2024/shard-000477.tar,2105503,START,mild,31,75,106,362,-22.0,-0.00433628261089,-0.000700235366821,-0.000540114939213,0.0015130713582,0.00133439898491,0.00110188126564,0.00381471961737,0.000392638146877,0.00420735776424,0.018122271,False
202,data/1_2024/shard-000477.tar,2107375,START,medium,38,154,192,448,-58.0,-0.00972943007946,0.0129404515028,0.0442660674453,0.0391365587711,0.00532903522253,0.000349566340446,0.0564774051309,0.0363050848246,0.0927824899554,0.004766904,True
203,data/1_2024/shard-000477.tar,2115375,START,mild,23,75,98,354,-26.0,0.00193707644939,0.00193694233894,0.00416871905327,0.00373356044292,0.00309570133686,0.00447553396225,0.000637724995613,0.000851944088936,0.00148966908455,0.006568268,True
204,data/1_2024/shard-000477.tar,2138503,END,mild,18,86,104,360,-34.0,0.00319324433804,0.00241005420685,0.00210128724575,0.00116480886936,0.00507742166519,0.00338710844517,-0.00469580292702,0.00138154625893,-0.00331425666809,0.023524003,False
205,data/1_2024/shard-000477.tar,2149375,END,mild,27,79,106,362,-26.0,0.00492458045483,0.00214990973473,0.00353416800499,0.00297407060862,0.00637146830559,0.00591062754393,-0.00617206841707,0.00184509903193,-0.00432696938515,0.014168378,False
206,data/1_2024/shard-000477.tar,2154503,END,medium,26,128,154,410,-51.0,-0.00089917331934,-0.00129541009665,-0.00148569047451,0.0015706717968,0.00197030603886,0.00370821356773,-0.000795871019363,-0.00192818790674,-0.00272405892611,0.001319386,True
207,data/1_2024/shard-000477.tar,2161503,END,medium,5,110,115,371,-52.5,0.0118669420481,0.0099373459816,0.0114086717367,0.00585553795099,0.000958368182182,-0.00126221030951,0.00296757370234,0.00369190424681,0.00665947794914,0.000886433,True
208,data/1_2024/shard-000477.tar,2172503,END,medium,33,94,127,383,-30.5,0.000713691115379,0.00261030718684,0.00180699303746,0.000683464109898,0.000515583902597,0.00171616300941,0.00206449627876,-0.00200389325619,6.06030225754e-05,0.002954796,True
209,data/1_2024/shard-000477.tar,2173503,START,medium,59,134,193,449,-37.5,-0.000360891222954,0.000362411141396,0.000887081027031,0.0032774657011,0.000866413116455,0.000369980931282,0.003134354949,0.00102110207081,0.00415545701981,0.004686782,True
210,data/1_2024/shard-000477.tar,2192503,END,medium,23,105,128,384,-41.0,0.000768758356571,0.0026008784771,0.00341546535492,0.00316415727139,0.00839504599571,0.00882738083601,-0.0033987686038,0.000382252037525,-0.00301651656628,0.00908339,False
211,data/1_2024/shard-000477.tar,2197375,START,medium,11,128,139,395,-58.5,-0.00381974130869,-0.000219628214836,-0.000628709793091,0.00521499663591,0.00185249745846,0.00239618122578,0.00696261227131,-0.000952765345573,0.00600984692574,0.013318591,False
212,data/1_2024/shard-000477.tar,2199503,END,mild,31,73,104,360,-21.0,0.00325091183186,0.00141409039497,0.00168830901384,0.000953167676926,0.00115302950144,0.00134088099003,-0.00200045853853,8.6136162281e-05,-0.00191432237625,0.010608017,False
213,data/1_2024/shard-000477.tar,2207503,END,mild,11,69,80,336,-29.0,-0.000228613615036,-0.000366792082787,0.000466771423817,0.00021106749773,-0.00168850272894,-0.00267192721367,0.00176139175892,0.00181698799133,0.00357837975025,0.00885658,False
214,data/1_2024/shard-000477.tar,2211375,END,mild,21,85,106,362,-32.0,0.00209765136242,0.00188592076302,0.00155983120203,0.00564683973789,0.00445152819157,0.00159805268049,0.000983580946922,0.00252738595009,0.00351096689701,0.027470767,False
215,data/1_2024/shard-000477.tar,2240503,START,mild,22,84,106,362,-31.0,6.49839639664e-05,0.00167725980282,0.00124431401491,0.00431023538113,0.00318045169115,0.00228162109852,0.00274205952883,0.000465884804726,0.00320794433355,7.3045e-05,True
216,data/1_2024/shard-000477.tar,2245503,START,mild,2,104,106,362,-51.0,0.0131985619664,0.0133834928274,0.0121332630515,0.00329720973969,0.00441428273916,0.00422675162554,-0.000932142138481,-0.00106269866228,-0.00199484080076,0.000126198,True
217,data/1_2024/shard-000477.tar,2256375,START,mild,1,105,106,362,-52.0,0.00304108858109,0.00295247137547,0.00559066236019,0.00414852797985,0.00651071220636,0.00872584432364,-0.00245080143213,0.000423058867455,-0.00202774256468,0.00945279,False
218,data/1_2024/shard-000477.tar,2269375,END,mild,11,74,85,341,-31.5,-0.00219024717808,0.00120151042938,0.00187001377344,0.00171995162964,0.00535937398672,0.00594179332256,-0.000247664749622,8.60840082169e-05,-0.000161580741405,0.008301347,True
219,data/1_2024/shard-000477.tar,2278375,END,mild,2,83,85,341,-40.5,0.00367030501366,6.12437725067e-05,0.000773698091507,0.00498077273369,0.00614860653877,0.00299261510372,-0.00477689504623,0.00386844575405,-0.000908449292183,0.00686533,True
220,data/1_2024/shard-000477.tar,2280503,START,mild,27,79,106,362,-26.0,-0.000478625297546,-0.000442504882812,-0.000792637467384,0.00148946046829,0.000509053468704,-0.000319808721542,0.00101652741432,0.000478729605675,0.00149525702,0.00489144,True
221,data/1_2024/shard-000477.tar,2287503,START,mild,15,90,105,361,-37.5,-0.000646620988846,0.00304968655109,0.00244624167681,0.00730390101671,0.00392963737249,0.00421649962664,0.00704096257687,-0.000869609415531,0.00617135316133,0.00102029,True
222,data/1_2024/shard-000477.tar,2290375,START,mild,35,71,106,362,-18.0,0.00319735705853,0.00164784491062,0.0028377622366,0.00684168934822,0.00766517221928,0.00808210670948,-0.00237299501896,0.00077298283577,-0.00160001218319,0.00383129,True
223,data/1_2024/shard-000477.tar,2299503,END,mild,13,94,107,363,-40.5,0.00199280679226,0.00168024003506,0.00347205996513,0.00253051519394,0.00358997285366,0.00289230048656,-0.00137202441692,0.00248949229717,0.00111746788025,0.023448281,False
224,data/1_2024/shard-000477.tar,2310375,END,medium,13,140,153,409,-63.5,-0.00394273549318,0.0018517896533,0.00187223404646,0.00369906425476,0.00159096717834,0.00319630652666,0.0079026222229,-0.00158489495516,0.00631772726774,0.024748161,False
225,data/1_2024/shard-000477.tar,2312503,START,mild,6,100,106,362,-47.0,-0.00124783068895,0.00349869579077,0.00357735157013,0.00641702860594,0.00504381209612,0.00424351543188,0.00611974298954,0.0008789524436,0.00699869543314,0.0322752,False
226,data/1_2024/shard-000477.tar,2322375,END,medium,13,127,140,396,-57.0,-0.00126818567514,0.00276190787554,0.00282397121191,0.00889010727406,0.0106120109558,0.0077755972743,0.00230818986893,0.00289847701788,0.00520666688681,0.024831608,False
227,data/1_2024/shard-000477.tar,2325375,START,medium,13,114,127,383,-50.5,-0.00133271515369,0.000202476978302,0.00091490149498,-0.000265866518021,0.00101448595524,0.000937148928642,0.000254839658737,0.000789761543274,0.00104460120201,0.02448995,False
228,data/1_2024/shard-000477.tar,2333503,START,mild,5,68,73,329,-31.5,0.000846087932587,0.000491827726364,0.000927805900574,0.00248616933823,0.0033010840416,0.00279659032822,-0.00116917490959,0.000940471887589,-0.000228703022003,0.017674591,False
229,data/1_2024/shard-000477.tar,2344503,END,strong,54,157,211,467,-51.5,-0.00490625947714,0.00305353850126,0.00290045142174,-0.00136122852564,0.00118914991617,0.000369690358639,0.00540941953659,0.000666372478008,0.0060757920146,0.01730055,False
230,data/1_2024/shard-000477.tar,2345375,START,mild,26,59,85,341,-16.5,0.00128416717052,0.000950388610363,0.000660538673401,-0.000580534338951,-0.000555142760277,-0.000221058726311,-0.000359170138836,-0.000623933970928,-0.000983104109764,0.001998626,True
231,data/1_2024/shard-000477.tar,2347503,END,mild,31,70,101,357,-19.5,0.00121085345745,0.00019958615303,0.000686682760715,-0.000548757612705,-0.000270299613476,0.000128887593746,-0.00128972530365,8.79094004631e-05,-0.00120181590319,0.008417927,True
232,data/1_2024/shard-000477.tar,2353375,START,mild,0,105,105,361,-52.5,-0.00209943205118,0.00196745246649,0.00101199001074,0.0115470513701,0.00967171043158,0.00890196859837,0.00594222545624,-0.00018572062254,0.0057565048337,0.022377081,False
233,data/1_2024/shard-000477.tar,2376375,START,medium,14,133,147,403,-59.5,-0.00125505775213,0.00588043034077,0.00685236603022,0.0150542855263,0.0157414898276,0.0133697912097,0.00644828379154,0.00334363430738,0.00979191809893,0.027677305,False
234,data/1_2024/shard-000477.tar,2377375,START,mild,1,107,108,364,-53.0,0.00526031851768,0.0100053995848,0.00689865648746,0.00207664072514,0.00190833210945,0.00205174088478,0.00491338968277,-0.00325015187263,0.00166323781013,0.019996524,False
235,data/1_2024/shard-000477.tar,2377503,END,mild,22,85,107,363,-31.5,0.000442907214165,0.00348374247551,0.00466035306454,0.000324174761772,0.00062683224678,0.00194482505322,0.00273817777634,-0.000141382217407,0.00259679555893,0.007458642,True
236,data/1_2024/shard-000477.tar,2379375,START,mild,21,64,85,341,-21.5,0.00477407872677,0.00198072195053,0.00736126303673,0.00083301961422,0.000900894403458,0.00114262104034,-0.00286123156548,0.00513881444931,0.00227758288383,0.006569065,True
237,data/1_2024/shard-000477.tar,2379503,END,mild,5,101,106,362,-48.0,-0.000781297683716,0.00059225410223,0.00261466950178,0.00147975236177,-0.000646881759167,0.000570103526115,0.00348773598671,0.000826627016068,0.00431436300278,0.006333172,True
238,data/1_2024/shard-000477.tar,2381503,START,mild,1,104,105,361,-51.5,-0.00179789215326,0.000393703579903,0.000561967492104,0.00779989361763,0.00952917337418,0.00844725966454,0.00046231597662,0.00125017762184,0.00171249359846,0.029457565,False
239,data/1_2024/shard-000477.tar,2382503,END,mild,31,75,106,362,-22.0,0.00137607753277,0.000957518815994,0.000664502382278,0.00147907435894,0.00189503282309,0.000563837587833,-0.00083451718092,0.00103817880154,0.000203661620617,0.010058358,False
240,data/1_2024/shard-000477.tar,2391503,START,mild,9,51,60,316,-21.0,0.00603605806828,0.00566053390503,0.0050506144762,0.00196292996407,0.00226067006588,0.00182403624058,-0.00067326426506,-0.000173285603523,-0.000846549868584,0.008645952,False
241,data/1_2024/shard-000477.tar,2393375,END,mild,16,90,106,362,-37.0,0.00463908910751,0.00080706179142,0.00167499482632,0.0091866850853,0.00738827884197,0.00697456300259,-0.00200895965099,0.00127206742764,-0.000736892223358,0.007307146,True
242,data/1_2024/shard-000477.tar,2400375,END,mild,27,58,85,341,-15.5,0.000863879919052,-3.75136733055e-05,0.000591695308685,-0.000228717923164,-0.000121898949146,0.000559903681278,-0.0010472163558,1.44094228745e-05,-0.00103280693293,0.001416598,True
243,data/1_2024/shard-000477.tar,2429375,END,medium,21,133,154,410,-56.0,-0.00217086821795,0.00115261971951,0.00140773132443,0.000884406268597,0.000169143080711,0.000299584120512,0.00403875112534,0.000124670565128,0.00416342169046,0.020159587,False
244,data/1_2024/shard-000477.tar,2437503,START,medium,35,79,114,370,-22.0,0.00295555591583,0.00288531184196,0.0016748458147,-0.000517100095749,0.000328883528709,-9.73045825958e-05,-0.000916227698326,-0.000784277915955,-0.00170050561428,0.009729035,False
245,data/1_2024/shard-000477.tar,2439503,END,mild,1,67,68,324,-33.0,0.00502166152,0.00430227816105,0.00470717251301,-0.00171864032745,0.000760659575462,0.000916421413422,-0.00319868326187,0.000249132514,-0.00294955074787,0.017202199,False
246,data/1_2024/shard-000477.tar,2443375,START,mild,15,70,85,341,-27.5,0.000438943505287,0.000716790556908,0.00126527249813,0.00169199705124,0.00400999188423,0.00416374206543,-0.00204014778137,0.000394731760025,-0.00164541602135,0.01626065,False
247,data/1_2024/shard-000477.tar,2457503,START,mild,13,97,110,366,-42.0,-0.00221686065197,-0.000726699829102,-0.00134082883596,0.000290147960186,0.00496843457222,0.000593438744545,-0.00318812578917,0.00376086682081,0.000572741031647,0.007517405,True
248,data/1_2024/shard-000477.tar,2492375,START,mild,4,101,105,361,-48.5,0.00701230764389,0.0053968578577,0.00432941317558,0.00415879487991,0.00175224244595,0.00285673141479,0.000791102647781,-0.00217193365097,-0.00138083100319,0.010276541,False
249,data/1_2024/shard-000477.tar,2496375,END,medium,10,106,116,372,-48.0,-0.00122679024935,0.00105668604374,0.00158786028624,0.00800001621246,0.00353359431028,0.00659591704607,0.00674989819527,-0.00253114849329,0.00421874970198,0.000635095,True
250,data/1_2024/shard-000477.tar,2500503,START,medium,42,110,152,408,-34.0,0.00172004103661,0.00380101799965,0.004584223032,0.00190216302872,0.00171445310116,0.00125767290592,0.00222074985504,0.00123953819275,0.00346028804779,0.005581599,True
251,data/1_2024/shard-000477.tar,2526375,START,medium,24,91,115,371,-33.5,0.00367659330368,-0.00150680541992,0.000712558627129,0.00215169787407,0.00124950706959,5.90831041336e-05,-0.00428120791912,0.0034097880125,-0.000871419906616,0.015498385,False
252,data/1_2024/shard-000477.tar,2529375,END,mild,10,60,70,326,-25.0,0.00114441663027,0.00136068463326,0.00085524469614,0.000426307320595,-0.00326479971409,-0.00509361177683,0.00390737503767,0.00132337212563,0.0052307471633,0.001500316,True
253,data/1_2024/shard-000477.tar,2533375,START,medium,7,150,157,413,-71.5,0.00382712483406,0.00102135539055,0.00274812430143,0.000690147280693,-0.00365568697453,-0.00179143995047,0.00154006481171,-0.000137478113174,0.00140258669853,0.034976222,False
254,data/1_2024/shard-000477.tar,2534503,END,mild,8,100,108,364,-46.0,0.00100563466549,0.000305071473122,0.00218370556831,-0.000707969069481,0.000421673059464,0.00106732547283,-0.00177063792944,0.00123634189367,-0.000534296035767,0.003671583,True
255,data/1_2024/shard-000477.tar,2555503,END,mild,9,60,69,325,-25.5,0.00189533829689,0.000875353813171,0.00131572782993,0.00228913128376,0.00285795331001,0.00154803693295,-0.00158880650997,0.00175029039383,0.000161483883858,0.00692863,True
256,data/1_2024/shard-000477.tar,2557503,END,mild,19,87,106,362,-34.0,5.54174184799e-05,-0.000458493828773,-0.000809825956821,0.00316648185253,0.00280852615833,0.00386712700129,-0.000155955553055,-0.001409932971,-0.00156588852406,0.00820636,True
257,data/1_2024/shard-000477.tar,2581503,START,mild,12,90,102,358,-39.0,0.00275818258524,0.00162560492754,0.000862777233124,0.00381588935852,0.00432818382978,0.00438490509987,-0.00164487212896,-0.0008195489645,-0.00246442109346,0.002579004,True
258,data/1_2024/shard-000477.tar,2587375,END,medium,26,90,116,372,-32.0,-0.000641912221909,-0.00042862445116,0.00256419926882,0.00303153693676,0.00426967442036,0.00238479673862,-0.00102484971285,0.00487770140171,0.00385285168886,0.007573515,True
259,data/1_2024/shard-000477.tar,2592503,END,mild,7,99,106,362,-46.0,-0.00257759541273,-0.00199808180332,-0.000803202390671,0.00842649489641,0.00814063847065,0.00975134968758,0.000865370035172,-0.000415831804276,0.000449538230896,0.021903358,False
260,data/1_2024/shard-000477.tar,2636503,END,mild,12,94,106,362,-41.0,0.00332021713257,0.00424244999886,0.00515203177929,0.00342620909214,0.00593721866608,0.00674545764923,-0.00158877670765,0.000101342797279,-0.00148743391037,0.001917027,True
261,data/1_2024/shard-000477.tar,2644375,END,mild,0,106,106,362,-53.0,0.00808010995388,0.00507954508066,0.00594579428434,0.0159072056413,0.0230153501034,0.0205138027668,-0.0101087093353,0.00336779654026,-0.00674091279507,0.005337618,True
262,data/1_2024/shard-000477.tar,2646503,END,strong,22,191,213,469,-84.5,-0.00688890367746,0.00142209231853,0.00155767798424,0.00330480933189,0.00439623743296,0.00473484396935,0.00721956789494,-0.000203020870686,0.00701654702425,0.006704845,True
263,data/1_2024/shard-000477.tar,2647375,END,mild,9,96,105,361,-43.5,-0.00213784724474,0.00111267715693,0.000443432480097,0.00210163369775,0.00132092833519,0.000802367925644,0.00403122976422,-0.000150684267282,0.00388054549694,0.011295728,False
264,data/1_2024/shard-000477.tar,2663503,START,mild,20,51,71,327,-15.5,0.000877141952515,-0.000534847378731,-0.000399813055992,0.00193763524294,0.00242450833321,0.00139387696981,-0.00189886242151,0.00116566568613,-0.000733196735382,0.001628399,True
265,data/1_2024/shard-000477.tar,2680503,END,mild,15,62,77,333,-23.5,-0.00188861787319,-0.00182788819075,-0.00123560428619,0.0024662129581,0.00121556222439,0.00252647325397,0.00131138041615,-0.000718627125025,0.00059275329113,0.011018153,False
266,data/1_2024/shard-000477.tar,2692375,START,mild,30,76,106,362,-23.0,-0.000449895858765,-0.00118474662304,-0.000377163290977,-0.00122344493866,-0.000748440623283,-0.0012012720108,-0.00120985507965,0.00126041471958,5.05596399307e-05,0.006583795,True
267,data/1_2024/shard-000477.tar,2698503,END,strong,47,272,319,575,-112.5,-0.0105101913214,0.000152394175529,0.00100895762444,0.00962653756142,0.00147274509072,0.00086173415184,0.0188163779676,0.00146757438779,0.0202839523554,0.005956091,True
268,data/1_2024/shard-000477.tar,2699503,START,mild,18,89,107,363,-35.5,0.00132986903191,0.00166414678097,0.00313799083233,0.0033647865057,0.00298546254635,0.00199340283871,0.000713601708412,0.002465903759,0.00317950546741,0.00681562,True
269,data/1_2024/shard-000477.tar,2709375,START,strong,44,174,218,474,-65.0,-0.00728468596935,0.00235824286938,0.0031026750803,0.0302681624889,0.0284185558558,0.0253167301416,0.0114925354719,0.00384625792503,0.0153387933969,0.033506371,False
270,data/1_2024/shard-000477.tar,2727375,START,mild,3,65,68,324,-31.0,0.00615683197975,0.00676771998405,0.00575779378414,0.00443144142628,0.00324113667011,0.00333027541637,0.00180119276047,-0.00109906494617,0.000702127814293,0.012420323,False
271,data/1_2024/shard-000477.tar,2728503,END,mild,28,68,96,352,-20.0,0.000389963388443,0.000723674893379,0.000125572085381,-0.00105306506157,-0.00114457309246,-0.00131966173649,0.000425219535828,-0.000423014163971,2.20537185669e-06,0.002738371,True
272,data/1_2024/shard-000477.tar,2737375,START,medium,29,163,192,448,-67.0,-0.00546268373728,0.00101187080145,0.00512171536684,0.00486350804567,0.0043338611722,0.00241729617119,0.0070042014122,0.0060264095664,0.0130306109786,0.014778767,False
273,data/1_2024/shard-000477.tar,2745503,START,mild,16,52,68,324,-18.0,-0.00192002207041,-0.00107226520777,-0.000454783439636,-0.000303968787193,0.000869788229465,0.000301606953144,-0.000326000154018,0.00118566304445,0.000859662890434,0.022194486,False
274,data/1_2024/shard-000477.tar,2755503,END,strong,38,217,255,511,-89.5,-0.000161685049534,-0.000976677983999,-0.00096021592617,0.00270329415798,0.00277020037174,0.00170813128352,-0.000881899148226,0.00107853114605,0.000196631997824,0.001921602,True
275,data/1_2024/shard-000477.tar,2764503,START,mild,10,92,102,358,-41.0,-0.00552528351545,-0.00225538760424,-0.00293520092964,0.0101029723883,0.00248254835606,0.00345157831907,0.0108903199434,-0.00164884328842,0.00924147665501,0.004167765,True
276,data/1_2024/shard-000477.tar,2766503,END,mild,9,97,106,362,-44.0,0.00082178413868,0.00194366276264,0.00156789273024,-0.000395521521568,-0.000436820089817,-0.001549012959,0.00116317719221,0.000736422836781,0.00189960002899,0.022166848,False
277,data/1_2024/shard-000477.tar,2798375,END,mild,5,64,69,325,-29.5,0.00115025788546,0.0020384863019,0.00238151848316,0.00022254884243,0.00117200613022,-0.000429823994637,-6.12288713455e-05,0.00194486230612,0.00188363343477,0.015010264,False
278,data/1_2024/shard-000477.tar,2798503,START,medium,31,92,123,379,-30.5,0.000395923852921,-0.000184051692486,0.00100576877594,0.00225197523832,0.000949211418629,7.32466578484e-05,0.000722788274288,0.00206578522921,0.00278857350349,0.004097618,True
279,data/1_2024/shard-000477.tar,2803375,END,medium,17,100,117,373,-41.5,-0.00254414975643,0.000406168401241,0.00123625248671,-0.00274582952261,0.000371530652046,-0.000194527208805,-0.000167042016983,0.00139614194632,0.00122909992933,0.001506388,True
280,data/1_2024/shard-000477.tar,2811503,END,mild,13,89,102,358,-38.0,0.0035260990262,0.00596432387829,0.0070109590888,-0.001797914505,-0.00150641053915,-0.00189585983753,0.00214672088623,0.0014360845089,0.00358280539513,0.011540517,False
281,data/1_2024/shard-000477.tar,2813375,END,mild,6,100,106,362,-47.0,0.0058525800705,0.0051391646266,0.00488134473562,0.00439383089542,0.00135067105293,-6.25550746918e-05,0.00232974439859,0.00115540623665,0.00348515063524,0.018168837,False
282,data/1_2024/shard-000477.tar,2819503,START,mild,15,49,64,320,-17.0,0.00872194766998,0.00782781839371,0.00796097889543,0.00336205214262,0.00237019360065,0.00282976031303,9.77292656898e-05,-0.000326406210661,-0.000228676944971,0.012443185,False
283,data/1_2024/shard-000477.tar,2821375,END,mild,6,58,64,320,-26.0,0.00145131349564,0.000164732336998,0.000416584312916,0.00199831277132,0.00223886221647,0.00177282094955,-0.00152026116848,0.000717893242836,-0.000802367925644,0.009509563,False
284,data/1_2024/shard-000477.tar,2821503,END,mild,9,94,103,359,-42.5,0.001415386796,0.00138501822948,0.00132948160172,0.00226464867592,0.00356857478619,0.00420990586281,-0.00133429467678,-0.000696867704391,-0.00203116238117,0.004975967,True
285,data/1_2024/shard-000477.tar,2826503,START,medium,0,140,140,396,-70.0,-0.00744939595461,0.000693537294865,-0.000310674309731,0.00768386572599,0.00248329341412,-0.000855058431625,0.0133435055614,0.00233414024115,0.0156776458025,0.010671318,False
286,data/1_2024/shard-000477.tar,2829503,END,mild,11,61,72,328,-25.0,0.000783450901508,0.000811375677586,0.00114322453737,0.00287902355194,0.000230312347412,0.000441536307335,0.00267663598061,0.000120624899864,0.00279726088047,0.001910277,True
287,data/1_2024/shard-000477.tar,2832503,END,medium,29,90,119,375,-30.5,-0.000756435096264,0.000905819237232,0.000229731202126,0.00149425119162,0.000624164938927,2.00420618057e-06,0.00253234058619,-5.39273023605e-05,0.00247841328382,0.006007664,True
288,data/1_2024/shard-000477.tar,2833375,END,mild,31,75,106,362,-22.0,0.000609800219536,-0.00178305804729,-0.00102686882019,0.0181305110455,0.0220146477222,0.0156144052744,-0.00627699494362,0.00715643167496,0.000879436731339,0.024768174,False
289,data/1_2024/shard-000477.tar,2835503,END,mild,6,96,102,358,-45.0,0.00247795879841,0.00287856161594,0.00317431986332,0.0128793418407,0.010290697217,0.0120021998882,0.00298924744129,-0.00141574442387,0.00157350301743,0.007321198,True
290,data/1_2024/shard-000477.tar,2864503,START,medium,22,128,150,406,-53.0,-0.00135646760464,-5.58719038963e-05,-0.000903502106667,-0.00455741584301,-0.000533886253834,-0.00174690783024,-0.00272293388844,0.000365391373634,-0.0023575425148,0.014560618,False
291,data/1_2024/shard-000477.tar,2875503,START,mild,20,41,61,317,-10.5,-0.000412821769714,-6.88582658768e-05,-0.000173330307007,0.000323534011841,0.00424192100763,0.00717347115278,-0.00357442349195,-0.00303602218628,-0.00661044567823,0.01435224,False
292,data/1_2024/shard-000477.tar,2878503,START,medium,30,173,203,459,-71.5,-0.00648577138782,0.000912081450224,0.00112834572792,0.00900688767433,0.00132545083761,0.00105825811625,0.0150792896748,0.000483456999063,0.0155627466738,0.007364921,True
293,data/1_2024/shard-000477.tar,2879503,START,mild,5,101,106,362,-48.0,0.00107179582119,0.00539450347424,0.00412724912167,0.00563549995422,0.00240567326546,0.00272211432457,0.00755253434181,-0.00158369541168,0.00596883893013,0.020258859,False
294,data/1_2024/shard-000477.tar,2881375,END,medium,33,95,128,384,-31.0,0.000370554625988,0.00300281494856,0.00337596982718,0.00315556675196,-0.00153262913227,-0.000559836626053,0.0073204562068,-0.000599637627602,0.0067208185792,0.002007797,True
295,data/1_2024/shard-000477.tar,2886503,START,strong,14,256,270,526,-121.0,-0.00319954007864,0.00344111770391,0.00617964565754,-0.00436291098595,-0.00121468678117,-0.00194090232253,0.00349243357778,0.00346474349499,0.00695717707276,0.013673432,False
296,data/1_2024/shard-000477.tar,2890503,START,medium,25,171,196,452,-73.0,-0.00466997921467,0.00202882289886,0.00336085259914,0.00605577230453,0.00879822671413,0.00913338363171,0.00395634770393,0.000996872782707,0.00495322048664,0.006418616,True
297,data/1_2024/shard-000477.tar,2901503,END,mild,9,67,76,332,-29.0,0.0053296610713,0.00417945533991,0.00378315895796,-4.94122505188e-05,0.00230415165424,-0.00049713999033,-0.00350376963615,0.00240499526262,-0.00109877437353,0.00852051,False
298,data/1_2024/shard-000477.tar,2918503,END,medium,4,182,186,442,-89.0,0.000495776534081,0.0062942802906,0.00606490671635,0.00576877593994,0.00089955329895,-0.00149573385715,0.0106677263975,0.00216591358185,0.0128336399794,0.000974178,True
299,data/1_2024/shard-000477.tar,2927375,END,mild,18,67,85,341,-24.5,0.000931158661842,0.00173140317202,0.00209526717663,0.00165417790413,0.00438417494297,0.00299134105444,-0.00192975252867,0.00175669789314,-0.000173054635525,0.01925683,False
300,data/1_2024/shard-000477.tar,2938375,END,mild,11,87,98,354,-38.0,0.00176857411861,0.00270357728004,0.00207823514938,0.000597536563873,0.00155013799667,0.00202791392803,-1.75982713699e-05,-0.00110311806202,-0.00112071633339,0.015465811,False
301,data/1_2024/shard-000477.tar,2944503,END,medium,35,82,117,373,-23.5,0.000525131821632,0.00124487280846,0.000579714775085,0.0013052970171,0.00258992612362,0.00325971841812,-0.000564888119698,-0.00133495032787,-0.00189983844757,0.017677486,False
302,data/1_2024/shard-000477.tar,2970503,END,mild,20,85,105,361,-32.5,-0.000403344631195,-0.000224106013775,0.00250012427568,0.00898100435734,0.00230766832829,0.00171191245317,0.00685257464647,0.00331998616457,0.010172560811,0.004706196,True
303,data/1_2024/shard-000477.tar,2975375,END,mild,21,85,106,362,-32.0,0.00312691926956,0.00144723057747,0.00345921516418,0.00193744897842,0.00393722951412,0.0016006976366,-0.00367946922779,0.00434851646423,0.000669047236443,0.004825436,True
304,data/1_2024/shard-000477.tar,2995503,START,mild,33,73,106,362,-20.0,-0.000468119978905,-0.000813141465187,-0.00113840401173,0.000662565231323,0.00403669476509,0.00336723029613,-0.00371915102005,0.000344201922417,-0.00337494909763,0.007363543,True
305,data/1_2024/shard-000477.tar,3001503,END,mild,9,97,106,362,-44.0,0.00939743965864,0.00716606527567,0.0104827284813,0.00295543670654,0.00367956608534,0.00242552161217,-0.00295550376177,0.00457070767879,0.00161520391703,0.022973053,False
306,data/1_2024/shard-000477.tar,3003503,END,mild,3,107,110,366,-52.0,-0.00112538039684,-0.000225715339184,0.000755093991756,0.0106746181846,0.00864522904158,0.00697682797909,0.00292905420065,0.00264921039343,0.00557826459408,0.004447028,True
307,data/1_2024/shard-000477.tar,3005503,START,mild,12,94,106,362,-41.0,-0.00291123241186,0.000652328133583,0.00145579129457,0.00513385981321,0.00330074131489,0.00209473818541,0.00539667904377,0.00200946629047,0.00740614533424,0.001930576,True
308,data/1_2024/shard-000477.tar,3041503,END,mild,4,102,106,362,-49.0,-0.00186710059643,0.000898249447346,0.000795722007751,0.0036666020751,0.00320033729076,0.00362102687359,0.00323161482811,-0.000523217022419,0.00270839780569,0.005419761,True
309,data/1_2024/shard-000477.tar,3045375,START,mild,4,58,62,318,-27.0,-0.00108128041029,-0.00158827006817,-0.00151637941599,0.00249747186899,0.00379655510187,0.00312240421772,-0.00180607289076,0.000746041536331,-0.00106003135443,0.010533296,False
310,data/1_2024/shard-000477.tar,3047375,START,medium,43,95,138,394,-26.0,0.00141882896423,-0.000487446784973,-7.03483819962e-05,0.000695019960403,0.00124844908714,0.000717401504517,-0.00245970487595,0.000948145985603,-0.00151155889034,0.008973494,False
311,data/1_2024/shard-000477.tar,3049375,START,medium,33,89,122,378,-28.0,0.00456141680479,0.00204741209745,0.00180020183325,0.00711287930608,0.00679036229849,0.00690114498138,-0.00219148769975,-0.000357992947102,-0.00254948064685,0.0320336,False
312,data/1_2024/shard-000477.tar,3055375,END,medium,11,136,147,403,-62.5,-0.00615533441305,0.00128140300512,0.00185851752758,0.00496411323547,0.00384899228811,-0.000561833381653,0.00855185836554,0.00498794019222,0.0135397985578,0.043264395,False
313,data/1_2024/shard-000477.tar,3080503,END,mild,3,103,106,362,-50.0,0.000703662633896,0.00384011864662,0.0045415610075,0.00669923424721,0.00212916731834,0.0021495372057,0.00776512920856,0.000695630908012,0.00846076011658,0.0064243,True
314,data/1_2024/shard-000477.tar,3084503,END,mild,21,72,93,349,-25.5,-0.000390037894249,0.00362686812878,0.00383778661489,0.00091265887022,0.00527616590261,0.00512956082821,-0.000346601009369,0.000357523560524,1.09225511551e-05,0.000548862,True
315,data/1_2024/shard-000477.tar,3091375,END,mild,5,100,105,361,-47.5,0.00199734419584,0.00677447021008,0.00728531181812,0.00317915529013,-0.000148043036461,-0.00119951367378,0.00810432434082,0.00156231224537,0.00966663658619,0.037635155,False
316,data/1_2024/shard-000477.tar,3100503,END,mild,26,74,100,356,-24.0,0.00047168135643,0.00196939706802,0.00177580118179,0.00022679567337,0.00109046697617,0.00214557349682,0.000634044408798,-0.00124870240688,-0.000614657998085,0.012877453,False
317,data/1_2024/shard-000477.tar,3123503,END,mild,17,57,74,330,-20.0,0.00119689106941,0.000923916697502,0.000981882214546,-0.00126802921295,0.00029356777668,0.000343129038811,-0.00183457136154,8.40425491333e-06,-0.00182616710663,0.021609366,False
318,data/1_2024/shard-000477.tar,3142375,START,mild,23,53,76,332,-15.0,0.000144436955452,0.000434920191765,0.000266164541245,0.00210212171078,0.000619024038315,0.000793814659119,0.00177358090878,-0.000343546271324,0.00143003463745,0.014474757,False
319,data/1_2024/shard-000477.tar,3197375,END,mild,21,85,106,362,-32.0,-0.00203476846218,0.000976711511612,0.00205335021019,0.0167628675699,0.00757679343224,0.00789885222912,0.0121975541115,0.000754579901695,0.0129521340132,0.018266361,False
320,data/1_2024/shard-000477.tar,3213375,END,mild,17,90,107,363,-36.5,0.00217053294182,0.000872373580933,1.17272138596e-05,-0.00125347077847,0.00322003662586,0.00390358269215,-0.00577166676521,-0.00154419243336,-0.00731585919857,0.015003182,False
321,data/1_2024/shard-000477.tar,3213503,END,mild,18,87,105,361,-34.5,-0.00966459512711,-0.00635513663292,-0.00413985550404,0.00172477215528,0.000444248318672,0.00141286849976,0.0045899823308,0.0012466609478,0.0058366432786,0.000137582,True
322,data/1_2024/shard-000477.tar,3214375,END,mild,5,82,87,343,-38.5,0.00176583230495,0.00575457513332,0.00353740900755,0.00654958933592,0.00522111356258,0.00330675393343,0.0053172186017,-0.00030280649662,0.00501441210508,0.001272961,True
323,data/1_2024/shard-000477.tar,3225503,END,mild,3,80,83,339,-38.5,-0.00369111448526,-0.00179871171713,-0.00782755762339,0.00254679471254,0.00549333542585,0.00624208897352,-0.00105413794518,-0.00677759945393,-0.0078317373991,0.006990358,True
324,data/1_2024/shard-000477.tar,3239503,START,medium,56,139,195,451,-41.5,-0.00285811722279,0.0133372470737,0.0131632462144,0.000779286026955,-0.00115956366062,0.000503875315189,0.018134213984,-0.00183743983507,0.0162967741489,0.0165966,False
325,data/1_2024/shard-000477.tar,3244503,END,mild,34,72,106,362,-19.0,0.000295266509056,0.000482060015202,0.000146940350533,0.000146396458149,0.000454753637314,0.000820122659206,-0.000121563673019,-0.000700488686562,-0.000822052359581,0.015752546,False
326,data/1_2024/shard-000477.tar,3256503,START,medium,32,141,173,429,-54.5,-0.00168892741203,0.00184489786625,0.000672668218613,0.00255382061005,0.000247493386269,-0.000601947307587,0.00584015250206,-0.000322788953781,0.00551736354828,0.023342818,False
327,data/1_2024/shard-000477.tar,3266375,START,medium,4,132,136,392,-64.0,-0.00337663665414,0.00546385347843,0.0040493644774,0.0033232010901,0.00778636708856,0.00917163863778,0.00437732413411,-0.00279976055026,0.00157756358385,0.013812192,False
328,data/1_2024/shard-000477.tar,3267375,START,mild,29,77,106,362,-24.0,0.00157856941223,0.00172010064125,0.0015362650156,0.0013473033905,0.00200305879116,0.00195607542992,-0.000514224171638,-0.000136852264404,-0.000651076436043,0.007496901,True
329,data/1_2024/shard-000477.tar,3291503,START,mild,1,105,106,362,-52.0,-0.00347159057856,-0.0015538148582,-0.00149080529809,0.000133823603392,0.00380611792207,0.00321855396032,-0.00175451859832,0.000650573521852,-0.00110394507647,0.002549153,True
330,data/1_2024/shard-000477.tar,3304503,START,mild,28,57,85,341,-14.5,-0.00300067663193,-0.00137171149254,-0.000486999750137,0.00204585492611,0.00176204741001,0.00153231620789,0.00191277265549,0.00111444294453,0.00302721560001,0.003098536,True
331,data/1_2024/shard-000477.tar,3309503,START,mild,0,85,85,341,-42.5,0.0020968914032,0.00219583511353,0.00242178142071,0.00546889007092,0.00622779130936,0.00701692700386,-0.000659957528114,-0.000563189387321,-0.00122314691544,0.010002583,False
332,data/1_2024/shard-000477.tar,3313503,END,mild,21,84,105,361,-31.5,0.00431987643242,0.0038557946682,0.00369526445866,0.00577630102634,0.00667931139469,0.00800356268883,-0.00136709213257,-0.00148478150368,-0.00285187363625,0.015024975,False
333,data/1_2024/shard-000477.tar,3338503,END,mild,3,103,106,362,-50.0,-0.00157363712788,-0.00243933498859,-0.00351399183273,0.0110690742731,0.0173223316669,0.00632072985172,-0.00711895525455,0.00992694497108,0.00280798971653,0.012161985,False
334,data/1_2024/shard-000477.tar,3357503,START,mild,31,74,105,361,-21.5,0.00103711336851,0.00182014703751,0.00164060294628,0.00140522420406,0.000637874007225,0.00103563070297,0.00155038386583,-0.000577300786972,0.000973083078861,0.004625171,True
335,data/1_2024/shard-000477.tar,3362375,START,mild,12,84,96,352,-36.0,-0.000119149684906,0.00872998684645,0.00669963657856,0.00136341154575,0.00258952379227,0.00234824419022,0.00762302428484,-0.00178907066584,0.005833953619,0.000250153,True
336,data/1_2024/shard-000477.tar,3378375,START,mild,19,45,64,320,-13.0,-0.000415340065956,-0.00046406686306,-0.000434383749962,-0.00602704286575,-0.00235609710217,-0.000887587666512,-0.00379240512848,-0.00136837363243,-0.00516077876091,0.007559903,True
337,data/1_2024/shard-000477.tar,3378503,START,mild,13,92,105,361,-39.5,0.00140450149775,0.00519061088562,0.00308865308762,0.0102660283446,0.00906832516193,0.00719082355499,0.00498381257057,-0.000224456191063,0.00475935637951,0.010867052,False
338,data/1_2024/shard-000477.tar,3379375,END,mild,28,79,107,363,-25.5,0.0048101991415,0.00352090597153,0.000435426831245,-0.000733360648155,0.0141960978508,0.00843387842178,-0.0162187516689,0.00267674028873,-0.0135420113802,0.009804234,False
339,data/1_2024/shard-000477.tar,3381375,END,medium,5,123,128,384,-59.0,-0.00410251319408,-0.000790491700172,-6.10649585724e-05,0.00619703531265,0.00323782861233,0.00372487306595,0.00627122819424,0.000242382287979,0.00651361048222,0.002376825,True
340,data/1_2024/shard-000477.tar,3382503,START,mild,27,79,106,362,-26.0,0.00157365202904,0.00478903949261,0.00416065752506,0.00113607198,0.00316908210516,0.00287816673517,0.00118237733841,-0.000337466597557,0.000844910740852,0.004405037,True
341,data/1_2024/shard-000477.tar,3383375,END,mild,3,99,102,358,-48.0,0.00301002711058,0.00160375237465,0.00192145258188,0.00628519058228,0.00310323387384,0.00324037671089,0.0017756819725,0.000180557370186,0.00195623934269,0.017565109,False
342,data/1_2024/shard-000477.tar,3403503,START,mild,12,98,110,366,-43.0,-0.00122026354074,-8.8706612587e-05,0.000615708529949,0.00741904973984,0.00870878994465,0.00869984924793,-0.000158183276653,0.000713355839252,0.000555172562599,0.001744635,True
343,data/1_2024/shard-000477.tar,3404503,START,mild,35,71,106,362,-18.0,0.00186341255903,0.00187700986862,0.00421926379204,-0.0011355355382,-0.000192455947399,-0.00044584274292,-0.000929482281208,0.00259564071894,0.00166615843773,0.009291619,False
344,data/1_2024/shard-000477.tar,3406375,END,mild,7,93,100,356,-43.0,0.00147128105164,0.000319719314575,-0.000477969646454,0.00594691932201,0.00560213625431,0.00634443759918,-0.000806778669357,-0.0015399903059,-0.00234676897526,0.003151078,True
345,data/1_2024/shard-000477.tar,3409503,END,mild,9,96,105,361,-43.5,0.00559908151627,0.00434255599976,0.00468237698078,0.000638261437416,-0.00155612826347,-0.000943973660469,0.00093786418438,-0.000272333621979,0.000665530562401,0.020039722,False
346,data/1_2024/shard-000477.tar,3416503,START,mild,18,71,89,345,-26.5,0.00370916724205,0.00214655697346,0.00167508423328,0.00236821174622,0.001858741045,0.00144961476326,-0.00105313956738,-6.23464584351e-05,-0.00111548602581,0.017573074,False
347,data/1_2024/shard-000477.tar,3434375,START,strong,71,163,234,490,-46.0,-0.000411704182625,0.00110793113708,0.00175853073597,0.0112794563174,-0.0052550509572,-0.0041872933507,0.0180541425943,-0.000417158007622,0.0176369845867,0.008384392,True
348,data/1_2024/shard-000477.tar,3436503,END,mild,26,84,110,366,-29.0,-0.00182273983955,-0.00110459327698,-0.000565052032471,0.0104900449514,0.00660447776318,0.00330550968647,0.00460371375084,0.00383850932121,0.00844222307205,0.004160352,True
349,data/1_2024/shard-000477.tar,3453503,END,mild,11,81,92,348,-35.0,0.00163231790066,0.000409677624702,-0.00019845366478,0.0141060054302,0.0166388899088,0.0173979401588,-0.00375552475452,-0.00136718153954,-0.00512270629406,0.024325728,False
350,data/1_2024/shard-000477.tar,3498375,END,medium,55,133,188,444,-39.0,-0.00156125426292,0.000303313136101,-0.000741317868233,0.00349806249142,0.0107011720538,0.0129896327853,-0.00533854216337,-0.00333309173584,-0.00867163389921,0.005325533,True
351,data/1_2024/shard-000477.tar,3502375,START,mild,24,59,83,339,-17.5,0.000767558813095,0.00181847810745,0.00209675729275,-0.000255271792412,0.00018498301506,-0.000200003385544,0.000610664486885,0.000663265585899,0.00127393007278,0.015091568,False
352,data/1_2024/shard-000477.tar,3508375,START,mild,0,106,106,362,-53.0,0.00260455906391,0.00360694527626,0.00415179133415,0.00104062259197,0.000512465834618,-0.000737130641937,0.0015305429697,0.00179444253445,0.00332498550415,0.00391975,True
353,data/1_2024/shard-000477.tar,3509375,START,mild,2,73,75,331,-35.5,0.00614483654499,0.00363298505545,0.00392256677151,0.0114462450147,0.01149097085,0.0100253596902,-0.00255657732487,0.00175519287586,-0.000801384449005,0.005937006,True
354,data/1_2024/shard-000477.tar,3511375,START,mild,20,86,106,362,-33.0,0.00295948982239,0.00644271075726,0.0063069909811,0.00138102471828,0.000959277153015,0.00133655965328,0.00390496850014,-0.000513002276421,0.00339196622372,0.006884173,True
355,data/1_2024/shard-000477.tar,3528503,START,medium,33,95,128,384,-31.0,0.00150851160288,0.000453948974609,-0.000108271837234,0.00173672288656,0.00145510584116,0.00121418386698,-0.000772945582867,-0.000321298837662,-0.00109424442053,0.00393746,True
356,data/1_2024/shard-000477.tar,3531375,END,medium,10,118,128,384,-54.0,-0.00271710753441,0.000117033720016,0.000161379575729,0.00115671753883,-0.0013534501195,0.00239189714193,0.00534430891275,-0.00370100140572,0.00164330750704,0.005495884,True
357,data/1_2024/shard-000477.tar,3531503,END,medium,31,84,115,371,-26.5,0.000484421849251,0.000556424260139,0.000412240624428,0.000116936862469,-0.000453308224678,-0.00100891292095,0.000642247498035,0.000411421060562,0.0010536685586,0.002993211,True
358,data/1_2024/shard-000477.tar,3533503,START,mild,4,99,103,359,-47.5,-0.00319025665522,0.000872112810612,0.000182442367077,0.00358725339174,0.00453989207745,0.00634260475636,0.00310973078012,-0.00249238312244,0.000617347657681,0.032287583,False
359,data/1_2024/shard-000477.tar,3538503,START,mild,8,98,106,362,-45.0,-0.000992551445961,-0.000121548771858,0.00190864503384,-0.000147134065628,-0.000591829419136,-0.000102758407593,0.00131569802761,0.00154112279415,0.00285682082176,0.005418524,True
360,data/1_2024/shard-000477.tar,3541503,START,mild,14,90,104,360,-38.0,0.00467214733362,0.00183131545782,0.00245366990566,0.00174927711487,0.00153923779726,0.00247981399298,-0.00263079255819,-0.000318221747875,-0.00294901430607,0.009185571,False
361,data/1_2024/shard-000477.tar,3550503,START,mild,26,79,105,361,-26.5,0.00123119354248,0.000607579946518,0.001096829772,-6.02006912231e-05,0.000830441713333,0.000296428799629,-0.00151425600052,0.00102326273918,-0.000490993261337,0.017887101,False
362,data/1_2024/shard-000477.tar,3552375,END,medium,26,110,136,392,-42.0,0.00113911181688,0.00236967206001,0.00236845016479,0.00508436560631,0.00655667483807,0.00554870069027,-0.000241748988628,0.00100675225258,0.00076500326395,0.014860123,False
363,data/1_2024/shard-000477.tar,3556503,END,medium,60,122,182,438,-31.0,-0.00067014247179,0.000350549817085,-0.000854842364788,0.00239536166191,0.00203002989292,0.00215688347816,0.00138602405787,-0.00133224576712,5.37782907486e-05,0.022835463,False
364,data/1_2024/shard-000477.tar,3559503,END,mild,5,79,84,340,-37.0,0.000275179743767,0.000250265002251,0.00125169754028,0.000928267836571,0.000988483428955,0.000312119722366,-8.51303339005e-05,0.00167779624462,0.00159266591072,0.010531954,False
365,data/1_2024/shard-000477.tar,3562375,START,medium,37,82,119,375,-22.5,-0.00336048752069,-0.00189923495054,-0.00087159126997,0.0108532086015,0.00246514379978,0.0040230602026,0.00984931737185,-0.000530272722244,0.0093190446496,0.007964596,True
366,data/1_2024/shard-000477.tar,3565503,START,mild,11,74,85,341,-31.5,-0.0043034479022,-0.00248853862286,-0.00350126624107,0.00246658176184,0.00107944011688,0.000159025192261,0.0032020509243,-9.23126935959e-05,0.00310973823071,0.00085865,True
367,data/1_2024/shard-000477.tar,3601503,END,mild,9,98,107,363,-44.5,-0.000503987073898,-0.00102535635233,-0.000377804040909,0.000268258154392,0.00207361578941,0.001002214849,-0.00232672691345,0.00171895325184,-0.000607773661613,0.017876759,False
368,data/1_2024/shard-000477.tar,3608503,START,mild,20,78,98,354,-29.0,0.00178749859333,0.00302997231483,0.00418695807457,0.00342134386301,0.00546436011791,0.00605905056,-0.000822089612484,0.000600345432758,-0.000221744179726,0.01606736,False
369,data/1_2024/shard-000477.tar,3611503,START,medium,28,126,154,410,-49.0,-0.000106081366539,-0.000210523605347,0.00210696458817,0.00932583957911,0.00821336358786,0.00707813352346,0.00100803375244,0.0034527182579,0.00446075201035,0.020153951,False
370,data/1_2024/shard-000477.tar,3638503,END,mild,11,74,85,341,-31.5,0.000863000750542,0.000996820628643,0.001843303442,-0.000791683793068,0.00134491175413,0.000801108777523,-0.0020027756691,0.00139028578997,-0.000612489879131,0.019580416,False
371,data/1_2024/shard-000477.tar,3651503,START,mild,25,81,106,362,-28.0,-0.00120182335377,-0.000368133187294,-0.000594735145569,0.00101149082184,0.00304156541824,0.00289067625999,-0.00119638442993,-7.57128000259e-05,-0.00127209722996,0.014181934,False
372,data/1_2024/shard-000477.tar,3654503,START,mild,0,108,108,364,-54.0,0.0013719946146,0.00468257069588,0.00425635278225,0.0044464468956,0.00207096338272,0.00238901376724,0.00568605959415,-0.000744268298149,0.00494179129601,0.00402651,True
373,data/1_2024/shard-000477.tar,3659503,END,mild,25,74,99,355,-24.5,0.000209525227547,0.000473275780678,0.000430971384048,0.00282897055149,0.000996872782707,0.00204569101334,0.00209584832191,-0.00109112262726,0.00100472569466,0.019221231,False
374,data/1_2024/shard-000477.tar,3665503,END,mild,31,74,105,361,-21.5,-0.000935077667236,-0.00256940722466,-0.00080968439579,0.000317826867104,0.00147275626659,0.0018989443779,-0.00278925895691,0.00133353471756,-0.00145572423935,0.00274758,True
375,data/1_2024/shard-000477.tar,3668503,END,mild,20,50,70,326,-15.0,0.000866182148457,0.00186620652676,0.00195813179016,0.000344544649124,-0.00092950463295,-0.00119981169701,0.00227407366037,0.000362232327461,0.00263630598783,0.01420252,False
376,data/1_2024/shard-000477.tar,3670503,END,mild,30,63,93,349,-16.5,9.4473361969e-06,-0.000378593802452,-0.000136509537697,0.000492677092552,-0.000847950577736,-0.000685378909111,0.000952586531639,7.95125961304e-05,0.00103209912777,0.006849997,True
377,data/1_2024/shard-000477.tar,3671503,START,mild,12,95,107,363,-41.5,0.00869764387608,0.0035525560379,0.00539116561413,0.00695288181305,0.00879469513893,0.00772878527641,-0.00698690116405,0.00290451943874,-0.00408238172531,0.001176953,True
378,data/1_2024/shard-000477.tar,3672375,END,mild,2,104,106,362,-51.0,0.00410860776901,0.00712975859642,0.00579857826233,0.0224341899157,0.0195753127337,0.0175101161003,0.00588002800941,0.000734016299248,0.00661404430866,0.004672099,True
379,data/1_2024/shard-000477.tar,3674503,START,mild,2,60,62,318,-29.0,0.00653388351202,0.00516132265329,0.00367901474237,0.00761379301548,0.00787594169378,0.00850450992584,-0.00163470953703,-0.00211087614298,-0.00374558568001,0.006876398,True
380,data/1_2024/shard-000477.tar,3682503,END,medium,0,145,145,401,-72.5,0.0123572647572,0.0126842707396,0.0150046348572,0.00782926380634,0.00604456663132,0.0052894949913,0.00211170315742,0.00307543575764,0.00518713891506,0.021558508,False
381,data/1_2024/shard-000477.tar,3698503,END,mild,4,58,62,318,-27.0,0.00535669177771,0.00248981267214,0.0016208961606,0.00586839020252,0.00360880792141,0.00495241582394,-0.000607296824455,-0.00221252441406,-0.00281982123852,0.007251933,True
382,data/1_2024/shard-000477.tar,3702503,START,mild,31,75,106,362,-22.0,0.00168300420046,0.0006163418293,0.00110200047493,-8.81999731064e-05,0.00325115025043,0.00396155565977,-0.0044060125947,-0.000224746763706,-0.00463075935841,0.012381792,False
383,data/1_2024/shard-000477.tar,3722375,END,mild,5,98,103,359,-46.5,-0.00386981666088,-0.00522813200951,-0.00278094410896,0.00211380422115,-0.000448033213615,-4.08440828323e-05,0.00120352208614,0.00203999876976,0.0032435208559,0.002418555,True
384,data/1_2024/shard-000477.tar,3762375,END,mild,17,89,106,362,-36.0,0.00109075009823,0.00133815407753,0.00142842531204,0.00805968046188,0.0150606334209,0.0155365169048,-0.00675354897976,-0.000385612249374,-0.00713916122913,0.011650436,False
385,data/1_2024/shard-000477.tar,3769503,START,strong,38,179,217,473,-70.5,-0.00925022363663,0.000435680150986,0.00151219964027,0.00666181743145,0.00119823217392,0.000916004180908,0.0151494890451,0.0013587474823,0.0165082365274,0.02972452,False
386,data/1_2024/shard-000477.tar,3771503,START,mild,8,73,81,337,-32.5,-0.000226683914661,-0.00024625658989,-0.000429026782513,0.000879913568497,0.00059375166893,0.00172038376331,0.000266589224339,-0.00130940228701,-0.00104281306267,0.003997646,True
387,data/1_2024/shard-000477.tar,3776503,END,mild,30,77,107,363,-23.5,-0.000803664326668,0.00265488028526,0.00264099240303,0.00307883322239,0.00348670780659,0.0031680315733,0.00305067002773,0.000304788351059,0.00335545837879,0.002500065,True
388,data/1_2024/shard-000477.tar,3807503,START,mild,17,85,102,358,-34.0,0.00113748013973,0.00152319669724,0.00162667036057,0.00856558978558,0.00869417190552,0.00708152353764,0.000257134437561,0.00171612203121,0.00197325646877,0.008299559,True
389,data/1_2024/shard-000477.tar,3809503,END,medium,21,107,128,384,-43.0,-0.00343607366085,-0.000588864088058,-8.94367694855e-05,0.013044282794,0.00783160328865,0.00547008961439,0.00805988907814,0.00286094099283,0.010920830071,0.015515037,False
390,data/1_2024/shard-000477.tar,3841503,END,medium,56,149,205,461,-46.5,-0.00151808559895,0.00176109373569,0.00280333310366,0.00407432764769,0.0010189935565,0.00103861093521,0.00633451342583,0.00102262198925,0.00735713541508,0.023728371,False
391,data/1_2024/shard-000477.tar,3843503,START,medium,27,115,142,398,-44.0,-0.00849168002605,-0.00400313735008,-0.00261238217354,0.00751528143883,0.0079832226038,0.00780457258224,0.004020601511,0.0015694051981,0.0055900067091,0.005088344,True
392,data/1_2024/shard-000477.tar,3848503,END,mild,2,105,107,363,-51.5,0.000302761793137,0.00206647068262,0.00144790112972,0.00832323729992,0.00644441694021,0.00590151548386,0.00364252924919,-7.56680965424e-05,0.00356686115265,0.028882153,False
393,data/1_2024/shard-000477.tar,3861503,END,mild,5,100,105,361,-47.5,-0.00422491878271,-0.00118640065193,0.000202856957912,0.0141784027219,0.0122459381819,0.0122198015451,0.00497098267078,0.00141539424658,0.00638637691736,0.001864932,True
394,data/1_2024/shard-000477.tar,3863503,END,mild,23,64,87,343,-20.5,0.00227569043636,0.00199010968208,0.00140911340714,0.000439330935478,9.24170017242e-05,7.34776258469e-05,6.13331794739e-05,-0.000562056899071,-0.000500723719597,0.005770274,True
395,data/1_2024/shard-000477.tar,3866375,END,medium,11,153,164,420,-71.0,-0.00195518136024,0.00210751593113,0.00211353600025,0.0112641751766,0.0078427195549,0.00791752338409,0.00748415291309,-6.87837600708e-05,0.00741536915302,0.005189009,True
396,data/1_2024/shard-000477.tar,3868375,END,mild,30,76,106,362,-23.0,-0.00154729187489,-0.0016917437315,-0.00199268758297,0.00160305202007,0.00106503814459,0.00191327184439,0.000393562018871,-0.00114917755127,-0.000755615532398,0.012503564,False
397,data/1_2024/shard-000477.tar,3872375,END,medium,34,95,129,385,-30.5,-0.00413364171982,-0.00598461925983,-0.00606590509415,0.0066516622901,0.00221858173609,0.00204546004534,0.00258210301399,9.18358564377e-05,0.00267393887043,0.019209139,False
398,data/1_2024/shard-000477.tar,3873503,END,mild,9,62,71,327,-26.5,0.000678300857544,0.000878512859344,-2.35810875893e-05,0.0017171651125,0.000317364931107,0.000728160142899,0.00160001218319,-0.00131288915873,0.000287123024464,0.007138044,True
399,data/1_2024/shard-000477.tar,3876503,END,medium,25,93,118,374,-34.0,-0.00288017094135,0.00291083008051,0.00153040140867,-0.000629000365734,-0.000220023095608,-2.41473317146e-05,0.00538202375174,-0.00157630443573,0.00380571931601,0.003500558,True
400,data/1_2024/shard-000477.tar,3889375,END,medium,53,156,209,465,-51.5,-0.00433310866356,0.000416792929173,0.00200223922729,0.00907615572214,0.00752963870764,0.0048129633069,0.00629641860723,0.00430212169886,0.0105985403061,0.030312512,False
401,data/1_2024/shard-000477.tar,3893375,START,mild,34,72,106,362,-19.0,-0.00166411697865,0.000396549701691,0.00125505030155,-0.000900879502296,-0.00172293186188,-0.000783622264862,0.00288271903992,-8.08089971542e-05,0.00280191004276,0.00439471,True
402,data/1_2024/shard-000477.tar,3895503,END,medium,46,120,166,422,-37.0,0.00041389465332,0.000798940658569,0.00118428468704,0.00150717794895,0.00618736445904,0.00413225591183,-0.00429514050484,0.00244045257568,-0.00185468792915,0.014859639,False
403,data/1_2024/shard-000477.tar,3897503,END,mild,16,52,68,324,-18.0,-3.55988740921e-05,-0.000442028045654,-0.000272125005722,-0.000463649630547,-7.69793987274e-05,2.46912240982e-05,-0.000793099403381,6.82324171066e-05,-0.000724866986275,0.002754681,True
404,data/1_2024/shard-000477.tar,3900503,END,mild,15,91,106,362,-38.0,0.000358380377293,-0.00207406282425,-0.000549785792828,0.0029232352972,0.000626243650913,-0.00239323079586,-0.000135451555252,0.0045437514782,0.00440829992294,0.00649111,True
405,data/1_2024/shard-000477.tar,3917503,START,mild,9,76,85,341,-33.5,0.00146424770355,0.0035288259387,0.00303103774786,0.0011882185936,0.00208649784327,0.0016368329525,0.00116629898548,-4.81233000755e-05,0.00111817568541,0.015607461,False
406,data/1_2024/shard-000477.tar,3922503,START,mild,1,110,111,367,-54.5,-0.00448670238256,0.00231456011534,0.00243389979005,0.00668765604496,0.00679519027472,0.00368931144476,0.00669372826815,0.00322521850467,0.00991894677281,0.008607343,False
407,data/1_2024/shard-000477.tar,3925503,END,medium,14,152,166,422,-69.0,-0.00546626001596,0.0056731402874,0.00656238943338,0.0252893194556,0.0250369608402,0.0231035351753,0.0113917589188,0.00282267481089,0.0142144337296,0.040494319,False
408,data/1_2024/shard-000477.tar,3928503,START,mild,2,104,106,362,-51.0,0.00174641609192,0.00364488363266,0.00332510471344,0.0069634616375,0.00483937561512,0.0038900822401,0.00402255356312,0.000629514455795,0.00465206801891,0.010910295,False
409,data/1_2024/shard-000477.tar,3949375,START,mild,15,70,85,341,-27.5,0.000297464430332,-0.000375650823116,-0.000160068273544,0.000374108552933,-0.000276409089565,-1.99005007744e-05,-2.25976109505e-05,-4.09260392189e-05,-6.35236501694e-05,0.016890548,False
410,data/1_2024/shard-000477.tar,3949503,END,mild,13,86,99,355,-36.5,-0.00152365863323,-1.20252370834e-05,-0.000125542283058,0.00289697945118,0.00241827964783,0.0026458054781,0.0019903331995,-0.000341042876244,0.00164929032326,0.003076047,True
411,data/1_2024/shard-000477.tar,3960375,END,mild,16,69,85,341,-26.5,0.00175179541111,0.00209809094667,0.0029584094882,-0.00267454236746,0.000548519194126,0.000159189105034,-0.00287676602602,0.00124964863062,-0.0016271173954,0.018199556,False
412,data/1_2024/shard-000477.tar,3960503,START,mild,27,79,106,362,-26.0,-6.28083944321e-05,0.00091315060854,0.00146631151438,0.00185053050518,0.0013211145997,0.00041276216507,0.00150537490845,0.00146151334047,0.00296688824892,0.004547596,True
413,data/1_2024/shard-000477.tar,3963503,START,medium,47,111,158,414,-32.0,0.00259916484356,-0.002545312047,-0.00259909033775,0.00159740447998,0.00104270875454,0.00122304260731,-0.00458978116512,-0.000234112143517,-0.00482389330864,0.00967405,False
414,data/1_2024/shard-000477.tar,3977503,START,mild,32,74,106,362,-21.0,0.00161378085613,0.0013277977705,0.00212717056274,0.00440049171448,0.00876924395561,0.0117195099592,-0.00465473532677,-0.00215089321136,-0.00680562853813,0.006781906,True
415,data/1_2024/shard-000477.tar,3982375,END,mild,12,69,81,337,-28.5,0.00188963115215,0.00346344709396,0.00353820621967,0.00263540446758,0.00583432614803,0.00402192771435,-0.00162510573864,0.00188715755939,0.000262051820755,0.000699647,True
416,data/1_2024/shard-000477.tar,3988375,END,mild,12,73,85,341,-30.5,0.000358536839485,0.00081454962492,0.00118540227413,0.000737689435482,0.00150482356548,0.00201205909252,-0.000311121344566,-0.000136382877827,-0.000447504222393,0.006001674,True
417,data/1_2024/shard-000477.tar,3995503,START,mild,24,83,107,363,-29.5,0.00107637047768,0.000884644687176,0.00110971927643,0.00685751438141,0.00312725454569,0.00379415601492,0.00353853404522,-0.000441826879978,0.00309670716524,0.024221666,False
418,data/1_2024/shard-000477.tar,4010503,END,mild,5,84,89,345,-39.5,-0.00873392820358,-0.00823260098696,-0.00311815738678,0.0110429599881,0.0159902796149,0.016288600862,-0.00444599241018,0.00481612235308,0.000370129942894,0.01794643,False
419,data/1_2024/shard-000477.tar,4011503,END,mild,5,80,85,341,-37.5,0.00337859243155,0.00321826338768,0.00390959531069,0.00719210505486,0.00583315640688,0.00546109676361,0.00119861960411,0.00106339156628,0.00226201117039,0.016717371,False
420,data/1_2024/shard-000477.tar,4019503,START,mild,2,100,102,358,-49.0,0.0049341917038,0.00494004786015,0.00632190704346,0.0108313262463,0.0137760639191,0.0143399834633,-0.00293888151646,0.000817939639091,-0.00212094187737,0.001268603,True
421,data/1_2024/shard-000477.tar,4021375,START,mild,29,77,106,362,-24.0,-0.00161422789097,0.00144325941801,0.000608295202255,0.000981584191322,0.00110238790512,0.00055068731308,0.00293668359518,-0.000283263623714,0.00265341997147,0.006124664,True
422,data/1_2024/shard-000477.tar,4023503,END,mild,18,88,106,362,-35.0,0.00695368647575,0.00605928897858,0.00614354014397,-0.00110296905041,0.00248658657074,0.00384652614594,-0.00448395311832,-0.00127568840981,-0.00575964152813,0.010792807,False
423,data/1_2024/shard-000477.tar,4033503,END,medium,3,120,123,379,-58.5,-0.00490786880255,0.00228037685156,0.00523007661104,0.00297386944294,0.00109976530075,0.000332742929459,0.0090623497963,0.00371672213078,0.0127790719271,0.024541207,False
424,data/1_2024/shard-000477.tar,4058375,END,medium,17,101,118,374,-42.0,0.00153031945229,0.00413480401039,0.0032065436244,0.00676377862692,0.00437568873167,0.00418121367693,0.00499257445335,-0.000733785331249,0.0042587891221,0.015142784,False
425,data/1_2024/shard-000477.tar,4074503,END,medium,43,95,138,394,-26.0,0.000277310609818,0.00225567817688,0.0022728741169,0.000833556056023,0.000311903655529,7.19726085663e-05,0.00250001996756,0.00025712698698,0.00275714695454,0.018655427,False
426,data/1_2024/shard-000477.tar,4093503,END,mild,31,79,110,366,-24.0,0.000531300902367,0.00161634385586,0.00192776322365,0.0198261141777,0.0200811773539,0.0209592878819,0.000829979777336,-0.000566691160202,0.000263288617134,0.001515925,True
427,data/1_2024/shard-000477.tar,4097503,START,mild,17,89,106,362,-36.0,0.00252462923527,0.00306622684002,0.00471433252096,0.00546107441187,0.00426279008389,0.00252123177052,0.00173988193274,0.00338966399431,0.00512954592705,0.008284703,True
428,data/1_2024/shard-000477.tar,4105503,END,medium,23,186,209,465,-81.5,-0.00090204179287,0.0353014320135,0.0360091328621,0.00769657641649,0.00356640666723,0.00517857819796,0.0403336435556,-0.000904470682144,0.0394291728735,0.012597919,False
429,data/1_2024/shard-000477.tar,4107503,START,medium,43,141,184,440,-49.0,0.000945568084717,0.00331107527018,0.00504186749458,0.0139051750302,0.00650573521852,0.00601257383823,0.00976494699717,0.0022239536047,0.0119889006019,0.00468144,True
430,data/1_2024/shard-000477.tar,4109503,START,medium,23,114,137,393,-45.5,0.000197842717171,-0.00274920463562,-0.00115393102169,0.00108751654625,-0.00176897644997,-0.00114527344704,-9.0554356575e-05,0.000971570611,0.000881016254425,0.02404175,False
431,data/1_2024/shard-000477.tar,4115375,START,strong,56,178,234,490,-61.0,-0.00635551661253,0.00229679793119,0.00120739638805,0.0244402810931,-0.000369846820831,0.00403159856796,0.0334624424577,-0.00549084693193,0.0279715955257,0.016721085,False
432,data/1_2024/shard-000477.tar,4116503,END,mild,23,83,106,362,-30.0,1.29193067551e-05,0.000866249203682,0.00081342458725,-0.00115859508514,-0.00118391215801,-0.00170657038689,0.000878646969795,0.000469833612442,0.00134848058224,0.006777383,True
433,data/1_2024/shard-000477.tar,4119503,START,mild,10,96,106,362,-43.0,0.00140598416328,0.00355838239193,0.00106702744961,0.0206067338586,0.0165886059403,0.0118028372526,0.00617052614689,0.0022944137454,0.00846493989229,0.005253166,True
434,data/1_2024/shard-000477.tar,4123503,END,mild,31,75,106,362,-22.0,-0.00274883210659,-0.00511758774519,-0.00418680906296,0.000549890100956,0.0014826208353,0.00167462229729,-0.00330148637295,0.000738777220249,-0.0025627091527,0.004449196,True
435,data/1_2024/shard-000477.tar,4131503,END,medium,15,132,147,403,-58.5,0.000909294933081,0.00625641271472,0.00752215459943,0.00492705032229,0.00644104555249,0.00714329257607,0.00383312255144,0.000563494861126,0.00439661741257,0.007646494,True
436,data/1_2024/shard-000477.tar,4135503,END,mild,4,81,85,341,-38.5,0.00070782750845,0.00197472423315,0.00342731922865,-4.39137220383e-05,-0.00060199201107,0.000508546829224,0.00182497501373,0.000342056155205,0.00216703116894,0.003090926,True
437,data/1_2024/shard-000477.tar,4145375,START,mild,22,83,105,361,-30.5,0.00177496671677,0.000604659318924,0.000102445483208,0.000656187534332,-0.000705108046532,-0.000614553689957,0.000190988183022,-0.000592768192291,-0.00040178000927,0.002779827,True
438,data/1_2024/shard-000477.tar,4154375,START,medium,23,105,128,384,-41.0,-0.000916227698326,0.00204356014729,0.00260150432587,0.000144802033901,0.00111043453217,0.00166123360395,0.00199415534735,7.14510679245e-06,0.00200130045414,0.016393717,False
439,data/1_2024/shard-000477.tar,4158375,END,mild,31,77,108,364,-23.0,0.00259424000978,0.00125868618488,0.000814281404018,-0.00198486447334,-0.00129552930593,0.000189639627934,-0.00202488899231,-0.00192957371473,-0.00395446270704,0.001182444,True
440,data/1_2024/shard-000477.tar,4163503,START,mild,26,80,106,362,-27.0,-0.000925287604332,-1.88946723938e-05,-0.000531390309334,0.000544808804989,-0.000426515936852,0.000339664518833,0.00187771767378,-0.00127867609262,0.000599041581154,0.006301932,True
441,data/1_2024/shard-000477.tar,4170503,START,mild,7,101,108,364,-47.0,-0.00144744664431,-0.00230145454407,-0.00294494628906,0.00713682174683,0.00622975081205,0.00507810711861,5.30630350113e-05,0.000508151948452,0.000561214983463,0.022787552,False
442,data/1_2024/shard-000477.tar,4185503,START,mild,14,92,106,362,-39.0,-0.00811433047056,-0.00851599872112,-0.00673637539148,0.00597520917654,0.00375778228045,0.00247143954039,0.00181575864553,0.0030659660697,0.00488172471523,0.005498514,True
443,data/1_2024/shard-000477.tar,4186503,START,mild,21,85,106,362,-32.0,0.00161795318127,0.00264245271683,0.00155419111252,0.00834405422211,0.00135840475559,0.00235441327095,0.00801014900208,-0.00208427011967,0.00592587888241,0.01104936,False
444,data/1_2024/shard-000477.tar,4200375,END,mild,14,93,107,363,-39.5,0.00316520035267,0.00147729367018,0.00140777975321,0.0030755251646,0.00281723588705,0.00357749313116,-0.00142961740494,-0.000829771161079,-0.00225938856602,0.009747669,False
445,data/1_2024/shard-000477.tar,4206375,END,medium,12,113,125,381,-50.5,0.00257460027933,0.0025145187974,0.00244072824717,0.00486192107201,0.00428659468889,0.00108215212822,0.00051524490118,0.00313065201044,0.00364589691162,0.025953509,False
446,data/1_2024/shard-000477.tar,4208503,START,mild,17,85,102,358,-34.0,0.0015436783433,0.00126157701015,0.00207427144051,0.00130326300859,-0.000463999807835,0.000271826982498,0.00148516148329,7.68676400185e-05,0.00156202912331,0.005737558,True
447,data/1_2024/shard-000477.tar,4213375,START,mild,13,46,59,315,-16.5,-0.00135987997055,-0.00207401812077,-0.000564739108086,0.00342589616776,0.00311449170113,0.00393482297659,-0.000402733683586,0.000688947737217,0.000286214053631,0.012553386,False
448,data/1_2024/shard-000477.tar,4222375,END,mild,17,88,105,361,-35.5,-0.00103974714875,-0.000579923391342,-2.32048332691e-05,0.00190727040172,0.00052884966135,0.000310845673084,0.00183824449778,0.000774722546339,0.00261296704412,0.015995346,False
449,data/1_2024/shard-000477.tar,4226503,END,medium,24,113,137,393,-44.5,-0.000783309340477,0.00751240551472,0.00855785608292,-0.000184088945389,0.00132977962494,0.000464528799057,0.00678184628487,0.00191070139408,0.00869254767895,0.005926646,True
450,data/1_2024/shard-000477.tar,4241375,START,mild,25,77,102,358,-26.0,0.00190410017967,0.00197028368711,0.00182411819696,0.000223122537136,-0.00190494954586,-0.00189881771803,0.00219425559044,-0.000152297317982,0.00204195827246,0.014978182,False
451,data/1_2024/shard-000477.tar,4257503,END,strong,69,152,221,477,-41.5,-0.00223423540592,-0.000453472137451,-0.000818349421024,2.55852937698e-05,0.000918939709663,0.00124470889568,0.000901989638805,-0.000685662031174,0.000216327607632,0.011976201,False
452,data/1_2024/shard-000477.tar,4266503,END,mild,15,70,85,341,-27.5,0.00273664295673,0.00150570273399,0.00232063233852,0.00366793572903,0.00173771381378,-0.00198146700859,0.000699281692505,0.0045341104269,0.00523339211941,0.00098826,True
453,data/1_2024/shard-000477.tar,4269375,START,mild,21,85,106,362,-32.0,0.00756428390741,0.00529336184263,0.00607755035162,0.00320018827915,0.00201044231653,0.00184620916843,-0.00108117610216,0.000948421657085,-0.000132754445076,0.013926335,False
454,data/1_2024/shard-000477.tar,4274375,END,mild,14,92,106,362,-39.0,0.000114604830742,0.0021111369133,0.00311104953289,0.0106145888567,0.00613710284233,0.007967248559,0.00647401809692,-0.000830233097076,0.00564378499985,0.022676937,False
455,data/1_2024/shard-000477.tar,4288503,START,mild,7,78,85,341,-35.5,0.000669583678246,-0.000463895499706,-0.000232607126236,0.00496836006641,0.0041179060936,0.00412172824144,-0.000283025205135,0.000227466225624,-5.55589795113e-05,0.010839604,False
456,data/1_2024/shard-000477.tar,4290375,END,mild,18,89,107,363,-35.5,-0.000761181116104,-0.000328063964844,-0.000634551048279,-0.000508278608322,0.00230003893375,0.00269983708858,-0.00237520039082,-0.000706285238266,-0.00308148562908,0.003335923,True
457,data/1_2024/shard-000477.tar,4292375,END,mild,17,89,106,362,-36.0,0.000777684152126,-0.000194750726223,-0.000397853553295,0.00112593173981,-0.000647947192192,0.00124624371529,0.00080144405365,-0.00209729373455,-0.0012958496809,0.007491879,True
458,data/1_2024/shard-000477.tar,4297503,END,mild,13,45,58,314,-16.0,-0.00720075890422,-0.00544491037726,-0.00621470063925,-0.00143786892295,0.00234635919333,0.00332330539823,-0.00202837958932,-0.00174673646688,-0.0037751160562,0.003522269,True
459,data/1_2024/shard-000477.tar,4328375,END,medium,15,110,125,381,-47.5,-0.000417433679104,-0.000291094183922,-0.000118613243103,0.0129876732826,0.0108058974147,0.0102254226804,0.00230811536312,0.000752955675125,0.00306107103825,0.000500873,True
460,data/1_2024/shard-000477.tar,4330375,END,mild,18,92,110,366,-37.0,-0.00205811858177,0.00130222737789,0.00117976218462,0.0306113064289,0.0119047909975,0.0173232853413,0.0220668613911,-0.00554095953703,0.016525901854,0.023883931,False
461,data/1_2024/shard-000477.tar,4331375,END,medium,25,164,189,445,-69.5,-0.00501722842455,0.00226540118456,0.00416947901249,0.0174993872643,0.0126465782523,0.0176618769765,0.012135438621,-0.00311122089624,0.0090242177248,0.00963854,False
462,data/1_2024/shard-000477.tar,4336375,END,medium,9,133,142,398,-62.0,-0.00496213138103,0.00329683721066,0.00254087895155,0.00672920048237,0.00226878374815,0.00287240743637,0.0127193853259,-0.00135958194733,0.0113598033786,0.009085745,False
463,data/1_2024/shard-000477.tar,4337503,END,mild,15,91,106,362,-38.0,0.00154885649681,0.00161653757095,-6.75171613693e-05,0.00249551236629,0.00800761580467,0.00881327688694,-0.00544442236423,-0.00248971581459,-0.00793413817883,0.006000161,True
464,data/1_2024/shard-000477.tar,4349503,START,mild,4,102,106,362,-49.0,0.000931918621063,-0.000123679637909,-0.00110309571028,0.00411630421877,0.00187056511641,0.00180877000093,0.00119014084339,-0.000917620956898,0.000272519886494,0.008262314,True
465,data/1_2024/shard-000477.tar,4357375,START,medium,25,135,160,416,-55.0,-0.000937648117542,0.0024885982275,0.00375465303659,0.0137207955122,0.0211672186852,0.0203075706959,-0.00402017682791,0.00212570279837,-0.00189447402954,0.020735092,False
466,data/1_2024/shard-000477.tar,4365375,END,mild,20,86,106,362,-33.0,-0.00027072429657,-0.000243902206421,0.000156044960022,0.00191824883223,0.00483271479607,0.00610502809286,-0.00293404608965,-0.00081417709589,-0.00374822318554,0.003213145,True
467,data/1_2024/shard-000477.tar,4375375,END,mild,13,64,77,333,-25.5,0.00377061590552,0.00677683204412,0.00446026772261,0.00114553421736,0.00414990633726,0.00425616651773,1.84401869774e-06,-0.00242282450199,-0.00242098048329,0.016919643,False
468,data/1_2024/shard-000477.tar,4377375,START,medium,31,97,128,384,-33.0,0.00136031210423,0.000959813594818,0.00016488134861,-4.09781932831e-06,0.00442799925804,0.00480382144451,-0.00483259558678,-0.00117075443268,-0.00600335001945,0.006213054,True
469,data/1_2024/shard-000477.tar,4399375,END,medium,28,100,128,384,-36.0,-0.00178503990173,0.000596091151237,0.00055268406868,0.0112372785807,0.00544056296349,0.00732138752937,0.00817784667015,-0.00192423164845,0.00625361502171,0.010618657,False
470,data/1_2024/shard-000477.tar,4400503,START,medium,21,95,116,372,-37.0,0.00175306200981,0.00232590734959,0.00253803282976,0.00513433665037,0.00443928688765,0.00539932399988,0.0012678951025,-0.000747911632061,0.00051998347044,0.005478114,True
471,data/1_2024/shard-000477.tar,4401503,START,mild,26,85,111,367,-29.5,6.75916671753e-05,0.00157125294209,0.00199317932129,0.000136584043503,-0.00102861225605,-0.00203020870686,0.00266885757446,0.00142352283001,0.00409238040447,0.010156423,False
472,data/1_2024/shard-000477.tar,4402503,END,medium,51,108,159,415,-28.5,0.00104524940252,0.000561133027077,0.00146731734276,0.0014560520649,-0.00057215988636,-0.00128200650215,0.00154409557581,0.00161603093147,0.00316012650728,0.012628078,False
473,data/1_2024/shard-000477.tar,4408503,END,medium,7,112,119,375,-52.5,-0.000426821410656,-0.000710234045982,-0.00131828337908,0.00196881592274,0.000579603016376,0.00101806223392,0.00110580027103,-0.00104650855064,5.92917203903e-05,0.01164335,False
474,data/1_2024/shard-000477.tar,4417375,START,mild,7,99,106,362,-46.0,0.00666216015816,0.00411728024483,0.00458210706711,0.00943140685558,0.0115459114313,0.0110853761435,-0.00465938448906,0.000925362110138,-0.00373402237892,0.001886681,True
475,data/1_2024/shard-000477.tar,4458503,START,mild,6,100,106,362,-47.0,0.00277170538902,0.00256828963757,0.00358907878399,-0.000500701367855,-0.000297978520393,0.000671483576298,-0.000406138598919,5.13270497322e-05,-0.000354811549187,0.017508611,False
476,data/1_2024/shard-000477.tar,4484375,END,medium,7,122,129,385,-57.5,-0.00330752879381,0.000219263136387,-0.000112615525723,0.00340962409973,0.0124414265156,0.0109826028347,-0.00550501048565,0.00112694501877,-0.00437806546688,0.005608171,True
477,data/1_2024/shard-000477.tar,4499503,START,mild,1,61,62,318,-30.0,0.00140565633774,0.00023926794529,0.00115385651588,0.00499182939529,0.00402353703976,0.00311121344566,-0.000198096036911,0.00182691216469,0.00162881612778,0.005723663,True
478,data/1_2024/shard-000477.tar,4554503,START,medium,17,174,191,447,-78.5,-0.00916622579098,-0.000244930386543,0.000273779034615,0.0179575607181,0.0111938491464,0.00758850574493,0.0156850069761,0.00412405282259,0.0198090597987,0.02175653,False
479,data/1_2024/shard-000477.tar,4647375,START,medium,4,195,199,455,-95.5,0.00471312552691,0.00862410664558,0.00627944618464,0.00114588439465,-0.00303129851818,-0.00283784419298,0.00808816403151,-0.00253811478615,0.00555004924536,0.019339077,False
480,data/1_2024/shard-000477.tar,4653375,START,medium,27,94,121,377,-33.5,-0.00196638703346,-0.00028657913208,-0.000248566269875,0.000880047678947,0.00142347812653,0.000820979475975,0.0011363774538,0.000640511512756,0.00177688896656,0.011531457,False
481,data/1_2024/shard-000477.tar,4656375,END,strong,67,185,252,508,-59.0,0.00109443813562,0.00375124812126,0.00426838546991,0.00613912194967,0.00208454579115,0.000467278063297,0.00671138614416,0.0021344050765,0.00884579122066,0.007938147,True
482,data/1_2024/shard-000477.tar,4659503,END,medium,2,123,125,381,-60.5,-0.00593157112598,-0.00150270015001,-0.00189606845379,0.0076597481966,0.0019856095314,0.000352881848812,0.0101030096412,0.00123935937881,0.01134236902,0.033435971,False
483,data/1_2024/shard-000477.tar,4667503,START,strong,91,212,303,559,-60.5,-0.004549510777,0.00406984984875,0.00308463722467,0.0140938311815,0.00574772804976,0.00848804041743,0.0169654637575,-0.00372552499175,0.0132399387658,0.001375377,True
484,data/1_2024/shard-000477.tar,4698503,START,medium,56,119,175,431,-31.5,-0.00332878530025,-0.00164191424847,-0.00273539125919,0.00187577307224,0.00223463773727,0.00171323120594,0.00132800638676,-0.000572070479393,0.000755935907364,0.003299169,True
485,data/1_2024/shard-000477.tar,4701375,START,medium,44,117,161,417,-36.5,0.00330580770969,0.00279498100281,0.0031371563673,0.00435192883015,0.00465106964111,0.00518175959587,-0.000809967517853,-0.000188514590263,-0.000998482108116,0.002413526,True
486,data/1_2024/shard-000477.tar,4762503,START,medium,39,143,182,438,-52.0,0.000716865062714,0.0100525915623,0.00909125804901,0.00712712109089,0.0081098228693,0.0101967453957,0.00835302472115,-0.00304825603962,0.00530476868153,0.00227496,True
487,data/1_2024/shard-000477.tar,4872375,START,medium,2,165,167,423,-81.5,-0.00732182711363,0.00742080062628,0.0112068876624,0.00508941337466,0.003561694175,0.00491864606738,0.0162703469396,0.00242913514376,0.0186994820833,0.023355491,False
488,data/1_2024/shard-000477.tar,4876503,END,medium,12,116,128,384,-52.0,-0.00388142466545,-0.00143979489803,-0.00156237185001,0.00436410307884,0.00321872532368,0.00340004265308,0.00359310209751,-0.000307112932205,0.00328598916531,0.039273508,False
489,data/1_2024/shard-000477.tar,4885375,START,medium,22,111,133,389,-44.5,-0.00154308974743,0.00151155143976,0.0008584856987,0.00461467728019,0.000905502587557,0.00100100040436,0.00676381587982,-0.000748563557863,0.00601525232196,0.014658995,False
490,data/1_2024/shard-000477.tar,4931375,START,medium,48,99,147,403,-25.5,0.0018303245306,0.00187447667122,0.00114384293556,-0.000354900956154,-0.00182519853115,-0.0012220069766,0.00151444971561,-0.0013338252902,0.000180624425411,0.005372562,True
491,data/1_2024/shard-000477.tar,4949503,START,medium,35,108,143,399,-36.5,-0.00297433137894,-0.00199107825756,-4.08291816711e-05,0.00569748878479,0.0100831389427,0.00286628305912,-0.00340239703655,0.00916710495949,0.00576470792294,0.019646779,False
492,data/1_2024/shard-000477.tar,4953503,END,medium,15,164,179,435,-74.5,0.000546887516975,0.0126005858183,0.0191607177258,0.00378109514713,0.00242237746716,0.00155027210712,0.0134124159813,0.00743223726749,0.0208446532488,0.002874464,True
493,data/1_2024/shard-000477.tar,4956375,START,medium,1,127,128,384,-63.0,0.00064443051815,0.00362507998943,0.00321644544601,0.0140931755304,0.0111864507198,0.0119393914938,0.00588737428188,-0.00116157531738,0.0047257989645,0.012193635,False
494,data/1_2024/shard-000477.tar,5055503,START,medium,61,139,200,456,-39.0,-0.00356169044971,3.67909669876e-05,0.000579640269279,0.0239541679621,0.0213905572891,0.020024895668,0.00616209208965,0.00190851092339,0.00807060301304,0.014721941,False
495,data/1_2024/shard-000477.tar,5103375,START,medium,21,137,158,414,-58.0,-0.00412540137768,0.00260312855244,0.00186742842197,0.00700737535954,-0.00117322802544,0.000825047492981,0.0149091333151,-0.00273397564888,0.0121751576662,0.012747973,False
496,data/1_2024/shard-000477.tar,5167503,START,medium,50,103,153,409,-26.5,0.00167508050799,0.00267010554671,0.00253649055958,3.9242208004e-05,-0.00138362497091,-0.000394519418478,0.00241789221764,-0.00112272053957,0.00129517167807,0.019585945,False
497,data/1_2024/shard-000477.tar,5172375,END,medium,27,158,185,441,-65.5,-0.00334503501654,0.000547677278519,0.00101380050182,0.00799890607595,0.0050363689661,0.00552649796009,0.00685524940491,-2.40057706833e-05,0.00683124363422,0.00841926,True
498,data/1_2024/shard-000477.tar,5186503,START,medium,8,120,128,384,-56.0,0.00225634872913,0.00360436737537,0.0044881850481,0.0159314870834,0.00489269196987,0.00690571963787,0.0123868137598,-0.00112920999527,0.0112576037645,0.006378293,True
499,data/1_2024/shard-000477.tar,5191375,END,medium,61,141,202,458,-40.0,0.0001011043787,0.00211979448795,0.00235238671303,0.00416343659163,0.00714676827192,0.00549110770226,-0.000964641571045,0.00188825279474,0.000923611223698,0.012210585,False
500,data/1_2024/shard-000477.tar,5199503,END,medium,33,89,122,378,-28.0,0.00139333307743,0.00226151943207,0.00111423432827,-0.00323405861855,-0.00270213186741,-0.0015209838748,0.0003362596035,-0.00232843309641,-0.00199217349291,0.005024001,True
501,data/1_2024/shard-000477.tar,5203503,START,medium,5,164,169,425,-79.5,0.00673757493496,0.013780221343,0.0157487094402,0.0048386156559,0.00866296887398,0.00963625311852,0.00321829319,0.000995203852654,0.00421349704266,0.003810957,True
502,data/1_2024/shard-000477.tar,5224503,START,medium,41,99,140,396,-29.0,0.00140483677387,0.00157913565636,0.0024836063385,0.004722610116,0.0102598071098,0.00938737392426,-0.00536289811134,0.00177690386772,-0.00358599424362,0.000130743,True
503,data/1_2024/shard-000477.tar,5287375,START,medium,8,115,123,379,-53.5,-0.00476378947496,-0.00100469589233,-0.00210390239954,0.0115222707391,0.00106532871723,0.00291869789362,0.0142160356045,-0.00295257568359,0.0112634599209,0.03242597,False
504,data/1_2024/shard-000477.tar,5295503,END,medium,48,158,206,462,-55.0,-0.002521045506,0.0026094019413,0.00242211669683,0.00484486669302,-0.00130922347307,0.00029581040144,0.0112845376134,-0.00179231911898,0.00949221849442,0.012219548,False
505,data/1_2024/shard-000477.tar,5317503,START,medium,11,114,125,381,-51.5,0.000632382929325,0.000810720026493,0.00202237069607,0.0171289369464,0.0214410796762,0.0227801501751,-0.00413380563259,-0.000127419829369,-0.00426122546196,0.016798504,False
506,data/1_2024/shard-000477.tar,5370503,END,medium,5,135,140,396,-65.0,-0.00426822900772,-0.000677570700645,0.000529482960701,0.0247807651758,0.0211367979646,0.0185186937451,0.00723462551832,0.00382515788078,0.0110597833991,0.012835864,False
507,data/1_2024/shard-000477.tar,5374503,END,medium,51,148,199,455,-48.5,0.00439111143351,0.00322705507278,0.00262805819511,0.00689681619406,-0.000480882823467,-0.000618062913418,0.0062136426568,-0.00046181678772,0.00575182586908,0.01247476,False
508,data/1_2024/shard-000477.tar,5378503,START,strong,85,179,264,520,-47.0,-0.00385014712811,-0.00180585682392,0.000681653618813,0.00746869295835,0.00048865377903,0.000341802835464,0.00902432948351,0.0026343613863,0.0116586908698,0.007625639,True
509,data/1_2024/shard-000477.tar,5388503,START,medium,47,139,186,442,-46.0,-0.00429860502481,-0.000339157879353,-0.00023441016674,0.00239211693406,-0.000651381909847,-0.00138938054442,0.00700294598937,0.000842746347189,0.00784569233656,0.010152407,False
510,data/1_2024/shard-000477.tar,5409503,START,medium,6,191,197,453,-92.5,-0.00419953465462,0.00273627787828,0.00226385891438,0.0294606983662,0.0218653008342,0.0279911756516,0.0145312100649,-0.00659829378128,0.00793291628361,0.005165361,True
511,data/1_2024/shard-000477.tar,5462375,START,medium,11,160,171,427,-74.5,0.0189435482025,0.0108762681484,0.0157449692488,0.00539109110832,0.00372676551342,0.00154208391905,-0.00640295445919,0.00705338269472,0.000650428235531,0.023808949,False
