checkpoint,prompt_id,variant,seed,point_id,cohort,point_type,x,y,zoom,estimated_tx,estimated_ty,estimated_scale,theta_deg,inlier_ratio,n_matches,matched_cos,direction_cos,x_sign_correct,y_sign_correct,response_strength,log_s_hat,log_s_exp,zoom_dir_ok,clip_content,png_sha256_16,noise_sha256_16
PRE,validation-fac64aa1d4574f386dec1fefcb2eaca0,0,7194567525573220312,coupled_z1.1_left_edge,TRAINING_COUPLED,shift,-0.2100000000000002,0.0,1.1,-0.032199466624651604,-0.009095706351615301,0.7448020899577276,4.140236033614132,0.9519230769230769,107,0.8964780569076538,0.9623418003287353,True,,0.1752639994560915,,,,0.9073566794386373,59b4f57a0c169212,566330d9c795f99b
MID,validation-fac64aa1d4574f386dec1fefcb2eaca0,0,7194567525573220312,coupled_z1.1_left_edge,TRAINING_COUPLED,shift,-0.2100000000000002,0.0,1.1,0.004477949913534063,0.011113067199253153,0.9949431811532432,0.3842949179191281,0.8316831683168316,118,0.9291612505912781,-0.37374393765058567,False,,0.06275935405321839,,,,0.949572083327541,419b1a1464a8245e,566330d9c795f99b
POST,validation-fac64aa1d4574f386dec1fefcb2eaca0,0,7194567525573220312,coupled_z1.1_left_edge,TRAINING_COUPLED,shift,-0.2100000000000002,0.0,1.1,-0.009324522795185669,0.0026900398548814486,0.989847864250222,-0.21980217031818858,0.9230769230769231,138,0.9451522827148438,0.9608160808879853,True,,0.05083463879941474,,,,0.9517841339101809,f251255b914f4fde,566330d9c795f99b
PRE,validation-fac64aa1d4574f386dec1fefcb2eaca0,0,7194567525573220312,coupled_z1.1_right_edge,TRAINING_COUPLED,shift,0.2100000000000002,0.0,1.1,0.08487589345933888,-0.029899709064496793,0.8039970588023546,-8.043345723900815,0.9454545454545454,114,0.9112153053283691,0.943187179717566,True,,0.47136774427499417,,,,0.9152265140540099,982a53d4e4424911,566330d9c795f99b
MID,validation-fac64aa1d4574f386dec1fefcb2eaca0,0,7194567525573220312,coupled_z1.1_right_edge,TRAINING_COUPLED,shift,0.2100000000000002,0.0,1.1,0.011142361822278152,-0.0026315211984668033,0.9890018345390655,-0.7128018197582655,0.863013698630137,163,0.9420546293258667,0.9732262038540046,True,,0.05997038730007489,,,,0.9572268102890701,8b0e237e50595a93,566330d9c795f99b
POST,validation-fac64aa1d4574f386dec1fefcb2eaca0,0,7194567525573220312,coupled_z1.1_right_edge,TRAINING_COUPLED,shift,0.2100000000000002,0.0,1.1,-0.006158952056428357,-0.003820521292732415,0.9999900197070786,-0.46825323506021693,0.8714285714285714,150,0.9398571848869324,-0.84978087583525,False,,0.037964113258501755,,,,0.9431267976751432,5b3be6fe5e187ee5,566330d9c795f99b
PRE,validation-fac64aa1d4574f386dec1fefcb2eaca0,0,7194567525573220312,coupled_z1.225_left_edge,TRAINING_COUPLED,shift,-0.5006250000000003,0.0,1.225,-0.057348443711323305,-0.03307497643539201,0.7022443752484901,6.483460666919001,0.9893617021276596,95,0.8778720498085022,0.8662553029883859,True,,0.16199413297387136,,,,0.8775038123122022,abb43eb3ad9c9e93,566330d9c795f99b
MID,validation-fac64aa1d4574f386dec1fefcb2eaca0,0,7194567525573220312,coupled_z1.225_left_edge,TRAINING_COUPLED,shift,-0.5006250000000003,0.0,1.225,-0.049343722779510574,0.017949132222503217,0.867107531030359,-2.0580931483775626,0.7821782178217822,113,0.9115554690361023,0.9397569608337019,True,,0.12848129819029253,,,,0.932860906889752,2232a834adc0c89a,566330d9c795f99b
POST,validation-fac64aa1d4574f386dec1fefcb2eaca0,0,7194567525573220312,coupled_z1.225_left_edge,TRAINING_COUPLED,shift,-0.5006250000000003,0.0,1.225,-0.05410932814162721,0.01711237544742185,0.7875993652206782,-3.320072181876874,0.9368421052631579,100,0.9073941111564636,0.9534549727504743,True,,0.13886586654487781,,,,0.8652305603018691,4289fe4898e98ed4,566330d9c795f99b
PRE,validation-fac64aa1d4574f386dec1fefcb2eaca0,0,7194567525573220312,coupled_z1.225_right_edge,TRAINING_COUPLED,shift,0.5006250000000003,0.0,1.225,0.03723255420495068,-0.01707000442489391,0.743844559795249,-5.520832411391432,1.0,96,0.9073408246040344,0.9090178054903507,True,,0.10022452244840127,,,,0.8965705633154486,679569d2d10ee891,566330d9c795f99b
MID,validation-fac64aa1d4574f386dec1fefcb2eaca0,0,7194567525573220312,coupled_z1.225_right_edge,TRAINING_COUPLED,shift,0.5006250000000003,0.0,1.225,0.08293015725136081,-0.028340519915272384,0.8681406266167347,-1.729634938304555,0.8461538461538461,114,0.915744960308075,0.9462699016464162,True,,0.21444751478535434,,,,0.9332233587760366,679adead0da3da24,566330d9c795f99b
POST,validation-fac64aa1d4574f386dec1fefcb2eaca0,0,7194567525573220312,coupled_z1.225_right_edge,TRAINING_COUPLED,shift,0.5006250000000003,0.0,1.225,0.036968403927389135,-0.0032159778513527887,0.9343051662482013,-3.933625313145368,0.8130841121495327,128,0.9175231456756592,0.9962374848687408,True,,0.09080115594528321,,,,0.892554879187645,8e1177eb5414810a,566330d9c795f99b
PRE,validation-fac64aa1d4574f386dec1fefcb2eaca0,0,7194567525573220312,coupled_z1.4142_left_edge,TRAINING_COUPLED,shift,-1.0000000000000004,0.0,1.4142135623730951,-0.14064265304008886,-0.0792071313574482,0.3072531029783087,25.23565166801986,1.0,73,0.8498449921607971,0.8713222408546494,True,,0.22827231769108952,,,,0.8228207124952619,7540d1bb13c65a74,566330d9c795f99b
MID,validation-fac64aa1d4574f386dec1fefcb2eaca0,0,7194567525573220312,coupled_z1.4142_left_edge,TRAINING_COUPLED,shift,-1.0000000000000004,0.0,1.4142135623730951,-0.028559747117636473,-0.06853659062931607,0.6261300091895209,6.535322148675055,1.0,83,0.8683567047119141,0.3846479110028221,True,,0.10500403240365386,,,,0.8296130692489279,4bbee74a92c18c01,566330d9c795f99b
POST,validation-fac64aa1d4574f386dec1fefcb2eaca0,0,7194567525573220312,coupled_z1.4142_left_edge,TRAINING_COUPLED,shift,-1.0000000000000004,0.0,1.4142135623730951,-0.17510396673064618,-0.06820817338451696,0.43425427025666385,0.3735389624588457,1.0,79,0.8696175813674927,0.9318028626638681,True,,0.2657583642381159,,,,0.813136816023967,3d18e82e5db874b1,566330d9c795f99b
PRE,validation-fac64aa1d4574f386dec1fefcb2eaca0,0,7194567525573220312,coupled_z1.4142_right_edge,TRAINING_COUPLED,shift,1.0000000000000004,0.0,1.4142135623730951,0.02627536701208981,-0.021261334196891198,0.6575497061185088,-15.544773843094319,1.0,78,0.872278094291687,0.7773779796168178,True,,0.04780040258098066,,,,0.8240959048262938,4414d334684ede82,566330d9c795f99b
MID,validation-fac64aa1d4574f386dec1fefcb2eaca0,0,7194567525573220312,coupled_z1.4142_right_edge,TRAINING_COUPLED,shift,1.0000000000000004,0.0,1.4142135623730951,0.06729326798863197,-0.07208593043534427,0.6295776375667738,-7.3994886731140745,1.0,87,0.8704245686531067,0.6823890599526208,True,,0.13946157379951743,,,,0.866881601027671,a0d8fde9b4f040da,566330d9c795f99b
POST,validation-fac64aa1d4574f386dec1fefcb2eaca0,0,7194567525573220312,coupled_z1.4142_right_edge,TRAINING_COUPLED,shift,1.0000000000000004,0.0,1.4142135623730951,0.15965809662198055,-0.08355842395550139,0.7348650984510562,-7.9988243956156255,1.0,86,0.880768358707428,0.88599572575027,True,,0.25484394452637466,,,,0.881341211874868,33d1ec4234bcd7f3,566330d9c795f99b
PRE,validation-fac64aa1d4574f386dec1fefcb2eaca0,0,7194567525573220312,coupled_z1.5_left_edge,TRAINING_COUPLED,shift,-1.25,0.0,1.5,-0.22722900146686786,0.045303498161100325,0.5858260771290248,17.122792589751352,1.0,67,0.8638870120048523,0.9806986060121022,True,,0.2780413881361878,,,,0.820400476454868,d5cc54a8395d6ba7,566330d9c795f99b
MID,validation-fac64aa1d4574f386dec1fefcb2eaca0,0,7194567525573220312,coupled_z1.5_left_edge,TRAINING_COUPLED,shift,-1.25,0.0,1.5,-0.017140649265320766,-0.07617672287925245,0.5964581129437294,-21.65692138631016,1.0,85,0.8755638599395752,0.21952300300540362,True,,0.09369760269525147,,,,0.8066779259839292,f78ac69c4c57f09a,566330d9c795f99b
POST,validation-fac64aa1d4574f386dec1fefcb2eaca0,0,7194567525573220312,coupled_z1.5_left_edge,TRAINING_COUPLED,shift,-1.25,0.0,1.5,-0.11958185247306742,-0.08390589671784715,0.5164768291954053,-4.361707710725806,1.0,83,0.876879870891571,0.8185927173032561,True,,0.17529868020233283,,,,0.8118245489484626,91e6893630d24ad9,566330d9c795f99b
PRE,validation-fac64aa1d4574f386dec1fefcb2eaca0,0,7194567525573220312,coupled_z1.5_right_edge,TRAINING_COUPLED,shift,1.25,0.0,1.5,-0.018017811561296875,-0.056462772708682954,0.6903459807210698,-7.24184761387577,1.0,87,0.8624165058135986,-0.30400614416801625,False,,0.0711215029297859,,,,0.7927547693244635,2723463a6701b232,566330d9c795f99b
MID,validation-fac64aa1d4574f386dec1fefcb2eaca0,0,7194567525573220312,coupled_z1.5_right_edge,TRAINING_COUPLED,shift,1.25,0.0,1.5,0.09508013086171757,-0.15757342688028397,0.654736316284839,-32.96015512455292,1.0,74,0.861628532409668,0.5166359622318624,True,,0.2208443960045345,,,,0.8369336031031348,2b4e5ec92878af41,566330d9c795f99b
POST,validation-fac64aa1d4574f386dec1fefcb2eaca0,0,7194567525573220312,coupled_z1.5_right_edge,TRAINING_COUPLED,shift,1.25,0.0,1.5,0.08517498961205756,-0.05452536546670191,0.6528372145901236,-20.077340447359678,1.0,83,0.8708368539810181,0.8422113619934333,True,,0.12135906987924631,,,,0.834049880503774,e3004652fdd11aad,566330d9c795f99b
PRE,validation-fac64aa1d4574f386dec1fefcb2eaca0,0,7194567525573220312,legacy_center_z1,EXTRAPOLATION,identity,0.0,0.0,1.0,0.0,0.0,1.0,0.0,1.0,256,1.0,,,,,,,,1.0,e26a158647c00a88,566330d9c795f99b
MID,validation-fac64aa1d4574f386dec1fefcb2eaca0,0,7194567525573220312,legacy_center_z1,EXTRAPOLATION,identity,0.0,0.0,1.0,0.0,0.0,1.0,0.0,1.0,256,1.0,,,,,,,,1.0,d8d0195c8340e445,566330d9c795f99b
POST,validation-fac64aa1d4574f386dec1fefcb2eaca0,0,7194567525573220312,legacy_center_z1,EXTRAPOLATION,identity,0.0,0.0,1.0,0.0,0.0,1.0,0.0,1.0,256,1.0,,,,,,,,1.0,5783dffb81657254,566330d9c795f99b
PRE,validation-fac64aa1d4574f386dec1fefcb2eaca0,0,7194567525573220312,coupled_z1.1_center,TRAINING_COUPLED,zoom,0.0,0.0,1.1,-0.014222207055728617,-0.028626670554804133,0.8672991162340619,0.5761670393974107,0.8256880733944955,121,0.9081314206123352,,,,1.4937686674164812,-0.14237136027753167,-0.09531017980432493,True,0.9366288147338093,2f327ea640a5a3e2,566330d9c795f99b
MID,validation-fac64aa1d4574f386dec1fefcb2eaca0,0,7194567525573220312,coupled_z1.1_center,TRAINING_COUPLED,zoom,0.0,0.0,1.1,-0.00795022524997245,0.00032414020437313007,0.9628424054150618,-1.667030302081093,0.898989898989899,118,0.9243337512016296,,,,0.39728736505085754,-0.03786553019698371,-0.09531017980432493,True,0.9467348424624776,2d2a36f67944599f,566330d9c795f99b
POST,validation-fac64aa1d4574f386dec1fefcb2eaca0,0,7194567525573220312,coupled_z1.1_center,TRAINING_COUPLED,zoom,0.0,0.0,1.1,-0.005150148384207132,-0.024011537234608207,0.7759277600898226,-0.6552888713866991,0.9456521739130435,95,0.8944454193115234,,,,2.6617918077681773,-0.2536958558000641,-0.09531017980432493,True,0.9124471545210296,ac7ed216629ef795,566330d9c795f99b
PRE,validation-fac64aa1d4574f386dec1fefcb2eaca0,0,7194567525573220312,coupled_z1.225_center,TRAINING_COUPLED,zoom,0.0,0.0,1.225,-0.04185457875808243,-0.13158130715078242,0.6743082830564573,0.8940436399831877,0.9775280898876404,91,0.8762873411178589,,,,1.9417869346686494,-0.394067879383402,-0.20294084399669038,True,0.9217079281797728,fb91917adeeb2f79,566330d9c795f99b
MID,validation-fac64aa1d4574f386dec1fefcb2eaca0,0,7194567525573220312,coupled_z1.225_center,TRAINING_COUPLED,zoom,0.0,0.0,1.225,0.0019805658396218895,-0.009154156236261854,0.9794378220693571,0.026036047174730882,0.860655737704918,136,0.9375038146972656,,,,0.10237723692600662,-0.020776522867812917,-0.20294084399669038,True,0.9576127478605169,68d9aa44b49ac717,566330d9c795f99b
POST,validation-fac64aa1d4574f386dec1fefcb2eaca0,0,7194567525573220312,coupled_z1.225_center,TRAINING_COUPLED,zoom,0.0,0.0,1.225,-0.012320192906728367,0.04709291006585974,0.7591174336525677,-9.401500913170217,0.912621359223301,112,0.9160794615745544,,,,1.3580252579133874,-0.27559879200976595,-0.20294084399669038,True,0.906308531760263,3dbc44e05404f70b,566330d9c795f99b
PRE,validation-fac64aa1d4574f386dec1fefcb2eaca0,0,7194567525573220312,coupled_z1.4142_center,TRAINING_COUPLED,zoom,0.0,0.0,1.4142135623730951,-0.03178170845300006,-0.035313494527672115,0.6370647406687655,2.743212628590419,1.0,81,0.8414491415023804,,,,1.3009762068343471,-0.4508839948714,-0.3465735902799727,True,0.8873867988577551,d6ca6881be375d09,566330d9c795f99b
MID,validation-fac64aa1d4574f386dec1fefcb2eaca0,0,7194567525573220312,coupled_z1.4142_center,TRAINING_COUPLED,zoom,0.0,0.0,1.4142135623730951,0.03318357979518045,0.007796295494403201,0.6046828065078249,-13.117846360994402,1.0,106,0.8986303806304932,,,,1.4514990735306854,-0.5030512452015837,-0.3465735902799727,True,0.9245549946483659,74ee312eb408d483,566330d9c795f99b
POST,validation-fac64aa1d4574f386dec1fefcb2eaca0,0,7194567525573220312,coupled_z1.4142_center,TRAINING_COUPLED,zoom,0.0,0.0,1.4142135623730951,0.019897095781817056,0.04478365806098534,0.6383903871144809,8.415909878250485,1.0,93,0.8873194456100464,,,,1.2949783345448154,-0.44880529073797626,-0.3465735902799727,True,0.7984695910487292,6725d851d806def5,566330d9c795f99b
PRE,validation-fac64aa1d4574f386dec1fefcb2eaca0,0,7194567525573220312,coupled_z1.5_center,TRAINING_COUPLED,zoom,0.0,0.0,1.5,0.09659863714921221,-0.007032951383775972,0.7005906495857306,-5.216550109168805,1.0,81,0.8414201140403748,,,,0.8775884964875413,-0.3558315146028024,-0.4054651081081644,True,0.8983477950087146,bd467437cf659c6f,566330d9c795f99b
MID,validation-fac64aa1d4574f386dec1fefcb2eaca0,0,7194567525573220312,coupled_z1.5_center,TRAINING_COUPLED,zoom,0.0,0.0,1.5,0.03362199578146816,0.016737192151154157,0.6588143479144879,9.231523945329318,1.0,81,0.8771628737449646,,,,1.029221735010983,-0.4173135020535007,-0.4054651081081644,True,0.9071516935310646,115fdc6ce1993ce5,566330d9c795f99b
POST,validation-fac64aa1d4574f386dec1fefcb2eaca0,0,7194567525573220312,coupled_z1.5_center,TRAINING_COUPLED,zoom,0.0,0.0,1.5,0.115948339756893,-0.07213356535945648,0.5818848225028785,12.740684594732997,1.0,91,0.8731744885444641,,,,1.3354607819189364,-0.5414827503149753,-0.4054651081081644,True,0.8838839461725424,fc7971b7b4ee4909,566330d9c795f99b
PRE,validation-fac64aa1d4574f386dec1fefcb2eaca0,1,469793499631522492,coupled_z1.1_left_edge,TRAINING_COUPLED,shift,-0.2100000000000002,0.0,1.1,-0.07238385438642583,-0.04341744220914838,0.5660666052913897,13.23832057561848,1.0,95,0.9044239521026611,0.8575601893566899,True,,0.44213050892371025,,,,0.8678324222556019,0a64dd7766befb3e,1945eded39721dcf
MID,validation-fac64aa1d4574f386dec1fefcb2eaca0,1,469793499631522492,coupled_z1.1_left_edge,TRAINING_COUPLED,shift,-0.2100000000000002,0.0,1.1,-0.08029734498818555,-0.00499904079198293,0.9140891925941176,-1.2139975290587126,0.88,114,0.930649995803833,0.9980676722577979,True,,0.42141946090232574,,,,0.8707481622687214,6c6df710cb52b766,1945eded39721dcf
POST,validation-fac64aa1d4574f386dec1fefcb2eaca0,1,469793499631522492,coupled_z1.1_left_edge,TRAINING_COUPLED,shift,-0.2100000000000002,0.0,1.1,-0.06213723096322424,-0.004011042044917815,0.9197247899708055,-1.0745714681558471,0.865979381443299,108,0.9246110320091248,0.9979230501712674,True,,0.3261581476985101,,,,0.8654038906088757,64a9e28b20769c88,1945eded39721dcf
PRE,validation-fac64aa1d4574f386dec1fefcb2eaca0,1,469793499631522492,coupled_z1.1_right_edge,TRAINING_COUPLED,shift,0.2100000000000002,0.0,1.1,0.03413039856813005,-0.01635115293424866,0.5653041349706123,2.405330952901705,0.9868421052631579,77,0.9065707325935364,0.9018468802519598,True,,0.19823573391895793,,,,0.8694080114355929,e4c336dc00ed7c49,1945eded39721dcf
MID,validation-fac64aa1d4574f386dec1fefcb2eaca0,1,469793499631522492,coupled_z1.1_right_edge,TRAINING_COUPLED,shift,0.2100000000000002,0.0,1.1,0.009930130023138188,-0.014380127897584763,0.679003071789701,-2.0374339325206785,1.0,87,0.8933286070823669,0.5682292363433317,True,,0.0915387020685568,,,,0.8724672718317887,08b798226f99e2b2,1945eded39721dcf
POST,validation-fac64aa1d4574f386dec1fefcb2eaca0,1,469793499631522492,coupled_z1.1_right_edge,TRAINING_COUPLED,shift,0.2100000000000002,0.0,1.1,-0.01681171760144481,0.02620160508630876,0.6394235160361159,-17.07246989803071,1.0,86,0.8920791149139404,-0.5400261657599204,False,,0.16306872422300797,,,,0.8874343566548507,62088f27810d748e,1945eded39721dcf
PRE,validation-fac64aa1d4574f386dec1fefcb2eaca0,1,469793499631522492,coupled_z1.225_left_edge,TRAINING_COUPLED,shift,-0.5006250000000003,0.0,1.225,-0.1343161634619016,-0.09567850575347082,0.6484385717757885,-1.1384948323185353,0.9880952380952381,87,0.8824942708015442,0.8144831125221239,True,,0.40352435269723796,,,,0.8428246285206371,d79304e3069f0ad7,1945eded39721dcf
MID,validation-fac64aa1d4574f386dec1fefcb2eaca0,1,469793499631522492,coupled_z1.225_left_edge,TRAINING_COUPLED,shift,-0.5006250000000003,0.0,1.225,-0.058212687276645324,-0.008399110725412114,0.6914561543759566,7.618015991660979,1.0,91,0.8805100321769714,0.9897509304635341,True,,0.1439180561998498,,,,0.8231764330364837,5a42db49ad7fce8f,1945eded39721dcf
POST,validation-fac64aa1d4574f386dec1fefcb2eaca0,1,469793499631522492,coupled_z1.225_left_edge,TRAINING_COUPLED,shift,-0.5006250000000003,0.0,1.225,-0.08553050266765115,-0.051370434331295414,0.690639432583395,3.3724656473822856,1.0,82,0.8747678399085999,0.8572623159485507,True,,0.24413545012451346,,,,0.8261213302604042,b6d9de2078c86314,1945eded39721dcf
PRE,validation-fac64aa1d4574f386dec1fefcb2eaca0,1,469793499631522492,coupled_z1.225_right_edge,TRAINING_COUPLED,shift,0.5006250000000003,0.0,1.225,0.05408902577073421,-0.03909884235102673,0.6613187246309516,5.335179952026728,1.0,76,0.8887704610824585,0.8104334743814475,True,,0.16331096441208856,,,,0.8904909426257612,a17acdd64230231a,1945eded39721dcf
MID,validation-fac64aa1d4574f386dec1fefcb2eaca0,1,469793499631522492,coupled_z1.225_right_edge,TRAINING_COUPLED,shift,0.5006250000000003,0.0,1.225,0.02780483928916895,-0.02864950391067627,0.6946218894115045,-1.1433240923915626,1.0,99,0.9144567847251892,0.6964491666601114,True,,0.09769099239182645,,,,0.8597764372817024,7ea05b53a2b7ac6a,1945eded39721dcf
POST,validation-fac64aa1d4574f386dec1fefcb2eaca0,1,469793499631522492,coupled_z1.225_right_edge,TRAINING_COUPLED,shift,0.5006250000000003,0.0,1.225,-0.011079688223338532,-0.03092128716180262,0.7179027765814908,2.913346160733158,1.0,96,0.9052483439445496,-0.3373182692971377,False,,0.0803731947811384,,,,0.8657386302939339,631c2117e0641aba,1945eded39721dcf
PRE,validation-fac64aa1d4574f386dec1fefcb2eaca0,1,469793499631522492,coupled_z1.4142_left_edge,TRAINING_COUPLED,shift,-1.0000000000000004,0.0,1.4142135623730951,-0.1325837871422828,-0.10778952401837164,0.6384516201167121,3.076398887948373,0.9885057471264368,89,0.8658750057220459,0.7759272282282419,True,,0.24164867928915834,,,,0.8176938295356202,86a842142129e939,1945eded39721dcf
MID,validation-fac64aa1d4574f386dec1fefcb2eaca0,1,469793499631522492,coupled_z1.4142_left_edge,TRAINING_COUPLED,shift,-1.0000000000000004,0.0,1.4142135623730951,-0.10477471089777442,-0.03050962981861765,0.7907787502202465,5.792660125493329,1.0,83,0.8860906362533569,0.960122232905346,True,,0.1543280762232283,,,,0.8131347894660447,22a91195ff2d1ad1,1945eded39721dcf
POST,validation-fac64aa1d4574f386dec1fefcb2eaca0,1,469793499631522492,coupled_z1.4142_left_edge,TRAINING_COUPLED,shift,-1.0000000000000004,0.0,1.4142135623730951,-0.034003175996694904,-0.0368176771328238,0.7721609877772251,5.70754279220978,0.975,82,0.8884446620941162,0.6784699925237241,True,,0.07087675680107072,,,,0.8014605045310588,85408776c1c1cec5,1945eded39721dcf
PRE,validation-fac64aa1d4574f386dec1fefcb2eaca0,1,469793499631522492,coupled_z1.4142_right_edge,TRAINING_COUPLED,shift,1.0000000000000004,0.0,1.4142135623730951,0.05164819471954541,-0.11161572044302999,0.6126074001009099,-0.17033577057560098,1.0,76,0.8621475100517273,0.4199511430533669,True,,0.17392875016974443,,,,0.8561566643519584,b7b7952abae12aa2,1945eded39721dcf
MID,validation-fac64aa1d4574f386dec1fefcb2eaca0,1,469793499631522492,coupled_z1.4142_right_edge,TRAINING_COUPLED,shift,1.0000000000000004,0.0,1.4142135623730951,-0.0347927496365405,-0.062399656413099185,0.6666743718663367,7.578887303980013,1.0,90,0.886879563331604,-0.4869929507733098,False,,0.10103714710683209,,,,0.8214359879485499,218e97d65464471f,1945eded39721dcf
POST,validation-fac64aa1d4574f386dec1fefcb2eaca0,1,469793499631522492,coupled_z1.4142_right_edge,TRAINING_COUPLED,shift,1.0000000000000004,0.0,1.4142135623730951,0.06505085068579286,-0.15839114587545888,0.6582061027441075,3.0679717838932428,1.0,89,0.8848198652267456,0.379905583150806,True,,0.24215436509254254,,,,0.8710396289816729,7fbfe74ca0bc021b,1945eded39721dcf
PRE,validation-fac64aa1d4574f386dec1fefcb2eaca0,1,469793499631522492,coupled_z1.5_left_edge,TRAINING_COUPLED,shift,-1.25,0.0,1.5,-0.1321683376783193,-0.08401546056258383,0.6202670390009024,-1.2518119976766726,0.9875,81,0.8752193450927734,0.8439264881053262,True,,0.18793343667745332,,,,0.7874721758043148,d0f501f0e8c09523,1945eded39721dcf
MID,validation-fac64aa1d4574f386dec1fefcb2eaca0,1,469793499631522492,coupled_z1.5_left_edge,TRAINING_COUPLED,shift,-1.25,0.0,1.5,-0.07345646081525335,-0.0449499603354684,0.7770524626032873,5.888277188037001,0.975,83,0.8809691071510315,0.8529721953962635,True,,0.10334188318544793,,,,0.8014372587195965,11da7cc2b6cbdc9a,1945eded39721dcf
POST,validation-fac64aa1d4574f386dec1fefcb2eaca0,1,469793499631522492,coupled_z1.5_left_edge,TRAINING_COUPLED,shift,-1.25,0.0,1.5,-0.07378081722822799,-0.06812954335139532,0.8257460720316842,-1.2612797427423266,0.9550561797752809,92,0.8834812045097351,0.7346834615287999,True,,0.12051037665742384,,,,0.7918106317512222,fecdd7f97f44f534,1945eded39721dcf
PRE,validation-fac64aa1d4574f386dec1fefcb2eaca0,1,469793499631522492,coupled_z1.5_right_edge,TRAINING_COUPLED,shift,1.25,0.0,1.5,0.06766415568722225,-0.11240474195057301,0.5589662924075053,-5.736872977126421,1.0,77,0.8559862375259399,0.5157355308781733,True,,0.1574391950185498,,,,0.8322852749986238,5ffdc1b962188a6b,1945eded39721dcf
MID,validation-fac64aa1d4574f386dec1fefcb2eaca0,1,469793499631522492,coupled_z1.5_right_edge,TRAINING_COUPLED,shift,1.25,0.0,1.5,-0.012102243241968206,-0.06582151955465396,0.7219006520204942,-0.99228947044371,0.9887640449438202,91,0.8800854682922363,-0.18083330253177965,False,,0.08030983058305441,,,,0.8237902522078858,cbbf1664067ad7cf,1945eded39721dcf
POST,validation-fac64aa1d4574f386dec1fefcb2eaca0,1,469793499631522492,coupled_z1.5_right_edge,TRAINING_COUPLED,shift,1.25,0.0,1.5,0.08999231762714884,-0.09387943128173155,0.6122298893345782,0.42877384696994947,1.0,85,0.8801170587539673,0.6920036783372082,True,,0.15605521261255348,,,,0.8406887555524499,5aa3a39918d1a0ef,1945eded39721dcf
PRE,validation-fac64aa1d4574f386dec1fefcb2eaca0,1,469793499631522492,legacy_center_z1,EXTRAPOLATION,identity,0.0,0.0,1.0,0.0,0.0,1.0,0.0,1.0,256,1.0,,,,,,,,1.0,f8199c95309b1cc9,1945eded39721dcf
MID,validation-fac64aa1d4574f386dec1fefcb2eaca0,1,469793499631522492,legacy_center_z1,EXTRAPOLATION,identity,0.0,0.0,1.0,0.0,0.0,1.0,0.0,1.0,256,1.0,,,,,,,,1.0,f0be7ebd1fd6bee3,1945eded39721dcf
POST,validation-fac64aa1d4574f386dec1fefcb2eaca0,1,469793499631522492,legacy_center_z1,EXTRAPOLATION,identity,0.0,0.0,1.0,0.0,0.0,1.0,0.0,1.0,256,1.0,,,,,,,,1.0,fa4a2e9a49e344bd,1945eded39721dcf
PRE,validation-fac64aa1d4574f386dec1fefcb2eaca0,1,469793499631522492,coupled_z1.1_center,TRAINING_COUPLED,zoom,0.0,0.0,1.1,-0.002829375082924218,0.0011279204409760102,0.9965964044138339,-0.09687433383347549,0.9513888888888888,158,0.9454600811004639,,,,0.03577163531961263,-0.00340940099420702,-0.09531017980432493,True,0.9466073481197039,1d21c0132a7de392,1945eded39721dcf
MID,validation-fac64aa1d4574f386dec1fefcb2eaca0,1,469793499631522492,coupled_z1.1_center,TRAINING_COUPLED,zoom,0.0,0.0,1.1,-0.031344342168490115,-0.005188819266955903,0.916581149205812,-3.012564420003715,0.8319327731092437,130,0.9343339204788208,,,,0.9139073422784931,-0.08710467311705591,-0.09531017980432493,True,0.9300531744947669,7f390ee92fdb50f3,1945eded39721dcf
POST,validation-fac64aa1d4574f386dec1fefcb2eaca0,1,469793499631522492,coupled_z1.1_center,TRAINING_COUPLED,zoom,0.0,0.0,1.1,0.01750509998339536,-0.011760205897004073,0.9613687927886825,0.38693767067636403,0.8679245283018868,120,0.9286110401153564,,,,0.41335756898201886,-0.039397184223154864,-0.09531017980432493,True,0.9087184667578192,278634cc77d2dd84,1945eded39721dcf
PRE,validation-fac64aa1d4574f386dec1fefcb2eaca0,1,469793499631522492,coupled_z1.225_center,TRAINING_COUPLED,zoom,0.0,0.0,1.225,0.08417661518243785,0.0601156218086243,0.6598781038723536,-4.91357254362715,0.9873417721518988,82,0.8991959095001221,,,,2.0483809169949136,-0.41570015212166234,-0.20294084399669038,True,0.8841949105253913,3b3b44496e0a4ec6,1945eded39721dcf
MID,validation-fac64aa1d4574f386dec1fefcb2eaca0,1,469793499631522492,coupled_z1.225_center,TRAINING_COUPLED,zoom,0.0,0.0,1.225,-0.0037453684623294965,-0.0698950801666153,0.6564831253544037,-1.045108809664363,1.0,101,0.9163576364517212,,,,2.073797867570661,-0.4208582895233267,-0.20294084399669038,True,0.9007232189169458,f14cc920d1edff05,1945eded39721dcf
POST,validation-fac64aa1d4574f386dec1fefcb2eaca0,1,469793499631522492,coupled_z1.225_center,TRAINING_COUPLED,zoom,0.0,0.0,1.225,0.014562757906934586,-0.0386755359377972,0.5450913681053549,1.0479312980030757,1.0,102,0.9143388271331787,,,,2.990043002286883,-0.6068018504704981,-0.20294084399669038,True,0.8863810829142459,a5ee6929f3144256,1945eded39721dcf
PRE,validation-fac64aa1d4574f386dec1fefcb2eaca0,1,469793499631522492,coupled_z1.4142_center,TRAINING_COUPLED,zoom,0.0,0.0,1.4142135623730951,0.09770641074478674,0.024416618537952045,0.4899485892389216,-23.738814120394462,1.0,62,0.8595958352088928,,,,2.0585954420997927,-0.7134548133025128,-0.3465735902799727,True,0.8504971861830789,f398e07a9761ac37,1945eded39721dcf
MID,validation-fac64aa1d4574f386dec1fefcb2eaca0,1,469793499631522492,coupled_z1.4142_center,TRAINING_COUPLED,zoom,0.0,0.0,1.4142135623730951,-0.030492732388774042,0.0027687807762188654,0.6232324293391849,11.393967323431191,1.0,99,0.9241185188293457,,,,1.3643155803902725,-0.4728357489707614,-0.3465735902799727,True,0.8939313292494416,41976cc602e0cde7,1945eded39721dcf
POST,validation-fac64aa1d4574f386dec1fefcb2eaca0,1,469793499631522492,coupled_z1.4142_center,TRAINING_COUPLED,zoom,0.0,0.0,1.4142135623730951,-0.03517977048237603,0.026723672563877088,0.7759391340327043,5.123401453128722,0.9560439560439561,98,0.9216735363006592,,,,0.7319692109115385,-0.2536811974000105,-0.3465735902799727,True,0.8732172175170522,148dded01bf249c8,1945eded39721dcf
PRE,validation-fac64aa1d4574f386dec1fefcb2eaca0,1,469793499631522492,coupled_z1.5_center,TRAINING_COUPLED,zoom,0.0,0.0,1.5,-0.0844706764439778,-0.03510847286293517,0.38084900980770103,-3.518473051975588,1.0,69,0.8499549031257629,,,,2.3808516758061433,-0.9653522821202422,-0.4054651081081644,True,0.8086687922469635,03413b23f3d42d98,1945eded39721dcf
MID,validation-fac64aa1d4574f386dec1fefcb2eaca0,1,469793499631522492,coupled_z1.5_center,TRAINING_COUPLED,zoom,0.0,0.0,1.5,0.03657445226956761,-0.003858087332433563,0.5567208208968946,5.42452645618827,1.0,97,0.9081243872642517,,,,1.444492688052898,-0.5856913839228213,-0.4054651081081644,True,0.9038276076307794,f61e01afdc30f540,1945eded39721dcf
POST,validation-fac64aa1d4574f386dec1fefcb2eaca0,1,469793499631522492,coupled_z1.5_center,TRAINING_COUPLED,zoom,0.0,0.0,1.5,0.016936954516426593,0.026581104094231187,0.6379946594380752,-1.2141580247595283,1.0,90,0.9139811992645264,,,,1.108419337377871,-0.44942536645909836,-0.4054651081081644,True,0.839938223361129,85ad9fa5db4ba182,1945eded39721dcf
PRE,validation-fac64aa1d4574f386dec1fefcb2eaca0,2,3437096819100611143,coupled_z1.1_left_edge,TRAINING_COUPLED,shift,-0.2100000000000002,0.0,1.1,-0.014188828677373574,0.04012970812318914,0.8576500579012399,1.7215546207931085,0.8181818181818182,102,0.9128273725509644,0.33335075644710654,True,,0.2229556540146809,,,,0.9244193389656442,c21f8c883016a313,971d70036feac4cd
MID,validation-fac64aa1d4574f386dec1fefcb2eaca0,2,3437096819100611143,coupled_z1.1_left_edge,TRAINING_COUPLED,shift,-0.2100000000000002,0.0,1.1,-0.010257899397098993,0.0021685856128072917,0.9823892201922765,-0.1409171356922298,0.8074074074074075,151,0.9404367804527283,0.9783758555604302,True,,0.05491943985798932,,,,0.9353497624387923,153d6f341eedb36b,971d70036feac4cd
POST,validation-fac64aa1d4574f386dec1fefcb2eaca0,2,3437096819100611143,coupled_z1.1_left_edge,TRAINING_COUPLED,shift,-0.2100000000000002,0.0,1.1,-0.010456024946510697,0.007652577350874851,0.9800037386793389,0.15170486662384025,0.7934782608695652,113,0.9207335114479065,0.8069631098682035,True,,0.0678713237195275,,,,0.9280962858305574,fedb126f145ea341,971d70036feac4cd
PRE,validation-fac64aa1d4574f386dec1fefcb2eaca0,2,3437096819100611143,coupled_z1.1_right_edge,TRAINING_COUPLED,shift,0.2100000000000002,0.0,1.1,-0.02947522803317386,-0.019115179543785776,0.9123837208527654,-2.4039283589393925,0.8365384615384616,116,0.9215191602706909,-0.8390118018559037,False,,0.18401892707325118,,,,0.9462928143904769,f1c662e0019fe511,971d70036feac4cd
MID,validation-fac64aa1d4574f386dec1fefcb2eaca0,2,3437096819100611143,coupled_z1.1_right_edge,TRAINING_COUPLED,shift,0.2100000000000002,0.0,1.1,-0.0015203733388489127,-0.007002301049692329,1.0110803352557978,0.34893494549384707,0.8240740740740741,124,0.9302468299865723,-0.21218097019390117,False,,0.037533339268134826,,,,0.9078398291960119,5d7f7ff8a51448cc,971d70036feac4cd
POST,validation-fac64aa1d4574f386dec1fefcb2eaca0,2,3437096819100611143,coupled_z1.1_right_edge,TRAINING_COUPLED,shift,0.2100000000000002,0.0,1.1,0.01120724939668101,-0.008957427468824025,0.9962590495564367,-0.20757366615792003,0.8333333333333334,107,0.9243406057357788,0.7811533806918017,True,,0.0751512329415738,,,,0.9076466450260915,3aed871bcb46d94f,971d70036feac4cd
PRE,validation-fac64aa1d4574f386dec1fefcb2eaca0,2,3437096819100611143,coupled_z1.225_left_edge,TRAINING_COUPLED,shift,-0.5006250000000003,0.0,1.225,-0.028706879534126248,0.03821620687953417,0.8008536025967634,1.5314643479562842,0.8842105263157894,103,0.9122289419174194,0.6005986881879957,True,,0.11695671531467011,,,,0.9226167751909076,733ad835fcd242c0,971d70036feac4cd
MID,validation-fac64aa1d4574f386dec1fefcb2eaca0,2,3437096819100611143,coupled_z1.225_left_edge,TRAINING_COUPLED,shift,-0.5006250000000003,0.0,1.225,-0.019091237903990893,0.01718394235026245,0.9394428236099871,1.2418536184018591,0.900990099009901,114,0.9253203272819519,0.7432587533652845,True,,0.06285178442250007,,,,0.9069185201468053,91425530f2bd57ca,971d70036feac4cd
POST,validation-fac64aa1d4574f386dec1fefcb2eaca0,2,3437096819100611143,coupled_z1.225_left_edge,TRAINING_COUPLED,shift,-0.5006250000000003,0.0,1.225,0.037364471228771776,-0.09542529781214229,0.9128550354309786,1.123080501103444,0.9069767441860465,90,0.9021388292312622,-0.36460359667711606,False,,0.2507618397232417,,,,0.8292425173061255,fe16ad581f0b009d,971d70036feac4cd
PRE,validation-fac64aa1d4574f386dec1fefcb2eaca0,2,3437096819100611143,coupled_z1.225_right_edge,TRAINING_COUPLED,shift,0.5006250000000003,0.0,1.225,0.016437995450272167,0.014448214928214152,0.7205642026718785,-4.578245022537052,0.989247311827957,94,0.8790417909622192,0.7511036352464716,True,,0.05355161185253122,,,,0.8388103246680454,553de833a383691d,971d70036feac4cd
MID,validation-fac64aa1d4574f386dec1fefcb2eaca0,2,3437096819100611143,coupled_z1.225_right_edge,TRAINING_COUPLED,shift,0.5006250000000003,0.0,1.225,0.050887039890111924,0.2576232528353721,0.30765431232396817,-2.5382043500555485,1.0,75,0.8820151686668396,0.19378090640527496,True,,0.6425689869995985,,,,0.8439955115309857,3edbca7cc88725b9,971d70036feac4cd
POST,validation-fac64aa1d4574f386dec1fefcb2eaca0,2,3437096819100611143,coupled_z1.225_right_edge,TRAINING_COUPLED,shift,0.5006250000000003,0.0,1.225,-0.05753086724171943,0.20335224521636214,0.2049410554108193,38.51808711870773,1.0,57,0.8652986884117126,-0.27222759524538354,False,,0.5171211841810615,,,,0.8681092779692837,21cd887a8c74eeca,971d70036feac4cd
PRE,validation-fac64aa1d4574f386dec1fefcb2eaca0,2,3437096819100611143,coupled_z1.4142_left_edge,TRAINING_COUPLED,shift,-1.0000000000000004,0.0,1.4142135623730951,-0.05711394826468465,0.09041467690537716,0.6519129583395494,-15.116040445960486,1.0,80,0.8433386087417603,0.5340594448107188,True,,0.15124031794653706,,,,0.8064044002527518,9c2d80d0faf38ae7,971d70036feac4cd
MID,validation-fac64aa1d4574f386dec1fefcb2eaca0,2,3437096819100611143,coupled_z1.4142_left_edge,TRAINING_COUPLED,shift,-1.0000000000000004,0.0,1.4142135623730951,-0.0589137531761603,0.18392715469642879,0.28806139951558973,30.22389556743131,1.0,70,0.8795983791351318,0.3050437342533215,True,,0.273130110196681,,,,0.8078368902198342,f3117839266ac2f7,971d70036feac4cd
POST,validation-fac64aa1d4574f386dec1fefcb2eaca0,2,3437096819100611143,coupled_z1.4142_left_edge,TRAINING_COUPLED,shift,-1.0000000000000004,0.0,1.4142135623730951,-0.04155602602746279,0.12327161379838288,0.660447774061564,17.328397251418625,1.0,63,0.8630086779594421,0.3194463827856049,True,,0.18397170471381086,,,,0.8227398395530102,4edebc86abda7e12,971d70036feac4cd
PRE,validation-fac64aa1d4574f386dec1fefcb2eaca0,2,3437096819100611143,coupled_z1.4142_right_edge,TRAINING_COUPLED,shift,1.0000000000000004,0.0,1.4142135623730951,-0.006160771659262982,0.24746842958120302,0.42303591222922987,-3.925530194960626,1.0,70,0.8583793044090271,-0.024887471204208013,False,,0.3500816440398564,,,,0.7973756073333162,051ee1533aff6761,971d70036feac4cd
MID,validation-fac64aa1d4574f386dec1fefcb2eaca0,2,3437096819100611143,coupled_z1.4142_right_edge,TRAINING_COUPLED,shift,1.0000000000000004,0.0,1.4142135623730951,-0.09703812440298926,0.23961692981963253,0.2894471509241003,-13.846330095215139,1.0,69,0.8786956667900085,-0.3753599959274504,False,,0.36560270962846175,,,,0.7921735644332593,db417d9ef3496fdb,971d70036feac4cd
POST,validation-fac64aa1d4574f386dec1fefcb2eaca0,2,3437096819100611143,coupled_z1.4142_right_edge,TRAINING_COUPLED,shift,1.0000000000000004,0.0,1.4142135623730951,0.01476812539591566,0.15754945175107843,0.6127762577142686,12.820049320173323,1.0,63,0.8514408469200134,0.09332732965710969,True,,0.22378528671373754,,,,0.8230447558209719,4bf0cd869cfb9704,971d70036feac4cd
PRE,validation-fac64aa1d4574f386dec1fefcb2eaca0,2,3437096819100611143,coupled_z1.5_left_edge,TRAINING_COUPLED,shift,-1.25,0.0,1.5,-0.08218705836444554,0.038527099284945895,0.736218217394036,-12.220242841399898,1.0,70,0.8376644849777222,0.9054508250051791,True,,0.10892305502672292,,,,0.7795730233184648,44177cda175cb126,971d70036feac4cd
MID,validation-fac64aa1d4574f386dec1fefcb2eaca0,2,3437096819100611143,coupled_z1.5_left_edge,TRAINING_COUPLED,shift,-1.25,0.0,1.5,-0.0035686991243764413,0.24770652392857564,0.2782976760730043,22.19596546795115,1.0,63,0.8805277347564697,0.014405469685224137,True,,0.297278675586922,,,,0.7631071805946348,1e5101cdfad33dbb,971d70036feac4cd
POST,validation-fac64aa1d4574f386dec1fefcb2eaca0,2,3437096819100611143,coupled_z1.5_left_edge,TRAINING_COUPLED,shift,-1.25,0.0,1.5,0.13633842119419046,0.2401435229750007,0.4970913009115565,34.954325568242105,1.0,67,0.8561477065086365,-0.493717116805366,False,,0.33137620686708874,,,,0.8170154581667036,376530f0ba9ebcdb,971d70036feac4cd
PRE,validation-fac64aa1d4574f386dec1fefcb2eaca0,2,3437096819100611143,coupled_z1.5_right_edge,TRAINING_COUPLED,shift,1.25,0.0,1.5,-0.00033555416930849263,0.20230209334669585,0.5553758140149224,7.927336720447075,1.0,73,0.849926769733429,-0.001658676399070039,False,,0.24276284596173348,,,,0.7798263299353866,4747c5a86f90b8d0,971d70036feac4cd
MID,validation-fac64aa1d4574f386dec1fefcb2eaca0,2,3437096819100611143,coupled_z1.5_right_edge,TRAINING_COUPLED,shift,1.25,0.0,1.5,-0.010396729325373182,0.26524084308282525,0.11690163451584769,28.64830636538107,1.0,76,0.8680529594421387,-0.039167239384383226,False,,0.3185334321868465,,,,0.7919080729421847,a5eabc0fcbff4a33,971d70036feac4cd
POST,validation-fac64aa1d4574f386dec1fefcb2eaca0,2,3437096819100611143,coupled_z1.5_right_edge,TRAINING_COUPLED,shift,1.25,0.0,1.5,0.024461251401262613,0.2752651336362027,0.16047484188592268,-54.59431338019974,1.0,69,0.850362241268158,0.08851551856011108,True,,0.33161983524339456,,,,0.8284996049693647,7a317d3251d570ef,971d70036feac4cd
PRE,validation-fac64aa1d4574f386dec1fefcb2eaca0,2,3437096819100611143,legacy_center_z1,EXTRAPOLATION,identity,0.0,0.0,1.0,0.0,0.0,1.0,0.0,1.0,256,1.0,,,,,,,,1.0,148ce4372d558125,971d70036feac4cd
MID,validation-fac64aa1d4574f386dec1fefcb2eaca0,2,3437096819100611143,legacy_center_z1,EXTRAPOLATION,identity,0.0,0.0,1.0,0.0,0.0,1.0,0.0,1.0,256,1.0,,,,,,,,1.0,2f5ed9ffa9432291,971d70036feac4cd
POST,validation-fac64aa1d4574f386dec1fefcb2eaca0,2,3437096819100611143,legacy_center_z1,EXTRAPOLATION,identity,0.0,0.0,1.0,0.0,0.0,1.0,0.0,1.0,256,1.0,,,,,,,,1.0,20b0c7856b350edb,971d70036feac4cd
PRE,validation-fac64aa1d4574f386dec1fefcb2eaca0,2,3437096819100611143,coupled_z1.1_center,TRAINING_COUPLED,zoom,0.0,0.0,1.1,-0.001353331433920836,0.06471206456452078,0.9234562946186221,-0.1800205259871585,0.8709677419354839,110,0.9097765684127808,,,,0.8355015847386819,-0.07963180626824219,-0.09531017980432493,True,0.9115612506857339,674a3ef6b9ce5ab0,971d70036feac4cd
MID,validation-fac64aa1d4574f386dec1fefcb2eaca0,2,3437096819100611143,coupled_z1.1_center,TRAINING_COUPLED,zoom,0.0,0.0,1.1,-0.032103306893512595,0.03363173928037706,0.8940798951794269,-0.9928444072427826,0.8658536585365854,98,0.9248807430267334,,,,1.1746923552335302,-0.11196013959207371,-0.09531017980432493,True,0.887448370455808,1816d355de689904,971d70036feac4cd
POST,validation-fac64aa1d4574f386dec1fefcb2eaca0,2,3437096819100611143,coupled_z1.1_center,TRAINING_COUPLED,zoom,0.0,0.0,1.1,-0.02213577783941793,0.07016197431028243,0.7276476179346714,-2.338924604862613,0.9895833333333334,101,0.9040495753288269,,,,3.33582823915057,-0.31793838926978546,-0.09531017980432493,True,0.8894775443948878,01c5e23419d408fb,971d70036feac4cd
PRE,validation-fac64aa1d4574f386dec1fefcb2eaca0,2,3437096819100611143,coupled_z1.225_center,TRAINING_COUPLED,zoom,0.0,0.0,1.225,0.10416860692532642,0.11441051172271015,0.7096704013365263,4.563556510321962,0.9787234042553191,96,0.9055292010307312,,,,1.689924184050028,-0.34295464020153105,-0.20294084399669038,True,0.9078575372686843,8ff8eb58fc298199,971d70036feac4cd
MID,validation-fac64aa1d4574f386dec1fefcb2eaca0,2,3437096819100611143,coupled_z1.225_center,TRAINING_COUPLED,zoom,0.0,0.0,1.225,0.006664012849266994,-0.0029275514153483118,0.9924767031919945,-0.3234428872996025,0.9366197183098591,161,0.9494286775588989,,,,0.037211531212613086,-0.0075517395506968866,-0.20294084399669038,True,0.9517519474020023,143078bf9e7c902e,971d70036feac4cd
POST,validation-fac64aa1d4574f386dec1fefcb2eaca0,2,3437096819100611143,coupled_z1.225_center,TRAINING_COUPLED,zoom,0.0,0.0,1.225,-0.028143351547236566,-0.07027020991830701,0.8877720986162654,-2.297149083620661,0.9111111111111111,96,0.9016332626342773,,,,0.5865759316220069,-0.11904021463151503,-0.20294084399669038,True,0.8958090419532689,58f31fbe84021095,971d70036feac4cd
PRE,validation-fac64aa1d4574f386dec1fefcb2eaca0,2,3437096819100611143,coupled_z1.4142_center,TRAINING_COUPLED,zoom,0.0,0.0,1.4142135623730951,0.12407861574253587,0.13556239498513628,0.6615177074447834,18.682398611766427,1.0,97,0.8953794240951538,,,,1.1922966398783534,-0.4132185271613886,-0.3465735902799727,True,0.9015963614929459,a0553824e5917d1d,971d70036feac4cd
MID,validation-fac64aa1d4574f386dec1fefcb2eaca0,2,3437096819100611143,coupled_z1.4142_center,TRAINING_COUPLED,zoom,0.0,0.0,1.4142135623730951,-0.017030151808887516,0.112306173708772,0.7101972041811451,-2.6159447534775593,0.9010989010989011,95,0.9092323184013367,,,,0.9874168278909079,-0.34221259514501384,-0.3465735902799727,True,0.8930119276037822,5cef5dd789704bc8,971d70036feac4cd
POST,validation-fac64aa1d4574f386dec1fefcb2eaca0,2,3437096819100611143,coupled_z1.4142_center,TRAINING_COUPLED,zoom,0.0,0.0,1.4142135623730951,0.07043948115682584,-0.08575091052192974,0.8609938960824312,-1.1825459292826395,0.9647058823529412,88,0.8919401168823242,,,,0.4318501701003383,-0.14966786391469117,-0.3465735902799727,True,0.8793212103430306,597a05f326ad32a2,971d70036feac4cd
PRE,validation-fac64aa1d4574f386dec1fefcb2eaca0,2,3437096819100611143,coupled_z1.5_center,TRAINING_COUPLED,zoom,0.0,0.0,1.5,0.048464825119236894,0.1892781360582594,0.6011191663405718,12.457760804003028,1.0,86,0.8886055946350098,,,,1.2552549499901027,-0.5089620840010455,-0.4054651081081644,True,0.9040030241003533,3ea32ef95cb046b7,971d70036feac4cd
MID,validation-fac64aa1d4574f386dec1fefcb2eaca0,2,3437096819100611143,coupled_z1.5_center,TRAINING_COUPLED,zoom,0.0,0.0,1.5,0.035539568789515266,0.04837105807648401,0.7462790413444498,3.9162247261877248,0.8021978021978022,95,0.9073350429534912,,,,0.7217777628846055,-0.2926556986580756,-0.4054651081081644,True,0.8889839185486583,19a42fe39dde13b9,971d70036feac4cd
POST,validation-fac64aa1d4574f386dec1fefcb2eaca0,2,3437096819100611143,coupled_z1.5_center,TRAINING_COUPLED,zoom,0.0,0.0,1.5,0.010007746184119794,-0.10098438266902336,0.9362453210667275,-1.720277279184712,0.8409090909090909,93,0.8986957669258118,,,,0.1624745024204307,-0.06587774168872015,-0.4054651081081644,True,0.8368635481939676,c0088c5f18044ad2,971d70036feac4cd
PRE,validation-c17a74b546e841cbac26930ea4119aef,0,6391809204931753144,coupled_z1.1_left_edge,TRAINING_COUPLED,shift,-0.2100000000000002,0.0,1.1,-0.08270908203822264,-0.06448580336530454,0.7939084733076569,-9.53813992613705,0.9692307692307692,69,0.8689159154891968,0.7886284355655294,True,,0.5493563625300004,,,,0.7678527097606557,00d71b8d21b717f0,18bed17e0c5dcd83
MID,validation-c17a74b546e841cbac26930ea4119aef,0,6391809204931753144,coupled_z1.1_left_edge,TRAINING_COUPLED,shift,-0.2100000000000002,0.0,1.1,0.021831201022385754,-0.08362936409853103,0.5084943952957528,-4.419313225023143,1.0,93,0.8774871826171875,-0.25258270562573776,False,,0.4527384795686339,,,,0.7937237497395535,5a2b79776c93edd9,18bed17e0c5dcd83
POST,validation-c17a74b546e841cbac26930ea4119aef,0,6391809204931753144,coupled_z1.1_left_edge,TRAINING_COUPLED,shift,-0.2100000000000002,0.0,1.1,-0.06619420989143551,-0.09844692400482508,0.8615360046231366,2.3875693484616614,0.9491525423728814,66,0.8942464590072632,0.5579809894724372,True,,0.6214039226216733,,,,0.7211461926865749,69d56b687f37eefb,18bed17e0c5dcd83
PRE,validation-c17a74b546e841cbac26930ea4119aef,0,6391809204931753144,coupled_z1.1_right_edge,TRAINING_COUPLED,shift,0.2100000000000002,0.0,1.1,0.1430183371724213,0.05576601864470146,0.48240264955570644,-20.974162161943678,1.0,59,0.790979266166687,0.9316791031756418,True,,0.8040790743552457,,,,0.793256687715255,1502b0fc2a9556bd,18bed17e0c5dcd83
MID,validation-c17a74b546e841cbac26930ea4119aef,0,6391809204931753144,coupled_z1.1_right_edge,TRAINING_COUPLED,shift,0.2100000000000002,0.0,1.1,0.059168677341522265,0.0026093075966951637,0.3464714880665718,-30.543503317286238,1.0,46,0.7905009984970093,0.9990290340668754,True,,0.3102323920836751,,,,0.7313321072649859,52f04968692d38ad,18bed17e0c5dcd83
POST,validation-c17a74b546e841cbac26930ea4119aef,0,6391809204931753144,coupled_z1.1_right_edge,TRAINING_COUPLED,shift,0.2100000000000002,0.0,1.1,0.055155959133375856,0.029299691490198482,0.3512065149317902,-16.249939049438833,1.0,50,0.8146315813064575,0.8831284016493289,True,,0.3271462749078261,,,,0.7379696369163762,7159a65088fbe4b4,18bed17e0c5dcd83
PRE,validation-c17a74b546e841cbac26930ea4119aef,0,6391809204931753144,coupled_z1.225_left_edge,TRAINING_COUPLED,shift,-0.5006250000000003,0.0,1.225,0.0343075595256525,-0.12646975725299564,0.5472741217397655,5.794455743216706,1.0,54,0.8433075547218323,-0.26180886077473464,False,,0.3206483724671522,,,,0.7634100772975247,68676d9549bf3aa8,18bed17e0c5dcd83
MID,validation-c17a74b546e841cbac26930ea4119aef,0,6391809204931753144,coupled_z1.225_left_edge,TRAINING_COUPLED,shift,-0.5006250000000003,0.0,1.225,-0.03512332447772008,-0.09129558628184997,0.44897062500030493,-9.024782354350185,1.0,45,0.7980524897575378,0.3590649048520744,True,,0.23935704357147916,,,,0.7026669801864143,e79d1692b652f83a,18bed17e0c5dcd83
POST,validation-c17a74b546e841cbac26930ea4119aef,0,6391809204931753144,coupled_z1.225_left_edge,TRAINING_COUPLED,shift,-0.5006250000000003,0.0,1.225,-0.02878240976105745,-0.06581850533807829,0.49746350404703754,-3.5811556779069935,1.0,48,0.8454338908195496,0.40066475841264654,True,,0.1757800414152458,,,,0.6589587926858034,b4eb3626c9c66e60,18bed17e0c5dcd83
PRE,validation-c17a74b546e841cbac26930ea4119aef,0,6391809204931753144,coupled_z1.225_right_edge,TRAINING_COUPLED,shift,0.5006250000000003,0.0,1.225,0.12703552742450666,-0.0696145480198311,0.30840407870134284,-20.773780575664812,1.0,53,0.8032723069190979,0.8769581684342745,True,,0.3544621542642059,,,,0.768400595688087,e3a9f32394667936,18bed17e0c5dcd83
MID,validation-c17a74b546e841cbac26930ea4119aef,0,6391809204931753144,coupled_z1.225_right_edge,TRAINING_COUPLED,shift,0.5006250000000003,0.0,1.225,0.1265178729972272,-0.18014967013153763,0.38099014949343774,-10.557382697217635,1.0,60,0.8487482070922852,0.57472110905465,True,,0.5386644177460582,,,,0.7777095304546644,f071ca74c888b930,18bed17e0c5dcd83
POST,validation-c17a74b546e841cbac26930ea4119aef,0,6391809204931753144,coupled_z1.225_right_edge,TRAINING_COUPLED,shift,0.5006250000000003,0.0,1.225,0.03276493758716474,0.0033032554949804643,0.12783628800897692,27.944403505273687,1.0,61,0.8757590055465698,0.9949564034132882,True,,0.08058029422985659,,,,0.7208219766609613,d4ffe8ba04fa0e36,18bed17e0c5dcd83
PRE,validation-c17a74b546e841cbac26930ea4119aef,0,6391809204931753144,coupled_z1.4142_left_edge,TRAINING_COUPLED,shift,-1.0000000000000004,0.0,1.4142135623730951,-0.0718874457647973,-0.09715336015412511,0.4649873018829978,-4.273015144005193,1.0,51,0.8460298180580139,0.5948107082482019,True,,0.17091857855612894,,,,0.7424273933419548,e81ff1199a2f563c,18bed17e0c5dcd83
MID,validation-c17a74b546e841cbac26930ea4119aef,0,6391809204931753144,coupled_z1.4142_left_edge,TRAINING_COUPLED,shift,-1.0000000000000004,0.0,1.4142135623730951,0.03351213608220258,-0.12039339349229349,0.5396498646630473,0.4143560774631656,1.0,53,0.8310326337814331,-0.26816031791690587,False,,0.17673501329041888,,,,0.6442723446210552,c58dd4279d59b960,18bed17e0c5dcd83
POST,validation-c17a74b546e841cbac26930ea4119aef,0,6391809204931753144,coupled_z1.4142_left_edge,TRAINING_COUPLED,shift,-1.0000000000000004,0.0,1.4142135623730951,-0.0024508114070997057,-0.10621331862487396,0.3592647105854702,-12.66670611343017,1.0,50,0.8296751379966736,0.023068286138536214,True,,0.15024829802604858,,,,0.6526962311676312,d783c2d7a63c41f8,18bed17e0c5dcd83
PRE,validation-c17a74b546e841cbac26930ea4119aef,0,6391809204931753144,coupled_z1.4142_right_edge,TRAINING_COUPLED,shift,1.0000000000000004,0.0,1.4142135623730951,0.13291924311000614,-0.06407508340239264,0.3552269499890176,-16.182198715964056,1.0,60,0.8179411292076111,0.9007977900988431,True,,0.20867746165774811,,,,0.7188265584493314,4d17aece872948be,18bed17e0c5dcd83
MID,validation-c17a74b546e841cbac26930ea4119aef,0,6391809204931753144,coupled_z1.4142_right_edge,TRAINING_COUPLED,shift,1.0000000000000004,0.0,1.4142135623730951,0.22409969653884515,-0.0878047874710863,0.2123280079674633,-23.69561218493483,1.0,44,0.8538121581077576,0.931082522800304,True,,0.34038318022970837,,,,0.7106767547930233,f680ffc7d2f30a48,18bed17e0c5dcd83
POST,validation-c17a74b546e841cbac26930ea4119aef,0,6391809204931753144,coupled_z1.4142_right_edge,TRAINING_COUPLED,shift,1.0000000000000004,0.0,1.4142135623730951,-0.1297089419445312,0.01830584148906709,0.2324352324888417,-67.28315734582644,1.0,58,0.892118513584137,-0.9901874826996514,False,,0.18525395247061588,,,,0.6711622876614944,2a073467e3e06f21,18bed17e0c5dcd83
PRE,validation-c17a74b546e841cbac26930ea4119aef,0,6391809204931753144,coupled_z1.5_left_edge,TRAINING_COUPLED,shift,-1.25,0.0,1.5,-0.05677019115439135,-0.09150237370306065,0.4399816516748894,12.273498035895706,1.0,52,0.8277896642684937,0.5271993743088549,True,,0.1292191013576592,,,,0.7363872966989841,95e2f310f2eea63e,18bed17e0c5dcd83
MID,validation-c17a74b546e841cbac26930ea4119aef,0,6391809204931753144,coupled_z1.5_left_edge,TRAINING_COUPLED,shift,-1.25,0.0,1.5,0.10479760434298613,-0.034633903655245005,0.48631329625170655,-0.9037346571022259,1.0,38,0.8074334263801575,-0.9494918740591715,False,,0.132446762996077,,,,0.6842904906612337,7033725b7f30ee2e,18bed17e0c5dcd83
POST,validation-c17a74b546e841cbac26930ea4119aef,0,6391809204931753144,coupled_z1.5_left_edge,TRAINING_COUPLED,shift,-1.25,0.0,1.5,-0.028381015468347197,-0.24460890504153537,0.38080548767149586,-15.15022216885676,1.0,54,0.8451388478279114,0.11525291554728045,True,,0.2954998439747002,,,,0.6391863226884171,92219241d8090a35,18bed17e0c5dcd83
PRE,validation-c17a74b546e841cbac26930ea4119aef,0,6391809204931753144,coupled_z1.5_right_edge,TRAINING_COUPLED,shift,1.25,0.0,1.5,0.0334720309310854,-0.06867397905846043,0.47838722619199225,2.7019216063809806,1.0,54,0.7753601670265198,0.438133143379172,True,,0.09167632653143175,,,,0.7870185844305385,e3ddcc4194dc7e8b,18bed17e0c5dcd83
MID,validation-c17a74b546e841cbac26930ea4119aef,0,6391809204931753144,coupled_z1.5_right_edge,TRAINING_COUPLED,shift,1.25,0.0,1.5,0.026363819471928535,-0.07010357183241928,0.45617772461221817,-3.898038217026589,1.0,43,0.750825822353363,0.35200097153242166,True,,0.08987640922716435,,,,0.7591068005021849,9e113a7295423754,18bed17e0c5dcd83
POST,validation-c17a74b546e841cbac26930ea4119aef,0,6391809204931753144,coupled_z1.5_right_edge,TRAINING_COUPLED,shift,1.25,0.0,1.5,0.23465253108348136,-0.19621780639431619,0.48920210766550637,-12.190796745087855,1.0,40,0.7162148356437683,0.7671364557308514,True,,0.36705730146901777,,,,0.6911376714699509,5ce50066ca88b1c8,18bed17e0c5dcd83
PRE,validation-c17a74b546e841cbac26930ea4119aef,0,6391809204931753144,legacy_center_z1,EXTRAPOLATION,identity,0.0,0.0,1.0,0.0,0.0,1.0,0.0,1.0,256,1.0,,,,,,,,1.0,8d443b4cad676e19,18bed17e0c5dcd83
MID,validation-c17a74b546e841cbac26930ea4119aef,0,6391809204931753144,legacy_center_z1,EXTRAPOLATION,identity,0.0,0.0,1.0,0.0,0.0,1.0,0.0,1.0,256,1.0,,,,,,,,1.0,61919a61f61b3c65,18bed17e0c5dcd83
POST,validation-c17a74b546e841cbac26930ea4119aef,0,6391809204931753144,legacy_center_z1,EXTRAPOLATION,identity,0.0,0.0,1.0,0.0,0.0,1.0,0.0,1.0,256,1.0,,,,,,,,1.0,a144c91d09ec0c87,18bed17e0c5dcd83
PRE,validation-c17a74b546e841cbac26930ea4119aef,0,6391809204931753144,coupled_z1.1_center,TRAINING_COUPLED,zoom,0.0,0.0,1.1,0.016340954779675107,-0.001756335433866229,0.9881126596771286,1.77023505560375,0.8333333333333334,112,0.913945734500885,,,,0.12546991041494487,-0.011958559721680938,-0.09531017980432493,True,0.9376556836152049,bfe51059dae3d8dd,18bed17e0c5dcd83
MID,validation-c17a74b546e841cbac26930ea4119aef,0,6391809204931753144,coupled_z1.1_center,TRAINING_COUPLED,zoom,0.0,0.0,1.1,-0.019067536957054564,-0.02320803715568027,0.7438588400162236,-11.717991891530032,0.9012345679012346,88,0.8955747485160828,,,,3.1046420636155516,-0.29590399331126865,-0.09531017980432493,True,0.8240014209739922,926921560302e6bf,18bed17e0c5dcd83
POST,validation-c17a74b546e841cbac26930ea4119aef,0,6391809204931753144,coupled_z1.1_center,TRAINING_COUPLED,zoom,0.0,0.0,1.1,-0.042367470940471996,-0.05415926459102255,0.8370371662663865,1.776363058950379,0.8888888888888888,89,0.9129613637924194,,,,1.866398801285054,-0.17788680533705503,-0.09531017980432493,True,0.8283202648154557,42fd280a6220f8fb,18bed17e0c5dcd83
PRE,validation-c17a74b546e841cbac26930ea4119aef,0,6391809204931753144,coupled_z1.225_center,TRAINING_COUPLED,zoom,0.0,0.0,1.225,0.0813872348343878,0.042850995534052846,0.5545458842415674,-26.71336856427801,1.0,47,0.7586147785186768,,,,2.9053083408245697,-0.5896057267575624,-0.20294084399669038,True,0.7692300539742201,d8e016ed7d709629,18bed17e0c5dcd83
MID,validation-c17a74b546e841cbac26930ea4119aef,0,6391809204931753144,coupled_z1.225_center,TRAINING_COUPLED,zoom,0.0,0.0,1.225,0.05252460802086316,0.048276842222434245,0.3867154689407423,-1.7225027144338068,1.0,50,0.7277270555496216,,,,4.6814926952393625,-0.9500660787362171,-0.20294084399669038,True,0.7044080915687247,20f1cf1454558881,18bed17e0c5dcd83
POST,validation-c17a74b546e841cbac26930ea4119aef,0,6391809204931753144,coupled_z1.225_center,TRAINING_COUPLED,zoom,0.0,0.0,1.225,0.12056939016631828,0.08134145233118241,0.4417236242511149,-9.095234407227464,1.0,60,0.7458978295326233,,,,4.026152946271311,-0.8170708769760614,-0.20294084399669038,True,0.7126025386208643,639b63f4ec1df827,18bed17e0c5dcd83
PRE,validation-c17a74b546e841cbac26930ea4119aef,0,6391809204931753144,coupled_z1.4142_center,TRAINING_COUPLED,zoom,0.0,0.0,1.4142135623730951,-0.030691864848194084,-0.07550716194914675,0.6187745982648352,-8.08504933936059,1.0,44,0.7145711183547974,,,,1.385028243872293,-0.4800142111179862,-0.3465735902799727,True,0.7619005895786171,2f677acc63bea5df,18bed17e0c5dcd83
MID,validation-c17a74b546e841cbac26930ea4119aef,0,6391809204931753144,coupled_z1.4142_center,TRAINING_COUPLED,zoom,0.0,0.0,1.4142135623730951,0.10129418139379792,-0.14676072579748806,0.47524813141798766,6.654646874618835,1.0,31,0.6996091604232788,,,,2.1464942807900464,-0.7439182294088342,-0.3465735902799727,True,0.6778686450634761,7daec0aa876ea730,18bed17e0c5dcd83
POST,validation-c17a74b546e841cbac26930ea4119aef,0,6391809204931753144,coupled_z1.4142_center,TRAINING_COUPLED,zoom,0.0,0.0,1.4142135623730951,0.07046737147369567,-0.16316220319137348,0.5635176257463668,-4.684203500957584,1.0,41,0.7226802706718445,,,,1.654934718121905,-0.5735566669384832,-0.3465735902799727,True,0.6695588827126483,3e743fad196a033f,18bed17e0c5dcd83
PRE,validation-c17a74b546e841cbac26930ea4119aef,0,6391809204931753144,coupled_z1.5_center,TRAINING_COUPLED,zoom,0.0,0.0,1.5,-0.07512758393302561,-0.12352525875168442,0.5086857748576523,-1.4840314021982732,1.0,43,0.7516639232635498,,,,1.667035652991705,-0.675924791260446,-0.4054651081081644,True,0.8008017421238606,a16134999c812bb2,18bed17e0c5dcd83
MID,validation-c17a74b546e841cbac26930ea4119aef,0,6391809204931753144,coupled_z1.5_center,TRAINING_COUPLED,zoom,0.0,0.0,1.5,0.020091835108502272,-0.052459892693032965,0.6424320903712509,2.3063267977938704,1.0,54,0.74305659532547,,,,1.0913248880620305,-0.4424941637192016,-0.4054651081081644,True,0.7305473960091194,faa6e5fdf6850327,18bed17e0c5dcd83
POST,validation-c17a74b546e841cbac26930ea4119aef,0,6391809204931753144,coupled_z1.5_center,TRAINING_COUPLED,zoom,0.0,0.0,1.5,0.030714228085037713,-0.08694128444067935,0.7607359882244832,-0.6942669558291681,0.9767441860465116,44,0.6989330649375916,,,,0.6744573164910495,-0.2734689087453858,-0.4054651081081644,True,0.6253998652332647,3fba037997ca860c,18bed17e0c5dcd83
PRE,validation-c17a74b546e841cbac26930ea4119aef,1,3224626756631393088,coupled_z1.1_left_edge,TRAINING_COUPLED,shift,-0.2100000000000002,0.0,1.1,0.013623009364034627,-0.0065675414737453724,0.5574732987266924,-1.6465720611247008,0.9298245614035088,58,0.8032715320587158,-0.90078666281914,False,,0.0792181138986163,,,,0.8324609398833532,53efaf4a04606867,33092a244a59536e
MID,validation-c17a74b546e841cbac26930ea4119aef,1,3224626756631393088,coupled_z1.1_left_edge,TRAINING_COUPLED,shift,-0.2100000000000002,0.0,1.1,0.052851933216168684,0.07793980667838313,0.781263329773329,-4.360627298360104,0.9365079365079365,67,0.8342676162719727,-0.5612411384651178,False,,0.49327007718189164,,,,0.8536690386327932,593b6adfda4dcf49,33092a244a59536e
POST,validation-c17a74b546e841cbac26930ea4119aef,1,3224626756631393088,coupled_z1.1_left_edge,TRAINING_COUPLED,shift,-0.2100000000000002,0.0,1.1,-0.18195524197580243,-0.03648541395860411,0.7352502238291009,13.207057644491446,0.918918918918919,41,0.7345587611198425,0.9804827657598191,True,,0.9720710243942091,,,,0.8044374468579263,1e6b56d363e40d38,33092a244a59536e
PRE,validation-c17a74b546e841cbac26930ea4119aef,1,3224626756631393088,coupled_z1.1_right_edge,TRAINING_COUPLED,shift,0.2100000000000002,0.0,1.1,-0.0006259984651046137,0.002768782890615211,0.7614715143078783,1.620034586455342,0.891566265060241,89,0.8856805562973022,-0.22052546822047123,False,,0.014869210343498605,,,,0.8641771078101098,ec992049a9805e12,33092a244a59536e
MID,validation-c17a74b546e841cbac26930ea4119aef,1,3224626756631393088,coupled_z1.1_right_edge,TRAINING_COUPLED,shift,0.2100000000000002,0.0,1.1,0.024096687669034375,0.02608051980860108,0.7156068653189873,-4.628572373074171,0.9247311827956989,96,0.889803409576416,0.6786200593332586,True,,0.18599618914658772,,,,0.8504359126082498,c3293756ca5f69be,33092a244a59536e
POST,validation-c17a74b546e841cbac26930ea4119aef,1,3224626756631393088,coupled_z1.1_right_edge,TRAINING_COUPLED,shift,0.2100000000000002,0.0,1.1,0.08655008402493522,0.011716843009500924,0.7577226455376928,-5.9175975009949475,0.935064935064935,82,0.8727928996086121,0.990960666896461,True,,0.45749301471309994,,,,0.903545975684216,327ef64b8d0e9a6a,33092a244a59536e
PRE,validation-c17a74b546e841cbac26930ea4119aef,1,3224626756631393088,coupled_z1.225_left_edge,TRAINING_COUPLED,shift,-0.5006250000000003,0.0,1.225,-0.057331203452439305,-0.005564039879977507,0.2587335950452888,23.71305124013697,1.0,44,0.6785776615142822,0.9953235789575673,True,,0.1409452099847634,,,,0.7608184218399069,12f4ef177c5dfea6,33092a244a59536e
MID,validation-c17a74b546e841cbac26930ea4119aef,1,3224626756631393088,coupled_z1.225_left_edge,TRAINING_COUPLED,shift,-0.5006250000000003,0.0,1.225,0.011677127985303098,-0.0701737599510104,0.4627020107151716,4.927370460572236,1.0,30,0.7054985761642456,-0.1641459731366666,False,,0.1740721776979771,,,,0.8321743507480853,304c53ed4a8363b3,33092a244a59536e
POST,validation-c17a74b546e841cbac26930ea4119aef,1,3224626756631393088,coupled_z1.225_left_edge,TRAINING_COUPLED,shift,-0.5006250000000003,0.0,1.225,0.04894752665398284,-0.09093876763470582,0.44421015531824615,32.00047520527615,1.0,37,0.6962537169456482,-0.47395342496100135,False,,0.2527077964511362,,,,0.8039279580108232,c83a296f8280bc19,33092a244a59536e
PRE,validation-c17a74b546e841cbac26930ea4119aef,1,3224626756631393088,coupled_z1.225_right_edge,TRAINING_COUPLED,shift,0.5006250000000003,0.0,1.225,0.03083955830303614,-0.05319452302987987,0.5185913948197862,8.572988449988046,1.0,59,0.7877784967422485,0.5015566509549549,True,,0.15045676188073512,,,,0.8113917337180924,99f7c3418542bccf,33092a244a59536e
MID,validation-c17a74b546e841cbac26930ea4119aef,1,3224626756631393088,coupled_z1.225_right_edge,TRAINING_COUPLED,shift,0.5006250000000003,0.0,1.225,-0.03737114081573468,-0.14973766774763372,0.6008641388639754,23.557688405666113,1.0,66,0.831836462020874,-0.24214972028701803,False,,0.3776382175984255,,,,0.8309374846137183,775250193806788c,33092a244a59536e
POST,validation-c17a74b546e841cbac26930ea4119aef,1,3224626756631393088,coupled_z1.225_right_edge,TRAINING_COUPLED,shift,0.5006250000000003,0.0,1.225,-0.06336060696221366,-0.14775438857482892,0.33397622830266865,15.286456246547472,1.0,62,0.8155417442321777,-0.39411528805595536,False,,0.39338663620615844,,,,0.8313738703719408,d53630ddfebb2c6e,33092a244a59536e
PRE,validation-c17a74b546e841cbac26930ea4119aef,1,3224626756631393088,coupled_z1.4142_left_edge,TRAINING_COUPLED,shift,-1.0000000000000004,0.0,1.4142135623730951,-0.12895529566626163,-0.2149845585257189,0.36183942180530154,-17.507060426151664,1.0,41,0.6931443810462952,0.5143918068092102,True,,0.3545358336892652,,,,0.7790080308906394,b53a4fbfa5831967,33092a244a59536e
MID,validation-c17a74b546e841cbac26930ea4119aef,1,3224626756631393088,coupled_z1.4142_left_edge,TRAINING_COUPLED,shift,-1.0000000000000004,0.0,1.4142135623730951,-0.09601859709235301,-0.010168158383501984,0.3628244213967534,-22.11786674408871,1.0,39,0.706779420375824,0.9944395518739932,True,,0.13655008189302265,,,,0.8220808889954082,6a69b1bec1b27b3e,33092a244a59536e
POST,validation-c17a74b546e841cbac26930ea4119aef,1,3224626756631393088,coupled_z1.4142_left_edge,TRAINING_COUPLED,shift,-1.0000000000000004,0.0,1.4142135623730951,0.02494081230173865,0.009643873782524166,0.34791350847837665,3.855856396321476,1.0,50,0.6925230622291565,-0.9327019147910589,False,,0.037816621208241606,,,,0.7775994406692025,4ede12e06ca3fec2,33092a244a59536e
PRE,validation-c17a74b546e841cbac26930ea4119aef,1,3224626756631393088,coupled_z1.4142_right_edge,TRAINING_COUPLED,shift,1.0000000000000004,0.0,1.4142135623730951,-0.10013236412566545,-0.060401187620663474,0.3620526099476822,4.894348422080911,1.0,42,0.7517960667610168,-0.8562766012737296,False,,0.16537710731163147,,,,0.797476577607584,5303107d49150f66,33092a244a59536e
MID,validation-c17a74b546e841cbac26930ea4119aef,1,3224626756631393088,coupled_z1.4142_right_edge,TRAINING_COUPLED,shift,1.0000000000000004,0.0,1.4142135623730951,-0.022712118600948676,-0.19102932607874998,0.48722567730795524,9.270191506075562,1.0,53,0.8296101689338684,-0.11806184964869759,False,,0.2720589779935407,,,,0.8393009209207797,94cbbcaa5370b4c2,33092a244a59536e
POST,validation-c17a74b546e841cbac26930ea4119aef,1,3224626756631393088,coupled_z1.4142_right_edge,TRAINING_COUPLED,shift,1.0000000000000004,0.0,1.4142135623730951,0.007126426504535585,-0.22119456546477226,0.5227813700009717,4.9279515859112655,0.9649122807017544,59,0.8126427531242371,0.032201201568757054,True,,0.3129786629975722,,,,0.8397313356391138,5092d0a505838fd6,33092a244a59536e
PRE,validation-c17a74b546e841cbac26930ea4119aef,1,3224626756631393088,coupled_z1.5_left_edge,TRAINING_COUPLED,shift,-1.25,0.0,1.5,-0.13740631328420216,-0.10811290423599657,0.18640181668924374,-24.44661023954691,1.0,36,0.6911089420318604,0.7858991467684665,True,,0.20980755179326893,,,,0.7628280520431518,d5def374b7aa9a2c,33092a244a59536e
MID,validation-c17a74b546e841cbac26930ea4119aef,1,3224626756631393088,coupled_z1.5_left_edge,TRAINING_COUPLED,shift,-1.25,0.0,1.5,-0.009639131008980464,-0.025024762282091925,0.45263698520708295,4.414347538087254,1.0,43,0.7116540670394897,0.35944104261036425,True,,0.032180401899172095,,,,0.816909242683383,6569b172b94fccbe,33092a244a59536e
POST,validation-c17a74b546e841cbac26930ea4119aef,1,3224626756631393088,coupled_z1.5_left_edge,TRAINING_COUPLED,shift,-1.25,0.0,1.5,-0.015567088259554584,0.027722711025570522,0.3495565509300799,18.391624128240352,1.0,46,0.6972558498382568,0.48961752394590785,True,,0.03815326248989455,,,,0.7829218506805219,fec9128f89d21d8a,33092a244a59536e
PRE,validation-c17a74b546e841cbac26930ea4119aef,1,3224626756631393088,coupled_z1.5_right_edge,TRAINING_COUPLED,shift,1.25,0.0,1.5,-0.11480202733244212,-0.10115504092172461,0.45720952215067906,-7.668710761403581,1.0,44,0.7761236429214478,-0.7502944113882578,False,,0.18361116743885972,,,,0.7843165397636199,d00869b34eecc4c0,33092a244a59536e
MID,validation-c17a74b546e841cbac26930ea4119aef,1,3224626756631393088,coupled_z1.5_right_edge,TRAINING_COUPLED,shift,1.25,0.0,1.5,0.02937014376556446,-0.1581143793598064,0.5225142111038156,10.228136380887998,1.0,70,0.8146814703941345,0.18262852778894806,True,,0.19298284307008032,,,,0.8480034885402173,0cb7b325a59b320d,33092a244a59536e
POST,validation-c17a74b546e841cbac26930ea4119aef,1,3224626756631393088,coupled_z1.5_right_edge,TRAINING_COUPLED,shift,1.25,0.0,1.5,0.012923169540895701,-0.12013577422131011,0.6031724098508695,11.923960250887005,0.9622641509433962,55,0.7896255254745483,0.10695433125031344,True,,0.1449946277783433,,,,0.8156004548064658,cbee65d3660020f3,33092a244a59536e
PRE,validation-c17a74b546e841cbac26930ea4119aef,1,3224626756631393088,legacy_center_z1,EXTRAPOLATION,identity,0.0,0.0,1.0,0.0,0.0,1.0,0.0,1.0,256,1.0,,,,,,,,1.0,44f32effca1330d0,33092a244a59536e
MID,validation-c17a74b546e841cbac26930ea4119aef,1,3224626756631393088,legacy_center_z1,EXTRAPOLATION,identity,0.0,0.0,1.0,0.0,0.0,1.0,0.0,1.0,256,1.0,,,,,,,,1.0,2a4c0b4eeb158839,33092a244a59536e
POST,validation-c17a74b546e841cbac26930ea4119aef,1,3224626756631393088,legacy_center_z1,EXTRAPOLATION,identity,0.0,0.0,1.0,0.0,0.0,1.0,0.0,1.0,256,1.0,,,,,,,,1.0,1e52262d885069d5,33092a244a59536e
PRE,validation-c17a74b546e841cbac26930ea4119aef,1,3224626756631393088,coupled_z1.1_center,TRAINING_COUPLED,zoom,0.0,0.0,1.1,0.020724660873828744,0.05789957983765533,0.9250002599672477,-0.6194341612514502,0.9080459770114943,100,0.902188777923584,,,,0.8179741197019599,-0.07796126042407821,-0.09531017980432493,True,0.8966120008683773,a362100172268757,33092a244a59536e
MID,validation-c17a74b546e841cbac26930ea4119aef,1,3224626756631393088,coupled_z1.1_center,TRAINING_COUPLED,zoom,0.0,0.0,1.1,0.07134042792197494,0.06263752510968965,0.8807620457108446,-4.916909085065527,0.9879518072289156,95,0.9002081751823425,,,,1.3321534537385509,-0.12696778520277374,-0.09531017980432493,True,0.8451500442705074,6131b5e730431469,33092a244a59536e
POST,validation-c17a74b546e841cbac26930ea4119aef,1,3224626756631393088,coupled_z1.1_center,TRAINING_COUPLED,zoom,0.0,0.0,1.1,-0.0009733508310628761,0.004085775328518261,0.9949002315646647,0.373777120408118,0.8636363636363636,146,0.9489886164665222,,,,0.05364397219319659,-0.005112816635151774,-0.09531017980432493,True,0.9375503025969608,ebdaed76f3c5bc7d,33092a244a59536e
PRE,validation-c17a74b546e841cbac26930ea4119aef,1,3224626756631393088,coupled_z1.225_center,TRAINING_COUPLED,zoom,0.0,0.0,1.225,0.01234223984235715,0.06631937928122361,0.7212947333702328,-11.43053113914392,0.9215686274509803,56,0.8014426827430725,,,,1.6098653905502227,-0.32670744107932376,-0.20294084399669038,True,0.8475729227057563,521fb4d1e5540eb1,33092a244a59536e
MID,validation-c17a74b546e841cbac26930ea4119aef,1,3224626756631393088,coupled_z1.225_center,TRAINING_COUPLED,zoom,0.0,0.0,1.225,0.08398281152717246,0.06796173174419638,0.89593442802525,-5.805112368035575,1.0,71,0.863597571849823,,,,0.5414782432586073,-0.10988805169274699,-0.20294084399669038,True,0.8354335329186628,f884bbeba940c6f7,33092a244a59536e
POST,validation-c17a74b546e841cbac26930ea4119aef,1,3224626756631393088,coupled_z1.225_center,TRAINING_COUPLED,zoom,0.0,0.0,1.225,0.03402625914029927,0.026724697601312124,0.848280315040986,-8.383380669392574,0.9344262295081968,68,0.8348178863525391,,,,0.8107985281960189,-0.16454413762337444,-0.20294084399669038,True,0.8746644854536846,2fe1afa6a1aa6ff3,33092a244a59536e
PRE,validation-c17a74b546e841cbac26930ea4119aef,1,3224626756631393088,coupled_z1.4142_center,TRAINING_COUPLED,zoom,0.0,0.0,1.4142135623730951,-0.045333116987393944,-0.0074028785161791115,0.38029918137205565,-13.757028386255993,1.0,43,0.6956385374069214,,,,2.789586522890815,-0.966797016634895,-0.3465735902799727,True,0.7975107431403767,336b689f40266296,33092a244a59536e
MID,validation-c17a74b546e841cbac26930ea4119aef,1,3224626756631393088,coupled_z1.4142_center,TRAINING_COUPLED,zoom,0.0,0.0,1.4142135623730951,-0.14924918340188723,-0.002250937575610939,0.37840666218217583,22.809663762439985,1.0,47,0.7130817770957947,,,,2.8039812121422187,-0.9717858357697186,-0.3465735902799727,True,0.8432111050603961,0a32f0db4cc95f90,33092a244a59536e
POST,validation-c17a74b546e841cbac26930ea4119aef,1,3224626756631393088,coupled_z1.4142_center,TRAINING_COUPLED,zoom,0.0,0.0,1.4142135623730951,-0.005916184725293415,-0.03400875999319612,0.31829990700976685,2.672425320585502,1.0,48,0.7133879661560059,,,,3.3030827187838128,-1.1447612368406395,-0.3465735902799727,True,0.7903346890402693,2a15a51e37d71d46,33092a244a59536e
PRE,validation-c17a74b546e841cbac26930ea4119aef,1,3224626756631393088,coupled_z1.5_center,TRAINING_COUPLED,zoom,0.0,0.0,1.5,-0.07903891374823063,-0.05614897721565225,0.5554456647709994,1.5262071224088518,1.0,35,0.6711379885673523,,,,1.450148178282065,-0.5879844878799951,-0.4054651081081644,True,0.7931867837897951,86887e6f35bc04ec,33092a244a59536e
MID,validation-c17a74b546e841cbac26930ea4119aef,1,3224626756631393088,coupled_z1.5_center,TRAINING_COUPLED,zoom,0.0,0.0,1.5,-0.1634011896015382,0.011472972127995501,0.3566242326912553,-21.753373477177178,1.0,40,0.725573718547821,,,,2.542937975220336,-1.03107262103507,-0.4054651081081644,True,0.8109747542104663,635d2a7ff9135c49,33092a244a59536e
POST,validation-c17a74b546e841cbac26930ea4119aef,1,3224626756631393088,coupled_z1.5_center,TRAINING_COUPLED,zoom,0.0,0.0,1.5,0.03491567498647709,0.00918712811992891,0.4273409875922687,13.266993245031118,1.0,51,0.6892424821853638,,,,2.0967846595097654,-0.8501730186476677,-0.4054651081081644,True,0.7741619348518258,0fccf55eaee3bb10,33092a244a59536e
PRE,validation-c17a74b546e841cbac26930ea4119aef,2,13328948592118196380,coupled_z1.1_left_edge,TRAINING_COUPLED,shift,-0.2100000000000002,0.0,1.1,-0.12886469158150982,0.002789289068195547,0.8870616802893643,5.772338512761246,0.9775280898876404,97,0.8647664785385132,0.999765827074813,True,,0.6751636323470529,,,,0.8821213245383024,292a2139fe88c7fc,0a65b328841a88c1
MID,validation-c17a74b546e841cbac26930ea4119aef,2,13328948592118196380,coupled_z1.1_left_edge,TRAINING_COUPLED,shift,-0.2100000000000002,0.0,1.1,-0.10198692152917505,-0.0506888668074018,0.7726402039647801,5.433708259927645,0.8987341772151899,87,0.818411648273468,0.8954944246901966,True,,0.5965611769947208,,,,0.8115057945243349,0d258eccdaf3b3b4,0a65b328841a88c1
POST,validation-c17a74b546e841cbac26930ea4119aef,2,13328948592118196380,coupled_z1.1_left_edge,TRAINING_COUPLED,shift,-0.2100000000000002,0.0,1.1,-0.02646031421683745,0.020997472918585072,0.8810794017294654,5.313727747490507,0.9014084507042254,76,0.8442479968070984,0.7833289247047375,True,,0.17693926715200858,,,,0.8959912595734731,06f5e47feda96eba,0a65b328841a88c1
PRE,validation-c17a74b546e841cbac26930ea4119aef,2,13328948592118196380,coupled_z1.1_right_edge,TRAINING_COUPLED,shift,0.2100000000000002,0.0,1.1,0.1657203499396656,0.12108752801241171,1.0060916693818343,4.0670956666434295,0.9425287356321839,93,0.8448634147644043,0.807427803313455,True,,1.0750917571701348,,,,0.9073651432981953,7f02848ccd103489,0a65b328841a88c1
MID,validation-c17a74b546e841cbac26930ea4119aef,2,13328948592118196380,coupled_z1.1_right_edge,TRAINING_COUPLED,shift,0.2100000000000002,0.0,1.1,0.2801296554124609,-0.003984869269670989,1.0350308840876439,-7.696840994091368,0.971830985915493,75,0.8426320552825928,0.9998988387557506,True,,1.4674942675838731,,,,0.8248234286790842,25ff95dab2c2f405,0a65b328841a88c1
POST,validation-c17a74b546e841cbac26930ea4119aef,2,13328948592118196380,coupled_z1.1_right_edge,TRAINING_COUPLED,shift,0.2100000000000002,0.0,1.1,0.11234249337525787,0.09551893169755638,0.8566017735675572,-4.385785082979642,0.95,82,0.8594557642936707,0.7618462375926716,True,,0.7724139734852987,,,,0.8861021263712279,cbbf054f214adebf,0a65b328841a88c1
PRE,validation-c17a74b546e841cbac26930ea4119aef,2,13328948592118196380,coupled_z1.225_left_edge,TRAINING_COUPLED,shift,-0.5006250000000003,0.0,1.225,-0.1356975565987527,-0.008983644700391667,0.8433709585424191,5.218182592513676,0.9397590361445783,91,0.8725860714912415,0.997815729870354,True,,0.3327708200748787,,,,0.8928003907194746,4c170ecf701b0b97,0a65b328841a88c1
MID,validation-c17a74b546e841cbac26930ea4119aef,2,13328948592118196380,coupled_z1.225_left_edge,TRAINING_COUPLED,shift,-0.5006250000000003,0.0,1.225,-0.06771720511397347,-0.03516155811594478,0.7090346766409331,15.427456613129296,0.9459459459459459,80,0.826995849609375,0.8874923161413939,True,,0.1867058728012169,,,,0.7917387485496232,71e6c2ff78595271,0a65b328841a88c1
POST,validation-c17a74b546e841cbac26930ea4119aef,2,13328948592118196380,coupled_z1.225_left_edge,TRAINING_COUPLED,shift,-0.5006250000000003,0.0,1.225,-0.10400449767796971,-0.027711881676913446,0.8006842276793502,8.302988144158148,0.9848484848484849,69,0.8143191337585449,0.9662873129885502,True,,0.26337187682736135,,,,0.8537527235590459,73fef6858f012b82,0a65b328841a88c1
PRE,validation-c17a74b546e841cbac26930ea4119aef,2,13328948592118196380,coupled_z1.225_right_edge,TRAINING_COUPLED,shift,0.5006250000000003,0.0,1.225,0.0935464355677266,0.05191210761419943,0.5615402084273842,-10.322569576982263,1.0,87,0.8559507131576538,0.8743878609546729,True,,0.26178615813264094,,,,0.8861019475572722,0838ee5f6244f485,0a65b328841a88c1
MID,validation-c17a74b546e841cbac26930ea4119aef,2,13328948592118196380,coupled_z1.225_right_edge,TRAINING_COUPLED,shift,0.5006250000000003,0.0,1.225,-0.057407056594837774,0.04545406109400901,0.4269765271858355,-16.824578837098617,1.0,72,0.8405144214630127,-0.784000575005329,False,,0.1791729540860496,,,,0.8317145705214766,781df9bae3510925,0a65b328841a88c1
POST,validation-c17a74b546e841cbac26930ea4119aef,2,13328948592118196380,coupled_z1.225_right_edge,TRAINING_COUPLED,shift,0.5006250000000003,0.0,1.225,0.15015284147970223,0.08418123039332415,0.46781830741365443,-11.346737049547997,1.0,67,0.8518990278244019,0.8722690611410211,True,,0.4212177285626021,,,,0.788472435796504,058beb97e9e24d8d,0a65b328841a88c1
PRE,validation-c17a74b546e841cbac26930ea4119aef,2,13328948592118196380,coupled_z1.4142_left_edge,TRAINING_COUPLED,shift,-1.0000000000000004,0.0,1.4142135623730951,-0.11978123129765042,-0.00880776121955119,0.820374596418871,-1.6061921673987722,0.9230769230769231,82,0.8567227721214294,0.9973074317960564,True,,0.16985358417697194,,,,0.8990709065274435,a1c617be62a681c1,0a65b328841a88c1
MID,validation-c17a74b546e841cbac26930ea4119aef,2,13328948592118196380,coupled_z1.4142_left_edge,TRAINING_COUPLED,shift,-1.0000000000000004,0.0,1.4142135623730951,-0.12882524592365457,0.02216040713094662,0.795253267543616,8.940853707546529,0.9545454545454546,70,0.8128586411476135,0.9855251673195339,True,,0.18486226024529387,,,,0.8028526784681802,130fc0f247d7af31,0a65b328841a88c1
POST,validation-c17a74b546e841cbac26930ea4119aef,2,13328948592118196380,coupled_z1.4142_left_edge,TRAINING_COUPLED,shift,-1.0000000000000004,0.0,1.4142135623730951,-0.11898275645147761,-0.020113687197696194,0.7330198190751445,7.349862380732494,0.9137931034482759,63,0.8179588913917542,0.9860106678258695,True,,0.1706543685082711,,,,0.901124888724671,b0b84fbb5684c702,0a65b328841a88c1
PRE,validation-c17a74b546e841cbac26930ea4119aef,2,13328948592118196380,coupled_z1.4142_right_edge,TRAINING_COUPLED,shift,1.0000000000000004,0.0,1.4142135623730951,-0.014202403148953768,0.06415164698570536,1.0114058544623348,2.05376924549048,0.8823529411764706,114,0.8624408841133118,-0.21615419382584414,False,,0.09292084874971783,,,,0.9103918075552418,89a91d6e2c0a2e75,0a65b328841a88c1
MID,validation-c17a74b546e841cbac26930ea4119aef,2,13328948592118196380,coupled_z1.4142_right_edge,TRAINING_COUPLED,shift,1.0000000000000004,0.0,1.4142135623730951,0.030634072062332693,-0.011494574890245413,0.9761418696448791,-2.567670128384846,0.8936170212765957,106,0.8644974827766418,0.9362608547052667,True,,0.046272489084285315,,,,0.837426066397783,44e029b5e532fa3f,0a65b328841a88c1
POST,validation-c17a74b546e841cbac26930ea4119aef,2,13328948592118196380,coupled_z1.4142_right_edge,TRAINING_COUPLED,shift,1.0000000000000004,0.0,1.4142135623730951,0.0005184272114481872,-0.00028454454588668077,0.9522115929314924,1.2961116078021953,0.9420289855072463,78,0.8156066536903381,0.8766371497634554,True,,0.0008363400889157479,,,,0.904187375555766,bd35b9e77176faad,0a65b328841a88c1
PRE,validation-c17a74b546e841cbac26930ea4119aef,2,13328948592118196380,coupled_z1.5_left_edge,TRAINING_COUPLED,shift,-1.25,0.0,1.5,-0.13639774029387972,0.040024054664330004,0.7853824214376868,1.940728398896478,0.9382716049382716,86,0.8353219032287598,0.9595422796658247,True,,0.17057850583538334,,,,0.8908232385401901,159a0bacae42ce67,0a65b328841a88c1
MID,validation-c17a74b546e841cbac26930ea4119aef,2,13328948592118196380,coupled_z1.5_left_edge,TRAINING_COUPLED,shift,-1.25,0.0,1.5,-0.09921848530707207,0.012420662706389885,0.7582169886794606,2.428179867228911,0.9285714285714286,75,0.8023922443389893,0.9922552715137314,True,,0.11999148382998535,,,,0.7938234806052852,236356d364869251,0a65b328841a88c1
POST,validation-c17a74b546e841cbac26930ea4119aef,2,13328948592118196380,coupled_z1.5_left_edge,TRAINING_COUPLED,shift,-1.25,0.0,1.5,-0.074963234079117,-0.03179839056148585,0.7627934866881667,6.63022091688878,0.9253731343283582,71,0.8225634694099426,0.9206002968603593,True,,0.0977143731111132,,,,0.8967304764220376,f709086b40e6ea2f,0a65b328841a88c1
PRE,validation-c17a74b546e841cbac26930ea4119aef,2,13328948592118196380,coupled_z1.5_right_edge,TRAINING_COUPLED,shift,1.25,0.0,1.5,0.025021505033770867,0.05610577535755949,0.9103190123766641,-0.061082568559398774,0.8933333333333333,82,0.8396844863891602,0.4073017660627918,True,,0.07371882113398348,,,,0.827623546122677,01f5725d1283bb93,0a65b328841a88c1
MID,validation-c17a74b546e841cbac26930ea4119aef,2,13328948592118196380,coupled_z1.5_right_edge,TRAINING_COUPLED,shift,1.25,0.0,1.5,0.005432821025519391,0.0015138357000034908,0.9677062689729055,-2.70043646693642,0.8241758241758241,99,0.8448215126991272,0.963301831378545,True,,0.006767749231729859,,,,0.8494477868071644,1e9942188c34d8ee,0a65b328841a88c1
POST,validation-c17a74b546e841cbac26930ea4119aef,2,13328948592118196380,coupled_z1.5_right_edge,TRAINING_COUPLED,shift,1.25,0.0,1.5,0.029159853360059107,0.011188736756439221,0.9844469664000234,-0.766352290298827,0.7731958762886598,112,0.8852205276489258,0.933630573216721,True,,0.03747930395013312,,,,0.9131580487668978,674bb7c70113140f,0a65b328841a88c1
PRE,validation-c17a74b546e841cbac26930ea4119aef,2,13328948592118196380,legacy_center_z1,EXTRAPOLATION,identity,0.0,0.0,1.0,0.0,0.0,1.0,0.0,1.0,256,1.0,,,,,,,,1.0,58a2f6c9a6cb14ca,0a65b328841a88c1
MID,validation-c17a74b546e841cbac26930ea4119aef,2,13328948592118196380,legacy_center_z1,EXTRAPOLATION,identity,0.0,0.0,1.0,0.0,0.0,1.0,0.0,1.0,256,1.0,,,,,,,,1.0,64e881812e1fe9b5,0a65b328841a88c1
POST,validation-c17a74b546e841cbac26930ea4119aef,2,13328948592118196380,legacy_center_z1,EXTRAPOLATION,identity,0.0,0.0,1.0,0.0,0.0,1.0,0.0,1.0,256,1.0,,,,,,,,1.0,6c7304f4db4b7eed,0a65b328841a88c1
PRE,validation-c17a74b546e841cbac26930ea4119aef,2,13328948592118196380,coupled_z1.1_center,TRAINING_COUPLED,zoom,0.0,0.0,1.1,-0.0011920212165670158,0.0016797571784458454,0.9994495180156289,0.13658644242547827,0.9822485207100592,190,0.9480911493301392,,,,0.0057772795763935,-0.0005506335552059187,-0.09531017980432493,True,0.9558377861967065,853132a8dcabd53f,0a65b328841a88c1
MID,validation-c17a74b546e841cbac26930ea4119aef,2,13328948592118196380,coupled_z1.1_center,TRAINING_COUPLED,zoom,0.0,0.0,1.1,-0.00019407016696953994,0.013444794269650034,1.0044801817956277,-0.22554726235440722,0.8222222222222222,153,0.9149141907691956,,,,-0.04690134532773366,0.00447017565625103,-0.09531017980432493,False,0.9319918751707293,ae8bb1e5922ec138,0a65b328841a88c1
POST,validation-c17a74b546e841cbac26930ea4119aef,2,13328948592118196380,coupled_z1.1_center,TRAINING_COUPLED,zoom,0.0,0.0,1.1,0.03191817531481951,0.06667890491636987,0.9370516003067085,-0.6533535369164669,0.8875,89,0.8670732378959656,,,,0.6821614301412062,-0.0650169285623338,-0.09531017980432493,True,0.9043919387088278,470d9d152bb53011,0a65b328841a88c1
PRE,validation-c17a74b546e841cbac26930ea4119aef,2,13328948592118196380,coupled_z1.225_center,TRAINING_COUPLED,zoom,0.0,0.0,1.225,0.0007829130095382553,0.004828011320715864,1.0016618542524558,-0.16837978393215472,0.9444444444444444,158,0.92893385887146,,,,-0.00818206363959439,0.0016604749006539177,-0.20294084399669038,False,0.9568687677373854,728718061d720964,0a65b328841a88c1
MID,validation-c17a74b546e841cbac26930ea4119aef,2,13328948592118196380,coupled_z1.225_center,TRAINING_COUPLED,zoom,0.0,0.0,1.225,0.12093279042501795,0.11872934267736576,0.5618129343237345,-8.533766304382953,1.0,86,0.8181583285331726,,,,2.841154743508738,-0.5765863415728637,-0.20294084399669038,True,0.8807042241087689,e5701b3b42dac6b3,0a65b328841a88c1
POST,validation-c17a74b546e841cbac26930ea4119aef,2,13328948592118196380,coupled_z1.225_center,TRAINING_COUPLED,zoom,0.0,0.0,1.225,-0.06076795361167542,0.14742948828904337,0.6258041043712541,8.336761466093028,1.0,74,0.8080258965492249,,,,2.3096281652278283,-0.46871788916986296,-0.20294084399669038,True,0.8595654880732934,b294f99f1b050d24,0a65b328841a88c1
PRE,validation-c17a74b546e841cbac26930ea4119aef,2,13328948592118196380,coupled_z1.4142_center,TRAINING_COUPLED,zoom,0.0,0.0,1.4142135623730951,0.01364582650318013,0.06598378794833126,0.8683847616235444,1.0169396380544502,0.9195402298850575,94,0.8533114790916443,,,,0.4071873701188002,-0.14112038877873265,-0.3465735902799727,True,0.906136983997928,ae6b7aaf881b8646,0a65b328841a88c1
MID,validation-c17a74b546e841cbac26930ea4119aef,2,13328948592118196380,coupled_z1.4142_center,TRAINING_COUPLED,zoom,0.0,0.0,1.4142135623730951,0.09257443823373362,0.12923776705848944,0.7284080504864419,-13.40296743605325,0.9620253164556962,82,0.8187571167945862,,,,0.9143624551598184,-0.3168938789019488,-0.3465735902799727,True,0.8763195798578786,08e1ade6a668521d,0a65b328841a88c1
POST,validation-c17a74b546e841cbac26930ea4119aef,2,13328948592118196380,coupled_z1.4142_center,TRAINING_COUPLED,zoom,0.0,0.0,1.4142135623730951,0.050226151083605286,0.1336423029577512,0.42407326132948164,-10.225418033378181,1.0,68,0.809400200843811,,,,2.475229147808271,-0.8578490525215497,-0.3465735902799727,True,0.8660267511613501,9de7753a0d921635,0a65b328841a88c1
PRE,validation-c17a74b546e841cbac26930ea4119aef,2,13328948592118196380,coupled_z1.5_center,TRAINING_COUPLED,zoom,0.0,0.0,1.5,0.022937432425865878,0.05222132882636636,0.8549737618578644,0.4182500514311141,0.9247311827956989,101,0.842084527015686,,,,0.3864315209090696,-0.1566844984017983,-0.4054651081081644,True,0.8965654373159979,d40b6626568bfb88,0a65b328841a88c1
MID,validation-c17a74b546e841cbac26930ea4119aef,2,13328948592118196380,coupled_z1.5_center,TRAINING_COUPLED,zoom,0.0,0.0,1.5,0.11297812155802542,0.10344966313350211,0.5994307145862322,0.5313241683068055,1.0,86,0.8243377804756165,,,,1.2621921663765323,-0.5117748831931389,-0.4054651081081644,True,0.8698074221602324,c1314d9ec2cba4f5,0a65b328841a88c1
POST,validation-c17a74b546e841cbac26930ea4119aef,2,13328948592118196380,coupled_z1.5_center,TRAINING_COUPLED,zoom,0.0,0.0,1.5,-0.026801957001102543,0.05638437155457553,0.5511152848239139,-0.3897222087047773,1.0,71,0.7916364669799805,,,,1.4694513817448365,-0.5958112633588617,-0.4054651081081644,True,0.8147086876275365,c58ad755f39ad4ba,0a65b328841a88c1
PRE,validation-fe7761d38db73e6709e5afac5a476aea,0,1703622089916281952,coupled_z1.1_left_edge,TRAINING_COUPLED,shift,-0.2100000000000002,0.0,1.1,-0.04439320659912935,-0.014708312990764472,0.9462859352264802,0.9742009386498502,0.9541284403669725,127,0.8796731233596802,0.9492553710013917,True,,0.24496658240587513,,,,0.9436326522160843,223b6b4b17b52961,64403db41b1adcf6
MID,validation-fe7761d38db73e6709e5afac5a476aea,0,1703622089916281952,coupled_z1.1_left_edge,TRAINING_COUPLED,shift,-0.2100000000000002,0.0,1.1,-0.05005450982122042,-0.006138853529274603,0.9405599138503709,0.8488843984088335,0.916030534351145,143,0.8935278654098511,0.9925630940824228,True,,0.26415478378719554,,,,0.9580419659604982,ba70c961bc898c79,64403db41b1adcf6
POST,validation-fe7761d38db73e6709e5afac5a476aea,0,1703622089916281952,coupled_z1.1_left_edge,TRAINING_COUPLED,shift,-0.2100000000000002,0.0,1.1,-0.06385321987141179,0.0192842957977455,0.9003337834233537,3.2796225874882428,0.9351851851851852,116,0.8779897093772888,0.9572951350493885,True,,0.3493898952092432,,,,0.9322822093954299,7c1911726b48248a,64403db41b1adcf6
PRE,validation-fe7761d38db73e6709e5afac5a476aea,0,1703622089916281952,coupled_z1.1_right_edge,TRAINING_COUPLED,shift,0.2100000000000002,0.0,1.1,0.038430926486939104,0.02518768202708966,0.634328357401023,-7.400021431181292,1.0,105,0.8700522780418396,0.8363733363457665,True,,0.24068779366329998,,,,0.9256402165451588,950cf160e2ce22ba,64403db41b1adcf6
MID,validation-fe7761d38db73e6709e5afac5a476aea,0,1703622089916281952,coupled_z1.1_right_edge,TRAINING_COUPLED,shift,0.2100000000000002,0.0,1.1,0.03855790669920501,-0.002173325457808087,0.8947184983752685,-1.0976508621506182,0.8181818181818182,121,0.8855242729187012,0.9984152551268588,True,,0.20229056638259155,,,,0.946253418921478,5f684f68b64f139d,64403db41b1adcf6
POST,validation-fe7761d38db73e6709e5afac5a476aea,0,1703622089916281952,coupled_z1.1_right_edge,TRAINING_COUPLED,shift,0.2100000000000002,0.0,1.1,-0.011524381258422783,-0.0021199608778013756,0.6815352818681234,-4.6931017767795415,1.0,103,0.860652506351471,-0.983498034014148,False,,0.061378675378099525,,,,0.9196592569341999,37dbb1b403f9bef6,64403db41b1adcf6
PRE,validation-fe7761d38db73e6709e5afac5a476aea,0,1703622089916281952,coupled_z1.225_left_edge,TRAINING_COUPLED,shift,-0.5006250000000003,0.0,1.225,-0.1713697218103699,0.027346316655959876,0.8440472463451931,4.072243912619779,1.0,103,0.831854522228241,0.9875060273875574,True,,0.4246370576304209,,,,0.9243113949475221,c9e4c344cf375844,64403db41b1adcf6
MID,validation-fe7761d38db73e6709e5afac5a476aea,0,1703622089916281952,coupled_z1.225_left_edge,TRAINING_COUPLED,shift,-0.5006250000000003,0.0,1.225,-0.11341549820251756,0.0033536732648157125,0.8938578471316204,3.7581685090680845,0.9464285714285714,121,0.8848581910133362,0.9995631000187328,True,,0.27764237120038493,,,,0.9372701644888087,08dfe0de78a62fae,64403db41b1adcf6
POST,validation-fe7761d38db73e6709e5afac5a476aea,0,1703622089916281952,coupled_z1.225_left_edge,TRAINING_COUPLED,shift,-0.5006250000000003,0.0,1.225,-0.10608985992364356,0.021945743937194173,0.894400026415925,4.565720434504929,1.0,108,0.8604822754859924,0.979267528742342,True,,0.26509166760860936,,,,0.9081572890272595,72d1890fc005b61a,64403db41b1adcf6
PRE,validation-fe7761d38db73e6709e5afac5a476aea,0,1703622089916281952,coupled_z1.225_right_edge,TRAINING_COUPLED,shift,0.5006250000000003,0.0,1.225,0.05673378404209565,0.006058251873012162,0.3734682898294634,4.40111070757046,1.0,95,0.8471046686172485,0.9943469047852487,True,,0.13961348894268424,,,,0.9317647178023508,766e28742e349f9c,64403db41b1adcf6
MID,validation-fe7761d38db73e6709e5afac5a476aea,0,1703622089916281952,coupled_z1.225_right_edge,TRAINING_COUPLED,shift,0.5006250000000003,0.0,1.225,-0.040639613732308455,-0.05378654595973588,0.5996301275438525,-2.1208916794703763,1.0,106,0.8673674464225769,-0.6028414946128479,False,,0.1649567109952368,,,,0.9492366313924833,7bceeea289acc6ee,64403db41b1adcf6
POST,validation-fe7761d38db73e6709e5afac5a476aea,0,1703622089916281952,coupled_z1.225_right_edge,TRAINING_COUPLED,shift,0.5006250000000003,0.0,1.225,0.0722484127216338,-0.02550343056937212,0.7044766894055241,7.908563811318312,0.989247311827957,95,0.8274504542350769,0.9429739850949651,True,,0.18747879519842672,,,,0.9052345752707012,77b4496d29b7ae26,64403db41b1adcf6
PRE,validation-fe7761d38db73e6709e5afac5a476aea,0,1703622089916281952,coupled_z1.4142_left_edge,TRAINING_COUPLED,shift,-1.0000000000000004,0.0,1.4142135623730951,-0.1670541957059878,0.03962275721567053,0.687793308992451,-5.801361160857552,0.9375,84,0.8294949531555176,0.9730054034673989,True,,0.24280472479894796,,,,0.9212100458857173,a2d61ce7bfd78b49,64403db41b1adcf6
MID,validation-fe7761d38db73e6709e5afac5a476aea,0,1703622089916281952,coupled_z1.4142_left_edge,TRAINING_COUPLED,shift,-1.0000000000000004,0.0,1.4142135623730951,-0.24234008711553603,0.01552539176593097,0.775325035707963,-1.7734811208984964,0.9886363636363636,95,0.8365716338157654,0.9979541664898615,True,,0.34342322464461017,,,,0.9272468046683817,fe6a390b3b467739,64403db41b1adcf6
POST,validation-fe7761d38db73e6709e5afac5a476aea,0,1703622089916281952,coupled_z1.4142_left_edge,TRAINING_COUPLED,shift,-1.0000000000000004,0.0,1.4142135623730951,-0.19578845835479353,0.019492161632698103,0.8228335122554643,-2.0506029240026153,0.98989898989899,108,0.834382176399231,0.9950807150078342,True,,0.278255511320304,,,,0.9206165075292917,3b75177c7e98d282,64403db41b1adcf6
PRE,validation-fe7761d38db73e6709e5afac5a476aea,0,1703622089916281952,coupled_z1.4142_right_edge,TRAINING_COUPLED,shift,1.0000000000000004,0.0,1.4142135623730951,0.042997585864643,0.04348136066940993,0.42854126730755226,-12.913836796458401,1.0,83,0.8293781280517578,0.7031401291035251,True,,0.08648029967397954,,,,0.9158376455297847,3a5f7ecb09064357,64403db41b1adcf6
MID,validation-fe7761d38db73e6709e5afac5a476aea,0,1703622089916281952,coupled_z1.4142_right_edge,TRAINING_COUPLED,shift,1.0000000000000004,0.0,1.4142135623730951,-0.003612040267597108,0.0072090762139496445,0.5819936084358692,-6.132960481466929,1.0,92,0.8413376808166504,-0.44795776252334124,False,,0.011403299062400975,,,,0.9292879104604964,ad189fafa8a6c29b,64403db41b1adcf6
POST,validation-fe7761d38db73e6709e5afac5a476aea,0,1703622089916281952,coupled_z1.4142_right_edge,TRAINING_COUPLED,shift,1.0000000000000004,0.0,1.4142135623730951,0.06312908089972442,0.03492627821945129,0.40017464668998054,14.572317866399795,1.0,90,0.82646644115448,0.8750116852026132,True,,0.10203064015781206,,,,0.8910252451887757,674aa003275bdd78,64403db41b1adcf6
PRE,validation-fe7761d38db73e6709e5afac5a476aea,0,1703622089916281952,coupled_z1.5_left_edge,TRAINING_COUPLED,shift,-1.25,0.0,1.5,-0.046364895064127463,-0.07690940832051912,0.3609505322115258,8.210426456859654,1.0,75,0.7985370755195618,0.5162897959530455,True,,0.10776481447498824,,,,0.8858058980578802,7b67db00b7328fa1,64403db41b1adcf6
MID,validation-fe7761d38db73e6709e5afac5a476aea,0,1703622089916281952,coupled_z1.5_left_edge,TRAINING_COUPLED,shift,-1.25,0.0,1.5,-0.2753005502611747,-0.0012231348937357927,0.7509650682146757,1.314056257455292,0.9868421052631579,82,0.829539954662323,0.9999901304279993,True,,0.33036392086247307,,,,0.9159739017477412,f9a35db976d4dfbb,64403db41b1adcf6
POST,validation-fe7761d38db73e6709e5afac5a476aea,0,1703622089916281952,coupled_z1.5_left_edge,TRAINING_COUPLED,shift,-1.25,0.0,1.5,-0.2279177500486942,0.0070821108249574105,0.8143131873466958,-1.3318658237491998,1.0,97,0.8269159197807312,0.9995175805695553,True,,0.2736333060806639,,,,0.9226388335218739,6298dccce04fca1a,64403db41b1adcf6
PRE,validation-fe7761d38db73e6709e5afac5a476aea,0,1703622089916281952,coupled_z1.5_right_edge,TRAINING_COUPLED,shift,1.25,0.0,1.5,0.04922464896687812,0.026380995286942044,0.45938612368216825,3.696296730548608,1.0,78,0.8006152510643005,0.8814005975673651,True,,0.06701785649115113,,,,0.9093814438203685,2b06c5ee78071d96,64403db41b1adcf6
MID,validation-fe7761d38db73e6709e5afac5a476aea,0,1703622089916281952,coupled_z1.5_right_edge,TRAINING_COUPLED,shift,1.25,0.0,1.5,-0.02657024157562705,0.023985997845822435,0.5033077195656848,-5.256657743042533,1.0,87,0.827972948551178,-0.742282295091332,False,,0.04295439902114392,,,,0.9182270169248935,75d559ef1b1d8452,64403db41b1adcf6
POST,validation-fe7761d38db73e6709e5afac5a476aea,0,1703622089916281952,coupled_z1.5_right_edge,TRAINING_COUPLED,shift,1.25,0.0,1.5,-0.010246617674357658,-0.04819677546162322,0.5341730071271018,0.5827004703532721,1.0,68,0.8045527935028076,-0.2079520166954463,False,,0.059128742314327326,,,,0.8733366652323016,5cdbdf682f50634b,64403db41b1adcf6
PRE,validation-fe7761d38db73e6709e5afac5a476aea,0,1703622089916281952,legacy_center_z1,EXTRAPOLATION,identity,0.0,0.0,1.0,0.0,0.0,1.0,0.0,1.0,256,1.0,,,,,,,,1.0,c8c3857206940846,64403db41b1adcf6
MID,validation-fe7761d38db73e6709e5afac5a476aea,0,1703622089916281952,legacy_center_z1,EXTRAPOLATION,identity,0.0,0.0,1.0,0.0,0.0,1.0,0.0,1.0,256,1.0,,,,,,,,1.0,a118f0d3fd8de21c,64403db41b1adcf6
POST,validation-fe7761d38db73e6709e5afac5a476aea,0,1703622089916281952,legacy_center_z1,EXTRAPOLATION,identity,0.0,0.0,1.0,0.0,0.0,1.0,0.0,1.0,256,1.0,,,,,,,,1.0,056dc0607a14072b,64403db41b1adcf6
PRE,validation-fe7761d38db73e6709e5afac5a476aea,0,1703622089916281952,coupled_z1.1_center,TRAINING_COUPLED,zoom,0.0,0.0,1.1,0.0,0.0,1.0,5.141913147405439e-15,1.0,174,0.9319865107536316,,,,-0.0,0.0,-0.09531017980432493,False,0.965078707345797,3f304cfee9e7bd65,64403db41b1adcf6
MID,validation-fe7761d38db73e6709e5afac5a476aea,0,1703622089916281952,coupled_z1.1_center,TRAINING_COUPLED,zoom,0.0,0.0,1.1,-0.010209183348429407,-0.0023843702478789502,0.989326915414341,0.3395226497471125,0.8863636363636364,153,0.9199122786521912,,,,0.11258451637518131,-0.010730450498901496,-0.09531017980432493,True,0.9587833881368585,c05be2f2e96726e1,64403db41b1adcf6
POST,validation-fe7761d38db73e6709e5afac5a476aea,0,1703622089916281952,coupled_z1.1_center,TRAINING_COUPLED,zoom,0.0,0.0,1.1,0.07659450061474157,0.01771297693502269,0.8841107303540016,-4.933002449677827,0.9576271186440678,128,0.8743140697479248,,,,1.2923379628532206,-0.12317296360749545,-0.09531017980432493,True,0.8979969024649223,7ff0947c67a54ae2,64403db41b1adcf6
PRE,validation-fe7761d38db73e6709e5afac5a476aea,0,1703622089916281952,coupled_z1.225_center,TRAINING_COUPLED,zoom,0.0,0.0,1.225,-0.028244337087046698,0.0037947476600463936,0.9689855594396981,1.3712313505086495,0.8571428571428571,140,0.8992718458175659,,,,0.1552450907415158,-0.031505569741426,-0.20294084399669038,True,0.9393454157906566,dda7cf67dcec0c33,64403db41b1adcf6
MID,validation-fe7761d38db73e6709e5afac5a476aea,0,1703622089916281952,coupled_z1.225_center,TRAINING_COUPLED,zoom,0.0,0.0,1.225,-0.06705199673597459,0.0569750509440427,0.887470980174753,5.361444250227718,0.9428571428571428,114,0.8815073370933533,,,,0.5882475612635262,-0.11937945656181484,-0.20294084399669038,True,0.9292544680380153,3d57277cbcb0a3d7,64403db41b1adcf6
POST,validation-fe7761d38db73e6709e5afac5a476aea,0,1703622089916281952,coupled_z1.225_center,TRAINING_COUPLED,zoom,0.0,0.0,1.225,-0.0549121787491039,0.022438411070800104,0.8945055286188345,3.58522275452028,0.9805825242718447,107,0.8642419576644897,,,,0.5493433119537012,-0.11148419537182129,-0.20294084399669038,True,0.929622292517686,7fbf6891a1f527b1,64403db41b1adcf6
PRE,validation-fe7761d38db73e6709e5afac5a476aea,0,1703622089916281952,coupled_z1.4142_center,TRAINING_COUPLED,zoom,0.0,0.0,1.4142135623730951,-0.051289524419357246,0.11790900770478221,0.7464032372374112,4.884613364710306,0.975609756097561,87,0.8518708944320679,,,,0.8439457030967976,-0.29248929232361304,-0.3465735902799727,True,0.9244466929958985,a81c43104c17390a,64403db41b1adcf6
MID,validation-fe7761d38db73e6709e5afac5a476aea,0,1703622089916281952,coupled_z1.4142_center,TRAINING_COUPLED,zoom,0.0,0.0,1.4142135623730951,0.038401473116009735,0.0895786842978197,0.72486930387866,5.455744409820559,0.9540229885057471,90,0.8308896422386169,,,,0.9284143971570554,-0.3217639108903372,-0.3465735902799727,True,0.9161803076365552,b80413dd24fe0ead,64403db41b1adcf6
POST,validation-fe7761d38db73e6709e5afac5a476aea,0,1703622089916281952,coupled_z1.4142_center,TRAINING_COUPLED,zoom,0.0,0.0,1.4142135623730951,-0.06557156029954178,0.05595171565888005,0.5934992529092119,12.684054753740066,0.9850746268656716,69,0.808295488357544,,,,1.505363762137592,-0.5217193237213921,-0.3465735902799727,True,0.8943193491878715,e07a9bda504b9957,64403db41b1adcf6
PRE,validation-fe7761d38db73e6709e5afac5a476aea,0,1703622089916281952,coupled_z1.5_center,TRAINING_COUPLED,zoom,0.0,0.0,1.5,-0.026838088587390237,0.08431015562649637,0.7309756971269982,3.494038362897017,0.9367088607594937,87,0.8007461428642273,,,,0.7728780099266181,-0.3133750658493192,-0.4054651081081644,True,0.9245794370510534,329ec7305a487117,64403db41b1adcf6
MID,validation-fe7761d38db73e6709e5afac5a476aea,0,1703622089916281952,coupled_z1.5_center,TRAINING_COUPLED,zoom,0.0,0.0,1.5,-0.039310366866930874,0.01616920192594489,0.5361692634594095,7.255477681519461,1.0,79,0.8148899078369141,,,,1.5372602112042282,-0.623305377726302,-0.4054651081081644,True,0.9308900195881368,a60137753290daab,64403db41b1adcf6
POST,validation-fe7761d38db73e6709e5afac5a476aea,0,1703622089916281952,coupled_z1.5_center,TRAINING_COUPLED,zoom,0.0,0.0,1.5,-0.05044317632879707,0.06013377020703521,0.5030261563203009,-4.4707866324561225,1.0,70,0.8026125431060791,,,,1.6946294412448049,-0.687113109597603,-0.4054651081081644,True,0.880032181738927,55d2cca13aa2d0c7,64403db41b1adcf6
PRE,validation-fe7761d38db73e6709e5afac5a476aea,1,8434535572905246650,coupled_z1.1_left_edge,TRAINING_COUPLED,shift,-0.2100000000000002,0.0,1.1,-0.014054057014341204,-0.0037994348219761997,0.9878375189497651,-0.33933206553642237,0.875968992248062,148,0.9079218506813049,0.9653453798719542,True,,0.07625922351854779,,,,0.9298700094213723,b8e0b9c47987e1c9,27e82fe6b87e6c6c
MID,validation-fe7761d38db73e6709e5afac5a476aea,1,8434535572905246650,coupled_z1.1_left_edge,TRAINING_COUPLED,shift,-0.2100000000000002,0.0,1.1,-0.03630408713532681,-0.01281092171136608,0.9642675579187882,-2.0177106648120584,0.8476190476190476,115,0.8799715638160706,0.9430089640329383,True,,0.2016569016563809,,,,0.8986887871428555,374c757610cadc7c,27e82fe6b87e6c6c
POST,validation-fe7761d38db73e6709e5afac5a476aea,1,8434535572905246650,coupled_z1.1_left_edge,TRAINING_COUPLED,shift,-0.2100000000000002,0.0,1.1,-0.008397134175405246,0.024737100810295516,0.9597567259036908,-1.0208710146027555,0.7872340425531915,104,0.8613588809967041,0.32144015013078564,True,,0.13683725729695265,,,,0.8965624570837591,d9aa5b6ef125a662,27e82fe6b87e6c6c
PRE,validation-fe7761d38db73e6709e5afac5a476aea,1,8434535572905246650,coupled_z1.1_right_edge,TRAINING_COUPLED,shift,0.2100000000000002,0.0,1.1,0.15651366753836288,0.0698919425667341,0.5719117038436494,6.764344449940598,1.0,84,0.8263102769851685,0.913094944928046,True,,0.8978622663047058,,,,0.9261786341657913,680d5163b068fb42,27e82fe6b87e6c6c
MID,validation-fe7761d38db73e6709e5afac5a476aea,1,8434535572905246650,coupled_z1.1_right_edge,TRAINING_COUPLED,shift,0.2100000000000002,0.0,1.1,0.18680137875446573,-0.044964639988933776,0.7214660208239532,-3.1844471957828597,1.0,88,0.8279418349266052,0.9722308164176229,True,,1.0064311848313259,,,,0.8789912986145348,5d6a1a54158af436,27e82fe6b87e6c6c
POST,validation-fe7761d38db73e6709e5afac5a476aea,1,8434535572905246650,coupled_z1.1_right_edge,TRAINING_COUPLED,shift,0.2100000000000002,0.0,1.1,0.12311703666334486,0.00821697677134926,0.6230483780208125,7.722935083053571,1.0,92,0.826795220375061,0.9977802202205153,True,,0.6463334814401912,,,,0.8961933255186655,f24e21f846bf1ea5,27e82fe6b87e6c6c
PRE,validation-fe7761d38db73e6709e5afac5a476aea,1,8434535572905246650,coupled_z1.225_left_edge,TRAINING_COUPLED,shift,-0.5006250000000003,0.0,1.225,-0.025928941275925335,-0.001937095529490132,0.9768033574986974,0.9208572673244405,0.8220338983050848,132,0.886462390422821,0.9972209956375995,True,,0.06362340759996891,,,,0.9295216798773053,58aa4f57325567d1,27e82fe6b87e6c6c
MID,validation-fe7761d38db73e6709e5afac5a476aea,1,8434535572905246650,coupled_z1.225_left_edge,TRAINING_COUPLED,shift,-0.5006250000000003,0.0,1.225,-0.019091419157673564,-0.04845525737751885,0.8189348629890335,-1.0507517235954744,0.9285714285714286,89,0.8383838534355164,0.3665741236711674,True,,0.12743829812149648,,,,0.8812338639032292,84040758c2e58862,27e82fe6b87e6c6c
POST,validation-fe7761d38db73e6709e5afac5a476aea,1,8434535572905246650,coupled_z1.225_left_edge,TRAINING_COUPLED,shift,-0.5006250000000003,0.0,1.225,-0.030986892214582732,0.00030273477705954066,0.8601862010364181,1.9103903668106523,0.9797979797979798,103,0.8336682915687561,0.9999522791446106,True,,0.07582672555214273,,,,0.8826141497347886,6825c3151447fff2,27e82fe6b87e6c6c
PRE,validation-fe7761d38db73e6709e5afac5a476aea,1,8434535572905246650,coupled_z1.225_right_edge,TRAINING_COUPLED,shift,0.5006250000000003,0.0,1.225,0.17675925034056666,0.07013866910682097,0.6148357547273714,5.264201537587108,1.0,79,0.8155386447906494,0.9294977250094024,True,,0.465326059762029,,,,0.9077649116507035,f7f506335cdecff2,27e82fe6b87e6c6c
MID,validation-fe7761d38db73e6709e5afac5a476aea,1,8434535572905246650,coupled_z1.225_right_edge,TRAINING_COUPLED,shift,0.5006250000000003,0.0,1.225,0.23101200098001667,-0.04934176250929325,0.6632093063256085,-3.700353418041777,1.0,85,0.8351697325706482,0.9779416686462356,True,,0.5780230350174757,,,,0.8731385318197259,dcc85298bee2145a,27e82fe6b87e6c6c
POST,validation-fe7761d38db73e6709e5afac5a476aea,1,8434535572905246650,coupled_z1.225_right_edge,TRAINING_COUPLED,shift,0.5006250000000003,0.0,1.225,0.16513118593975984,0.06153909639690618,0.5712930170790602,-12.902017155459601,1.0,82,0.8196074962615967,0.9370456594559766,True,,0.43121305623258455,,,,0.8947273492804162,ef63fdc35e514991,27e82fe6b87e6c6c
PRE,validation-fe7761d38db73e6709e5afac5a476aea,1,8434535572905246650,coupled_z1.4142_left_edge,TRAINING_COUPLED,shift,-1.0000000000000004,0.0,1.4142135623730951,-0.060812118361234575,0.16263914649867367,0.7035185996414135,6.072081921602232,0.9642857142857143,87,0.796267569065094,0.3502267496829083,True,,0.24555897749175376,,,,0.8847002387037967,59ec58350f0712f8,27e82fe6b87e6c6c
MID,validation-fe7761d38db73e6709e5afac5a476aea,1,8434535572905246650,coupled_z1.4142_left_edge,TRAINING_COUPLED,shift,-1.0000000000000004,0.0,1.4142135623730951,0.007339629535819426,0.038471160513716976,0.5915521342799186,-5.983955586957374,1.0,74,0.8242433667182922,-0.18740258015848957,False,,0.055387730644886474,,,,0.8944153785696621,88b7f0ad232fe925,27e82fe6b87e6c6c
POST,validation-fe7761d38db73e6709e5afac5a476aea,1,8434535572905246650,coupled_z1.4142_left_edge,TRAINING_COUPLED,shift,-1.0000000000000004,0.0,1.4142135623730951,-0.04926340498666769,0.044323179284983125,0.7812324570725231,1.580058740842456,0.9886363636363636,90,0.8271803259849548,0.743398324165576,True,,0.09371688527484455,,,,0.9055445194235329,ab6fb9e121f6bccc,27e82fe6b87e6c6c
PRE,validation-fe7761d38db73e6709e5afac5a476aea,1,8434535572905246650,coupled_z1.4142_right_edge,TRAINING_COUPLED,shift,1.0000000000000004,0.0,1.4142135623730951,0.10475241818272937,0.057232412836833224,0.5675508255533314,-5.098631619226869,1.0,76,0.823104202747345,0.8775617442632105,True,,0.1688112448520839,,,,0.8797717618797423,5d635fa18a072f49,27e82fe6b87e6c6c
MID,validation-fe7761d38db73e6709e5afac5a476aea,1,8434535572905246650,coupled_z1.4142_right_edge,TRAINING_COUPLED,shift,1.0000000000000004,0.0,1.4142135623730951,0.17081419402046596,-0.026671867088079313,0.6251186334720051,-8.120545574520248,1.0,87,0.8267737030982971,0.9880277773347367,True,,0.24449489717712122,,,,0.8426911141083823,bce9ebfc133c354d,27e82fe6b87e6c6c
POST,validation-fe7761d38db73e6709e5afac5a476aea,1,8434535572905246650,coupled_z1.4142_right_edge,TRAINING_COUPLED,shift,1.0000000000000004,0.0,1.4142135623730951,0.0690934332991816,0.06956674865141771,0.5091617574997367,-16.21447665272654,1.0,81,0.8087141513824463,0.7046889727111469,True,,0.1386609897772115,,,,0.8954719305029497,2741c888791ae2c2,27e82fe6b87e6c6c
PRE,validation-fe7761d38db73e6709e5afac5a476aea,1,8434535572905246650,coupled_z1.5_left_edge,TRAINING_COUPLED,shift,-1.25,0.0,1.5,-0.07008465398792707,0.10694953556458198,0.7740378518433984,12.136526724137495,0.9743589743589743,80,0.7823346853256226,0.5481043302324753,True,,0.15344083260398983,,,,0.8829988767495193,f3b77158bfaa1092,27e82fe6b87e6c6c
MID,validation-fe7761d38db73e6709e5afac5a476aea,1,8434535572905246650,coupled_z1.5_left_edge,TRAINING_COUPLED,shift,-1.25,0.0,1.5,0.06730480104239751,-0.03772426581136614,0.5942910889458121,-2.629328137772622,1.0,78,0.8190163969993591,-0.8723204292015976,False,,0.09258726328757742,,,,0.903117001055768,36105cddc37ea4d6,27e82fe6b87e6c6c
POST,validation-fe7761d38db73e6709e5afac5a476aea,1,8434535572905246650,coupled_z1.5_left_edge,TRAINING_COUPLED,shift,-1.25,0.0,1.5,-0.05953006939090208,0.04358326908249807,0.7181556831814226,2.1371971012714086,0.975609756097561,84,0.8191316723823547,0.8068708698352244,True,,0.0885347159484255,,,,0.863838187684041,2cdef96cdb934b32,27e82fe6b87e6c6c
PRE,validation-fe7761d38db73e6709e5afac5a476aea,1,8434535572905246650,coupled_z1.5_right_edge,TRAINING_COUPLED,shift,1.25,0.0,1.5,0.11907715986367849,0.057142057858118836,0.6015343890874412,-10.457945799013817,1.0,73,0.8189472556114197,0.9015672956735303,True,,0.15849353955143827,,,,0.8677463531485462,f434436c2ff5cd51,27e82fe6b87e6c6c
MID,validation-fe7761d38db73e6709e5afac5a476aea,1,8434535572905246650,coupled_z1.5_right_edge,TRAINING_COUPLED,shift,1.25,0.0,1.5,0.18296676399748812,-0.04430280174983507,0.702086698875648,0.1037918877581888,1.0,88,0.8141921758651733,0.9719142612347355,True,,0.2259048205719849,,,,0.8462790755191373,bceea431ff29a622,27e82fe6b87e6c6c
POST,validation-fe7761d38db73e6709e5afac5a476aea,1,8434535572905246650,coupled_z1.5_right_edge,TRAINING_COUPLED,shift,1.25,0.0,1.5,0.14053930367816303,0.0605951439342989,0.5883183777470851,-8.230363554788555,1.0,65,0.8070780634880066,0.9182816668516667,True,,0.1836551577803801,,,,0.8908004695645287,778064d9d7739aa2,27e82fe6b87e6c6c
PRE,validation-fe7761d38db73e6709e5afac5a476aea,1,8434535572905246650,legacy_center_z1,EXTRAPOLATION,identity,0.0,0.0,1.0,0.0,0.0,1.0,0.0,1.0,256,1.0,,,,,,,,1.0,cfff840c60ec23b9,27e82fe6b87e6c6c
MID,validation-fe7761d38db73e6709e5afac5a476aea,1,8434535572905246650,legacy_center_z1,EXTRAPOLATION,identity,0.0,0.0,1.0,0.0,0.0,1.0,0.0,1.0,256,1.0,,,,,,,,1.0,5edf48f3bf082d59,27e82fe6b87e6c6c
POST,validation-fe7761d38db73e6709e5afac5a476aea,1,8434535572905246650,legacy_center_z1,EXTRAPOLATION,identity,0.0,0.0,1.0,0.0,0.0,1.0,0.0,1.0,256,1.0,,,,,,,,1.0,7d974053de0e5cbd,27e82fe6b87e6c6c
PRE,validation-fe7761d38db73e6709e5afac5a476aea,1,8434535572905246650,coupled_z1.1_center,TRAINING_COUPLED,zoom,0.0,0.0,1.1,1.734723475976807e-18,1.734723475976807e-18,1.0,-3.2410300556505946e-15,1.0,191,0.9316903948783875,,,,-0.0,0.0,-0.09531017980432493,False,0.9512866139402413,94feb0dbf1780de7,27e82fe6b87e6c6c
MID,validation-fe7761d38db73e6709e5afac5a476aea,1,8434535572905246650,coupled_z1.1_center,TRAINING_COUPLED,zoom,0.0,0.0,1.1,-0.006579926456706575,-0.0019938881169073164,0.9946441110811284,-0.21162503584282744,0.8727272727272727,129,0.8959706425666809,,,,0.05634532556493629,-0.005370283110727304,-0.09531017980432493,True,0.9042179584494131,76cb75a3c69a9551,27e82fe6b87e6c6c
POST,validation-fe7761d38db73e6709e5afac5a476aea,1,8434535572905246650,coupled_z1.1_center,TRAINING_COUPLED,zoom,0.0,0.0,1.1,0.0011406208188386238,-0.008838640620818836,0.9807527884810017,-0.9010141710915464,0.7107438016528925,132,0.8837008476257324,,,,0.20391159395112288,-0.019434850683668018,-0.09531017980432493,True,0.9129269123068262,38b6e7d27c567bea,27e82fe6b87e6c6c
PRE,validation-fe7761d38db73e6709e5afac5a476aea,1,8434535572905246650,coupled_z1.225_center,TRAINING_COUPLED,zoom,0.0,0.0,1.225,-0.0013133924692758855,0.0018839071761886693,0.9937717782962853,-0.15148750887734858,0.9291338582677166,146,0.9022535681724548,,,,0.030785808632643102,-0.0062476979870291875,-0.20294084399669038,True,0.9499376386357368,b8cad17f2260ec4e,27e82fe6b87e6c6c
MID,validation-fe7761d38db73e6709e5afac5a476aea,1,8434535572905246650,coupled_z1.225_center,TRAINING_COUPLED,zoom,0.0,0.0,1.225,-0.00403064194444179,0.0014862917616971782,0.9893438325481141,0.3840957080689512,0.8229166666666666,117,0.8781424760818481,,,,0.05279051172961373,-0.010713351005424993,-0.20294084399669038,True,0.9221847057333307,92f4549ddc358156,27e82fe6b87e6c6c
POST,validation-fe7761d38db73e6709e5afac5a476aea,1,8434535572905246650,coupled_z1.225_center,TRAINING_COUPLED,zoom,0.0,0.0,1.225,-0.00013944292476504583,0.0007881752399798436,0.9982530383387929,0.09607617960446188,0.8627450980392157,122,0.8754681944847107,,,,0.00861575887730035,-0.0017484893782313106,-0.20294084399669038,True,0.9015472472627236,c8b5826edd10a8a1,27e82fe6b87e6c6c
PRE,validation-fe7761d38db73e6709e5afac5a476aea,1,8434535572905246650,coupled_z1.4142_center,TRAINING_COUPLED,zoom,0.0,0.0,1.4142135623730951,-8.492720525261899e-05,0.005865686554381976,0.8843502825010355,1.163795715757442,0.95,106,0.8424363732337952,,,,0.3546203493384226,-0.12290204765655527,-0.3465735902799727,True,0.9380927681913531,ffdf5d9f844ef1a9,27e82fe6b87e6c6c
MID,validation-fe7761d38db73e6709e5afac5a476aea,1,8434535572905246650,coupled_z1.4142_center,TRAINING_COUPLED,zoom,0.0,0.0,1.4142135623730951,-0.036808808713371714,-0.005985355809293951,0.9376192095833379,-1.0411050209651356,0.9101123595505618,98,0.8508952260017395,,,,0.18585193488169682,-0.06441137233242936,-0.3465735902799727,True,0.919123589991604,2f224f0894a99211,27e82fe6b87e6c6c
POST,validation-fe7761d38db73e6709e5afac5a476aea,1,8434535572905246650,coupled_z1.4142_center,TRAINING_COUPLED,zoom,0.0,0.0,1.4142135623730951,-0.0021830467618491334,-0.01062362636435147,0.8130449718498667,7.579880645720679,0.9875,83,0.8258743286132812,,,,0.5971858815569443,-0.2069688550357007,-0.3465735902799727,True,0.8925223946562424,07a88fc729111d00,27e82fe6b87e6c6c
PRE,validation-fe7761d38db73e6709e5afac5a476aea,1,8434535572905246650,coupled_z1.5_center,TRAINING_COUPLED,zoom,0.0,0.0,1.5,-0.1149877228604386,0.04653423770430988,0.867295789940357,5.945210142913216,0.9404761904761905,93,0.8378764390945435,,,,0.3511404376609003,-0.1423751955173251,-0.4054651081081644,True,0.928216035854844,670b4237de74420d,27e82fe6b87e6c6c
MID,validation-fe7761d38db73e6709e5afac5a476aea,1,8434535572905246650,coupled_z1.5_center,TRAINING_COUPLED,zoom,0.0,0.0,1.5,-0.01685532052659555,-0.0021646360428424494,0.9312364025086396,0.10142282499518344,0.8651685393258427,99,0.816844642162323,,,,0.17570466435540433,-0.07124211072797275,-0.4054651081081644,True,0.8816719055166964,64ce7e853457f4be,27e82fe6b87e6c6c
POST,validation-fe7761d38db73e6709e5afac5a476aea,1,8434535572905246650,coupled_z1.5_center,TRAINING_COUPLED,zoom,0.0,0.0,1.5,-0.017363388890416567,0.05635073240288638,0.6637110724472689,4.6657823584790155,1.0,78,0.8027333617210388,,,,1.0109583978067334,-0.40990835605956377,-0.4054651081081644,True,0.8939383625975251,a8e4ba5d564c2f99,27e82fe6b87e6c6c
PRE,validation-fe7761d38db73e6709e5afac5a476aea,2,6649556723084221587,coupled_z1.1_left_edge,TRAINING_COUPLED,shift,-0.2100000000000002,0.0,1.1,-0.06592513104385415,0.03735929402072413,0.657094004659845,-0.5632470809976,1.0,111,0.8483237624168396,0.8700124507238425,True,,0.39691629088806807,,,,0.9066800419488449,a0ac0d2c8e9c829d,72da74b2c768cbdc
MID,validation-fe7761d38db73e6709e5afac5a476aea,2,6649556723084221587,coupled_z1.1_left_edge,TRAINING_COUPLED,shift,-0.2100000000000002,0.0,1.1,-0.009863346397598404,-0.019012675116744454,0.8855735041344973,-0.17129740149352674,0.8317757009345794,115,0.8691569566726685,0.4604982697236492,True,,0.11219401066439162,,,,0.9171080589285262,3d5e5b62118bf329,72da74b2c768cbdc
POST,validation-fe7761d38db73e6709e5afac5a476aea,2,6649556723084221587,coupled_z1.1_left_edge,TRAINING_COUPLED,shift,-0.2100000000000002,0.0,1.1,-0.016509205064651943,-0.026265789709439467,0.9045246070756431,0.11916998008261069,0.8148148148148148,120,0.8687921166419983,0.5321549118400065,True,,0.16250303529151566,,,,0.9330106377592292,3a1e9343f5bf915a,72da74b2c768cbdc
PRE,validation-fe7761d38db73e6709e5afac5a476aea,2,6649556723084221587,coupled_z1.1_right_edge,TRAINING_COUPLED,shift,0.2100000000000002,0.0,1.1,0.04688937644706452,-0.016680625950056663,0.9564258414016771,-1.7400046900584163,0.9180327868852459,135,0.8961094617843628,0.9421585611733865,True,,0.2606896859833053,,,,0.9288004040708789,6b6e5d29122d2f44,72da74b2c768cbdc
MID,validation-fe7761d38db73e6709e5afac5a476aea,2,6649556723084221587,coupled_z1.1_right_edge,TRAINING_COUPLED,shift,0.2100000000000002,0.0,1.1,0.02031353111786427,-0.016266966344312885,0.9899726799027684,-1.2987635729792606,0.8,144,0.8931038975715637,0.7805661566760224,True,,0.1363167102313031,,,,0.9404562711706292,0dc09c0c221f04ff,72da74b2c768cbdc
POST,validation-fe7761d38db73e6709e5afac5a476aea,2,6649556723084221587,coupled_z1.1_right_edge,TRAINING_COUPLED,shift,0.2100000000000002,0.0,1.1,0.06400606499941157,0.010077265855068563,0.9458565098087913,-4.2402810033211225,0.9242424242424242,136,0.8788823485374451,0.9878317116677137,True,,0.3393997786217111,,,,0.9216477870931945,9b1d6a3dc82ebd1c,72da74b2c768cbdc
PRE,validation-fe7761d38db73e6709e5afac5a476aea,2,6649556723084221587,coupled_z1.225_left_edge,TRAINING_COUPLED,shift,-0.5006250000000003,0.0,1.225,-0.010127167958837214,-0.03582692352567132,0.616651491457992,8.38732112335212,1.0,87,0.8416556715965271,0.2720109252202243,True,,0.09110143552230873,,,,0.9192667603483543,7c1151bacc0fba64,72da74b2c768cbdc
MID,validation-fe7761d38db73e6709e5afac5a476aea,2,6649556723084221587,coupled_z1.225_left_edge,TRAINING_COUPLED,shift,-0.5006250000000003,0.0,1.225,-0.04862931455551934,-0.09319221868167651,0.687531318595909,6.535983723225103,1.0,95,0.8337101340293884,0.4626204988420035,True,,0.2572153192670168,,,,0.8816171288481478,ac4e9ed2cd382755,72da74b2c768cbdc
POST,validation-fe7761d38db73e6709e5afac5a476aea,2,6649556723084221587,coupled_z1.225_left_edge,TRAINING_COUPLED,shift,-0.5006250000000003,0.0,1.225,0.017509867031634867,-0.010657799823367111,0.658304191856001,14.55738300047943,1.0,88,0.8180895447731018,-0.8542067912113961,False,,0.05015836638353304,,,,0.9331131577482429,52b562cb009f6562,72da74b2c768cbdc
PRE,validation-fe7761d38db73e6709e5afac5a476aea,2,6649556723084221587,coupled_z1.225_right_edge,TRAINING_COUPLED,shift,0.5006250000000003,0.0,1.225,0.1150202129509307,0.017005131595805065,0.8148808910853998,-5.054704622779248,0.9705882352941176,110,0.8717233538627625,0.989246932112297,True,,0.28450703555155993,,,,0.942779593798123,2089113a93418d6d,72da74b2c768cbdc
MID,validation-fe7761d38db73e6709e5afac5a476aea,2,6649556723084221587,coupled_z1.225_right_edge,TRAINING_COUPLED,shift,0.5006250000000003,0.0,1.225,0.05905695632761364,-0.01255522119332235,0.9392773500306792,-2.8473060412587636,0.9065420560747663,118,0.8744653463363647,0.97813992829873,True,,0.14773848064310535,,,,0.9184985160818451,0255055b4addfdfc,72da74b2c768cbdc
POST,validation-fe7761d38db73e6709e5afac5a476aea,2,6649556723084221587,coupled_z1.225_right_edge,TRAINING_COUPLED,shift,0.5006250000000003,0.0,1.225,0.10015023941896706,-0.07501292166125698,0.8153506631057952,-0.30091906108954447,1.0,93,0.8371880054473877,0.8003825158464399,True,,0.3061808004555067,,,,0.9158138582586345,3d347c3010c678ca,72da74b2c768cbdc
PRE,validation-fe7761d38db73e6709e5afac5a476aea,2,6649556723084221587,coupled_z1.4142_left_edge,TRAINING_COUPLED,shift,-1.0000000000000004,0.0,1.4142135623730951,0.06391959505153376,0.008350409575576978,0.5832295731681024,17.92077682113944,1.0,64,0.7978466749191284,-0.9915743853379827,False,,0.09116407155927102,,,,0.9029751958227186,5ef37cefb1b75d6f,72da74b2c768cbdc
MID,validation-fe7761d38db73e6709e5afac5a476aea,2,6649556723084221587,coupled_z1.4142_left_edge,TRAINING_COUPLED,shift,-1.0000000000000004,0.0,1.4142135623730951,-0.01861216120373424,-0.133533534340291,0.7555239865943977,5.297830424943685,0.9875,81,0.8144727945327759,0.1380474303618172,True,,0.1906704871661236,,,,0.8916571075702994,e74fcb4e11911cd5,72da74b2c768cbdc
POST,validation-fe7761d38db73e6709e5afac5a476aea,2,6649556723084221587,coupled_z1.4142_left_edge,TRAINING_COUPLED,shift,-1.0000000000000004,0.0,1.4142135623730951,0.01308683057433399,-0.0284813950382529,0.6152993645854353,5.61975925681744,1.0,81,0.8239653706550598,-0.41752082962129167,False,,0.044327305305112766,,,,0.9170787334432967,8015e02f1230c729,72da74b2c768cbdc
PRE,validation-fe7761d38db73e6709e5afac5a476aea,2,6649556723084221587,coupled_z1.4142_right_edge,TRAINING_COUPLED,shift,1.0000000000000004,0.0,1.4142135623730951,0.1302745777731443,-0.05473057698545085,0.7948097721227179,-8.087057590645367,0.9777777777777777,96,0.847785234451294,0.9219435592477527,True,,0.19983443983023233,,,,0.9265387058248791,2936b8ddb6e392ed,72da74b2c768cbdc
MID,validation-fe7761d38db73e6709e5afac5a476aea,2,6649556723084221587,coupled_z1.4142_right_edge,TRAINING_COUPLED,shift,1.0000000000000004,0.0,1.4142135623730951,0.1905196742357788,-0.09810121119434093,0.7121611903255374,-6.619805272680507,0.9891304347826086,94,0.83538818359375,0.8890605776799142,True,,0.3030564102892527,,,,0.8980634808531363,0fe8d06dc117f1f0,72da74b2c768cbdc
POST,validation-fe7761d38db73e6709e5afac5a476aea,2,6649556723084221587,coupled_z1.4142_right_edge,TRAINING_COUPLED,shift,1.0000000000000004,0.0,1.4142135623730951,0.16104973898978017,-0.07087223978629022,0.6134709402236094,-5.425824685702482,0.9789473684210527,97,0.8302963972091675,0.9152933376308076,True,,0.2488368654399975,,,,0.9136429377572304,fc4430b6cc9f60f1,72da74b2c768cbdc
PRE,validation-fe7761d38db73e6709e5afac5a476aea,2,6649556723084221587,coupled_z1.5_left_edge,TRAINING_COUPLED,shift,-1.25,0.0,1.5,0.016140476632693357,-0.05738731339818452,0.6430969807015084,1.9240024149061126,1.0,62,0.815505862236023,-0.2707501586273693,False,,0.07153669662479835,,,,0.8814787794032092,a4afb8025f2974d3,72da74b2c768cbdc
MID,validation-fe7761d38db73e6709e5afac5a476aea,2,6649556723084221587,coupled_z1.5_left_edge,TRAINING_COUPLED,shift,-1.25,0.0,1.5,0.0007391630974869501,-0.1378997013734328,0.7386987944561848,2.740640297599475,0.9879518072289156,85,0.8191372156143188,-0.005360073095321368,False,,0.1654820188461331,,,,0.894899606703817,dc70adcd45137153,72da74b2c768cbdc
POST,validation-fe7761d38db73e6709e5afac5a476aea,2,6649556723084221587,coupled_z1.5_left_edge,TRAINING_COUPLED,shift,-1.25,0.0,1.5,-0.05459384074428565,-0.09104262649449246,0.7339424568518025,1.9205649577199018,0.971830985915493,74,0.8116387128829956,0.5142759250860983,True,,0.12738805317677337,,,,0.906584978102731,0d12c1e9e6ce3c6a,72da74b2c768cbdc
PRE,validation-fe7761d38db73e6709e5afac5a476aea,2,6649556723084221587,coupled_z1.5_right_edge,TRAINING_COUPLED,shift,1.25,0.0,1.5,0.03410017968524102,-0.060052563096369097,0.5215490208935759,6.993168225733766,1.0,91,0.8228992819786072,0.49378394958913996,True,,0.08287068799143112,,,,0.9210697365435531,f8b84754e93debe3,72da74b2c768cbdc
MID,validation-fe7761d38db73e6709e5afac5a476aea,2,6649556723084221587,coupled_z1.5_right_edge,TRAINING_COUPLED,shift,1.25,0.0,1.5,0.22508879565034737,-0.04697582588993647,0.6650332099799601,0.4862346642241104,1.0,84,0.8193064332008362,0.9789088710628112,True,,0.27592614875963867,,,,0.9123822450628692,94778a33bd51a4fe,72da74b2c768cbdc
POST,validation-fe7761d38db73e6709e5afac5a476aea,2,6649556723084221587,coupled_z1.5_right_edge,TRAINING_COUPLED,shift,1.25,0.0,1.5,0.13748095785338219,-0.06874114707218644,0.7300813277716957,-3.9821934780173134,1.0,93,0.8341755270957947,0.894425452254217,True,,0.18445041898906092,,,,0.9314105510702355,7ad3ebb2afa45cab,72da74b2c768cbdc
PRE,validation-fe7761d38db73e6709e5afac5a476aea,2,6649556723084221587,legacy_center_z1,EXTRAPOLATION,identity,0.0,0.0,1.0,0.0,0.0,1.0,0.0,1.0,256,1.0,,,,,,,,1.0,1a6eb06daf6c6a27,72da74b2c768cbdc
MID,validation-fe7761d38db73e6709e5afac5a476aea,2,6649556723084221587,legacy_center_z1,EXTRAPOLATION,identity,0.0,0.0,1.0,0.0,0.0,1.0,0.0,1.0,256,1.0,,,,,,,,1.0,8ad41bf51c2544cc,72da74b2c768cbdc
POST,validation-fe7761d38db73e6709e5afac5a476aea,2,6649556723084221587,legacy_center_z1,EXTRAPOLATION,identity,0.0,0.0,1.0,0.0,0.0,1.0,0.0,1.0,256,1.0,,,,,,,,1.0,9e476e73a19fd2c2,72da74b2c768cbdc
PRE,validation-fe7761d38db73e6709e5afac5a476aea,2,6649556723084221587,coupled_z1.1_center,TRAINING_COUPLED,zoom,0.0,0.0,1.1,-2.7755575615628914e-17,1.3877787807814457e-17,1.0,-8.613552942607707e-16,1.0,157,0.9093925356864929,,,,-0.0,0.0,-0.09531017980432493,False,0.948200464247709,aefa3848eabe1bb8,72da74b2c768cbdc
MID,validation-fe7761d38db73e6709e5afac5a476aea,2,6649556723084221587,coupled_z1.1_center,TRAINING_COUPLED,zoom,0.0,0.0,1.1,0.0,3.469446951953614e-18,1.0,-7.782364852934095e-15,1.0,176,0.9263813495635986,,,,-0.0,0.0,-0.09531017980432493,False,0.9244148090123713,7e4511f2626a7f79,72da74b2c768cbdc
POST,validation-fe7761d38db73e6709e5afac5a476aea,2,6649556723084221587,coupled_z1.1_center,TRAINING_COUPLED,zoom,0.0,0.0,1.1,-0.0005901138056260066,0.0013322651246645556,0.9961037011547011,0.013233638284829192,0.9607843137254902,167,0.9202796816825867,,,,0.04096004435429102,-0.0039039091922006015,-0.09531017980432493,True,0.9626945234941466,4652313f4b24e6b9,72da74b2c768cbdc
PRE,validation-fe7761d38db73e6709e5afac5a476aea,2,6649556723084221587,coupled_z1.225_center,TRAINING_COUPLED,zoom,0.0,0.0,1.225,0.009142048333901025,-0.00742028810926219,0.6106187435917549,-5.045374397799871,0.971830985915493,72,0.813602864742279,,,,2.430671383995651,-0.49328250214668096,-0.20294084399669038,True,0.9051710367193706,85d0f12b6626049f,72da74b2c768cbdc
MID,validation-fe7761d38db73e6709e5afac5a476aea,2,6649556723084221587,coupled_z1.225_center,TRAINING_COUPLED,zoom,0.0,0.0,1.225,0.07752990141505293,-0.024823393050713426,0.8634456258231036,-6.070060513630064,0.9615384615384616,81,0.84505295753479,,,,0.7234835038739911,-0.14682435289387055,-0.20294084399669038,True,0.8858145475378715,fc06a2d9a591f016,72da74b2c768cbdc
POST,validation-fe7761d38db73e6709e5afac5a476aea,2,6649556723084221587,coupled_z1.225_center,TRAINING_COUPLED,zoom,0.0,0.0,1.225,-0.04838535228677382,-0.043105857711852734,0.9020987186683677,-4.988663217003228,0.9213483146067416,97,0.8388479351997375,,,,0.5076913975474007,-0.10303132070812876,-0.20294084399669038,True,0.93389785289671,571e9cafc834300a,72da74b2c768cbdc
PRE,validation-fe7761d38db73e6709e5afac5a476aea,2,6649556723084221587,coupled_z1.4142_center,TRAINING_COUPLED,zoom,0.0,0.0,1.4142135623730951,0.02416447874207632,0.03709076139775744,0.5124619354490249,0.1451508356177781,1.0,78,0.7862319350242615,,,,1.9289664930395447,-0.6685288430224829,-0.3465735902799727,True,0.9095408916464293,f1a60cf9661020bd,72da74b2c768cbdc
MID,validation-fe7761d38db73e6709e5afac5a476aea,2,6649556723084221587,coupled_z1.4142_center,TRAINING_COUPLED,zoom,0.0,0.0,1.4142135623730951,-0.07301391775587886,-0.1199842438235308,0.7626511400460468,-6.39578490714501,1.0,69,0.7892701625823975,,,,0.7818096395346766,-0.27095457368902415,-0.3465735902799727,True,0.8612966454793332,e9faa2d624dfd2cc,72da74b2c768cbdc
POST,validation-fe7761d38db73e6709e5afac5a476aea,2,6649556723084221587,coupled_z1.4142_center,TRAINING_COUPLED,zoom,0.0,0.0,1.4142135623730951,-0.01456627765197701,-0.021773210242118094,0.7102606444419037,-5.05449255961624,0.9444444444444444,74,0.8080114126205444,,,,0.9871590942320351,-0.3421232714655223,-0.3465735902799727,True,0.8911403417578369,6ab3d0e448fd2d5a,72da74b2c768cbdc
PRE,validation-fe7761d38db73e6709e5afac5a476aea,2,6649556723084221587,coupled_z1.5_center,TRAINING_COUPLED,zoom,0.0,0.0,1.5,-0.05021553227904993,-0.05022579327781444,0.6995127657544992,-6.890545296964918,0.972972972972973,76,0.8001952171325684,,,,0.8813859147654693,-0.3573712352153944,-0.4054651081081644,True,0.883621692656587,d37f825558f51710,72da74b2c768cbdc
MID,validation-fe7761d38db73e6709e5afac5a476aea,2,6649556723084221587,coupled_z1.5_center,TRAINING_COUPLED,zoom,0.0,0.0,1.5,0.018386137397793878,-0.037395161950660304,0.5794383421559443,-8.237735569118012,1.0,63,0.7781435251235962,,,,1.3458519840574337,-0.5456960202134349,-0.4054651081081644,True,0.8774878978720473,3c774c646b1e0aaa,72da74b2c768cbdc
POST,validation-fe7761d38db73e6709e5afac5a476aea,2,6649556723084221587,coupled_z1.5_center,TRAINING_COUPLED,zoom,0.0,0.0,1.5,0.029966329418300817,0.0646189245379654,0.5183047323480113,4.203998863931749,1.0,71,0.779900848865509,,,,1.6208347159031404,-0.6571919233091328,-0.4054651081081644,True,0.8863687515249925,ad0cefca2e99d991,72da74b2c768cbdc
PRE,validation-d985f354c95ef3d2137bd3b5468adb43,0,7027832565548406767,coupled_z1.1_left_edge,TRAINING_COUPLED,shift,-0.2100000000000002,0.0,1.1,-0.08628334761125966,-0.02683633602450613,0.7427812469002342,-4.285791959420462,0.9137931034482759,121,0.8886704444885254,0.9548799156626386,True,,0.47331647132782934,,,,0.9381439685812151,4ebea026d1afe9bd,2de6c28a49ec418e
MID,validation-d985f354c95ef3d2137bd3b5468adb43,0,7027832565548406767,coupled_z1.1_left_edge,TRAINING_COUPLED,shift,-0.2100000000000002,0.0,1.1,-0.005786902369367465,-0.05123261317960651,0.5674624035055514,-8.879043385219497,1.0,94,0.8699697256088257,0.11223975263341437,True,,0.27006782383269434,,,,0.9333294630041326,1293e50c745a9fa2,2de6c28a49ec418e
POST,validation-d985f354c95ef3d2137bd3b5468adb43,0,7027832565548406767,coupled_z1.1_left_edge,TRAINING_COUPLED,shift,-0.2100000000000002,0.0,1.1,-0.05135497950555863,-0.0627600738381292,0.5604826488898783,-7.681315606834328,1.0,105,0.8739601373672485,0.6332808400145723,True,,0.42477563915715394,,,,0.9387933502414406,febf87c49293dd8d,2de6c28a49ec418e
PRE,validation-d985f354c95ef3d2137bd3b5468adb43,0,7027832565548406767,coupled_z1.1_right_edge,TRAINING_COUPLED,shift,0.2100000000000002,0.0,1.1,0.15381095235673972,-0.1092923742817919,0.9052149651312881,-6.162132599044853,1.0,91,0.8709861040115356,0.8151662823442134,True,,0.988358368758141,,,,0.90192490231453,1db818407b67a231,2de6c28a49ec418e
MID,validation-d985f354c95ef3d2137bd3b5468adb43,0,7027832565548406767,coupled_z1.1_right_edge,TRAINING_COUPLED,shift,0.2100000000000002,0.0,1.1,0.15368299084286674,-0.08161484793873126,0.8049687524563119,-7.440052910931837,0.9886363636363636,92,0.8643499612808228,0.8831853325320841,True,,0.9114804252671137,,,,0.9151310274073884,468890f693bcf490,2de6c28a49ec418e
POST,validation-d985f354c95ef3d2137bd3b5468adb43,0,7027832565548406767,coupled_z1.1_right_edge,TRAINING_COUPLED,shift,0.2100000000000002,0.0,1.1,0.15709700767604423,-0.19194515342564888,0.9669441100459562,-1.6881185319019425,0.9896907216494846,101,0.8798156380653381,0.6333608822159097,True,,1.2992420449626079,,,,0.9055921918850655,a457aa9894e79478,2de6c28a49ec418e
PRE,validation-d985f354c95ef3d2137bd3b5468adb43,0,7027832565548406767,coupled_z1.225_left_edge,TRAINING_COUPLED,shift,-0.5006250000000003,0.0,1.225,0.1291203935165326,0.0027458812705418783,0.4181843491026093,6.061959998504491,1.0,90,0.856885552406311,-0.9997739541213276,False,,0.3160214619253309,,,,0.9201604676333088,65e08598af35d95c,2de6c28a49ec418e
MID,validation-d985f354c95ef3d2137bd3b5468adb43,0,7027832565548406767,coupled_z1.225_left_edge,TRAINING_COUPLED,shift,-0.5006250000000003,0.0,1.225,0.10055629851137467,-0.06520516997968702,0.4694769347677214,3.034414175338794,1.0,89,0.8694953322410583,-0.8390395143952613,False,,0.2932583721310206,,,,0.9194788336744649,534e7739bc3b7f0c,2de6c28a49ec418e
POST,validation-d985f354c95ef3d2137bd3b5468adb43,0,7027832565548406767,coupled_z1.225_left_edge,TRAINING_COUPLED,shift,-0.5006250000000003,0.0,1.225,-0.07618202793507318,-0.02913058883879512,0.4108150648266167,0.636199560073603,1.0,100,0.8580222129821777,0.934042974040901,True,,0.19957641931457906,,,,0.9186886452056097,a449c82b3cebd3b2,2de6c28a49ec418e
PRE,validation-d985f354c95ef3d2137bd3b5468adb43,0,7027832565548406767,coupled_z1.225_right_edge,TRAINING_COUPLED,shift,0.5006250000000003,0.0,1.225,0.4560931663948655,0.15297030354042823,0.9754756656316101,11.528086784192364,0.9722222222222222,75,0.8586704730987549,0.9480959368498219,True,,1.177131103261271,,,,0.9194677424104403,e0e31de40d9d94d9,2de6c28a49ec418e
MID,validation-d985f354c95ef3d2137bd3b5468adb43,0,7027832565548406767,coupled_z1.225_right_edge,TRAINING_COUPLED,shift,0.5006250000000003,0.0,1.225,0.4429125448675013,0.08855749909835646,0.8541788358802731,8.879049690287125,0.9759036144578314,86,0.8704532384872437,0.9805913224903597,True,,1.1052321021016687,,,,0.9291449146943883,3170ec49c63bad87,2de6c28a49ec418e
POST,validation-d985f354c95ef3d2137bd3b5468adb43,0,7027832565548406767,coupled_z1.225_right_edge,TRAINING_COUPLED,shift,0.5006250000000003,0.0,1.225,0.4363247335480172,0.043066306581725174,0.8362067306971636,14.262230599321573,0.9625,83,0.8611580729484558,0.9951642209371409,True,,1.0728490820390695,,,,0.9289884397946699,a736a060a73b61b1,2de6c28a49ec418e
PRE,validation-d985f354c95ef3d2137bd3b5468adb43,0,7027832565548406767,coupled_z1.4142_left_edge,TRAINING_COUPLED,shift,-1.0000000000000004,0.0,1.4142135623730951,0.08399797508507721,0.00540971805177007,0.5331653630793036,5.688232672703975,1.0,86,0.8376561403274536,-0.9979325586809902,False,,0.11903717795540093,,,,0.903488034216933,468a2d5b28c9b139,2de6c28a49ec418e
MID,validation-d985f354c95ef3d2137bd3b5468adb43,0,7027832565548406767,coupled_z1.4142_left_edge,TRAINING_COUPLED,shift,-1.0000000000000004,0.0,1.4142135623730951,0.010801087748323928,-0.027458777301742156,0.5214549352130202,-2.1578757927106196,1.0,81,0.857318103313446,-0.3660548825977454,False,,0.04172883768938845,,,,0.9178235530844092,988deeb506014a5f,2de6c28a49ec418e
POST,validation-d985f354c95ef3d2137bd3b5468adb43,0,7027832565548406767,coupled_z1.4142_left_edge,TRAINING_COUPLED,shift,-1.0000000000000004,0.0,1.4142135623730951,-0.002226824208785349,0.00568006615647689,0.6743550120763198,9.51224556567082,1.0,97,0.8405904173851013,0.36499480148140206,True,,0.008628081779722144,,,,0.9095182906997992,77d93558ce5efb9f,2de6c28a49ec418e
PRE,validation-d985f354c95ef3d2137bd3b5468adb43,0,7027832565548406767,coupled_z1.4142_right_edge,TRAINING_COUPLED,shift,1.0000000000000004,0.0,1.4142135623730951,0.1553802277470449,-0.00098226735443422,0.6885544117828417,-8.612773972206249,1.0,77,0.8471751809120178,0.9999800186374883,True,,0.21974521621131649,,,,0.870969533919417,03cb28092b9e12e2,2de6c28a49ec418e
MID,validation-d985f354c95ef3d2137bd3b5468adb43,0,7027832565548406767,coupled_z1.4142_right_edge,TRAINING_COUPLED,shift,1.0000000000000004,0.0,1.4142135623730951,0.2010534387551373,-0.07958535752860374,0.7236365155394825,-11.286190799344787,1.0,80,0.8698815107345581,0.9298039151616226,True,,0.30579834652339566,,,,0.8853601217261043,8e30525d04ba092a,2de6c28a49ec418e
POST,validation-d985f354c95ef3d2137bd3b5468adb43,0,7027832565548406767,coupled_z1.4142_right_edge,TRAINING_COUPLED,shift,1.0000000000000004,0.0,1.4142135623730951,0.13513932506233445,-0.06832336485285612,0.791422228339874,-14.142740091197716,1.0,79,0.8671169281005859,0.8924274206768876,True,,0.21415283964084983,,,,0.8723143706875132,01ce1bda354b3611,2de6c28a49ec418e
PRE,validation-d985f354c95ef3d2137bd3b5468adb43,0,7027832565548406767,coupled_z1.5_left_edge,TRAINING_COUPLED,shift,-1.25,0.0,1.5,0.041864767328289754,0.029860363865114953,0.49812447014468036,4.544599876721048,1.0,80,0.8282556533813477,-0.8141291656089025,False,,0.06170730998833781,,,,0.8647189140311177,77d83f1a42e9310e,2de6c28a49ec418e
MID,validation-d985f354c95ef3d2137bd3b5468adb43,0,7027832565548406767,coupled_z1.5_left_edge,TRAINING_COUPLED,shift,-1.25,0.0,1.5,0.035688415170486876,-0.039530190924613254,0.5902519182289986,0.678054627662357,1.0,82,0.8423065543174744,-0.6701179615248013,False,,0.06390829773637438,,,,0.9184729456892364,71e9e1ddcb9375c9,2de6c28a49ec418e
POST,validation-d985f354c95ef3d2137bd3b5468adb43,0,7027832565548406767,coupled_z1.5_left_edge,TRAINING_COUPLED,shift,-1.25,0.0,1.5,-0.05823132137247236,0.03880541618891709,0.6456952835429308,14.471769787297958,1.0,100,0.8466932773590088,0.832152279345448,True,,0.08397211349433861,,,,0.9038385634220817,31a95877eb42dbd1,2de6c28a49ec418e
PRE,validation-d985f354c95ef3d2137bd3b5468adb43,0,7027832565548406767,coupled_z1.5_right_edge,TRAINING_COUPLED,shift,1.25,0.0,1.5,0.052071036376115334,-0.0017724776938915412,0.5940612228667985,-12.287272923503762,1.0,70,0.8372808694839478,0.9994211554822117,True,,0.06252143383912129,,,,0.8606891632071471,b791119937a3cca5,2de6c28a49ec418e
MID,validation-d985f354c95ef3d2137bd3b5468adb43,0,7027832565548406767,coupled_z1.5_right_edge,TRAINING_COUPLED,shift,1.25,0.0,1.5,0.17748731424429148,-0.03868702428416088,0.7120329016924736,-17.36133210559567,1.0,66,0.8457326889038086,0.9770587132049714,True,,0.21798564836815695,,,,0.8563848137846966,ec67794cf7aa061d,2de6c28a49ec418e
POST,validation-d985f354c95ef3d2137bd3b5468adb43,0,7027832565548406767,coupled_z1.5_right_edge,TRAINING_COUPLED,shift,1.25,0.0,1.5,0.19546464712939854,-0.08240165133620536,0.7969221678088861,-14.663885611280932,1.0,74,0.8657808303833008,0.9214654238265487,True,,0.25454842958719964,,,,0.8554135984666852,ac297e687aac5212,2de6c28a49ec418e
PRE,validation-d985f354c95ef3d2137bd3b5468adb43,0,7027832565548406767,legacy_center_z1,EXTRAPOLATION,identity,0.0,0.0,1.0,0.0,0.0,1.0,0.0,1.0,256,1.0,,,,,,,,1.0,d822f505e92e4640,2de6c28a49ec418e
MID,validation-d985f354c95ef3d2137bd3b5468adb43,0,7027832565548406767,legacy_center_z1,EXTRAPOLATION,identity,0.0,0.0,1.0,0.0,0.0,1.0,0.0,1.0,256,1.0,,,,,,,,1.0,2745e7982e2d05d1,2de6c28a49ec418e
POST,validation-d985f354c95ef3d2137bd3b5468adb43,0,7027832565548406767,legacy_center_z1,EXTRAPOLATION,identity,0.0,0.0,1.0,0.0,0.0,1.0,0.0,1.0,256,1.0,,,,,,,,1.0,20a589ad70cda0b1,2de6c28a49ec418e
PRE,validation-d985f354c95ef3d2137bd3b5468adb43,0,7027832565548406767,coupled_z1.1_center,TRAINING_COUPLED,zoom,0.0,0.0,1.1,0.0,-8.673617379884035e-19,1.0,-6.631168890298779e-16,1.0,212,0.9662340879440308,,,,-0.0,0.0,-0.09531017980432493,False,0.9642889499654663,0d75460025bcf91c,2de6c28a49ec418e
MID,validation-d985f354c95ef3d2137bd3b5468adb43,0,7027832565548406767,coupled_z1.1_center,TRAINING_COUPLED,zoom,0.0,0.0,1.1,0.0,0.0,1.0,-1.5669325649143243e-15,1.0,214,0.9687076210975647,,,,-0.0,0.0,-0.09531017980432493,False,0.9760372028363244,6d003383be4450e5,2de6c28a49ec418e
POST,validation-d985f354c95ef3d2137bd3b5468adb43,0,7027832565548406767,coupled_z1.1_center,TRAINING_COUPLED,zoom,0.0,0.0,1.1,1.734723475976807e-18,3.469446951953614e-18,1.0,-8.168715310923992e-15,1.0,229,0.9805451035499573,,,,-0.0,0.0,-0.09531017980432493,False,0.9826272098937716,52f2b68b72692278,2de6c28a49ec418e
PRE,validation-d985f354c95ef3d2137bd3b5468adb43,0,7027832565548406767,coupled_z1.225_center,TRAINING_COUPLED,zoom,0.0,0.0,1.225,-0.006401765176048499,0.03160918461925258,0.9531986241278156,-0.8499370490611903,0.9292035398230089,128,0.8962552547454834,,,,0.2361869411749464,-0.047931977183040285,-0.20294084399669038,True,0.9272179603567388,da7e5acc6e520e0e,2de6c28a49ec418e
MID,validation-d985f354c95ef3d2137bd3b5468adb43,0,7027832565548406767,coupled_z1.225_center,TRAINING_COUPLED,zoom,0.0,0.0,1.225,0.0035863334255435836,0.028426618978030255,0.9502447869714298,-0.9671178872752598,0.8790322580645161,134,0.9223915934562683,,,,0.25148046138746616,-0.05103565708264948,-0.20294084399669038,True,0.9240608170059511,eadf7a8b0697fe46,2de6c28a49ec418e
POST,validation-d985f354c95ef3d2137bd3b5468adb43,0,7027832565548406767,coupled_z1.225_center,TRAINING_COUPLED,zoom,0.0,0.0,1.225,0.09325836478443897,-0.012135923210916003,0.4871011383886089,5.730522097573627,1.0,131,0.9012736082077026,,,,3.544301319207983,-0.7192835010986512,-0.20294084399669038,True,0.9444747500976118,63bfaa6793634700,2de6c28a49ec418e
PRE,validation-d985f354c95ef3d2137bd3b5468adb43,0,7027832565548406767,coupled_z1.4142_center,TRAINING_COUPLED,zoom,0.0,0.0,1.4142135623730951,0.018862114059709126,0.04354124138810919,0.913338535093754,-1.5043701760269739,0.8969072164948454,103,0.8739584684371948,,,,0.26155678178765956,-0.09064867292622455,-0.3465735902799727,True,0.9352809190740768,c5551f7838a1df88,2de6c28a49ec418e
MID,validation-d985f354c95ef3d2137bd3b5468adb43,0,7027832565548406767,coupled_z1.4142_center,TRAINING_COUPLED,zoom,0.0,0.0,1.4142135623730951,0.024648939390541975,0.14900063345068057,0.5964439613756288,6.841652752276786,1.0,101,0.8683093786239624,,,,1.491082996727732,-0.5167699875813508,-0.3465735902799727,True,0.8937846422186496,38590eba2f1cb811,2de6c28a49ec418e
POST,validation-d985f354c95ef3d2137bd3b5468adb43,0,7027832565548406767,coupled_z1.4142_center,TRAINING_COUPLED,zoom,0.0,0.0,1.4142135623730951,0.07058933832472902,0.1686657026245371,0.5811873045289765,10.78682196974019,1.0,103,0.8686342835426331,,,,1.5658498116829414,-0.5426821910741761,-0.3465735902799727,True,0.9033739451606712,76b3fc6594801c57,2de6c28a49ec418e
PRE,validation-d985f354c95ef3d2137bd3b5468adb43,0,7027832565548406767,coupled_z1.5_center,TRAINING_COUPLED,zoom,0.0,0.0,1.5,0.033890716244440934,0.0582673235674401,0.904881126300196,-3.275445926928646,1.0,93,0.8659380674362183,,,,0.24651121407338578,-0.09995169606414021,-0.4054651081081644,True,0.9334743579303442,240efc01516ea887,2de6c28a49ec418e
MID,validation-d985f354c95ef3d2137bd3b5468adb43,0,7027832565548406767,coupled_z1.5_center,TRAINING_COUPLED,zoom,0.0,0.0,1.5,0.07045847876289094,0.15453961000274163,0.6162849860999281,10.909594574371509,1.0,93,0.8720844388008118,,,,1.1938037897250176,-0.4840457826607906,-0.4054651081081644,True,0.8788265513665562,f66623a55beac8ee,2de6c28a49ec418e
POST,validation-d985f354c95ef3d2137bd3b5468adb43,0,7027832565548406767,coupled_z1.5_center,TRAINING_COUPLED,zoom,0.0,0.0,1.5,0.021868546721734623,0.13796426373059054,0.5944815679214088,8.633910174919347,1.0,97,0.8645449876785278,,,,1.2826395102056984,-0.5200655676693565,-0.4054651081081644,True,0.8807839609118191,879a78745ab0f187,2de6c28a49ec418e
PRE,validation-d985f354c95ef3d2137bd3b5468adb43,1,9122492047125196616,coupled_z1.1_left_edge,TRAINING_COUPLED,shift,-0.2100000000000002,0.0,1.1,-0.02912999726763699,-0.03272641909554706,0.4944185797115929,4.6080660415502015,1.0,109,0.8817344307899475,0.6648717389922026,True,,0.2294964442109991,,,,0.9111071772034104,cbb1aeb4e0822154,a35345b760f86ce5
MID,validation-d985f354c95ef3d2137bd3b5468adb43,1,9122492047125196616,coupled_z1.1_left_edge,TRAINING_COUPLED,shift,-0.2100000000000002,0.0,1.1,-0.020898545810477613,0.0038833090578671015,0.9753769376194172,2.438008154366318,0.8809523809523809,134,0.9338955283164978,0.9831705682249345,True,,0.11134240263481651,,,,0.9551399350156768,6c2bb631edc22a09,a35345b760f86ce5
POST,validation-d985f354c95ef3d2137bd3b5468adb43,1,9122492047125196616,coupled_z1.1_left_edge,TRAINING_COUPLED,shift,-0.2100000000000002,0.0,1.1,-0.044294934197736675,-0.011513831288181092,0.9607366172585892,4.117793734605325,0.9302325581395349,139,0.9182674884796143,0.9678376789970008,True,,0.23973140217768896,,,,0.9226055695170219,ef27a2adefaa13e5,a35345b760f86ce5
PRE,validation-d985f354c95ef3d2137bd3b5468adb43,1,9122492047125196616,coupled_z1.1_right_edge,TRAINING_COUPLED,shift,0.2100000000000002,0.0,1.1,0.05268942703017515,0.010750842602683705,0.963238678231356,0.17895762069556923,0.9699248120300752,143,0.9206717014312744,0.9798117151672733,True,,0.2816788496458482,,,,0.9633345582078932,8603d41190af1c37,a35345b760f86ce5
MID,validation-d985f354c95ef3d2137bd3b5468adb43,1,9122492047125196616,coupled_z1.1_right_edge,TRAINING_COUPLED,shift,0.2100000000000002,0.0,1.1,0.05714872443428098,0.007965596649387952,0.9622541776845416,-1.0060808801326397,0.9596774193548387,134,0.9189571738243103,0.990425388289605,True,,0.30224433342950363,,,,0.953842043875694,5121bbd677f99b1c,a35345b760f86ce5
POST,validation-d985f354c95ef3d2137bd3b5468adb43,1,9122492047125196616,coupled_z1.1_right_edge,TRAINING_COUPLED,shift,0.2100000000000002,0.0,1.1,-0.047060645296752524,-0.022806375979843238,0.47087540084247,-4.1011496620638015,1.0,97,0.8799101710319519,-0.8998959631831241,False,,0.27392960085515367,,,,0.9468647805958328,8c36af883bc6c040,a35345b760f86ce5
PRE,validation-d985f354c95ef3d2137bd3b5468adb43,1,9122492047125196616,coupled_z1.225_left_edge,TRAINING_COUPLED,shift,-0.5006250000000003,0.0,1.225,-0.0235582832007245,-0.10015807943592732,0.25279255288108776,3.017988978371098,1.0,112,0.8692971467971802,0.2289626786598959,True,,0.25176913987450816,,,,0.9194079541445067,b2ad3c9d5e2589a0,a35345b760f86ce5
MID,validation-d985f354c95ef3d2137bd3b5468adb43,1,9122492047125196616,coupled_z1.225_left_edge,TRAINING_COUPLED,shift,-0.5006250000000003,0.0,1.225,-0.01872449388881805,0.0017135632860099115,0.9715831032179603,1.1053654702765356,0.808695652173913,123,0.9258911609649658,0.9958386650672759,True,,0.04600919753023164,,,,0.9610047340383455,7f226e85b1298887,a35345b760f86ce5
POST,validation-d985f354c95ef3d2137bd3b5468adb43,1,9122492047125196616,coupled_z1.225_left_edge,TRAINING_COUPLED,shift,-0.5006250000000003,0.0,1.225,-0.13595714863166128,-0.05521327961550587,0.8955742501071966,13.06237270768311,0.9444444444444444,118,0.8980291485786438,0.9265124614523546,True,,0.35906604500930556,,,,0.9420897330089765,b60e06d7173a4218,a35345b760f86ce5
PRE,validation-d985f354c95ef3d2137bd3b5468adb43,1,9122492047125196616,coupled_z1.225_right_edge,TRAINING_COUPLED,shift,0.5006250000000003,0.0,1.225,0.07645137558882303,-0.0345131987020395,0.9584153382201754,-3.1303998871140197,1.0,123,0.9006393551826477,0.9114297492053824,True,,0.20525117850559702,,,,0.9468470780152793,4d814f66764e7cef,a35345b760f86ce5
MID,validation-d985f354c95ef3d2137bd3b5468adb43,1,9122492047125196616,coupled_z1.225_right_edge,TRAINING_COUPLED,shift,0.5006250000000003,0.0,1.225,0.07134042702113169,-0.02041777053934451,0.9577862930892886,-1.304227417442392,0.9819819819819819,116,0.8984524011611938,0.9614000009405407,True,,0.18157461902081226,,,,0.9502629041662249,50f8ce0b4babf5ec,a35345b760f86ce5
POST,validation-d985f354c95ef3d2137bd3b5468adb43,1,9122492047125196616,coupled_z1.225_right_edge,TRAINING_COUPLED,shift,0.5006250000000003,0.0,1.225,-0.006132410316031879,-0.06662856472113847,0.42617294972804626,-11.864662370041474,1.0,94,0.8679736256599426,-0.0916513807101233,False,,0.1637252826656476,,,,0.9482696621569248,5f8a78482130506f,a35345b760f86ce5
PRE,validation-d985f354c95ef3d2137bd3b5468adb43,1,9122492047125196616,coupled_z1.4142_left_edge,TRAINING_COUPLED,shift,-1.0000000000000004,0.0,1.4142135623730951,0.018015325133734623,-0.12202881292612308,0.4204131300184114,-0.6553145898094279,1.0,88,0.8408555388450623,-0.14604873645779157,False,,0.17444531019109058,,,,0.8899069958860913,08e97f8afb75e20a,a35345b760f86ce5
MID,validation-d985f354c95ef3d2137bd3b5468adb43,1,9122492047125196616,coupled_z1.4142_left_edge,TRAINING_COUPLED,shift,-1.0000000000000004,0.0,1.4142135623730951,-0.0019242946169811675,-0.06503872266615437,0.9072258117641715,1.0948288076395634,0.87,114,0.8905372023582458,0.029573965190138017,True,,0.09201889323196495,,,,0.9454858303060613,70c0d97377121b52,a35345b760f86ce5
POST,validation-d985f354c95ef3d2137bd3b5468adb43,1,9122492047125196616,coupled_z1.4142_left_edge,TRAINING_COUPLED,shift,-1.0000000000000004,0.0,1.4142135623730951,-0.13682531080818017,-0.0862821527971422,0.8845940836560672,14.364572385034533,0.9489795918367347,105,0.8883239030838013,0.845862238468416,True,,0.2287609038671795,,,,0.9397036397271081,eb736b07feb9db78,a35345b760f86ce5
PRE,validation-d985f354c95ef3d2137bd3b5468adb43,1,9122492047125196616,coupled_z1.4142_right_edge,TRAINING_COUPLED,shift,1.0000000000000004,0.0,1.4142135623730951,0.1203858135548617,-0.12109675981574072,0.8975150474043576,-7.38366390814093,0.9897959183673469,102,0.8764864802360535,0.7050219402315925,True,,0.24148361991297504,,,,0.9319016296795604,52e6daaa96f8279a,a35345b760f86ce5
MID,validation-d985f354c95ef3d2137bd3b5468adb43,1,9122492047125196616,coupled_z1.4142_right_edge,TRAINING_COUPLED,shift,1.0000000000000004,0.0,1.4142135623730951,0.08097550795311603,-0.05386342775337222,0.9423710168466416,-3.3383692833356426,1.0,116,0.8916682600975037,0.8326204983733164,True,,0.1375376438478419,,,,0.9438751935949423,cd0ca7629d41e098,a35345b760f86ce5
POST,validation-d985f354c95ef3d2137bd3b5468adb43,1,9122492047125196616,coupled_z1.4142_right_edge,TRAINING_COUPLED,shift,1.0000000000000004,0.0,1.4142135623730951,-0.14191910686066497,-0.06098740501029383,0.3971044479512403,-7.448953401521581,1.0,87,0.8691168427467346,-0.9187579953316231,False,,0.21845135138981603,,,,0.9392104672435032,990f11ca177f3170,a35345b760f86ce5
PRE,validation-d985f354c95ef3d2137bd3b5468adb43,1,9122492047125196616,coupled_z1.5_left_edge,TRAINING_COUPLED,shift,-1.25,0.0,1.5,-0.12337721717420967,-0.10308952884140854,0.8090326271964968,-7.235892545290014,1.0,67,0.8159230947494507,0.7673788618147247,True,,0.1929329409176406,,,,0.8679096541288345,abc534080b95a623,a35345b760f86ce5
MID,validation-d985f354c95ef3d2137bd3b5468adb43,1,9122492047125196616,coupled_z1.5_left_edge,TRAINING_COUPLED,shift,-1.25,0.0,1.5,-0.009809792416753418,-0.10541732912936741,0.7425847323218171,-2.897977413794885,0.8977272727272727,93,0.8515434861183167,0.09265641763922215,True,,0.12704733465744963,,,,0.9319785318390905,b37a9af1c7905dd4,a35345b760f86ce5
POST,validation-d985f354c95ef3d2137bd3b5468adb43,1,9122492047125196616,coupled_z1.5_left_edge,TRAINING_COUPLED,shift,-1.25,0.0,1.5,-0.010965550582983583,-0.09054153154585777,0.8360036576029877,3.54722288294615,0.9896907216494846,103,0.8785678744316101,0.12023216437569136,True,,0.10944376463431274,,,,0.9077730123852362,f4b95b0ce3a9a0df,a35345b760f86ce5
PRE,validation-d985f354c95ef3d2137bd3b5468adb43,1,9122492047125196616,coupled_z1.5_right_edge,TRAINING_COUPLED,shift,1.25,0.0,1.5,0.15804640928491662,-0.10871104725577879,0.8860835082754082,-7.561795791189715,1.0,100,0.8595237731933594,0.8239101394205267,True,,0.23018977685370196,,,,0.900257104649663,3fc83b7bdbea9b6b,a35345b760f86ce5
MID,validation-d985f354c95ef3d2137bd3b5468adb43,1,9122492047125196616,coupled_z1.5_right_edge,TRAINING_COUPLED,shift,1.25,0.0,1.5,0.1377946936357668,-0.10600474891638062,0.8839889891515631,-5.500299499934448,0.9903846153846154,106,0.8745644092559814,0.792599440847918,True,,0.208621939204101,,,,0.9313783008672402,b562f1a47bf046f0,a35345b760f86ce5
POST,validation-d985f354c95ef3d2137bd3b5468adb43,1,9122492047125196616,coupled_z1.5_right_edge,TRAINING_COUPLED,shift,1.25,0.0,1.5,-0.0885854459357908,-0.0913297762482768,0.3915428233045361,0.9555147961679209,1.0,95,0.8627183437347412,-0.696239961831001,False,,0.15268088726534387,,,,0.9237863376004004,4419bd97ccec36ec,a35345b760f86ce5
PRE,validation-d985f354c95ef3d2137bd3b5468adb43,1,9122492047125196616,legacy_center_z1,EXTRAPOLATION,identity,0.0,0.0,1.0,0.0,0.0,1.0,0.0,1.0,256,1.0,,,,,,,,1.0,e816b0b3ea5e2e84,a35345b760f86ce5
MID,validation-d985f354c95ef3d2137bd3b5468adb43,1,9122492047125196616,legacy_center_z1,EXTRAPOLATION,identity,0.0,0.0,1.0,0.0,0.0,1.0,0.0,1.0,256,1.0,,,,,,,,1.0,60b61f82490aed26,a35345b760f86ce5
POST,validation-d985f354c95ef3d2137bd3b5468adb43,1,9122492047125196616,legacy_center_z1,EXTRAPOLATION,identity,0.0,0.0,1.0,0.0,0.0,1.0,0.0,1.0,256,1.0,,,,,,,,1.0,9fa85c0dca013b2c,a35345b760f86ce5
PRE,validation-d985f354c95ef3d2137bd3b5468adb43,1,9122492047125196616,coupled_z1.1_center,TRAINING_COUPLED,zoom,0.0,0.0,1.1,0.005464669170631053,0.002316302186475744,0.9892858505577203,0.23666638917378113,0.9005847953216374,182,0.9487497806549072,,,,0.11302002846033492,-0.010771959234044443,-0.09531017980432493,True,0.9619412399485768,0d75bf28377e269d,a35345b760f86ce5
MID,validation-d985f354c95ef3d2137bd3b5468adb43,1,9122492047125196616,coupled_z1.1_center,TRAINING_COUPLED,zoom,0.0,0.0,1.1,0.005273283869898518,0.004942799317064456,0.9883551463934365,0.4218332353023735,0.8920454545454546,185,0.9519653916358948,,,,0.12289543400472111,-0.011713185912120517,-0.09531017980432493,True,0.9712888632658706,cca79e55f216b582,a35345b760f86ce5
POST,validation-d985f354c95ef3d2137bd3b5468adb43,1,9122492047125196616,coupled_z1.1_center,TRAINING_COUPLED,zoom,0.0,0.0,1.1,-0.07661852979033092,-0.004155016952589408,0.603781004384396,1.543183584216056,1.0,115,0.8797411918640137,,,,5.293702344829147,-0.5045437223162426,-0.09531017980432493,True,0.949697670321568,13e025b3d29c852c,a35345b760f86ce5
PRE,validation-d985f354c95ef3d2137bd3b5468adb43,1,9122492047125196616,coupled_z1.225_center,TRAINING_COUPLED,zoom,0.0,0.0,1.225,0.022922135179078366,0.004489829204022452,0.963073367191941,1.3316459951162822,0.926829268292683,169,0.939612865447998,,,,0.18540222494519093,-0.03762568400924129,-0.20294084399669038,True,0.947448429312261,9fc5215509dd842c,a35345b760f86ce5
MID,validation-d985f354c95ef3d2137bd3b5468adb43,1,9122492047125196616,coupled_z1.225_center,TRAINING_COUPLED,zoom,0.0,0.0,1.225,0.0201905901016814,0.013417349539061148,0.9587825826726518,0.18049969584121925,0.9246575342465754,153,0.9387398362159729,,,,0.20740498321821413,-0.04209094234342378,-0.20294084399669038,True,0.9572547052644876,d4e3fe9644c96c71,a35345b760f86ce5
POST,validation-d985f354c95ef3d2137bd3b5468adb43,1,9122492047125196616,coupled_z1.225_center,TRAINING_COUPLED,zoom,0.0,0.0,1.225,-0.03197222683888123,0.014707043306899663,0.6966283608177061,-4.374966566056485,0.9805825242718447,106,0.8761734962463379,,,,1.7813230769907475,-0.3615032086752838,-0.20294084399669038,True,0.9307176429451721,489f3ece4c3db1af,a35345b760f86ce5
PRE,validation-d985f354c95ef3d2137bd3b5468adb43,1,9122492047125196616,coupled_z1.4142_center,TRAINING_COUPLED,zoom,0.0,0.0,1.4142135623730951,0.025236393122827668,0.0037810320403155115,0.9519320769343899,0.9894921059968778,0.9029850746268657,140,0.9221169352531433,,,,0.14213891616595173,-0.04926159449413794,-0.3465735902799727,True,0.9347602686133735,960c6023d7e3e2ac,a35345b760f86ce5
MID,validation-d985f354c95ef3d2137bd3b5468adb43,1,9122492047125196616,coupled_z1.4142_center,TRAINING_COUPLED,zoom,0.0,0.0,1.4142135623730951,0.014405262674646976,0.001034790112390327,0.9667716208410938,0.17929457638565802,0.7862595419847328,143,0.9290987253189087,,,,0.09750594169089631,-0.033792984285443604,-0.3465735902799727,True,0.9397235512724061,424122adc0133d05,a35345b760f86ce5
POST,validation-d985f354c95ef3d2137bd3b5468adb43,1,9122492047125196616,coupled_z1.4142_center,TRAINING_COUPLED,zoom,0.0,0.0,1.4142135623730951,-0.0932862467455912,-0.04513696148744905,0.5009335460882822,-9.392213855479675,1.0,99,0.8703939914703369,,,,1.9946177337834428,-0.6912818292334305,-0.3465735902799727,True,0.9378139935611641,1ccca303399d17c5,a35345b760f86ce5
PRE,validation-d985f354c95ef3d2137bd3b5468adb43,1,9122492047125196616,coupled_z1.5_center,TRAINING_COUPLED,zoom,0.0,0.0,1.5,0.030465359911152855,-0.005158761962553993,0.9272111740978882,1.4231289096612412,0.9758064516129032,129,0.9074431657791138,,,,0.18638825900185418,-0.07557393558627935,-0.4054651081081644,True,0.9302784758962911,3e02d3c05ba9973f,a35345b760f86ce5
MID,validation-d985f354c95ef3d2137bd3b5468adb43,1,9122492047125196616,coupled_z1.5_center,TRAINING_COUPLED,zoom,0.0,0.0,1.5,0.015506357322151864,0.0014840585601003913,0.9575246522159134,0.48431349857963707,0.8686131386861314,145,0.9273146986961365,,,,0.10704697136996297,-0.04340381181917361,-0.4054651081081644,True,0.942549880894069,d2949d1aba3f2176,a35345b760f86ce5
POST,validation-d985f354c95ef3d2137bd3b5468adb43,1,9122492047125196616,coupled_z1.5_center,TRAINING_COUPLED,zoom,0.0,0.0,1.5,-0.08993300522110148,-0.01987854857121473,0.5172124913662767,-3.3519742950159284,1.0,101,0.8795186281204224,,,,1.6260375240309304,-0.6593014804691332,-0.4054651081081644,True,0.9286186056496517,4ec25e67f07330fa,a35345b760f86ce5
PRE,validation-d985f354c95ef3d2137bd3b5468adb43,2,6374347492399195866,coupled_z1.1_left_edge,TRAINING_COUPLED,shift,-0.2100000000000002,0.0,1.1,0.00044713556890046274,0.001614696816708297,0.9958339722685643,0.26986765700728854,0.9664429530201343,182,0.9411768913269043,-0.2668728503212722,False,,0.008776234390641818,,,,0.9528135601050338,9254ce086e632ba2,9b37ed2982c6a433
MID,validation-d985f354c95ef3d2137bd3b5468adb43,2,6374347492399195866,coupled_z1.1_left_edge,TRAINING_COUPLED,shift,-0.2100000000000002,0.0,1.1,-0.029270644490138525,-0.0025654284636630158,0.9667015230203857,1.1510087668641453,0.891156462585034,159,0.9462748765945435,0.9961811556195446,True,,0.15391018252808247,,,,0.9483368396749549,5715fbcc434d2d5c,9b37ed2982c6a433
POST,validation-d985f354c95ef3d2137bd3b5468adb43,2,6374347492399195866,coupled_z1.1_left_edge,TRAINING_COUPLED,shift,-0.2100000000000002,0.0,1.1,-0.024472987774141086,-0.0012360446802529915,0.9699912689532532,-0.06997954323382305,0.8482758620689655,157,0.950839102268219,0.99872698208029,True,,0.12835523921389652,,,,0.9534020936602524,bc6dbe5636dbe029,9b37ed2982c6a433
PRE,validation-d985f354c95ef3d2137bd3b5468adb43,2,6374347492399195866,coupled_z1.1_right_edge,TRAINING_COUPLED,shift,0.2100000000000002,0.0,1.1,0.08293143247670566,-0.06793397391666184,0.2759443613756443,-16.284834006891074,1.0,95,0.8555159568786621,0.7735869370221569,True,,0.5615435327742369,,,,0.9065772239304789,5d8c0b3fe2010508,9b37ed2982c6a433
MID,validation-d985f354c95ef3d2137bd3b5468adb43,2,6374347492399195866,coupled_z1.1_right_edge,TRAINING_COUPLED,shift,0.2100000000000002,0.0,1.1,0.09934744295665959,0.008587786259542013,0.38772876506988835,-0.9477791619198137,1.0,81,0.8686782717704773,0.9962847031596084,True,,0.5223319862189154,,,,0.9242051794642016,3c968c98cc68d9f1,9b37ed2982c6a433
POST,validation-d985f354c95ef3d2137bd3b5468adb43,2,6374347492399195866,coupled_z1.1_right_edge,TRAINING_COUPLED,shift,0.2100000000000002,0.0,1.1,-0.022969483858591717,0.03290006992444447,0.3588773490480042,-1.472675175177904,1.0,86,0.867678701877594,-0.572448877596925,False,,0.21017832109403767,,,,0.9264001206388819,1400e99538b24ded,9b37ed2982c6a433
PRE,validation-d985f354c95ef3d2137bd3b5468adb43,2,6374347492399195866,coupled_z1.225_left_edge,TRAINING_COUPLED,shift,-0.5006250000000003,0.0,1.225,-0.0034268085001517776,0.0024590692842264205,0.9872460049471475,0.5391191034954845,0.8613138686131386,162,0.9282025098800659,0.8124588886692017,True,,0.010320767534569444,,,,0.94670837799862,952542ce13ac060d,9b37ed2982c6a433
MID,validation-d985f354c95ef3d2137bd3b5468adb43,2,6374347492399195866,coupled_z1.225_left_edge,TRAINING_COUPLED,shift,-0.5006250000000003,0.0,1.225,-0.040936648730888286,-0.009374408728400022,0.9542903674100365,1.8780074831852696,0.9481481481481482,142,0.9314290285110474,0.9747681136022225,True,,0.10276246834018081,,,,0.9503677428197588,9b8d27832dd3a5da,9b37ed2982c6a433
POST,validation-d985f354c95ef3d2137bd3b5468adb43,2,6374347492399195866,coupled_z1.225_left_edge,TRAINING_COUPLED,shift,-0.5006250000000003,0.0,1.225,-0.04092309254860954,-0.006854104401286389,0.9529629529099911,1.1749283057708497,1.0,137,0.9241465926170349,0.9862623378604307,True,,0.10153120765781824,,,,0.9385809229103386,2974983b146dd3a1,9b37ed2982c6a433
PRE,validation-d985f354c95ef3d2137bd3b5468adb43,2,6374347492399195866,coupled_z1.225_right_edge,TRAINING_COUPLED,shift,0.5006250000000003,0.0,1.225,-0.019745715994792336,-0.09808055454556117,0.03971354453291459,-10.705933077006797,1.0,88,0.8449781537055969,-0.1973615764035788,False,,0.24481263934943912,,,,0.9130846806209899,60750ff9cb39469b,9b37ed2982c6a433
MID,validation-d985f354c95ef3d2137bd3b5468adb43,2,6374347492399195866,coupled_z1.225_right_edge,TRAINING_COUPLED,shift,0.5006250000000003,0.0,1.225,-0.028789350131730052,-0.10795573532392083,0.09848950942137721,22.41369522922787,1.0,82,0.8664258718490601,-0.25767229380934276,False,,0.27339319050026833,,,,0.9212201190712848,8e2fbb5fb2c0824d,9b37ed2982c6a433
POST,validation-d985f354c95ef3d2137bd3b5468adb43,2,6374347492399195866,coupled_z1.225_right_edge,TRAINING_COUPLED,shift,0.5006250000000003,0.0,1.225,-0.05286677136348663,-0.06003529458159162,0.13948980345022866,-11.437374982144114,1.0,96,0.8763955235481262,-0.660879453756435,False,,0.19574203244168273,,,,0.9227832509736877,7af247528d0bbb3f,9b37ed2982c6a433
PRE,validation-d985f354c95ef3d2137bd3b5468adb43,2,6374347492399195866,coupled_z1.4142_left_edge,TRAINING_COUPLED,shift,-1.0000000000000004,0.0,1.4142135623730951,-0.03419531725849022,-0.07040973988210557,0.8914058884807123,4.497520770833076,0.9761904761904762,89,0.8538548350334167,0.43686572338973445,True,,0.11069644251442375,,,,0.8912329012881487,f09e6e99d144c9ad,9b37ed2982c6a433
MID,validation-d985f354c95ef3d2137bd3b5468adb43,2,6374347492399195866,coupled_z1.4142_left_edge,TRAINING_COUPLED,shift,-1.0000000000000004,0.0,1.4142135623730951,-0.06009078287448609,-0.026889919710700216,0.9139018457683559,3.5797099652778037,0.9320388349514563,117,0.8990899920463562,0.9127774729593654,True,,0.09310177193283199,,,,0.9267645434587595,0e9690ba6cabcbe6,9b37ed2982c6a433
POST,validation-d985f354c95ef3d2137bd3b5468adb43,2,6374347492399195866,coupled_z1.4142_left_edge,TRAINING_COUPLED,shift,-1.0000000000000004,0.0,1.4142135623730951,-0.10805092387207539,-0.042987192388289554,0.9257220058943618,6.753486528455925,0.975609756097561,88,0.8987444043159485,0.9291665195031323,True,,0.16445607838591336,,,,0.9111221922772585,c3e17c646096ccb7,9b37ed2982c6a433
PRE,validation-d985f354c95ef3d2137bd3b5468adb43,2,6374347492399195866,coupled_z1.4142_right_edge,TRAINING_COUPLED,shift,1.0000000000000004,0.0,1.4142135623730951,-0.10460567164407922,-0.15180741016128044,0.07117620457397615,97.63705054786503,1.0,78,0.8370016813278198,-0.5674054112244417,False,,0.2607214464518948,,,,0.8928432869025994,ab9fc43c144573bb,9b37ed2982c6a433
MID,validation-d985f354c95ef3d2137bd3b5468adb43,2,6374347492399195866,coupled_z1.4142_right_edge,TRAINING_COUPLED,shift,1.0000000000000004,0.0,1.4142135623730951,0.03988532477782254,-0.052015166026784604,0.29307238532683993,7.0227475982803265,1.0,77,0.8507166504859924,0.6084990973435777,True,,0.09269753642278039,,,,0.9121303505966096,4754e2e3d9e12753,9b37ed2982c6a433
POST,validation-d985f354c95ef3d2137bd3b5468adb43,2,6374347492399195866,coupled_z1.4142_right_edge,TRAINING_COUPLED,shift,1.0000000000000004,0.0,1.4142135623730951,-0.019420801905043972,-0.05024669913394064,0.1784937824565857,1.1255722794655543,1.0,95,0.8650661110877991,-0.36051726094983366,False,,0.07618265315006702,,,,0.9208790612735517,dba5fccafba733d9,9b37ed2982c6a433
PRE,validation-d985f354c95ef3d2137bd3b5468adb43,2,6374347492399195866,coupled_z1.5_left_edge,TRAINING_COUPLED,shift,-1.25,0.0,1.5,-0.05761082597020096,-0.04851952312889808,0.8799555718521263,5.511213939395736,0.9863013698630136,75,0.8433763980865479,0.764877551828624,True,,0.0903843902829422,,,,0.8452976849844159,f9ea2a1b833cb374,9b37ed2982c6a433
MID,validation-d985f354c95ef3d2137bd3b5468adb43,2,6374347492399195866,coupled_z1.5_left_edge,TRAINING_COUPLED,shift,-1.25,0.0,1.5,-0.03039082460693435,-0.016569736210387084,0.8359568008516939,15.995906047757117,0.9545454545454546,94,0.8791900873184204,0.8779815094281397,True,,0.04153730931168524,,,,0.8729451222974346,1f738046677bf663,9b37ed2982c6a433
POST,validation-d985f354c95ef3d2137bd3b5468adb43,2,6374347492399195866,coupled_z1.5_left_edge,TRAINING_COUPLED,shift,-1.25,0.0,1.5,-0.1608246091181569,-0.08718735856951335,0.8956372172660292,6.001643234740297,1.0,84,0.877566397190094,0.8791224400614314,True,,0.21952520166250858,,,,0.886439257051014,fd1d8b1986461053,9b37ed2982c6a433
PRE,validation-d985f354c95ef3d2137bd3b5468adb43,2,6374347492399195866,coupled_z1.5_right_edge,TRAINING_COUPLED,shift,1.25,0.0,1.5,0.05263470820653908,-0.07342739080379006,0.2154651691422411,34.58743346566611,1.0,68,0.8203791975975037,0.5826048262832715,True,,0.10841250706752258,,,,0.8642125048755411,e4475dcdab270503,9b37ed2982c6a433
MID,validation-d985f354c95ef3d2137bd3b5468adb43,2,6374347492399195866,coupled_z1.5_right_edge,TRAINING_COUPLED,shift,1.25,0.0,1.5,0.05409790697674419,-0.06374953488372093,0.294617531338855,6.918040752577938,1.0,79,0.8459628224372864,0.6470288542032147,True,,0.10033167446775478,,,,0.9064975865471342,5544d7441b7f6a11,9b37ed2982c6a433
POST,validation-d985f354c95ef3d2137bd3b5468adb43,2,6374347492399195866,coupled_z1.5_right_edge,TRAINING_COUPLED,shift,1.25,0.0,1.5,0.10361924606347866,-0.02525003089605839,0.30387029359949796,16.096869572917647,1.0,79,0.8587090969085693,0.9715698681164426,True,,0.12798162989125636,,,,0.9014416278258863,fa9f20d40ff3d851,9b37ed2982c6a433
PRE,validation-d985f354c95ef3d2137bd3b5468adb43,2,6374347492399195866,legacy_center_z1,EXTRAPOLATION,identity,0.0,0.0,1.0,0.0,0.0,1.0,0.0,1.0,256,1.0,,,,,,,,1.0,7fabc29e8f61e6f2,9b37ed2982c6a433
MID,validation-d985f354c95ef3d2137bd3b5468adb43,2,6374347492399195866,legacy_center_z1,EXTRAPOLATION,identity,0.0,0.0,1.0,0.0,0.0,1.0,0.0,1.0,256,1.0,,,,,,,,1.0,6006c1b847331ae3,9b37ed2982c6a433
POST,validation-d985f354c95ef3d2137bd3b5468adb43,2,6374347492399195866,legacy_center_z1,EXTRAPOLATION,identity,0.0,0.0,1.0,0.0,0.0,1.0,0.0,1.0,256,1.0,,,,,,,,1.0,57a530373a3d52f7,9b37ed2982c6a433
PRE,validation-d985f354c95ef3d2137bd3b5468adb43,2,6374347492399195866,coupled_z1.1_center,TRAINING_COUPLED,zoom,0.0,0.0,1.1,0.0040474801164074176,0.030681143681733844,0.9471007355317904,-1.7691753527386076,0.9219858156028369,145,0.9344503283500671,,,,0.5702414815212447,-0.05434981813567446,-0.09531017980432493,True,0.966455872827502,df96315d6026e0aa,9b37ed2982c6a433
MID,validation-d985f354c95ef3d2137bd3b5468adb43,2,6374347492399195866,coupled_z1.1_center,TRAINING_COUPLED,zoom,0.0,0.0,1.1,-0.022047433552609845,0.0386024699667704,0.9348882562143969,-2.84130020131734,0.9609375,138,0.9212154150009155,,,,0.7064121486705575,-0.06732826890575035,-0.09531017980432493,True,0.9489697187515377,aa4f2b7f5102b40d,9b37ed2982c6a433
POST,validation-d985f354c95ef3d2137bd3b5468adb43,2,6374347492399195866,coupled_z1.1_center,TRAINING_COUPLED,zoom,0.0,0.0,1.1,-0.006597730612055996,0.006548078913100178,0.9775288847829797,0.050255609444376695,0.8611111111111112,158,0.9522692561149597,,,,0.2384576123531778,-0.022727437909091392,-0.09531017980432493,True,0.968549307410858,e9127b25328ffc85,9b37ed2982c6a433
PRE,validation-d985f354c95ef3d2137bd3b5468adb43,2,6374347492399195866,coupled_z1.225_center,TRAINING_COUPLED,zoom,0.0,0.0,1.225,0.2034935401943463,0.017252374116607738,0.6481634618792775,17.98571897985902,0.9714285714285714,108,0.862056314945221,,,,2.136644107292597,-0.43361235845451473,-0.20294084399669038,True,0.9269821004251568,89ad5ba8b72628a5,9b37ed2982c6a433
MID,validation-d985f354c95ef3d2137bd3b5468adb43,2,6374347492399195866,coupled_z1.225_center,TRAINING_COUPLED,zoom,0.0,0.0,1.225,-0.01587683639994294,0.049685162232747514,0.9019296830485356,-1.3033157119663261,0.9519230769230769,111,0.9045550227165222,,,,0.5086148092934878,-0.10321871866723613,-0.20294084399669038,True,0.9272048473348882,73c3836b3494a1e6,9b37ed2982c6a433
POST,validation-d985f354c95ef3d2137bd3b5468adb43,2,6374347492399195866,coupled_z1.225_center,TRAINING_COUPLED,zoom,0.0,0.0,1.225,-0.008267374455649429,0.0006752425197756769,0.9434613332821167,0.6848664646383104,0.9296875,138,0.9319681525230408,,,,0.28678257210356345,-0.05819989722623888,-0.20294084399669038,True,0.9468243058700995,483bec5794451ec0,9b37ed2982c6a433
PRE,validation-d985f354c95ef3d2137bd3b5468adb43,2,6374347492399195866,coupled_z1.4142_center,TRAINING_COUPLED,zoom,0.0,0.0,1.4142135623730951,0.10939322194934556,0.08916771567927999,0.5818971908524616,3.4510058243443495,1.0,88,0.8385323882102966,,,,1.5623276269758888,-0.5414614948746237,-0.3465735902799727,True,0.8998501837155275,d54af2e9c786da86,9b37ed2982c6a433
MID,validation-d985f354c95ef3d2137bd3b5468adb43,2,6374347492399195866,coupled_z1.4142_center,TRAINING_COUPLED,zoom,0.0,0.0,1.4142135623730951,0.03146309051249804,0.10581018609495361,0.5162862239479712,21.333669474758647,1.0,77,0.8546552062034607,,,,1.9075139833383326,-0.6610939697148179,-0.3465735902799727,True,0.8628668107302389,cb3e7731888cc5e5,9b37ed2982c6a433
POST,validation-d985f354c95ef3d2137bd3b5468adb43,2,6374347492399195866,coupled_z1.4142_center,TRAINING_COUPLED,zoom,0.0,0.0,1.4142135623730951,0.002333726446319729,0.04942428297617086,0.8803553555726205,0.5661888902020058,0.9622641509433962,114,0.9006897807121277,,,,0.3676842190047603,-0.12742963986976755,-0.3465735902799727,True,0.9209461761075691,650d8e8f318a367d,9b37ed2982c6a433
PRE,validation-d985f354c95ef3d2137bd3b5468adb43,2,6374347492399195866,coupled_z1.5_center,TRAINING_COUPLED,zoom,0.0,0.0,1.5,0.03676552851953589,0.053209905783888484,0.4868769990468397,10.979648528873275,1.0,74,0.8152162432670593,,,,1.7751065186617947,-0.7197437564927119,-0.4054651081081644,True,0.8658887664004707,9dea024c6317d8a6,9b37ed2982c6a433
MID,validation-d985f354c95ef3d2137bd3b5468adb43,2,6374347492399195866,coupled_z1.5_center,TRAINING_COUPLED,zoom,0.0,0.0,1.5,0.022078680757133498,0.0767816570583051,0.8927570180503285,-1.9125754039384988,0.9146341463414634,88,0.8845136761665344,,,,0.2797795152043237,-0.11344083137877092,-0.4054651081081644,True,0.9087002168527358,c1d811bc4f0edbf8,9b37ed2982c6a433
POST,validation-d985f354c95ef3d2137bd3b5468adb43,2,6374347492399195866,coupled_z1.5_center,TRAINING_COUPLED,zoom,0.0,0.0,1.5,-0.019277024984888175,0.016241097583657528,0.9338314372569243,2.2236867740933293,0.905982905982906,128,0.9075528383255005,,,,0.16884148524912776,-0.06845933106968063,-0.4054651081081644,True,0.9158922979758342,6366aafdf7f65266,9b37ed2982c6a433
PRE,validation-00e7d17a10b40c0b5b08beb96dc6cc37,0,8876686324375045007,coupled_z1.1_left_edge,TRAINING_COUPLED,shift,-0.2100000000000002,0.0,1.1,0.0,3.469446951953614e-18,1.0000000000000002,-5.656326689128426e-15,1.0,191,0.9480799436569214,0.0,False,,1.817329355785225e-17,,,,0.9869935504780407,eac5510ab9bfa0ba,ac379a2fb380a733
MID,validation-00e7d17a10b40c0b5b08beb96dc6cc37,0,8876686324375045007,coupled_z1.1_left_edge,TRAINING_COUPLED,shift,-0.2100000000000002,0.0,1.1,0.032628293410774056,-0.005146747464654769,0.9900247689166789,-0.25573160845205234,0.7786259541984732,150,0.9146974682807922,-0.9877866848347324,False,,0.17302329636448002,,,,0.970350204130049,3f8b53a893113602,ac379a2fb380a733
POST,validation-00e7d17a10b40c0b5b08beb96dc6cc37,0,8876686324375045007,coupled_z1.1_left_edge,TRAINING_COUPLED,shift,-0.2100000000000002,0.0,1.1,0.017032762472077446,-0.004977733547167653,0.9907158042935209,0.24429665297728897,0.7777777777777778,147,0.923237681388855,-0.9598507417395128,False,,0.09295115176821171,,,,0.9748907089223648,bad46d6eda90d746,ac379a2fb380a733
PRE,validation-00e7d17a10b40c0b5b08beb96dc6cc37,0,8876686324375045007,coupled_z1.1_right_edge,TRAINING_COUPLED,shift,0.2100000000000002,0.0,1.1,0.07363366793276377,-0.031086080674835842,0.9239220391869027,0.3913014771170468,0.9916666666666667,128,0.8940993547439575,0.9212661051751929,True,,0.41866314539323185,,,,0.971754906877196,a2f074ae492cf147,ac379a2fb380a733
MID,validation-00e7d17a10b40c0b5b08beb96dc6cc37,0,8876686324375045007,coupled_z1.1_right_edge,TRAINING_COUPLED,shift,0.2100000000000002,0.0,1.1,0.07411228534797404,-0.013964655532769061,0.93830130557589,-1.4765993485453848,0.9841269841269841,138,0.9042619466781616,0.9827070285730125,True,,0.39503860016380465,,,,0.9618818141141937,27600a3c646d00cf,ac379a2fb380a733
POST,validation-00e7d17a10b40c0b5b08beb96dc6cc37,0,8876686324375045007,coupled_z1.1_right_edge,TRAINING_COUPLED,shift,0.2100000000000002,0.0,1.1,0.0709639750417067,-0.029274451854408523,0.9058662107793685,-2.0129144272437562,0.9541284403669725,122,0.9018534421920776,0.9244302791465108,True,,0.4021028606506693,,,,0.9703020453443361,9c51e060571fc294,ac379a2fb380a733
PRE,validation-00e7d17a10b40c0b5b08beb96dc6cc37,0,8876686324375045007,coupled_z1.225_left_edge,TRAINING_COUPLED,shift,-0.5006250000000003,0.0,1.225,-0.00445299105307661,-0.014317751137164977,1.0002435934991614,0.29195366022998404,0.8278688524590164,146,0.9090474843978882,0.29698018068210497,True,,0.03669001679996874,,,,0.9792997812380274,3873e530c49440b1,ac379a2fb380a733
MID,validation-00e7d17a10b40c0b5b08beb96dc6cc37,0,8876686324375045007,coupled_z1.225_left_edge,TRAINING_COUPLED,shift,-0.5006250000000003,0.0,1.225,0.027895281933256626,0.0020000000000000157,0.9862177168609073,-0.2347933425698328,0.8951612903225806,146,0.9136384129524231,-0.9974396573506066,False,,0.06843333085853257,,,,0.9621313191720949,528ef9c1991a6237,ac379a2fb380a733
POST,validation-00e7d17a10b40c0b5b08beb96dc6cc37,0,8876686324375045007,coupled_z1.225_left_edge,TRAINING_COUPLED,shift,-0.5006250000000003,0.0,1.225,-0.34354244094053576,-0.036956149267736244,0.757806012375615,-1.7921645632058976,1.0,100,0.8907765746116638,0.9942636822061967,True,,0.8454781262745534,,,,0.9573610995617532,42d2e43ae1f84cd0,ac379a2fb380a733
PRE,validation-00e7d17a10b40c0b5b08beb96dc6cc37,0,8876686324375045007,coupled_z1.225_right_edge,TRAINING_COUPLED,shift,0.5006250000000003,0.0,1.225,0.07850358459647686,-0.03602283900040963,0.9180792824045022,1.2711783118749,0.9752066115702479,131,0.8998756408691406,0.9088804270533173,True,,0.21135196606360923,,,,0.9696137868887965,9d2399d6075713a7,ac379a2fb380a733
MID,validation-00e7d17a10b40c0b5b08beb96dc6cc37,0,8876686324375045007,coupled_z1.225_right_edge,TRAINING_COUPLED,shift,0.5006250000000003,0.0,1.225,0.09623956642708091,-0.033894620913517276,0.8739943730448912,-1.3764637175478205,0.9732142857142857,119,0.891878068447113,0.9432124644519974,True,,0.24967075913535738,,,,0.9530105562802892,394acf36f3cf4618,ac379a2fb380a733
POST,validation-00e7d17a10b40c0b5b08beb96dc6cc37,0,8876686324375045007,coupled_z1.225_right_edge,TRAINING_COUPLED,shift,0.5006250000000003,0.0,1.225,0.12332698503507879,-0.043607539670591104,0.8547248523507355,-1.3403617951194673,0.9655172413793104,125,0.8995614051818848,0.9427973505343225,True,,0.3200835214368311,,,,0.955285010055839,900b57f0fe507a8f,ac379a2fb380a733
PRE,validation-00e7d17a10b40c0b5b08beb96dc6cc37,0,8876686324375045007,coupled_z1.4142_left_edge,TRAINING_COUPLED,shift,-1.0000000000000004,0.0,1.4142135623730951,-0.35476067617081875,-0.0028770460327365247,0.792982106624675,-4.385227980155334,1.0,83,0.8583038449287415,0.9999671170093819,True,,0.5017238578163309,,,,0.9252844959827344,4c55f5063661995f,ac379a2fb380a733
MID,validation-00e7d17a10b40c0b5b08beb96dc6cc37,0,8876686324375045007,coupled_z1.4142_left_edge,TRAINING_COUPLED,shift,-1.0000000000000004,0.0,1.4142135623730951,-0.31912507206218726,-0.051483202536589,0.7034876086301332,2.1804341943843886,1.0,101,0.8764281868934631,0.9872355680244976,True,,0.45714621678871975,,,,0.944413002991507,d9ea27d27b288376,ac379a2fb380a733
POST,validation-00e7d17a10b40c0b5b08beb96dc6cc37,0,8876686324375045007,coupled_z1.4142_left_edge,TRAINING_COUPLED,shift,-1.0000000000000004,0.0,1.4142135623730951,-0.3122648435003347,-0.08312744577833785,0.7025959062726425,2.9500906146735058,0.9880952380952381,86,0.871042013168335,0.9663451631546824,True,,0.456989069295796,,,,0.9452682733526313,1896f12e4ac5db56,ac379a2fb380a733
PRE,validation-00e7d17a10b40c0b5b08beb96dc6cc37,0,8876686324375045007,coupled_z1.4142_right_edge,TRAINING_COUPLED,shift,1.0000000000000004,0.0,1.4142135623730951,0.1322716186200545,0.008324785126945303,0.9151328499074242,-2.440497834645562,0.9705882352941176,111,0.8718430399894714,0.9980253284528534,True,,0.1874304305057156,,,,0.9474238094587162,f9f14ff001745560,ac379a2fb380a733
MID,validation-00e7d17a10b40c0b5b08beb96dc6cc37,0,8876686324375045007,coupled_z1.4142_right_edge,TRAINING_COUPLED,shift,1.0000000000000004,0.0,1.4142135623730951,0.2014192346489217,0.04598719962681355,0.8563931443745663,-6.404585349599233,0.9809523809523809,111,0.877073347568512,0.9749126068197855,True,,0.29217984398679436,,,,0.9378272853977413,d14176c19db544e1,ac379a2fb380a733
POST,validation-00e7d17a10b40c0b5b08beb96dc6cc37,0,8876686324375045007,coupled_z1.4142_right_edge,TRAINING_COUPLED,shift,1.0000000000000004,0.0,1.4142135623730951,0.22474887051811976,-0.01603323560511387,0.7799603132039303,-3.3635165748076408,0.9479166666666666,106,0.8893494606018066,0.9974650842922377,True,,0.3186506533592537,,,,0.9224445819845511,6359afcae8795e35,ac379a2fb380a733
PRE,validation-00e7d17a10b40c0b5b08beb96dc6cc37,0,8876686324375045007,coupled_z1.5_left_edge,TRAINING_COUPLED,shift,-1.25,0.0,1.5,-0.2854536352564048,-0.1880584935423028,0.6479714308529998,9.15223649876087,0.961038961038961,79,0.8410542011260986,0.8350676084798927,True,,0.4101995560934648,,,,0.9189996622791234,f4ef3e2f7aef3ea6,ac379a2fb380a733
MID,validation-00e7d17a10b40c0b5b08beb96dc6cc37,0,8876686324375045007,coupled_z1.5_left_edge,TRAINING_COUPLED,shift,-1.25,0.0,1.5,-0.28395226079578595,-0.0851438627967405,0.6898971716344849,3.071079552577629,0.9901960784313726,103,0.8762480616569519,0.9578650995980139,True,,0.35573142094493565,,,,0.9349164289127095,2f357d29c576db05,ac379a2fb380a733
POST,validation-00e7d17a10b40c0b5b08beb96dc6cc37,0,8876686324375045007,coupled_z1.5_left_edge,TRAINING_COUPLED,shift,-1.25,0.0,1.5,-0.32447666759327526,-0.03779807587715586,0.7023628553077415,0.8765355420803178,0.9875,83,0.8490449786186218,0.9932833960355519,True,,0.3920049430651748,,,,0.9396290779104373,727e327f762631ae,ac379a2fb380a733
PRE,validation-00e7d17a10b40c0b5b08beb96dc6cc37,0,8876686324375045007,coupled_z1.5_right_edge,TRAINING_COUPLED,shift,1.25,0.0,1.5,0.2907308867042092,0.009787311889535757,0.7414363762127014,-11.90427091709004,0.9659090909090909,94,0.8539787530899048,0.9994338316725628,True,,0.3490746990821418,,,,0.8438666965873562,a1b4e11e4a8d0719,ac379a2fb380a733
MID,validation-00e7d17a10b40c0b5b08beb96dc6cc37,0,8876686324375045007,coupled_z1.5_right_edge,TRAINING_COUPLED,shift,1.25,0.0,1.5,0.22652168869463696,-0.019226264425451656,0.6588772166875932,-9.508157692019829,0.9444444444444444,95,0.8649760484695435,0.9964173739143518,True,,0.2728033789337505,,,,0.8713329357694577,f7e0ed1f33ca7dd9,ac379a2fb380a733
POST,validation-00e7d17a10b40c0b5b08beb96dc6cc37,0,8876686324375045007,coupled_z1.5_right_edge,TRAINING_COUPLED,shift,1.25,0.0,1.5,0.34036916660823446,-0.011168184310000835,0.7205685477079924,-9.406951223434614,0.9655172413793104,94,0.8922543525695801,0.9994621214527702,True,,0.40866281088746914,,,,0.85060167312537,68ae461b202d228a,ac379a2fb380a733
PRE,validation-00e7d17a10b40c0b5b08beb96dc6cc37,0,8876686324375045007,legacy_center_z1,EXTRAPOLATION,identity,0.0,0.0,1.0,0.0,0.0,1.0,0.0,1.0,256,1.0,,,,,,,,1.0,5188d03cc8ac2db0,ac379a2fb380a733
MID,validation-00e7d17a10b40c0b5b08beb96dc6cc37,0,8876686324375045007,legacy_center_z1,EXTRAPOLATION,identity,0.0,0.0,1.0,0.0,0.0,1.0,0.0,1.0,256,1.0,,,,,,,,1.0,9d4b7796580a48c7,ac379a2fb380a733
POST,validation-00e7d17a10b40c0b5b08beb96dc6cc37,0,8876686324375045007,legacy_center_z1,EXTRAPOLATION,identity,0.0,0.0,1.0,0.0,0.0,1.0,0.0,1.0,256,1.0,,,,,,,,1.0,e12bce4247275f23,ac379a2fb380a733
PRE,validation-00e7d17a10b40c0b5b08beb96dc6cc37,0,8876686324375045007,coupled_z1.1_center,TRAINING_COUPLED,zoom,0.0,0.0,1.1,0.0,0.0,1.0,1.6696579315153148e-15,1.0,210,0.9565832018852234,,,,-0.0,0.0,-0.09531017980432493,False,0.9902013534417594,5b1f2b77ab85e59a,ac379a2fb380a733
MID,validation-00e7d17a10b40c0b5b08beb96dc6cc37,0,8876686324375045007,coupled_z1.1_center,TRAINING_COUPLED,zoom,0.0,0.0,1.1,-1.734723475976807e-18,2.7755575615628914e-17,1.0,-8.493465873290353e-15,1.0,192,0.956479012966156,,,,-0.0,0.0,-0.09531017980432493,False,0.9819356788348678,cd8cf44160aee254,ac379a2fb380a733
POST,validation-00e7d17a10b40c0b5b08beb96dc6cc37,0,8876686324375045007,coupled_z1.1_center,TRAINING_COUPLED,zoom,0.0,0.0,1.1,0.006496334681763999,0.0035253418176506984,0.9784596392071493,0.34360916356097143,0.8181818181818182,166,0.9397693276405334,,,,0.22847234847344305,-0.02177574061332024,-0.09531017980432493,True,0.9826149940480896,ec4ef6c834020c1b,ac379a2fb380a733
PRE,validation-00e7d17a10b40c0b5b08beb96dc6cc37,0,8876686324375045007,coupled_z1.225_center,TRAINING_COUPLED,zoom,0.0,0.0,1.225,0.04674303024756818,0.005227482545339071,0.9483416131559137,1.5722729741210824,0.9236641221374046,138,0.9036808013916016,,,,0.261359365434958,-0.053040490207809814,-0.20294084399669038,True,0.9692379795586883,8272167a324c38c9,ac379a2fb380a733
MID,validation-00e7d17a10b40c0b5b08beb96dc6cc37,0,8876686324375045007,coupled_z1.225_center,TRAINING_COUPLED,zoom,0.0,0.0,1.225,0.00828849306174756,0.006498307815662643,0.9854378767839408,0.4697926276373045,0.8606060606060606,183,0.9397518038749695,,,,0.07228309168167216,-0.014669191632568697,-0.20294084399669038,True,0.9809305060454636,aa14d331461b36e1,ac379a2fb380a733
POST,validation-00e7d17a10b40c0b5b08beb96dc6cc37,0,8876686324375045007,coupled_z1.225_center,TRAINING_COUPLED,zoom,0.0,0.0,1.225,0.013996800301148159,0.003499121651295573,0.9731760493972273,0.9808922771433745,0.8591549295774648,155,0.925429105758667,,,,0.1339813021127102,-0.027190278530528966,-0.20294084399669038,True,0.9766333103170164,e70923b3337c6064,ac379a2fb380a733
PRE,validation-00e7d17a10b40c0b5b08beb96dc6cc37,0,8876686324375045007,coupled_z1.4142_center,TRAINING_COUPLED,zoom,0.0,0.0,1.4142135623730951,0.015318912629574775,0.059341548550877955,0.9524042663733953,-0.7394925219269485,0.9568965517241379,125,0.8885664939880371,,,,0.14070802318663506,-0.048765684776989754,-0.3465735902799727,True,0.9742488830376519,ad48ec3270bbbc8f,ac379a2fb380a733
MID,validation-00e7d17a10b40c0b5b08beb96dc6cc37,0,8876686324375045007,coupled_z1.4142_center,TRAINING_COUPLED,zoom,0.0,0.0,1.4142135623730951,0.05420849229678738,0.037607235182521306,0.941737770799155,1.5171622169485823,0.9473684210526315,125,0.9036328196525574,,,,0.1732054022310172,-0.06002841810709043,-0.3465735902799727,True,0.9698358756196264,785f55c23b04d919,ac379a2fb380a733
POST,validation-00e7d17a10b40c0b5b08beb96dc6cc37,0,8876686324375045007,coupled_z1.4142_center,TRAINING_COUPLED,zoom,0.0,0.0,1.4142135623730951,0.06303511189675612,-0.003489434754351442,0.9275562324785089,0.6957653308674194,0.9649122807017544,123,0.8940677046775818,,,,0.21698669615427393,-0.07520185832917627,-0.3465735902799727,True,0.9601115584363872,9ed29ba690576fa8,ac379a2fb380a733
PRE,validation-00e7d17a10b40c0b5b08beb96dc6cc37,0,8876686324375045007,coupled_z1.5_center,TRAINING_COUPLED,zoom,0.0,0.0,1.5,0.014744722356030006,0.08210937528727814,0.919863962798387,0.04718226991047565,0.963963963963964,117,0.8885977268218994,,,,0.2060090615086731,-0.08352948639587562,-0.4054651081081644,True,0.9614353156935683,b91d8d777ca6b07b,ac379a2fb380a733
MID,validation-00e7d17a10b40c0b5b08beb96dc6cc37,0,8876686324375045007,coupled_z1.5_center,TRAINING_COUPLED,zoom,0.0,0.0,1.5,0.050245394888959835,0.043369383305990786,0.9423245579309665,1.4589165163254567,0.9380530973451328,125,0.9050299525260925,,,,0.14651204562507072,-0.05940552241851762,-0.4054651081081644,True,0.96943718012696,30155b4fa75e2d56,ac379a2fb380a733
POST,validation-00e7d17a10b40c0b5b08beb96dc6cc37,0,8876686324375045007,coupled_z1.5_center,TRAINING_COUPLED,zoom,0.0,0.0,1.5,0.0810620367039772,-0.004813032944711269,0.9035414921596425,0.30569684005916337,1.0,123,0.8962584137916565,,,,0.25016516629648117,-0.10143324619729967,-0.4054651081081644,True,0.960305571555131,3116082e8180e8b9,ac379a2fb380a733
PRE,validation-00e7d17a10b40c0b5b08beb96dc6cc37,1,15695027386859873001,coupled_z1.1_left_edge,TRAINING_COUPLED,shift,-0.2100000000000002,0.0,1.1,-0.05752098601426754,-0.020413030397409965,0.9225366008623683,1.627955941452082,0.8773584905660378,121,0.9072082042694092,0.9424155695749187,True,,0.3197107652221013,,,,0.9715372323980151,4da60056d062e709,e991dce2df1d52e8
MID,validation-00e7d17a10b40c0b5b08beb96dc6cc37,1,15695027386859873001,coupled_z1.1_left_edge,TRAINING_COUPLED,shift,-0.2100000000000002,0.0,1.1,-0.09751991730808678,0.07370382315157667,0.6257411100272917,-5.894986651143903,1.0,93,0.8613540530204773,0.7977803265867304,True,,0.6402998387219664,,,,0.9468053579320975,09fd57a24b667268,e991dce2df1d52e8
POST,validation-00e7d17a10b40c0b5b08beb96dc6cc37,1,15695027386859873001,coupled_z1.1_left_edge,TRAINING_COUPLED,shift,-0.2100000000000002,0.0,1.1,-0.19333695136375545,0.1769504607234172,0.6210370925369767,6.59852222546553,0.9518072289156626,85,0.864349365234375,0.7376767190650082,True,,1.3728471267870537,,,,0.9442595176996704,88b0675cb4b7abe3,e991dce2df1d52e8
PRE,validation-00e7d17a10b40c0b5b08beb96dc6cc37,1,15695027386859873001,coupled_z1.1_right_edge,TRAINING_COUPLED,shift,0.2100000000000002,0.0,1.1,0.08647751630387415,0.04132613592240701,0.9555117426799502,-0.6888761574527046,0.9813084112149533,114,0.8993915915489197,0.9022668788867312,True,,0.5020437710046275,,,,0.9690388422621837,34aebb9cd269345c,e991dce2df1d52e8
MID,validation-00e7d17a10b40c0b5b08beb96dc6cc37,1,15695027386859873001,coupled_z1.1_right_edge,TRAINING_COUPLED,shift,0.2100000000000002,0.0,1.1,0.11788725179066281,0.11963619875772523,0.9576693586335634,-1.7662733617528623,0.975,125,0.9001335501670837,0.701881143056467,True,,0.879785214813597,,,,0.973996341227511,54d3e8b5d92d06a3,e991dce2df1d52e8
POST,validation-00e7d17a10b40c0b5b08beb96dc6cc37,1,15695027386859873001,coupled_z1.1_right_edge,TRAINING_COUPLED,shift,0.2100000000000002,0.0,1.1,0.10671146364283314,0.11729042565104782,0.9732658779844676,-5.679063820182151,0.9912280701754386,120,0.8919098973274231,0.6729621016551851,True,,0.8306036969458304,,,,0.9610363221776604,e0b72a2c3045cc28,e991dce2df1d52e8
PRE,validation-00e7d17a10b40c0b5b08beb96dc6cc37,1,15695027386859873001,coupled_z1.225_left_edge,TRAINING_COUPLED,shift,-0.5006250000000003,0.0,1.225,-0.13415635136624326,0.08287371652668042,0.5390718261626722,-11.432225897864045,1.0,97,0.8660803437232971,0.8507627230524747,True,,0.3858569622849119,,,,0.9685945492135465,3b8652b17ca00e00,e991dce2df1d52e8
MID,validation-00e7d17a10b40c0b5b08beb96dc6cc37,1,15695027386859873001,coupled_z1.225_left_edge,TRAINING_COUPLED,shift,-0.5006250000000003,0.0,1.225,-0.0660142747668429,0.05018770788495397,0.43132474199652115,10.933676626996528,1.0,85,0.8825207948684692,0.7960642436097852,True,,0.20291459910377124,,,,0.9589598774900383,dfec405a9fdf2c1c,e991dce2df1d52e8
POST,validation-00e7d17a10b40c0b5b08beb96dc6cc37,1,15695027386859873001,coupled_z1.225_left_edge,TRAINING_COUPLED,shift,-0.5006250000000003,0.0,1.225,-0.2307113356561304,0.11164989755532193,0.5713636242056048,15.657340002795513,0.9875,81,0.8637658357620239,0.9001357227877036,True,,0.6271688665210865,,,,0.9484898386576035,52f49b6b47a931b6,e991dce2df1d52e8
PRE,validation-00e7d17a10b40c0b5b08beb96dc6cc37,1,15695027386859873001,coupled_z1.225_right_edge,TRAINING_COUPLED,shift,0.5006250000000003,0.0,1.225,0.23605382538356806,0.050903430088212076,0.8364251004071387,2.2400149457954597,0.99,103,0.8815973401069641,0.9775296976212705,True,,0.590887275613844,,,,0.9537348151197432,f4b94fda70e6ceb7,e991dce2df1d52e8
MID,validation-00e7d17a10b40c0b5b08beb96dc6cc37,1,15695027386859873001,coupled_z1.225_right_edge,TRAINING_COUPLED,shift,0.5006250000000003,0.0,1.225,0.22982598003687887,0.0684245500544418,0.8283087602389968,1.4465662822654812,0.9880952380952381,87,0.8780699968338013,0.958424755276262,True,,0.5867656116236791,,,,0.9538382291784284,3f0c306fe9d6f1c5,e991dce2df1d52e8
POST,validation-00e7d17a10b40c0b5b08beb96dc6cc37,1,15695027386859873001,coupled_z1.225_right_edge,TRAINING_COUPLED,shift,0.5006250000000003,0.0,1.225,0.2410045542620578,0.15082539920315008,0.7808201653017698,-3.8976193809434547,1.0,78,0.8609126210212708,0.8476858633608022,True,,0.6956869619073586,,,,0.9394872748536773,b0cd773f341d392c,e991dce2df1d52e8
PRE,validation-00e7d17a10b40c0b5b08beb96dc6cc37,1,15695027386859873001,coupled_z1.4142_left_edge,TRAINING_COUPLED,shift,-1.0000000000000004,0.0,1.4142135623730951,-0.17202088196065354,0.12020986162054016,0.5807579232743009,-1.6848777436684508,0.9885057471264368,88,0.8604516386985779,0.8196900290046033,True,,0.29678812193667886,,,,0.9467412829389641,52cc74ce9d108f70,e991dce2df1d52e8
MID,validation-00e7d17a10b40c0b5b08beb96dc6cc37,1,15695027386859873001,coupled_z1.4142_left_edge,TRAINING_COUPLED,shift,-1.0000000000000004,0.0,1.4142135623730951,-0.1565963329782653,0.09827534675792671,0.44987902643811495,-6.436933471158721,1.0,89,0.8733974099159241,0.8470180520956594,True,,0.26145919483785784,,,,0.9602332115163736,68633aa81015dacd,e991dce2df1d52e8
POST,validation-00e7d17a10b40c0b5b08beb96dc6cc37,1,15695027386859873001,coupled_z1.4142_left_edge,TRAINING_COUPLED,shift,-1.0000000000000004,0.0,1.4142135623730951,-0.18651965066331433,0.17178877435918863,0.5259627817536601,8.91627337259071,1.0,81,0.866834282875061,0.7355561898929753,True,,0.3586111071324952,,,,0.9386013709655776,dc0423734cb1e82c,e991dce2df1d52e8
PRE,validation-00e7d17a10b40c0b5b08beb96dc6cc37,1,15695027386859873001,coupled_z1.4142_right_edge,TRAINING_COUPLED,shift,1.0000000000000004,0.0,1.4142135623730951,0.2380478261570368,0.07699687570518263,0.8611512155313028,2.200441158408935,0.9787234042553191,97,0.8542965054512024,0.9514662864286955,True,,0.35382279860531907,,,,0.9482313959726982,c42b5882851f70ea,e991dce2df1d52e8
MID,validation-00e7d17a10b40c0b5b08beb96dc6cc37,1,15695027386859873001,coupled_z1.4142_right_edge,TRAINING_COUPLED,shift,1.0000000000000004,0.0,1.4142135623730951,0.21434003792280093,0.11682010291507589,0.7998726567616435,-1.7547645028825207,0.9882352941176471,90,0.8591417074203491,0.8780550698140391,True,,0.34522047535404565,,,,0.9451614618291939,2f019199de65cf77,e991dce2df1d52e8
POST,validation-00e7d17a10b40c0b5b08beb96dc6cc37,1,15695027386859873001,coupled_z1.4142_right_edge,TRAINING_COUPLED,shift,1.0000000000000004,0.0,1.4142135623730951,0.1895055404859468,0.18440692272176373,0.7292544641438627,-7.096332747642851,0.9880952380952381,85,0.8426447510719299,0.71668216416172,True,,0.37394722360937865,,,,0.9262460426229538,4344ed89dda6d485,e991dce2df1d52e8
PRE,validation-00e7d17a10b40c0b5b08beb96dc6cc37,1,15695027386859873001,coupled_z1.5_left_edge,TRAINING_COUPLED,shift,-1.25,0.0,1.5,-0.2390835600346235,0.14335728417742766,0.6826130169254535,-2.4661736337307683,0.9866666666666667,76,0.8493165373802185,0.8576398368475249,True,,0.33452302436753484,,,,0.9227529168119739,84f16ce9d13cc68d,e991dce2df1d52e8
MID,validation-00e7d17a10b40c0b5b08beb96dc6cc37,1,15695027386859873001,coupled_z1.5_left_edge,TRAINING_COUPLED,shift,-1.25,0.0,1.5,-0.12338862397495769,0.06487827275411365,0.4297166415260995,1.2293562822963278,1.0,84,0.8607429265975952,0.8851047285795957,True,,0.16728681249538638,,,,0.9654761532223198,9a9cac43fca0c3c1,e991dce2df1d52e8
POST,validation-00e7d17a10b40c0b5b08beb96dc6cc37,1,15695027386859873001,coupled_z1.5_left_edge,TRAINING_COUPLED,shift,-1.25,0.0,1.5,-0.17708935429591668,0.2158579309724738,0.5704383346354528,-1.5057727262876315,1.0,78,0.8590826392173767,0.6342634280144486,True,,0.33504568570102977,,,,0.923673680265657,6ed2842ca4991cf3,e991dce2df1d52e8
PRE,validation-00e7d17a10b40c0b5b08beb96dc6cc37,1,15695027386859873001,coupled_z1.5_right_edge,TRAINING_COUPLED,shift,1.25,0.0,1.5,0.2943530207394049,0.0282167640255616,0.8511441893379859,0.8221159328576857,1.0,84,0.8426777124404907,0.9954368279491373,True,,0.3548428337874402,,,,0.9143658876409922,7762f2da5f4e9522,e991dce2df1d52e8
MID,validation-00e7d17a10b40c0b5b08beb96dc6cc37,1,15695027386859873001,coupled_z1.5_right_edge,TRAINING_COUPLED,shift,1.25,0.0,1.5,0.2281425725363671,0.06351462851833603,0.7824490335833413,-0.302611461989886,0.9787234042553191,98,0.8562658429145813,0.9633634568350942,True,,0.28418255342761733,,,,0.9476783871641218,ba0cf52093ed48d8,e991dce2df1d52e8
POST,validation-00e7d17a10b40c0b5b08beb96dc6cc37,1,15695027386859873001,coupled_z1.5_right_edge,TRAINING_COUPLED,shift,1.25,0.0,1.5,0.12956203820876025,0.1619369208474507,0.7083164411710872,-11.428375569334783,0.9873417721518988,80,0.8373688459396362,0.6247318034467819,True,,0.2488659053242146,,,,0.9228069736237223,a972a93b6a2354ba,e991dce2df1d52e8
PRE,validation-00e7d17a10b40c0b5b08beb96dc6cc37,1,15695027386859873001,legacy_center_z1,EXTRAPOLATION,identity,0.0,0.0,1.0,0.0,0.0,1.0,0.0,1.0,256,1.0,,,,,,,,1.0,b53ef65b9049c86a,e991dce2df1d52e8
MID,validation-00e7d17a10b40c0b5b08beb96dc6cc37,1,15695027386859873001,legacy_center_z1,EXTRAPOLATION,identity,0.0,0.0,1.0,0.0,0.0,1.0,0.0,1.0,256,1.0,,,,,,,,1.0,0f6dc6c3e90cf507,e991dce2df1d52e8
POST,validation-00e7d17a10b40c0b5b08beb96dc6cc37,1,15695027386859873001,legacy_center_z1,EXTRAPOLATION,identity,0.0,0.0,1.0,0.0,0.0,1.0,0.0,1.0,256,1.0,,,,,,,,1.0,dec67fe524df443d,e991dce2df1d52e8
PRE,validation-00e7d17a10b40c0b5b08beb96dc6cc37,1,15695027386859873001,coupled_z1.1_center,TRAINING_COUPLED,zoom,0.0,0.0,1.1,0.0,3.469446951953614e-18,1.0,6.437557078013037e-15,1.0,197,0.9525141716003418,,,,-0.0,0.0,-0.09531017980432493,False,0.9889315975976116,4c70f527a6ab8d08,e991dce2df1d52e8
MID,validation-00e7d17a10b40c0b5b08beb96dc6cc37,1,15695027386859873001,coupled_z1.1_center,TRAINING_COUPLED,zoom,0.0,0.0,1.1,-0.003654442882462139,0.11636322564208776,0.9778742754369459,-2.5471574722642436,0.9482758620689655,126,0.9036243557929993,,,,0.23475110402501936,-0.022374169933888383,-0.09531017980432493,True,0.9691197257699649,e496d6ccd222022b,e991dce2df1d52e8
POST,validation-00e7d17a10b40c0b5b08beb96dc6cc37,1,15695027386859873001,coupled_z1.1_center,TRAINING_COUPLED,zoom,0.0,0.0,1.1,-0.010454391810324093,0.09832983244000196,0.934411726970761,2.119014220859337,0.975,129,0.9075419306755066,,,,0.711761501844153,-0.06783811671856257,-0.09531017980432493,True,0.969122109955898,99e94a73c69e4d44,e991dce2df1d52e8
PRE,validation-00e7d17a10b40c0b5b08beb96dc6cc37,1,15695027386859873001,coupled_z1.225_center,TRAINING_COUPLED,zoom,0.0,0.0,1.225,0.01027637224991939,0.07409870526080811,0.961138240718343,1.9831888295419338,0.925,128,0.8991941809654236,,,,0.19531321873509785,-0.03963702945381096,-0.20294084399669038,True,0.9714432358732045,32f526a5c51db3e8,e991dce2df1d52e8
MID,validation-00e7d17a10b40c0b5b08beb96dc6cc37,1,15695027386859873001,coupled_z1.225_center,TRAINING_COUPLED,zoom,0.0,0.0,1.225,0.01147281329630967,0.1387577726183724,0.9448198440516746,-3.20400727407234,0.9626168224299065,116,0.9004733562469482,,,,0.27969239587288525,-0.05676101087789977,-0.20294084399669038,True,0.9620058491227363,24cb42302f05f9b5,e991dce2df1d52e8
POST,validation-00e7d17a10b40c0b5b08beb96dc6cc37,1,15695027386859873001,coupled_z1.225_center,TRAINING_COUPLED,zoom,0.0,0.0,1.225,-0.0076626249000016355,0.3029142026530304,0.8485423908138003,-10.733365113597525,1.0,99,0.8760818839073181,,,,0.809276401002047,-0.16423523584595948,-0.20294084399669038,True,0.9402639234213918,2aa64b6c6f192ff7,e991dce2df1d52e8
PRE,validation-00e7d17a10b40c0b5b08beb96dc6cc37,1,15695027386859873001,coupled_z1.4142_center,TRAINING_COUPLED,zoom,0.0,0.0,1.4142135623730951,0.06815039562473565,0.1777480494566672,0.9049481279227197,-6.270570211934303,0.9629629629629629,114,0.8738381266593933,,,,0.2881859926392121,-0.09987765413736951,-0.3465735902799727,True,0.9580953692245063,32665a890c2a5876,e991dce2df1d52e8
MID,validation-00e7d17a10b40c0b5b08beb96dc6cc37,1,15695027386859873001,coupled_z1.4142_center,TRAINING_COUPLED,zoom,0.0,0.0,1.4142135623730951,0.08155732087104528,0.149547086621317,0.9085295796926942,-4.433524999335503,0.9814814814814815,114,0.8879007697105408,,,,0.2767892174739708,-0.0959278328507382,-0.3465735902799727,True,0.9595447182645738,1435341b577d57d0,e991dce2df1d52e8
POST,validation-00e7d17a10b40c0b5b08beb96dc6cc37,1,15695027386859873001,coupled_z1.4142_center,TRAINING_COUPLED,zoom,0.0,0.0,1.4142135623730951,-0.01398061794188557,0.2610110550691537,0.8039127416567564,-3.586925589876891,0.9775280898876404,93,0.8695849180221558,,,,0.6297783561475438,-0.21826454597067357,-0.3465735902799727,True,0.9133303113767498,a47a5d40c89fa616,e991dce2df1d52e8
PRE,validation-00e7d17a10b40c0b5b08beb96dc6cc37,1,15695027386859873001,coupled_z1.5_center,TRAINING_COUPLED,zoom,0.0,0.0,1.5,0.07575809614628287,0.1571084730056623,0.8989644547799852,-5.463340490464674,0.9893617021276596,97,0.863964855670929,,,,0.2626903814482627,-0.10651178391289476,-0.4054651081081644,True,0.9476080505604835,2c9d082ecc37524b,e991dce2df1d52e8
MID,validation-00e7d17a10b40c0b5b08beb96dc6cc37,1,15695027386859873001,coupled_z1.5_center,TRAINING_COUPLED,zoom,0.0,0.0,1.5,0.08569002842222333,0.16020682774118844,0.9028110746050815,-3.476953574591445,0.9901960784313726,109,0.8853627443313599,,,,0.25215971760957656,-0.10224196716109116,-0.4054651081081644,True,0.9468586444845267,fcd6b8ab442d9a7f,e991dce2df1d52e8
POST,validation-00e7d17a10b40c0b5b08beb96dc6cc37,1,15695027386859873001,coupled_z1.5_center,TRAINING_COUPLED,zoom,0.0,0.0,1.5,0.09767568063270425,0.2450119014987222,0.8191400101332644,-8.775080056434268,0.9873417721518988,85,0.8636536598205566,,,,0.4920281750677798,-0.19950025719612016,-0.4054651081081644,True,0.9037327651649933,ee1169e677aec944,e991dce2df1d52e8
PRE,validation-00e7d17a10b40c0b5b08beb96dc6cc37,2,6968906472438857167,coupled_z1.1_left_edge,TRAINING_COUPLED,shift,-0.2100000000000002,0.0,1.1,-0.22766157072686138,0.09886307191346097,0.5924033020301939,-5.7312545429726365,1.0,97,0.8986332416534424,0.9172470783627299,True,,1.3001000685934065,,,,0.97011416972267,c33c8633abecce0a,0019a2cd824afce2
MID,validation-00e7d17a10b40c0b5b08beb96dc6cc37,2,6968906472438857167,coupled_z1.1_left_edge,TRAINING_COUPLED,shift,-0.2100000000000002,0.0,1.1,-0.15807689949134598,0.049523970642659794,0.5213068028120431,-4.459411907165319,1.0,107,0.8886343240737915,0.9542650048931093,True,,0.8677064025260419,,,,0.9448034101480823,726af3d086f03b92,0019a2cd824afce2
POST,validation-00e7d17a10b40c0b5b08beb96dc6cc37,2,6968906472438857167,coupled_z1.1_left_edge,TRAINING_COUPLED,shift,-0.2100000000000002,0.0,1.1,-0.19969531943760702,0.03879583457977165,0.6088183094825614,-2.7771010639305316,1.0,105,0.8882675170898438,0.9816465168080584,True,,1.0655802102679197,,,,0.9547350406637181,d39dc5bbf5e75b3c,0019a2cd824afce2
PRE,validation-00e7d17a10b40c0b5b08beb96dc6cc37,2,6968906472438857167,coupled_z1.1_right_edge,TRAINING_COUPLED,shift,0.2100000000000002,0.0,1.1,0.03075487599325786,0.008402058752708913,0.9799619462636403,-2.318631691278577,0.8461538461538461,143,0.9105286598205566,0.9646493523770348,True,,0.16700054695010122,,,,0.9726001620282937,6164068a81af8692,0019a2cd824afce2
MID,validation-00e7d17a10b40c0b5b08beb96dc6cc37,2,6968906472438857167,coupled_z1.1_right_edge,TRAINING_COUPLED,shift,0.2100000000000002,0.0,1.1,0.04353109595464753,-0.0007026755521328254,0.9664580136259144,-3.300192893075951,0.9090909090909091,132,0.9212541580200195,0.9998697445121253,True,,0.22804973113066002,,,,0.9592286348333302,88db07a9ce47eea1,0019a2cd824afce2
POST,validation-00e7d17a10b40c0b5b08beb96dc6cc37,2,6968906472438857167,coupled_z1.1_right_edge,TRAINING_COUPLED,shift,0.2100000000000002,0.0,1.1,-4.163336342344337e-17,0.0,1.0,-2.539562997082406e-15,1.0,183,0.944078803062439,0.0,False,,2.1807952269422702e-16,,,,0.9886474602598473,fc63b552b869583e,0019a2cd824afce2
PRE,validation-00e7d17a10b40c0b5b08beb96dc6cc37,2,6968906472438857167,coupled_z1.225_left_edge,TRAINING_COUPLED,shift,-0.5006250000000003,0.0,1.225,-0.24727262786615903,0.09168098928397193,0.5190335752895662,-6.176404223261058,1.0,95,0.8976683616638184,0.937627014049886,True,,0.6453116241168908,,,,0.9659725427617903,8f41a093882bf4ef,0019a2cd824afce2
MID,validation-00e7d17a10b40c0b5b08beb96dc6cc37,2,6968906472438857167,coupled_z1.225_left_edge,TRAINING_COUPLED,shift,-0.5006250000000003,0.0,1.225,-0.12292679891431033,0.033526792592973045,0.47483316306812073,6.448958012464832,1.0,112,0.8918085098266602,0.964761227302586,True,,0.3117814600046426,,,,0.9480388164510782,d9e09892040b0241,0019a2cd824afce2
POST,validation-00e7d17a10b40c0b5b08beb96dc6cc37,2,6968906472438857167,coupled_z1.225_left_edge,TRAINING_COUPLED,shift,-0.5006250000000003,0.0,1.225,-0.17738904784869786,0.09281110478586416,0.5200142842519081,-9.33133312248686,1.0,97,0.8912700414657593,0.8860510505769581,True,,0.48988214753766196,,,,0.9576097726812323,c35c0681f838fa85,0019a2cd824afce2
PRE,validation-00e7d17a10b40c0b5b08beb96dc6cc37,2,6968906472438857167,coupled_z1.225_right_edge,TRAINING_COUPLED,shift,0.5006250000000003,0.0,1.225,0.03513301297353935,-0.02681647616270218,0.9149475399931893,-6.645218986674797,0.9591836734693877,108,0.8982260227203369,0.794902795928272,True,,0.10814960230885383,,,,0.9567109346380203,3952ac91388ba0ee,0019a2cd824afce2
MID,validation-00e7d17a10b40c0b5b08beb96dc6cc37,2,6968906472438857167,coupled_z1.225_right_edge,TRAINING_COUPLED,shift,0.5006250000000003,0.0,1.225,0.045904701586044205,-0.0027966577736593112,0.9315531113613461,-4.89466987248884,0.97,113,0.8903356790542603,0.9981493366369021,True,,0.1125343744847214,,,,0.9247470453221518,ce48a9753ff34f99,0019a2cd824afce2
POST,validation-00e7d17a10b40c0b5b08beb96dc6cc37,2,6968906472438857167,coupled_z1.225_right_edge,TRAINING_COUPLED,shift,0.5006250000000003,0.0,1.225,0.045609718230528146,-0.02131233662136589,0.936867499176781,-1.513881214981217,0.9574468085106383,106,0.8944146037101746,0.9059714033035405,True,,0.12318744705634097,,,,0.9518826007833497,e0dde1f96ebd3f0a,0019a2cd824afce2
PRE,validation-00e7d17a10b40c0b5b08beb96dc6cc37,2,6968906472438857167,coupled_z1.4142_left_edge,TRAINING_COUPLED,shift,-1.0000000000000004,0.0,1.4142135623730951,-0.19878527763559195,0.057432130707872134,0.47503104586270667,6.465435790691972,1.0,97,0.8734694123268127,0.9607073879885794,True,,0.29262274772240604,,,,0.9458067417135316,0bbf11dc0e1a067b,0019a2cd824afce2
MID,validation-00e7d17a10b40c0b5b08beb96dc6cc37,2,6968906472438857167,coupled_z1.4142_left_edge,TRAINING_COUPLED,shift,-1.0000000000000004,0.0,1.4142135623730951,-0.11664284087192188,0.03716349411242466,0.41046878994239716,5.414321242909906,1.0,94,0.8888115286827087,0.9528080239071122,True,,0.17312814688153225,,,,0.9394479989996097,157114bcaa038199,0019a2cd824afce2
POST,validation-00e7d17a10b40c0b5b08beb96dc6cc37,2,6968906472438857167,coupled_z1.4142_left_edge,TRAINING_COUPLED,shift,-1.0000000000000004,0.0,1.4142135623730951,-0.14395854437899425,0.05638162996035468,0.43870655017526633,1.6776975313619034,1.0,105,0.8743115663528442,0.9311329361446506,True,,0.21864560684681136,,,,0.9548619389524448,630473dafd235d00,0019a2cd824afce2
PRE,validation-00e7d17a10b40c0b5b08beb96dc6cc37,2,6968906472438857167,coupled_z1.4142_right_edge,TRAINING_COUPLED,shift,1.0000000000000004,0.0,1.4142135623730951,0.02894611812726438,-0.018999199565612176,0.9507285089510967,-5.231103922508705,0.9333333333333333,85,0.8764460682868958,0.8360040633484568,True,,0.048966260604042466,,,,0.9208358526220649,f781a513515137ca,0019a2cd824afce2
MID,validation-00e7d17a10b40c0b5b08beb96dc6cc37,2,6968906472438857167,coupled_z1.4142_right_edge,TRAINING_COUPLED,shift,1.0000000000000004,0.0,1.4142135623730951,0.05404740759741171,-0.035155815180304216,0.9077570911670951,-5.125509339706032,0.92,107,0.8923371434211731,0.83826639287705,True,,0.09118172633803838,,,,0.942400991915714,3ec53742f3d1c217,0019a2cd824afce2
POST,validation-00e7d17a10b40c0b5b08beb96dc6cc37,2,6968906472438857167,coupled_z1.4142_right_edge,TRAINING_COUPLED,shift,1.0000000000000004,0.0,1.4142135623730951,0.05412981799523106,-0.04680133409797471,0.9004372377271456,-7.022343534880015,0.9555555555555556,102,0.8852971196174622,0.7564575026076302,True,,0.10119685834596928,,,,0.9651684761037711,360b8a1ff51f78a7,0019a2cd824afce2
PRE,validation-00e7d17a10b40c0b5b08beb96dc6cc37,2,6968906472438857167,coupled_z1.5_left_edge,TRAINING_COUPLED,shift,-1.25,0.0,1.5,-0.14798124411930305,0.05407241806701251,0.4222865232165698,14.689335683733429,1.0,86,0.8816831111907959,0.939260119477754,True,,0.1890610377884962,,,,0.942343950270664,4059f6044729dc33,0019a2cd824afce2
MID,validation-00e7d17a10b40c0b5b08beb96dc6cc37,2,6968906472438857167,coupled_z1.5_left_edge,TRAINING_COUPLED,shift,-1.25,0.0,1.5,-0.13544841558882392,0.011362725616238478,0.5017729029473033,-0.971728955535984,1.0,100,0.88090980052948,0.9964997239791248,True,,0.16310902531525304,,,,0.946741816206332,d370c3ecbe45fa5c,0019a2cd824afce2
POST,validation-00e7d17a10b40c0b5b08beb96dc6cc37,2,6968906472438857167,coupled_z1.5_left_edge,TRAINING_COUPLED,shift,-1.25,0.0,1.5,-0.12983793397652585,-0.013263209885354284,0.453756343588039,11.818700398597965,1.0,87,0.8745757341384888,0.9948229621998825,True,,0.1566163294279627,,,,0.9433794583894987,16e4f26ee04a3239,0019a2cd824afce2
PRE,validation-00e7d17a10b40c0b5b08beb96dc6cc37,2,6968906472438857167,coupled_z1.5_right_edge,TRAINING_COUPLED,shift,1.25,0.0,1.5,0.07687294061201308,-0.034030173782359285,0.9021203584285625,-7.620184539472916,0.9425287356321839,97,0.8692760467529297,0.9144090860506967,True,,0.10088212173340602,,,,0.8823441267004726,a6846afc8c8f591e,0019a2cd824afce2
MID,validation-00e7d17a10b40c0b5b08beb96dc6cc37,2,6968906472438857167,coupled_z1.5_right_edge,TRAINING_COUPLED,shift,1.25,0.0,1.5,0.05830810095018317,-0.03722744508891347,0.909279627676895,-6.6571365435496155,0.95,111,0.8831007480621338,0.8428598694312887,True,,0.08301465483962057,,,,0.9549266669100909,39d814f867d92a59,0019a2cd824afce2
POST,validation-00e7d17a10b40c0b5b08beb96dc6cc37,2,6968906472438857167,coupled_z1.5_right_edge,TRAINING_COUPLED,shift,1.25,0.0,1.5,0.08705123053249565,-0.023399801363664582,0.9237328750585047,-7.325215085744494,0.9318181818181818,97,0.8862556219100952,0.965718914058351,True,,0.10816964969507922,,,,0.9454132318487249,d7eedf479037cc52,0019a2cd824afce2
PRE,validation-00e7d17a10b40c0b5b08beb96dc6cc37,2,6968906472438857167,legacy_center_z1,EXTRAPOLATION,identity,0.0,0.0,1.0,0.0,0.0,1.0,0.0,1.0,256,1.0,,,,,,,,1.0,f75fca35fe333185,0019a2cd824afce2
MID,validation-00e7d17a10b40c0b5b08beb96dc6cc37,2,6968906472438857167,legacy_center_z1,EXTRAPOLATION,identity,0.0,0.0,1.0,0.0,0.0,1.0,0.0,1.0,256,1.0,,,,,,,,1.0,0a49d44bfe4592f6,0019a2cd824afce2
POST,validation-00e7d17a10b40c0b5b08beb96dc6cc37,2,6968906472438857167,legacy_center_z1,EXTRAPOLATION,identity,0.0,0.0,1.0,0.0,0.0,1.0,0.0,1.0,256,1.0,,,,,,,,1.0,dac60af90294780a,0019a2cd824afce2
PRE,validation-00e7d17a10b40c0b5b08beb96dc6cc37,2,6968906472438857167,coupled_z1.1_center,TRAINING_COUPLED,zoom,0.0,0.0,1.1,5.551115123125783e-17,-2.7755575615628914e-17,0.9999999999999999,1.384158788201519e-14,1.0,197,0.9595026969909668,,,,1.1648525130311185e-15,-1.1102230246251565e-16,-0.09531017980432493,True,0.9920501718451388,8508aa97d108a899,0019a2cd824afce2
MID,validation-00e7d17a10b40c0b5b08beb96dc6cc37,2,6968906472438857167,coupled_z1.1_center,TRAINING_COUPLED,zoom,0.0,0.0,1.1,4.163336342344337e-17,1.3877787807814457e-17,1.0,-9.373744653989253e-16,1.0,195,0.958115816116333,,,,-0.0,0.0,-0.09531017980432493,False,0.9900335061580182,0b9ebcd6e36187cf,0019a2cd824afce2
POST,validation-00e7d17a10b40c0b5b08beb96dc6cc37,2,6968906472438857167,coupled_z1.1_center,TRAINING_COUPLED,zoom,0.0,0.0,1.1,1.734723475976807e-18,6.938893903907228e-18,1.0,-1.7154314115038467e-16,1.0,224,0.9626813530921936,,,,-0.0,0.0,-0.09531017980432493,False,0.9955744743337211,1bf40a4a41a1928e,0019a2cd824afce2
PRE,validation-00e7d17a10b40c0b5b08beb96dc6cc37,2,6968906472438857167,coupled_z1.225_center,TRAINING_COUPLED,zoom,0.0,0.0,1.225,0.0,2.7755575615628914e-17,1.0,-1.0374150644661906e-14,1.0,178,0.9473633766174316,,,,-0.0,0.0,-0.20294084399669038,False,0.9898635738996844,bff685f8e352f428,0019a2cd824afce2
MID,validation-00e7d17a10b40c0b5b08beb96dc6cc37,2,6968906472438857167,coupled_z1.225_center,TRAINING_COUPLED,zoom,0.0,0.0,1.225,-1.3877787807814457e-17,1.3877787807814457e-17,1.0,3.905597753719403e-15,1.0,203,0.9608746767044067,,,,-0.0,0.0,-0.20294084399669038,False,0.9938361045014519,98d8e92196e798c5,0019a2cd824afce2
POST,validation-00e7d17a10b40c0b5b08beb96dc6cc37,2,6968906472438857167,coupled_z1.225_center,TRAINING_COUPLED,zoom,0.0,0.0,1.225,-0.015468315326389412,0.00033849665893402256,0.8032933932211972,-3.6705312552858635,0.900990099009901,108,0.8876903653144836,,,,1.0793059498018556,-0.2190352603834381,-0.20294084399669038,True,0.9439333047817628,88871f9182b98691,0019a2cd824afce2
PRE,validation-00e7d17a10b40c0b5b08beb96dc6cc37,2,6968906472438857167,coupled_z1.4142_center,TRAINING_COUPLED,zoom,0.0,0.0,1.4142135623730951,-0.03513521198916937,-0.022094650704287844,0.8942166241161508,-3.075115456940934,0.9734513274336283,117,0.8952216506004333,,,,0.32260745608341357,-0.11180722430591726,-0.3465735902799727,True,0.9716433865801744,6b4caf3243174eb5,0019a2cd824afce2
MID,validation-00e7d17a10b40c0b5b08beb96dc6cc37,2,6968906472438857167,coupled_z1.4142_center,TRAINING_COUPLED,zoom,0.0,0.0,1.4142135623730951,-3.469446951953614e-18,6.938893903907228e-18,1.0,5.3140453459209396e-15,1.0,147,0.9365049600601196,,,,-0.0,0.0,-0.3465735902799727,False,0.9739061593999659,0fd853c5e381aa38,0019a2cd824afce2
POST,validation-00e7d17a10b40c0b5b08beb96dc6cc37,2,6968906472438857167,coupled_z1.4142_center,TRAINING_COUPLED,zoom,0.0,0.0,1.4142135623730951,-0.05787379344776758,0.013224228519804107,0.7205481872128323,-6.636768089775141,0.9509803921568627,106,0.8862357139587402,,,,0.945666359846706,-0.3277429855390655,-0.3465735902799727,True,0.959815263747209,258ac66ffa31e818,0019a2cd824afce2
PRE,validation-00e7d17a10b40c0b5b08beb96dc6cc37,2,6968906472438857167,coupled_z1.5_center,TRAINING_COUPLED,zoom,0.0,0.0,1.5,-0.032250637834817325,-0.013745462856078472,0.878232088284532,-2.791245557218815,0.9897959183673469,105,0.8849430084228516,,,,0.3202356509292103,-0.12984438282410066,-0.4054651081081644,True,0.9694378375997385,145d7a1e39ae15eb,0019a2cd824afce2
MID,validation-00e7d17a10b40c0b5b08beb96dc6cc37,2,6968906472438857167,coupled_z1.5_center,TRAINING_COUPLED,zoom,0.0,0.0,1.5,-0.0026748826997678513,0.001345260581478075,0.9938361911580461,-0.26561988186626245,0.9565217391304348,149,0.9261234998703003,,,,0.015248867067138485,-0.006182883533904333,-0.4054651081081644,True,0.9717956168520041,ca9fceee9afdbac0,0019a2cd824afce2
POST,validation-00e7d17a10b40c0b5b08beb96dc6cc37,2,6968906472438857167,coupled_z1.5_center,TRAINING_COUPLED,zoom,0.0,0.0,1.5,-0.14587709274196312,0.007320527888377955,0.8158295325155824,2.1027398075790487,0.8795180722891566,93,0.8803747892379761,,,,0.5020157049335546,-0.20354985207288007,-0.4054651081081644,True,0.9397351741781373,11e84c6fc705b1e5,0019a2cd824afce2
PRE,validation-011d20bc981f54435405b9707837655d,0,4488631196545247354,coupled_z1.1_left_edge,TRAINING_COUPLED,shift,-0.2100000000000002,0.0,1.1,-0.1676728617106316,-0.018236410871302858,0.8428053098962237,-6.445979262501373,0.9506172839506173,88,0.8715665936470032,0.9941373910547765,True,,0.8834658331532267,,,,0.8926191457955082,5f00bfd80324424a,2bf5c1b7c16581d5
MID,validation-011d20bc981f54435405b9707837655d,0,4488631196545247354,coupled_z1.1_left_edge,TRAINING_COUPLED,shift,-0.2100000000000002,0.0,1.1,-0.16886911914822136,0.001794136269075236,0.9017252408099439,-3.6430564023550964,0.9891304347826086,99,0.8858461380004883,0.9999435656076173,True,,0.8846024508460127,,,,0.9405578970899712,6b067ba62b102735,2bf5c1b7c16581d5
POST,validation-011d20bc981f54435405b9707837655d,0,4488631196545247354,coupled_z1.1_left_edge,TRAINING_COUPLED,shift,-0.2100000000000002,0.0,1.1,-0.20033084460683656,0.0037393178523976306,0.8856138345920113,-1.8621288333792863,1.0,88,0.8720064759254456,0.999825841078967,True,,1.04953482900464,,,,0.9229688048353502,b1275d99e21ae388,2bf5c1b7c16581d5
PRE,validation-011d20bc981f54435405b9707837655d,0,4488631196545247354,coupled_z1.1_right_edge,TRAINING_COUPLED,shift,0.2100000000000002,0.0,1.1,0.03915344696678075,-0.004848209616145294,0.9749902389458159,0.9102755336321002,0.9083969465648855,146,0.8990538120269775,0.9924206263872604,True,,0.20665580564470173,,,,0.916572759559101,96d92b645f46b749,2bf5c1b7c16581d5
MID,validation-011d20bc981f54435405b9707837655d,0,4488631196545247354,coupled_z1.1_right_edge,TRAINING_COUPLED,shift,0.2100000000000002,0.0,1.1,0.01597339548177286,0.003790843344529865,0.9861301553617897,0.014355760046738962,0.8769230769230769,148,0.9262815117835999,0.9729754019688635,True,,0.08599412340052945,,,,0.951377689837458,4ea564280413f899,2bf5c1b7c16581d5
POST,validation-011d20bc981f54435405b9707837655d,0,4488631196545247354,coupled_z1.1_right_edge,TRAINING_COUPLED,shift,0.2100000000000002,0.0,1.1,0.01583250267570087,-0.0007867311112077363,0.9942085037963232,0.48789642349707757,0.8531468531468531,159,0.9168959259986877,0.998767689146081,True,,0.08303448113767042,,,,0.9353796839704696,5a70aa36c28beb41,2bf5c1b7c16581d5
PRE,validation-011d20bc981f54435405b9707837655d,0,4488631196545247354,coupled_z1.225_left_edge,TRAINING_COUPLED,shift,-0.5006250000000003,0.0,1.225,-0.15004013943040354,0.03834521641894431,0.7039981802212606,-3.069741877222701,1.0,95,0.8668367862701416,0.968860268293336,True,,0.37893949142299305,,,,0.833113213405585,af5e164293666f7c,2bf5c1b7c16581d5
MID,validation-011d20bc981f54435405b9707837655d,0,4488631196545247354,coupled_z1.225_left_edge,TRAINING_COUPLED,shift,-0.5006250000000003,0.0,1.225,-0.12647677871426,0.004810803571981437,0.9090211979048739,-2.9219148583447594,0.9518072289156626,94,0.8795782327651978,0.999277375424207,True,,0.3097050567588654,,,,0.8713060021391738,9e08852ab9a9b7fd,2bf5c1b7c16581d5
POST,validation-011d20bc981f54435405b9707837655d,0,4488631196545247354,coupled_z1.225_left_edge,TRAINING_COUPLED,shift,-0.5006250000000003,0.0,1.225,-0.11095022431256467,0.01600606230944103,0.8481168644142685,-7.205297808649881,0.9146341463414634,87,0.8623492121696472,0.9897536879724047,True,,0.2742992443454733,,,,0.8929067850103986,c362a61df33ee88b,2bf5c1b7c16581d5
PRE,validation-011d20bc981f54435405b9707837655d,0,4488631196545247354,coupled_z1.225_right_edge,TRAINING_COUPLED,shift,0.5006250000000003,0.0,1.225,0.09581064384752673,0.0317398203504163,0.8677594081353224,-1.2234158031445432,0.8888888888888888,98,0.8703979849815369,0.9492673994851636,True,,0.24697258514128737,,,,0.929544934087666,c949707a7349b7c8,2bf5c1b7c16581d5
MID,validation-011d20bc981f54435405b9707837655d,0,4488631196545247354,coupled_z1.225_right_edge,TRAINING_COUPLED,shift,0.5006250000000003,0.0,1.225,0.13371960750886025,-0.015104251707213995,0.8760716345448017,0.8137919452206712,0.9690721649484536,103,0.8727215528488159,0.9936810260874593,True,,0.3292847752536888,,,,0.9279563980067271,f2a5f91f49456e6d,2bf5c1b7c16581d5
POST,validation-011d20bc981f54435405b9707837655d,0,4488631196545247354,coupled_z1.225_right_edge,TRAINING_COUPLED,shift,0.5006250000000003,0.0,1.225,0.07313293211931197,0.03387363905770181,0.9416467063165549,0.7095243593465997,0.883495145631068,113,0.885208249092102,0.9073921532504713,True,,0.19721571654957779,,,,0.948093533514982,9b0a16b4e4db43a9,2bf5c1b7c16581d5
PRE,validation-011d20bc981f54435405b9707837655d,0,4488631196545247354,coupled_z1.4142_left_edge,TRAINING_COUPLED,shift,-1.0000000000000004,0.0,1.4142135623730951,-0.09701334899642851,0.05484091263520924,0.6540709440391028,-11.419645232766008,1.0,94,0.8478634357452393,0.8705348515330419,True,,0.15760149480360572,,,,0.7964018825997634,c954eea07cb63b2f,2bf5c1b7c16581d5
MID,validation-011d20bc981f54435405b9707837655d,0,4488631196545247354,coupled_z1.4142_left_edge,TRAINING_COUPLED,shift,-1.0000000000000004,0.0,1.4142135623730951,-0.23493097671656982,-0.003944799316210328,0.8269774767027737,-2.6832424620619455,1.0,90,0.8896723985671997,0.9998590557190544,True,,0.3322894077837769,,,,0.8676346540442372,97324d714570c17d,2bf5c1b7c16581d5
POST,validation-011d20bc981f54435405b9707837655d,0,4488631196545247354,coupled_z1.4142_left_edge,TRAINING_COUPLED,shift,-1.0000000000000004,0.0,1.4142135623730951,-0.18395864125844597,-0.037373970650337804,0.8557820447961362,-3.5286277688367162,0.974025974025974,84,0.8763754963874817,0.9799796582001462,True,,0.2654716383187699,,,,0.8768702745428852,a3c5be71283786b0,2bf5c1b7c16581d5
PRE,validation-011d20bc981f54435405b9707837655d,0,4488631196545247354,coupled_z1.4142_right_edge,TRAINING_COUPLED,shift,1.0000000000000004,0.0,1.4142135623730951,0.05483725832529701,0.07808830963042097,0.8132393592120464,-8.347386909980349,0.9880952380952381,88,0.8274749517440796,0.5746956747906233,True,,0.1349437586668746,,,,0.8647933167456899,bb72cdfc3f65ede7,2bf5c1b7c16581d5
MID,validation-011d20bc981f54435405b9707837655d,0,4488631196545247354,coupled_z1.4142_right_edge,TRAINING_COUPLED,shift,1.0000000000000004,0.0,1.4142135623730951,0.07663942550277514,-0.025832552439991368,0.8783399668315306,-3.5433128468997945,0.9534883720930233,90,0.8558692932128906,0.9476167861687119,True,,0.11437589175136795,,,,0.9262847260397188,64ca8f165f7e8e3c,2bf5c1b7c16581d5
POST,validation-011d20bc981f54435405b9707837655d,0,4488631196545247354,coupled_z1.4142_right_edge,TRAINING_COUPLED,shift,1.0000000000000004,0.0,1.4142135623730951,0.13065422613401179,-0.027701160421697207,0.7704275638403963,1.8934752388160014,0.9340659340659341,95,0.8736400604248047,0.9782544443102061,True,,0.18888028534172685,,,,0.9091058969488589,5768dda5dfea2955,2bf5c1b7c16581d5
PRE,validation-011d20bc981f54435405b9707837655d,0,4488631196545247354,coupled_z1.5_left_edge,TRAINING_COUPLED,shift,-1.25,0.0,1.5,-0.11654109518918053,0.10490778153548991,0.6969103293445614,2.455721547371388,1.0,80,0.8414525985717773,0.7432281973051221,True,,0.18816470463987678,,,,0.8031675454170366,8fb1a174b6dcab16,2bf5c1b7c16581d5
MID,validation-011d20bc981f54435405b9707837655d,0,4488631196545247354,coupled_z1.5_left_edge,TRAINING_COUPLED,shift,-1.25,0.0,1.5,-0.21356371255319267,0.010975496041276931,0.8673222556006419,-2.6973487660889144,1.0,94,0.8788948059082031,0.9986820341464022,True,,0.2566146644276412,,,,0.8477220716799279,4ad604c5354ddfa1,2bf5c1b7c16581d5
POST,validation-011d20bc981f54435405b9707837655d,0,4488631196545247354,coupled_z1.5_left_edge,TRAINING_COUPLED,shift,-1.25,0.0,1.5,-0.17452385866965472,0.06991692713964631,0.8440632290311543,-4.4365050701984945,0.9634146341463414,88,0.8590746521949768,0.9282796065698125,True,,0.22560942728897337,,,,0.8483877778044799,147d323cb5a288f5,2bf5c1b7c16581d5
PRE,validation-011d20bc981f54435405b9707837655d,0,4488631196545247354,coupled_z1.5_right_edge,TRAINING_COUPLED,shift,1.25,0.0,1.5,0.12861170912253161,0.06050424735402038,0.7451440288907227,-6.34658540934445,0.9538461538461539,67,0.8245676755905151,0.9048699532807919,True,,0.17055937196960194,,,,0.8491136015509695,5279afc065173372,2bf5c1b7c16581d5
MID,validation-011d20bc981f54435405b9707837655d,0,4488631196545247354,coupled_z1.5_right_edge,TRAINING_COUPLED,shift,1.25,0.0,1.5,0.10691659391105982,-0.0119391950882924,0.9023625084571939,-1.1704893560814709,0.9555555555555556,97,0.85341477394104,0.9938228062033666,True,,0.1290973721784229,,,,0.9024997295430057,c8dba5d6d0b85056,2bf5c1b7c16581d5
POST,validation-011d20bc981f54435405b9707837655d,0,4488631196545247354,coupled_z1.5_right_edge,TRAINING_COUPLED,shift,1.25,0.0,1.5,0.12486773242639301,0.027121749222650857,0.8738800649341426,-0.36277712387031685,0.9473684210526315,82,0.862236738204956,0.9772143784992258,True,,0.15333511479884876,,,,0.9123237729063447,28ae013dc4b976fe,2bf5c1b7c16581d5
PRE,validation-011d20bc981f54435405b9707837655d,0,4488631196545247354,legacy_center_z1,EXTRAPOLATION,identity,0.0,0.0,1.0,0.0,0.0,1.0,0.0,1.0,256,1.0,,,,,,,,1.0,4e81aa11a30ee5e3,2bf5c1b7c16581d5
MID,validation-011d20bc981f54435405b9707837655d,0,4488631196545247354,legacy_center_z1,EXTRAPOLATION,identity,0.0,0.0,1.0,0.0,0.0,1.0,0.0,1.0,256,1.0,,,,,,,,1.0,cc675df89260f439,2bf5c1b7c16581d5
POST,validation-011d20bc981f54435405b9707837655d,0,4488631196545247354,legacy_center_z1,EXTRAPOLATION,identity,0.0,0.0,1.0,0.0,0.0,1.0,0.0,1.0,256,1.0,,,,,,,,1.0,5049685866cb267b,2bf5c1b7c16581d5
PRE,validation-011d20bc981f54435405b9707837655d,0,4488631196545247354,coupled_z1.1_center,TRAINING_COUPLED,zoom,0.0,0.0,1.1,-2.6020852139652106e-18,-2.7755575615628914e-17,1.0000000000000002,6.545150929932951e-16,1.0,190,0.9486419558525085,,,,-2.3297050260622366e-15,2.2204460492503128e-16,-0.09531017980432493,False,0.9525934514282414,b93763a94d43d966,2bf5c1b7c16581d5
MID,validation-011d20bc981f54435405b9707837655d,0,4488631196545247354,coupled_z1.1_center,TRAINING_COUPLED,zoom,0.0,0.0,1.1,1.3877787807814457e-17,-1.3877787807814457e-17,1.0,3.1908861065797803e-15,1.0,168,0.9387434720993042,,,,-0.0,0.0,-0.09531017980432493,False,0.9558895826330162,e55a2a5c02930c8e,2bf5c1b7c16581d5
POST,validation-011d20bc981f54435405b9707837655d,0,4488631196545247354,coupled_z1.1_center,TRAINING_COUPLED,zoom,0.0,0.0,1.1,-0.00529419897334088,0.00863973624376213,0.9916401764288921,-0.049709571727965376,0.9012345679012346,175,0.9376707077026367,,,,0.08808044313168654,-0.008394962872125662,-0.09531017980432493,True,0.9552677273740752,f75f1be6cb27dae9,2bf5c1b7c16581d5
PRE,validation-011d20bc981f54435405b9707837655d,0,4488631196545247354,coupled_z1.225_center,TRAINING_COUPLED,zoom,0.0,0.0,1.225,-0.007270099920103355,0.007492034996695721,0.9919587692300765,-0.4829125928645913,0.9133333333333333,162,0.9279890656471252,,,,0.039783691041047176,-0.008073735837173683,-0.20294084399669038,True,0.9302145325872497,ae4ddeeafe79a25b,2bf5c1b7c16581d5
MID,validation-011d20bc981f54435405b9707837655d,0,4488631196545247354,coupled_z1.225_center,TRAINING_COUPLED,zoom,0.0,0.0,1.225,-0.005268444197309737,0.004591682973313686,0.9947774019690483,0.05635243833403091,0.8848920863309353,160,0.9346124529838562,,,,0.025802018769302493,-0.005236283465860694,-0.20294084399669038,True,0.9513695240011237,d5c2201364f887d2,2bf5c1b7c16581d5
POST,validation-011d20bc981f54435405b9707837655d,0,4488631196545247354,coupled_z1.225_center,TRAINING_COUPLED,zoom,0.0,0.0,1.225,-0.010608377864072288,0.02090906700743514,0.9830780615435708,0.0220888344589489,0.7685185185185185,120,0.8990936279296875,,,,0.08409716896827206,-0.017066750448153412,-0.20294084399669038,True,0.9263210296621596,5dba88964819d221,2bf5c1b7c16581d5
PRE,validation-011d20bc981f54435405b9707837655d,0,4488631196545247354,coupled_z1.4142_center,TRAINING_COUPLED,zoom,0.0,0.0,1.4142135623730951,-0.020651158445440992,0.0031356769165065412,0.9769851060759858,-1.7854514441900984,0.7766990291262136,113,0.8880578875541687,,,,0.06718305219211018,-0.023283871604186414,-0.3465735902799727,True,0.9439948201170063,e929c88a42adbe62,2bf5c1b7c16581d5
MID,validation-011d20bc981f54435405b9707837655d,0,4488631196545247354,coupled_z1.4142_center,TRAINING_COUPLED,zoom,0.0,0.0,1.4142135623730951,-0.019664694811547583,-0.01133875420763758,0.9857731311361588,-1.2129114015487976,0.8434782608695652,127,0.9078009724617004,,,,0.04134487272477931,-0.014329040979895284,-0.3465735902799727,True,0.9466726152096232,bab4b5d39750fc1d,2bf5c1b7c16581d5
POST,validation-011d20bc981f54435405b9707837655d,0,4488631196545247354,coupled_z1.4142_center,TRAINING_COUPLED,zoom,0.0,0.0,1.4142135623730951,-0.03201207940090289,0.03970929934345516,0.9494671650455047,-0.3430806926915197,0.9065420560747663,115,0.8901660442352295,,,,0.1496199713213555,-0.051854330638428724,-0.3465735902799727,True,0.9423661300690132,71242259d69a090e,2bf5c1b7c16581d5
PRE,validation-011d20bc981f54435405b9707837655d,0,4488631196545247354,coupled_z1.5_center,TRAINING_COUPLED,zoom,0.0,0.0,1.5,-0.0199493105279772,0.010315304424947228,0.9640875708963187,-1.6194273087163191,0.8865979381443299,109,0.8695007562637329,,,,0.09020047986198396,-0.03657314731864763,-0.4054651081081644,True,0.9315834126959768,645766d6dfebb42d,2bf5c1b7c16581d5
MID,validation-011d20bc981f54435405b9707837655d,0,4488631196545247354,coupled_z1.5_center,TRAINING_COUPLED,zoom,0.0,0.0,1.5,-0.00583582905366202,-0.008383256795495092,0.979065331242377,-1.2806140789571236,0.7549019607843137,114,0.9054509401321411,,,,0.05217935064575209,-0.02115690605059369,-0.4054651081081644,True,0.9322739839544509,c8bc63c861ec5f87,2bf5c1b7c16581d5
POST,validation-011d20bc981f54435405b9707837655d,0,4488631196545247354,coupled_z1.5_center,TRAINING_COUPLED,zoom,0.0,0.0,1.5,-0.04216410272315614,0.031270547732770895,0.9578121671279254,-0.2987831071869915,0.8921568627450981,116,0.883354127407074,,,,0.1063065282049336,-0.04310358795121703,-0.4054651081081644,True,0.9386186599722058,315b3ca460dc4506,2bf5c1b7c16581d5
PRE,validation-011d20bc981f54435405b9707837655d,1,16095470875126864119,coupled_z1.1_left_edge,TRAINING_COUPLED,shift,-0.2100000000000002,0.0,1.1,-0.03347231130610996,0.0022539763635804483,0.983328599347217,-1.5465867453757633,0.8584070796460177,121,0.910193681716919,0.9977404423208626,True,,0.1757282224877636,,,,0.9549126625051485,d26afdd13c56a19b,d54975138ede826a
MID,validation-011d20bc981f54435405b9707837655d,1,16095470875126864119,coupled_z1.1_left_edge,TRAINING_COUPLED,shift,-0.2100000000000002,0.0,1.1,-0.022212329228447264,-0.0033382840302567454,0.9853645510722424,0.07465098127241257,0.8203125,139,0.9057143926620483,0.9888942878893668,True,,0.11765696025985845,,,,0.9525039196004879,3fb6d45cee058a08,d54975138ede826a
POST,validation-011d20bc981f54435405b9707837655d,1,16095470875126864119,coupled_z1.1_left_edge,TRAINING_COUPLED,shift,-0.2100000000000002,0.0,1.1,-0.02698245419021647,-0.011648218769684124,0.986309161012158,0.6464858349103175,0.8048780487804879,133,0.9063475131988525,0.918103159942993,True,,0.15394420904670558,,,,0.9455029368391118,11d9c57a059b2050,d54975138ede826a
PRE,validation-011d20bc981f54435405b9707837655d,1,16095470875126864119,coupled_z1.1_right_edge,TRAINING_COUPLED,shift,0.2100000000000002,0.0,1.1,0.14263321101473894,-0.0002630860678110008,0.8899576083062067,-6.259724983046699,0.9885057471264368,93,0.8742175102233887,0.9999982988889996,True,,0.7471276143301027,,,,0.9463882446279598,58eb0d292855fe6f,d54975138ede826a
MID,validation-011d20bc981f54435405b9707837655d,1,16095470875126864119,coupled_z1.1_right_edge,TRAINING_COUPLED,shift,0.2100000000000002,0.0,1.1,0.10459890368973243,0.03199328521295984,0.9001369326767616,-1.91086382241763,0.9795918367346939,104,0.8853841423988342,0.956268474120919,True,,0.5729552255757524,,,,0.9311265945425258,96de475fb15e7411,d54975138ede826a
POST,validation-011d20bc981f54435405b9707837655d,1,16095470875126864119,coupled_z1.1_right_edge,TRAINING_COUPLED,shift,0.2100000000000002,0.0,1.1,0.08771826723696846,0.08069590248916099,0.8329287910574336,-7.693500714971672,0.9696969696969697,102,0.8766899704933167,0.735951509593612,True,,0.6243300433495369,,,,0.9426329101691899,975a311b2c0fbf83,d54975138ede826a
PRE,validation-011d20bc981f54435405b9707837655d,1,16095470875126864119,coupled_z1.225_left_edge,TRAINING_COUPLED,shift,-0.5006250000000003,0.0,1.225,-0.08212076800623364,-0.025716125026252618,0.9416258236767017,-2.1989465855285895,1.0,123,0.8953015804290771,0.9543031920574117,True,,0.21056693764212536,,,,0.9316685199728232,e22812a30a119ad5,d54975138ede826a
MID,validation-011d20bc981f54435405b9707837655d,1,16095470875126864119,coupled_z1.225_left_edge,TRAINING_COUPLED,shift,-0.5006250000000003,0.0,1.225,-0.15332434454217492,0.0316218433657895,0.8877186866252809,1.4699544672715612,0.9680851063829787,101,0.8844894766807556,0.9793875112879782,True,,0.38307173637113995,,,,0.9430105686178313,38838574a587e93f,d54975138ede826a
POST,validation-011d20bc981f54435405b9707837655d,1,16095470875126864119,coupled_z1.225_left_edge,TRAINING_COUPLED,shift,-0.5006250000000003,0.0,1.225,-0.1309814666659808,0.0017311090931541387,0.8720566468156116,-0.07926849711184253,0.967032967032967,96,0.8854921460151672,0.9999126742380506,True,,0.3205319540685621,,,,0.9181239507336914,843a8e007094623f,d54975138ede826a
PRE,validation-011d20bc981f54435405b9707837655d,1,16095470875126864119,coupled_z1.225_right_edge,TRAINING_COUPLED,shift,0.5006250000000003,0.0,1.225,0.023668140138467544,0.04998861511912183,0.5738520822628491,-12.294752534616894,1.0,86,0.8685117363929749,0.42792866286610226,True,,0.13533692686324003,,,,0.9375360012045068,7bd150c22b3da473,d54975138ede826a
MID,validation-011d20bc981f54435405b9707837655d,1,16095470875126864119,coupled_z1.225_right_edge,TRAINING_COUPLED,shift,0.5006250000000003,0.0,1.225,0.1319658075244232,-0.004505300353356892,0.7050160860343162,-0.5519637583185313,0.9891304347826086,95,0.8574570417404175,0.9994177422986434,True,,0.32310071557418424,,,,0.9225239753713919,0b0d174ebbd7b3e6,d54975138ede826a
POST,validation-011d20bc981f54435405b9707837655d,1,16095470875126864119,coupled_z1.225_right_edge,TRAINING_COUPLED,shift,0.5006250000000003,0.0,1.225,0.14065933137274786,0.002419617532182179,0.6403289215152806,-4.795290973096231,1.0,87,0.867582380771637,0.9998520789322083,True,,0.34423605020830195,,,,0.9218001915088133,50bffb22b3efa405,d54975138ede826a
PRE,validation-011d20bc981f54435405b9707837655d,1,16095470875126864119,coupled_z1.4142_left_edge,TRAINING_COUPLED,shift,-1.0000000000000004,0.0,1.4142135623730951,-0.11773792292382848,0.026193572462456974,0.881467697441266,-1.8887886304254484,0.9789473684210527,99,0.861167311668396,0.9761350821166306,True,,0.1705773826318328,,,,0.8966947197905156,87139a5c2b96d629,d54975138ede826a
MID,validation-011d20bc981f54435405b9707837655d,1,16095470875126864119,coupled_z1.4142_left_edge,TRAINING_COUPLED,shift,-1.0000000000000004,0.0,1.4142135623730951,-0.14489628364661203,-0.0033658554061477657,0.7889840457409785,3.529930809154444,0.967741935483871,95,0.8432387709617615,0.9997303063507984,True,,0.20496956845939118,,,,0.897479116915759,8d3ab937e17793ee,d54975138ede826a
POST,validation-011d20bc981f54435405b9707837655d,1,16095470875126864119,coupled_z1.4142_left_edge,TRAINING_COUPLED,shift,-1.0000000000000004,0.0,1.4142135623730951,-0.17229090288518453,0.028183835042294415,0.790381812508287,-1.4407446519489842,1.0,90,0.8644735813140869,0.9868829998112838,True,,0.2468946486851561,,,,0.8937413033083862,84edcdc1c407f8ae,d54975138ede826a
PRE,validation-011d20bc981f54435405b9707837655d,1,16095470875126864119,coupled_z1.4142_right_edge,TRAINING_COUPLED,shift,1.0000000000000004,0.0,1.4142135623730951,0.15023452278907543,0.016944479339087257,0.6924875512214297,-7.1264572027179245,1.0,80,0.8558085560798645,0.9936996092017756,True,,0.21381079120443833,,,,0.9067385196676723,978b7ceb978131b6,d54975138ede826a
MID,validation-011d20bc981f54435405b9707837655d,1,16095470875126864119,coupled_z1.4142_right_edge,TRAINING_COUPLED,shift,1.0000000000000004,0.0,1.4142135623730951,0.23965157762838912,-0.014185130582863604,0.7085800773625952,8.844818369762812,0.974025974025974,79,0.8604873418807983,0.9982528236100602,True,,0.33951169814729115,,,,0.9457660317411501,67f5585df3257c49,d54975138ede826a
POST,validation-011d20bc981f54435405b9707837655d,1,16095470875126864119,coupled_z1.4142_right_edge,TRAINING_COUPLED,shift,1.0000000000000004,0.0,1.4142135623730951,-0.0044816277849846625,0.057593491482891356,0.6430294295125617,-4.397276271017372,1.0,77,0.8556901216506958,-0.07758030500244661,False,,0.08169571896731215,,,,0.8942540820979523,d96564d78d2c088e,d54975138ede826a
PRE,validation-011d20bc981f54435405b9707837655d,1,16095470875126864119,coupled_z1.5_left_edge,TRAINING_COUPLED,shift,-1.25,0.0,1.5,-0.10680740015816988,0.016205269763654967,0.9171013673300706,-2.621006644914965,0.9893617021276596,98,0.8513944745063782,0.9886848674035335,True,,0.12963572561292958,,,,0.8726511001578187,6646b765d3b57ee6,d54975138ede826a
MID,validation-011d20bc981f54435405b9707837655d,1,16095470875126864119,coupled_z1.5_left_edge,TRAINING_COUPLED,shift,-1.25,0.0,1.5,-0.149316856059665,0.034919592858881916,0.8136408534218722,5.966003765666807,1.0,96,0.8377804756164551,0.9737270961548427,True,,0.1840148312373783,,,,0.9078862016124112,0355952a9e494264,d54975138ede826a
POST,validation-011d20bc981f54435405b9707837655d,1,16095470875126864119,coupled_z1.5_left_edge,TRAINING_COUPLED,shift,-1.25,0.0,1.5,-0.20955266841810302,0.017991781570191847,0.7453565057647306,-1.8116730208653393,1.0,93,0.863341212272644,0.9963344517248991,True,,0.2523883437584081,,,,0.8956522221141707,ac81205c3fd5a701,d54975138ede826a
PRE,validation-011d20bc981f54435405b9707837655d,1,16095470875126864119,coupled_z1.5_right_edge,TRAINING_COUPLED,shift,1.25,0.0,1.5,0.0816094186135842,0.13838656947017094,0.5384711689634497,-15.676287048463509,1.0,73,0.832226037979126,0.507970363347838,True,,0.19278940151181634,,,,0.9281588282386524,04ac825ed14ee336,d54975138ede826a
MID,validation-011d20bc981f54435405b9707837655d,1,16095470875126864119,coupled_z1.5_right_edge,TRAINING_COUPLED,shift,1.25,0.0,1.5,0.14158694870312125,0.03441286089053751,0.6023699374327933,-0.7969066115314215,1.0,82,0.8644364476203918,0.9717104698415878,True,,0.17485078499776244,,,,0.9477502672513942,ac91b244cc2d68bf,d54975138ede826a
POST,validation-011d20bc981f54435405b9707837655d,1,16095470875126864119,coupled_z1.5_right_edge,TRAINING_COUPLED,shift,1.25,0.0,1.5,0.115489227964224,0.07763337034077152,0.5515406161423211,-2.6342100801532475,1.0,94,0.8424366116523743,0.829919691978705,True,,0.16698853502976013,,,,0.9280896101095467,7f6cf4e73168f204,d54975138ede826a
PRE,validation-011d20bc981f54435405b9707837655d,1,16095470875126864119,legacy_center_z1,EXTRAPOLATION,identity,0.0,0.0,1.0,0.0,0.0,1.0,0.0,1.0,256,1.0,,,,,,,,1.0,7eca3428d628f887,d54975138ede826a
MID,validation-011d20bc981f54435405b9707837655d,1,16095470875126864119,legacy_center_z1,EXTRAPOLATION,identity,0.0,0.0,1.0,0.0,0.0,1.0,0.0,1.0,256,1.0,,,,,,,,1.0,da3b5ec1a2fdfa1b,d54975138ede826a
POST,validation-011d20bc981f54435405b9707837655d,1,16095470875126864119,legacy_center_z1,EXTRAPOLATION,identity,0.0,0.0,1.0,0.0,0.0,1.0,0.0,1.0,256,1.0,,,,,,,,1.0,7dc71d8eed929d6f,d54975138ede826a
PRE,validation-011d20bc981f54435405b9707837655d,1,16095470875126864119,coupled_z1.1_center,TRAINING_COUPLED,zoom,0.0,0.0,1.1,0.0,6.938893903907228e-18,1.0,1.5961806349461487e-15,1.0,232,0.9758301377296448,,,,-0.0,0.0,-0.09531017980432493,False,0.975568352672576,a34547111d117554,d54975138ede826a
MID,validation-011d20bc981f54435405b9707837655d,1,16095470875126864119,coupled_z1.1_center,TRAINING_COUPLED,zoom,0.0,0.0,1.1,-1.734723475976807e-18,0.0,1.0,8.781532579835363e-15,1.0,222,0.9585659503936768,,,,-0.0,0.0,-0.09531017980432493,False,0.9856355181705345,ea6e1783b10d8088,d54975138ede826a
POST,validation-011d20bc981f54435405b9707837655d,1,16095470875126864119,coupled_z1.1_center,TRAINING_COUPLED,zoom,0.0,0.0,1.1,-7.37257477290143e-18,-1.3877787807814457e-17,1.0,7.263798904125799e-16,1.0,215,0.9638041853904724,,,,-0.0,0.0,-0.09531017980432493,False,0.9744436129586258,6b914a220667709d,d54975138ede826a
PRE,validation-011d20bc981f54435405b9707837655d,1,16095470875126864119,coupled_z1.225_center,TRAINING_COUPLED,zoom,0.0,0.0,1.225,-0.011520805488628147,0.006964040605750579,0.9762753228013901,-0.4895576698430682,0.8,163,0.9284756183624268,,,,0.11831348900856994,-0.024010639315592334,-0.20294084399669038,True,0.9498456090587183,f428f3cd47ae938e,d54975138ede826a
MID,validation-011d20bc981f54435405b9707837655d,1,16095470875126864119,coupled_z1.225_center,TRAINING_COUPLED,zoom,0.0,0.0,1.225,-1.3877787807814457e-17,-1.3877787807814457e-17,1.0,5.091164469315492e-17,1.0,195,0.9380068182945251,,,,-0.0,0.0,-0.20294084399669038,False,0.9864591360082298,4d1e2ac83e3a8564,d54975138ede826a
POST,validation-011d20bc981f54435405b9707837655d,1,16095470875126864119,coupled_z1.225_center,TRAINING_COUPLED,zoom,0.0,0.0,1.225,0.0,-1.3877787807814457e-17,1.0000000000000002,-4.641681429965905e-16,1.0,191,0.9403681755065918,,,,-1.0941346283582641e-15,2.2204460492503128e-16,-0.20294084399669038,False,0.9650760272180936,5ed24c8e013767af,d54975138ede826a
PRE,validation-011d20bc981f54435405b9707837655d,1,16095470875126864119,coupled_z1.4142_center,TRAINING_COUPLED,zoom,0.0,0.0,1.4142135623730951,0.0008717384496200048,0.12020368722082117,0.8199521539646429,-8.76295775888067,0.9634146341463414,88,0.8596833944320679,,,,0.5727767343421679,-0.19850928924980327,-0.3465735902799727,True,0.9285619258871329,d36179cc11ec6c6c,d54975138ede826a
MID,validation-011d20bc981f54435405b9707837655d,1,16095470875126864119,coupled_z1.4142_center,TRAINING_COUPLED,zoom,0.0,0.0,1.4142135623730951,0.023882769169075883,0.009493938835616958,0.9551592417482888,1.7401647637107882,0.8333333333333334,106,0.8991257548332214,,,,0.1323736383912852,-0.04587720711569054,-0.3465735902799727,True,0.9350110292425341,9c0875817f2493f9,d54975138ede826a
POST,validation-011d20bc981f54435405b9707837655d,1,16095470875126864119,coupled_z1.4142_center,TRAINING_COUPLED,zoom,0.0,0.0,1.4142135623730951,0.008673814384208743,0.00454252263168585,0.9802171252203209,0.1310957858950304,0.7288135593220338,132,0.8888460397720337,,,,0.05765348563949936,-0.019981175510236142,-0.3465735902799727,True,0.9639683344335652,666e044fda381499,d54975138ede826a
PRE,validation-011d20bc981f54435405b9707837655d,1,16095470875126864119,coupled_z1.5_center,TRAINING_COUPLED,zoom,0.0,0.0,1.5,0.09955627811460982,0.09788977443118849,0.699047549060358,-6.108938208873074,0.975,82,0.8603565692901611,,,,0.8830266957510012,-0.3580365146550749,-0.4054651081081644,True,0.9337426424017151,e69f477fce45dd1e,d54975138ede826a
MID,validation-011d20bc981f54435405b9707837655d,1,16095470875126864119,coupled_z1.5_center,TRAINING_COUPLED,zoom,0.0,0.0,1.5,0.00906242594171365,0.05172923213290942,0.9597276709451785,1.549314352181871,0.8604651162790697,101,0.8591455221176147,,,,0.10137915702412884,-0.04110571086270297,-0.4054651081081644,True,0.9555560946454982,d7962898b63c8a9c,d54975138ede826a
POST,validation-011d20bc981f54435405b9707837655d,1,16095470875126864119,coupled_z1.5_center,TRAINING_COUPLED,zoom,0.0,0.0,1.5,0.0034914337785520028,0.0097789094241022,0.9650866607041533,0.619315388576237,0.7272727272727273,116,0.880487859249115,,,,0.08764595800261425,-0.035537377836773625,-0.4054651081081644,True,0.9610505676886109,e48309d4c9d7100f,d54975138ede826a
PRE,validation-011d20bc981f54435405b9707837655d,2,1193064457346678939,coupled_z1.1_left_edge,TRAINING_COUPLED,shift,-0.2100000000000002,0.0,1.1,-0.08386383834926803,-0.005739183355781757,0.5717101864513419,12.144175359450223,1.0,87,0.8747755289077759,0.9976665496491897,True,,0.4403142236579773,,,,0.9286924558089301,f70574a9fad1f0a0,1ee202646e7b9715
MID,validation-011d20bc981f54435405b9707837655d,2,1193064457346678939,coupled_z1.1_left_edge,TRAINING_COUPLED,shift,-0.2100000000000002,0.0,1.1,-0.1738483926083473,0.0024015953253556793,0.8233360109797526,4.358055209861854,0.9642857142857143,90,0.880285382270813,0.9999045960649913,True,,0.9107213238428506,,,,0.9437464475622276,e9360129b2c0cc24,1ee202646e7b9715
POST,validation-011d20bc981f54435405b9707837655d,2,1193064457346678939,coupled_z1.1_left_edge,TRAINING_COUPLED,shift,-0.2100000000000002,0.0,1.1,-0.17894744029167975,-0.03915492300619501,0.7195274894328416,6.765241432646038,0.9690721649484536,101,0.8672172427177429,0.976888425286134,True,,0.9595197471603005,,,,0.9281542301168696,39e5ae2f519bc1dc,1ee202646e7b9715
PRE,validation-011d20bc981f54435405b9707837655d,2,1193064457346678939,coupled_z1.1_right_edge,TRAINING_COUPLED,shift,0.2100000000000002,0.0,1.1,0.04604853254159833,-0.016826912003169457,0.9389961069396943,-1.1138934837729624,0.8484848484848485,110,0.8847659230232239,0.9392551486100577,True,,0.25680625691389025,,,,0.9029300751039342,fc7db6a0fc66a4be,1ee202646e7b9715
MID,validation-011d20bc981f54435405b9707837655d,2,1193064457346678939,coupled_z1.1_right_edge,TRAINING_COUPLED,shift,0.2100000000000002,0.0,1.1,0.06845873299499104,-0.004009025218495494,0.9605609997678592,2.5248645851418563,0.8811881188118812,114,0.8903432488441467,0.9982896909013035,True,,0.3592077195107061,,,,0.9463792443265987,47303e8208d58afc,1ee202646e7b9715
POST,validation-011d20bc981f54435405b9707837655d,2,1193064457346678939,coupled_z1.1_right_edge,TRAINING_COUPLED,shift,0.2100000000000002,0.0,1.1,0.09750347714559342,0.00039403419954582575,0.9219974748821066,1.094138829280565,0.9099099099099099,121,0.8976994752883911,0.9999918342671149,True,,0.5107366698458436,,,,0.936292469500559,b9285af0a6adaad4,1ee202646e7b9715
PRE,validation-011d20bc981f54435405b9707837655d,2,1193064457346678939,coupled_z1.225_left_edge,TRAINING_COUPLED,shift,-0.5006250000000003,0.0,1.225,-0.08678153443260626,-0.04954565423231455,0.6090901614611235,6.716446652994263,1.0,74,0.8677851557731628,0.8684318644121676,True,,0.24452041824264406,,,,0.9184079717631676,7502dcbcada0415d,1ee202646e7b9715
MID,validation-011d20bc981f54435405b9707837655d,2,1193064457346678939,coupled_z1.225_left_edge,TRAINING_COUPLED,shift,-0.5006250000000003,0.0,1.225,-0.1745280490468947,-0.06768094234441248,0.7843339114859581,2.767145026141641,1.0,74,0.8804143667221069,0.9323490621212912,True,,0.45804721926628855,,,,0.9422398805608863,f519acab56db691f,1ee202646e7b9715
POST,validation-011d20bc981f54435405b9707837655d,2,1193064457346678939,coupled_z1.225_left_edge,TRAINING_COUPLED,shift,-0.5006250000000003,0.0,1.225,-0.1830828723843546,-0.06001069545677165,0.5784583995673199,-0.47939966285395913,0.9782608695652174,93,0.8690268993377686,0.950254853909526,True,,0.47144515409240906,,,,0.9137788414946001,908233646f282934,1ee202646e7b9715
PRE,validation-011d20bc981f54435405b9707837655d,2,1193064457346678939,coupled_z1.225_right_edge,TRAINING_COUPLED,shift,0.5006250000000003,0.0,1.225,0.19158991786901436,-0.05492171397128796,0.8276525550960906,-5.076439098907297,0.97,105,0.8607419729232788,0.9612827123112363,True,,0.4876913744107564,,,,0.9199455976477006,04c8741fc537d62c,1ee202646e7b9715
MID,validation-011d20bc981f54435405b9707837655d,2,1193064457346678939,coupled_z1.225_right_edge,TRAINING_COUPLED,shift,0.5006250000000003,0.0,1.225,0.1083628221930975,-0.07863586719091303,0.6914979575782377,-12.249886754304377,0.9659090909090909,90,0.8818321228027344,0.8093518982262273,True,,0.3276170329802617,,,,0.9386270009643587,95052c3c45a3d6c9,1ee202646e7b9715
POST,validation-011d20bc981f54435405b9707837655d,2,1193064457346678939,coupled_z1.225_right_edge,TRAINING_COUPLED,shift,0.5006250000000003,0.0,1.225,0.12269620768097868,-0.08660475780002166,0.670494033767709,-12.107343584922516,0.9607843137254902,104,0.8796663880348206,0.8169814464311663,True,,0.36748744062550864,,,,0.9130409904137654,58a7284a8917743d,1ee202646e7b9715
PRE,validation-011d20bc981f54435405b9707837655d,2,1193064457346678939,coupled_z1.4142_left_edge,TRAINING_COUPLED,shift,-1.0000000000000004,0.0,1.4142135623730951,-0.06787056058833939,-0.09333203497580954,0.5967466551419374,-1.1528887851864749,1.0,76,0.8723675608634949,0.5881304189657991,True,,0.16320099109564976,,,,0.9014680981627032,fc19d85ee519a883,1ee202646e7b9715
MID,validation-011d20bc981f54435405b9707837655d,2,1193064457346678939,coupled_z1.4142_left_edge,TRAINING_COUPLED,shift,-1.0000000000000004,0.0,1.4142135623730951,-0.08980478903154121,-0.05885316116725063,0.559657435707908,8.570205497932253,1.0,78,0.8485797047615051,0.8363947748937075,True,,0.15184593977040015,,,,0.9374085664739771,d2d9d976e63ab8e9,1ee202646e7b9715
POST,validation-011d20bc981f54435405b9707837655d,2,1193064457346678939,coupled_z1.4142_left_edge,TRAINING_COUPLED,shift,-1.0000000000000004,0.0,1.4142135623730951,-0.14472916616805875,-0.042708009238206945,0.6529202874572394,3.735770755818573,0.9883720930232558,87,0.8739191889762878,0.9591128798439783,True,,0.21340340012657866,,,,0.9137942739593353,a9f3ea0e0faf4410,1ee202646e7b9715
PRE,validation-011d20bc981f54435405b9707837655d,2,1193064457346678939,coupled_z1.4142_right_edge,TRAINING_COUPLED,shift,1.0000000000000004,0.0,1.4142135623730951,0.027022460694602617,-0.05432351189307361,0.6455332314907866,-7.480123983069233,1.0,83,0.867767870426178,0.4453759949699816,True,,0.08580509689276332,,,,0.8831544448816555,f62154ebb73deb64,1ee202646e7b9715
MID,validation-011d20bc981f54435405b9707837655d,2,1193064457346678939,coupled_z1.4142_right_edge,TRAINING_COUPLED,shift,1.0000000000000004,0.0,1.4142135623730951,0.06288889026124093,-0.11369919552723022,0.5845503160792705,-16.850245689172453,1.0,91,0.8753665685653687,0.48401107611567196,True,,0.1837526575689708,,,,0.8930537104597697,dfe811f200cf766a,1ee202646e7b9715
POST,validation-011d20bc981f54435405b9707837655d,2,1193064457346678939,coupled_z1.4142_right_edge,TRAINING_COUPLED,shift,1.0000000000000004,0.0,1.4142135623730951,0.13464120491526804,-0.07127142288053782,0.6107024774925952,-10.833926301334198,0.9662921348314607,90,0.8655586838722229,0.8838129282123028,True,,0.21544312372620125,,,,0.8875663809508973,2df1bd5551d0f708,1ee202646e7b9715
PRE,validation-011d20bc981f54435405b9707837655d,2,1193064457346678939,coupled_z1.5_left_edge,TRAINING_COUPLED,shift,-1.25,0.0,1.5,-0.1296659304877828,-0.06447101692455603,0.6892172375569017,-1.0164471902940755,0.9722222222222222,74,0.8640382289886475,0.8954247481059178,True,,0.17377129335903105,,,,0.8924676775923387,69ac4c55b923ff8d,1ee202646e7b9715
MID,validation-011d20bc981f54435405b9707837655d,2,1193064457346678939,coupled_z1.5_left_edge,TRAINING_COUPLED,shift,-1.25,0.0,1.5,-0.24659011573910972,-0.04105752048012194,0.708471560685071,-1.8720934921121501,0.9759036144578314,86,0.8597949743270874,0.9864203983486077,True,,0.2999817718499118,,,,0.9458433985700685,aa30b235fa58c894,1ee202646e7b9715
POST,validation-011d20bc981f54435405b9707837655d,2,1193064457346678939,coupled_z1.5_left_edge,TRAINING_COUPLED,shift,-1.25,0.0,1.5,-0.15445591078333096,-0.031600404553916654,0.7746644284239933,-1.2472749321706849,0.9871794871794872,82,0.8683533072471619,0.979706027184751,True,,0.1891864373552884,,,,0.9238465382952117,da5c7511871f2861,1ee202646e7b9715
PRE,validation-011d20bc981f54435405b9707837655d,2,1193064457346678939,coupled_z1.5_right_edge,TRAINING_COUPLED,shift,1.25,0.0,1.5,-0.019407125081992695,-0.1004040888158562,0.518898929465834,-12.963639674791661,1.0,83,0.8679140210151672,-0.1897775463702099,False,,0.12271499207123085,,,,0.8585387384011945,0c9dfeeeebce3f0c,1ee202646e7b9715
MID,validation-011d20bc981f54435405b9707837655d,2,1193064457346678939,coupled_z1.5_right_edge,TRAINING_COUPLED,shift,1.25,0.0,1.5,0.04344129404992632,-0.08255813032388218,0.6634138065498079,-13.539781485062992,1.0,93,0.8766318559646606,0.4656595227845307,True,,0.11194778654481062,,,,0.9219666216404013,1508d764ec68d1c3,1ee202646e7b9715
POST,validation-011d20bc981f54435405b9707837655d,2,1193064457346678939,coupled_z1.5_right_edge,TRAINING_COUPLED,shift,1.25,0.0,1.5,0.0854039513258221,-0.12954282781348028,0.536369086921236,-14.760538322268015,1.0,89,0.8710455894470215,0.5504187258930193,True,,0.1861941405135135,,,,0.8572650466710725,432c9719ee39e0aa,1ee202646e7b9715
PRE,validation-011d20bc981f54435405b9707837655d,2,1193064457346678939,legacy_center_z1,EXTRAPOLATION,identity,0.0,0.0,1.0,0.0,0.0,1.0,0.0,1.0,256,1.0,,,,,,,,1.0,bed039a1d3cdb261,1ee202646e7b9715
MID,validation-011d20bc981f54435405b9707837655d,2,1193064457346678939,legacy_center_z1,EXTRAPOLATION,identity,0.0,0.0,1.0,0.0,0.0,1.0,0.0,1.0,256,1.0,,,,,,,,1.0,e069910eebf99b01,1ee202646e7b9715
POST,validation-011d20bc981f54435405b9707837655d,2,1193064457346678939,legacy_center_z1,EXTRAPOLATION,identity,0.0,0.0,1.0,0.0,0.0,1.0,0.0,1.0,256,1.0,,,,,,,,1.0,3a28407610102164,1ee202646e7b9715
PRE,validation-011d20bc981f54435405b9707837655d,2,1193064457346678939,coupled_z1.1_center,TRAINING_COUPLED,zoom,0.0,0.0,1.1,0.0006198662360450691,0.02153108019903531,0.9733864440182977,1.9193755225051765,0.7843137254901961,116,0.8955617547035217,,,,0.283013925267291,-0.026974108104353287,-0.09531017980432493,True,0.9587767695641926,3d85f7978a3614e2,1ee202646e7b9715
MID,validation-011d20bc981f54435405b9707837655d,2,1193064457346678939,coupled_z1.1_center,TRAINING_COUPLED,zoom,0.0,0.0,1.1,2.3348600204642356e-06,0.02041881785103221,0.9582436305717822,1.9036977551961964,0.8796296296296297,118,0.9020488262176514,,,,0.44752010508222884,-0.04265322168143762,-0.09531017980432493,True,0.9513798356046699,eb58bc4bba68435c,1ee202646e7b9715
POST,validation-011d20bc981f54435405b9707837655d,2,1193064457346678939,coupled_z1.1_center,TRAINING_COUPLED,zoom,0.0,0.0,1.1,0.0028388667223825104,0.03903645341888405,0.9358364725066087,2.7928866601378246,0.9108910891089109,112,0.9028626680374146,,,,0.6957759052025976,-0.06631452662837652,-0.09531017980432493,True,0.941535290570229,46d91c65e6b6cbbf,1ee202646e7b9715
PRE,validation-011d20bc981f54435405b9707837655d,2,1193064457346678939,coupled_z1.225_center,TRAINING_COUPLED,zoom,0.0,0.0,1.225,0.0009722312904865832,0.043537336246578004,0.9448844944825776,3.177422215457024,0.8969072164948454,107,0.8924909234046936,,,,0.27935523427970693,-0.056692587019616894,-0.20294084399669038,True,0.9629816390851428,787f6c9c5bc4c0a6,1ee202646e7b9715
MID,validation-011d20bc981f54435405b9707837655d,2,1193064457346678939,coupled_z1.225_center,TRAINING_COUPLED,zoom,0.0,0.0,1.225,-0.000529353304751512,0.008982868385521182,0.9370887229361188,2.7653198431350963,0.898876404494382,96,0.8787999153137207,,,,0.320178588241585,-0.06497731292741607,-0.20294084399669038,True,0.9447577562774364,6ad1307d66073f0b,1ee202646e7b9715
POST,validation-011d20bc981f54435405b9707837655d,2,1193064457346678939,coupled_z1.225_center,TRAINING_COUPLED,zoom,0.0,0.0,1.225,-0.04730026151556121,0.04231832179387382,0.8786541377055528,-4.720084007990593,0.9125,87,0.842815101146698,,,,0.6374465023515338,-0.12936393118995854,-0.20294084399669038,True,0.9159334251831804,94afa3d066d96579,1ee202646e7b9715
PRE,validation-011d20bc981f54435405b9707837655d,2,1193064457346678939,coupled_z1.4142_center,TRAINING_COUPLED,zoom,0.0,0.0,1.4142135623730951,0.03759314340997511,0.09038641650027789,0.8816067926415851,6.39307977909895,0.9459459459459459,80,0.8636676669120789,,,,0.3635855103944766,-0.1260091357111901,-0.3465735902799727,True,0.9544084072103493,9590b1b59f8600c7,1ee202646e7b9715
MID,validation-011d20bc981f54435405b9707837655d,2,1193064457346678939,coupled_z1.4142_center,TRAINING_COUPLED,zoom,0.0,0.0,1.4142135623730951,0.026411811378253713,0.048031208960501046,0.8655747910129606,7.13807957946626,0.935064935064935,84,0.8670449256896973,,,,0.41653922427841455,-0.1443614944506049,-0.3465735902799727,True,0.9555725428793735,b1dd629a53be8287,1ee202646e7b9715
POST,validation-011d20bc981f54435405b9707837655d,2,1193064457346678939,coupled_z1.4142_center,TRAINING_COUPLED,zoom,0.0,0.0,1.4142135623730951,0.05062921744295039,0.05593389303527088,0.7908293647874167,2.725682173831806,0.9493670886075949,85,0.8674989342689514,,,,0.6771233063996058,-0.2346730553611574,-0.3465735902799727,True,0.9319139204118564,46ad33f4b8d018c6,1ee202646e7b9715
PRE,validation-011d20bc981f54435405b9707837655d,2,1193064457346678939,coupled_z1.5_center,TRAINING_COUPLED,zoom,0.0,0.0,1.5,0.05593991770519692,0.05350913242779795,0.7899228121200806,5.156856718258107,0.9259259259259259,88,0.8306529521942139,,,,0.5816037921784225,-0.23582004447174246,-0.4054651081081644,True,0.9278033332698207,f0cd0db5a6269455,1ee202646e7b9715
MID,validation-011d20bc981f54435405b9707837655d,2,1193064457346678939,coupled_z1.5_center,TRAINING_COUPLED,zoom,0.0,0.0,1.5,0.04625467534114139,0.08324979793017102,0.7821865173449678,4.684610020942323,0.9753086419753086,87,0.8391411304473877,,,,0.6058771734858888,-0.24566205364772498,-0.4054651081081644,True,0.9520908594121948,e890d29a8b743ade,1ee202646e7b9715
POST,validation-011d20bc981f54435405b9707837655d,2,1193064457346678939,coupled_z1.5_center,TRAINING_COUPLED,zoom,0.0,0.0,1.5,0.04853090196004842,0.11140269189990525,0.7717555763105586,6.9560605949946615,0.9577464788732394,75,0.8568058013916016,,,,0.6389881272269039,-0.2590873900858901,-0.4054651081081644,True,0.9244201779356295,2d35cf88a59e90d3,1ee202646e7b9715
PRE,validation-0122181aac31d9baf00c2456426ac9ce,0,1706431257254567395,coupled_z1.1_left_edge,TRAINING_COUPLED,shift,-0.2100000000000002,0.0,1.1,-0.1072476955430629,0.05671480878270947,0.9028849514683318,-1.917993184382452,0.9489795918367347,110,0.8947878479957581,0.8840038592906306,True,,0.6354877723580822,,,,0.9462743369494951,d6c422556501e465,dbcbd3e4018da9a2
MID,validation-0122181aac31d9baf00c2456426ac9ce,0,1706431257254567395,coupled_z1.1_left_edge,TRAINING_COUPLED,shift,-0.2100000000000002,0.0,1.1,-0.16559140499382083,0.02972572522025701,0.7546930268553195,-7.818244963344127,0.8723404255319149,102,0.8891266584396362,0.9842668750033942,True,,0.8812483402305247,,,,0.9157824415892076,675bff6b6811362b,dbcbd3e4018da9a2
POST,validation-0122181aac31d9baf00c2456426ac9ce,0,1706431257254567395,coupled_z1.1_left_edge,TRAINING_COUPLED,shift,-0.2100000000000002,0.0,1.1,-0.1646237475686082,0.05594551565430279,0.8699584373166728,-0.5281776860782936,0.9791666666666666,106,0.899932861328125,0.9468192880196568,True,,0.9107491567837998,,,,0.9200804233541824,c807778b7cf2b75d,dbcbd3e4018da9a2
PRE,validation-0122181aac31d9baf00c2456426ac9ce,0,1706431257254567395,coupled_z1.1_right_edge,TRAINING_COUPLED,shift,0.2100000000000002,0.0,1.1,-0.00668029349433695,0.10033485501354146,0.768862732262577,-2.354302547408267,0.9659090909090909,92,0.8716657757759094,-0.06643290628536404,False,,0.5267271220926752,,,,0.9486398696889927,f3565dc06586f019,dbcbd3e4018da9a2
MID,validation-0122181aac31d9baf00c2456426ac9ce,0,1706431257254567395,coupled_z1.1_right_edge,TRAINING_COUPLED,shift,0.2100000000000002,0.0,1.1,0.04794335490858695,0.04060790661706802,0.9469111202014274,-0.1709953628504086,0.9183673469387755,109,0.8992546200752258,0.7630687117319023,True,,0.32910779221187003,,,,0.9411034513825842,6568d17726e85bdc,dbcbd3e4018da9a2
POST,validation-0122181aac31d9baf00c2456426ac9ce,0,1706431257254567395,coupled_z1.1_right_edge,TRAINING_COUPLED,shift,0.2100000000000002,0.0,1.1,0.15736333702657573,0.08143306908444001,0.8993513749239741,1.1110630372760195,0.9791666666666666,106,0.8841902613639832,0.888129558832711,True,,0.9281125012759277,,,,0.9509661168426372,a6722a7c923d5741,dbcbd3e4018da9a2
PRE,validation-0122181aac31d9baf00c2456426ac9ce,0,1706431257254567395,coupled_z1.225_left_edge,TRAINING_COUPLED,shift,-0.5006250000000003,0.0,1.225,-0.18534760964287164,0.11654696216964612,0.774287638698606,1.7709077297947788,0.948051948051948,85,0.863972544670105,0.8465485637680594,True,,0.5357456673185078,,,,0.9511347383927573,76bc9286b9d0eac9,dbcbd3e4018da9a2
MID,validation-0122181aac31d9baf00c2456426ac9ce,0,1706431257254567395,coupled_z1.225_left_edge,TRAINING_COUPLED,shift,-0.5006250000000003,0.0,1.225,-0.14617731359215896,0.03877012761061087,0.629292136460451,2.1105851455157207,0.9285714285714286,87,0.8860224485397339,0.9665805811230888,True,,0.3700543091223109,,,,0.9144658940384653,16706e507b886c03,dbcbd3e4018da9a2
POST,validation-0122181aac31d9baf00c2456426ac9ce,0,1706431257254567395,coupled_z1.225_left_edge,TRAINING_COUPLED,shift,-0.5006250000000003,0.0,1.225,-0.21716081452657598,0.06991811181314185,0.8256957502014349,-3.818691130072574,0.989247311827957,103,0.8810235857963562,0.9518797807495135,True,,0.5582425234964078,,,,0.9238986968984901,9b843979e67f71c6,dbcbd3e4018da9a2
PRE,validation-0122181aac31d9baf00c2456426ac9ce,0,1706431257254567395,coupled_z1.225_right_edge,TRAINING_COUPLED,shift,0.5006250000000003,0.0,1.225,0.05761978435625878,0.1328950810259028,0.7885910558558685,-5.75856246678033,0.9578947368421052,101,0.8707729578018188,0.3977929353031883,True,,0.3544362377219236,,,,0.9035009145727658,c06593d9b45db192,dbcbd3e4018da9a2
MID,validation-0122181aac31d9baf00c2456426ac9ce,0,1706431257254567395,coupled_z1.225_right_edge,TRAINING_COUPLED,shift,0.5006250000000003,0.0,1.225,0.02302794272205652,0.06629809348292642,0.9258691445052993,-3.321956437105692,0.9574468085106383,100,0.8873162269592285,0.3281105029683895,True,,0.17173490067065822,,,,0.9248457416606968,9bce70389e6cd234,dbcbd3e4018da9a2
POST,validation-0122181aac31d9baf00c2456426ac9ce,0,1706431257254567395,coupled_z1.225_right_edge,TRAINING_COUPLED,shift,0.5006250000000003,0.0,1.225,0.08856950814486789,0.08444962834097737,0.8878125886465128,-3.3230678548457915,0.9666666666666667,94,0.8767358660697937,0.7237390459609875,True,,0.29945101162255106,,,,0.940509140490545,b08bd5f32303e4dc,dbcbd3e4018da9a2
PRE,validation-0122181aac31d9baf00c2456426ac9ce,0,1706431257254567395,coupled_z1.4142_left_edge,TRAINING_COUPLED,shift,-1.0000000000000004,0.0,1.4142135623730951,-0.25215919543339466,0.10772204036359702,0.7306801160407214,6.721907759999266,0.9333333333333333,96,0.8732158541679382,0.9196015266988143,True,,0.3877842127310324,,,,0.9358646869650065,1116aa80c5fa6968,dbcbd3e4018da9a2
MID,validation-0122181aac31d9baf00c2456426ac9ce,0,1706431257254567395,coupled_z1.4142_left_edge,TRAINING_COUPLED,shift,-1.0000000000000004,0.0,1.4142135623730951,-0.20523460352597042,0.053067765567765574,0.7306279587286542,0.4715952712597053,0.9120879120879121,97,0.8714801073074341,0.9681585162507429,True,,0.2997913615393798,,,,0.9187574885785319,7d8ed0acb433a48f,dbcbd3e4018da9a2
POST,validation-0122181aac31d9baf00c2456426ac9ce,0,1706431257254567395,coupled_z1.4142_left_edge,TRAINING_COUPLED,shift,-1.0000000000000004,0.0,1.4142135623730951,-0.14140567314792027,0.10314411007402641,0.7711526955700684,3.3237138769158867,0.9420289855072463,75,0.8720682859420776,0.8079101282236288,True,,0.24752483447678258,,,,0.9226769804945302,5afc1cd4d72d56ca,dbcbd3e4018da9a2
PRE,validation-0122181aac31d9baf00c2456426ac9ce,0,1706431257254567395,coupled_z1.4142_right_edge,TRAINING_COUPLED,shift,1.0000000000000004,0.0,1.4142135623730951,0.07618214167734008,0.11274645458918439,0.7942861741800736,-2.610221887107095,0.9347826086956522,97,0.8652352690696716,0.5598680311188292,True,,0.192434309482365,,,,0.9066649079313748,2a12de7eb3a8af56,dbcbd3e4018da9a2
MID,validation-0122181aac31d9baf00c2456426ac9ce,0,1706431257254567395,coupled_z1.4142_right_edge,TRAINING_COUPLED,shift,1.0000000000000004,0.0,1.4142135623730951,0.018924033063370163,0.07713969429194845,0.8987948753482011,-0.004949980723075594,0.9629629629629629,85,0.8827550411224365,0.23825686936119528,True,,0.1123267685179164,,,,0.9275355339041017,be444b5ffe53c451,dbcbd3e4018da9a2
POST,validation-0122181aac31d9baf00c2456426ac9ce,0,1706431257254567395,coupled_z1.4142_right_edge,TRAINING_COUPLED,shift,1.0000000000000004,0.0,1.4142135623730951,0.06711811158926546,0.11402579792002869,0.8330255917957966,-4.124791247389929,0.9340659340659341,99,0.8903816938400269,0.5072677968110675,True,,0.1871188044778413,,,,0.9284465312948479,39275576eaafb850,dbcbd3e4018da9a2
PRE,validation-0122181aac31d9baf00c2456426ac9ce,0,1706431257254567395,coupled_z1.5_left_edge,TRAINING_COUPLED,shift,-1.25,0.0,1.5,-0.21678946610436617,0.13140502211884392,0.8166934422487209,0.5326405681097754,0.9841269841269841,67,0.7919700145721436,0.8551672894292474,True,,0.3042063962685413,,,,0.8938451409330965,3d1d38f2e66a823e,dbcbd3e4018da9a2
MID,validation-0122181aac31d9baf00c2456426ac9ce,0,1706431257254567395,coupled_z1.5_left_edge,TRAINING_COUPLED,shift,-1.25,0.0,1.5,-0.2784091827171665,0.08605969654860393,0.7383637513014863,-1.2489341719702847,0.9473684210526315,82,0.8648266792297363,0.9553968808930279,True,,0.34968820386658866,,,,0.9149490493466108,a783d659f2c10c2a,dbcbd3e4018da9a2
POST,validation-0122181aac31d9baf00c2456426ac9ce,0,1706431257254567395,coupled_z1.5_left_edge,TRAINING_COUPLED,shift,-1.25,0.0,1.5,-0.2664158686730506,0.07613239094087246,0.6938411537293269,6.575830061677722,0.9705882352941176,73,0.8606891632080078,0.9615110085321661,True,,0.33249649725209673,,,,0.9152283668508914,3e7a26cdd8e1821e,dbcbd3e4018da9a2
PRE,validation-0122181aac31d9baf00c2456426ac9ce,0,1706431257254567395,coupled_z1.5_right_edge,TRAINING_COUPLED,shift,1.25,0.0,1.5,0.02813239199462802,0.12467542711176952,0.7270807559844388,-6.419711578758734,0.9523809523809523,88,0.8279949426651001,0.22011105659113087,True,,0.1533719882865572,,,,0.9047867655745041,02e52195cf5b594b,dbcbd3e4018da9a2
MID,validation-0122181aac31d9baf00c2456426ac9ce,0,1706431257254567395,coupled_z1.5_right_edge,TRAINING_COUPLED,shift,1.25,0.0,1.5,0.06621040159640809,0.0850600353749518,0.8754895906593384,1.79201195936332,0.963855421686747,88,0.8732351660728455,0.6142445948766373,True,,0.1293499081270095,,,,0.9182354114327084,e987d9aaf9b1a4ca,dbcbd3e4018da9a2
POST,validation-0122181aac31d9baf00c2456426ac9ce,0,1706431257254567395,coupled_z1.5_right_edge,TRAINING_COUPLED,shift,1.25,0.0,1.5,0.005043082344341573,0.1163649983104963,0.8171216922958165,-0.12185120361036016,0.9767441860465116,92,0.8797066807746887,0.04329783920739685,True,,0.13976907217378387,,,,0.9336574634100079,e6fb50a4c17b705b,dbcbd3e4018da9a2
PRE,validation-0122181aac31d9baf00c2456426ac9ce,0,1706431257254567395,legacy_center_z1,EXTRAPOLATION,identity,0.0,0.0,1.0,0.0,0.0,1.0,0.0,1.0,256,1.0,,,,,,,,1.0,2508804dfaa38d0b,dbcbd3e4018da9a2
MID,validation-0122181aac31d9baf00c2456426ac9ce,0,1706431257254567395,legacy_center_z1,EXTRAPOLATION,identity,0.0,0.0,1.0,0.0,0.0,1.0,0.0,1.0,256,1.0,,,,,,,,1.0,6bb76d46167789d8,dbcbd3e4018da9a2
POST,validation-0122181aac31d9baf00c2456426ac9ce,0,1706431257254567395,legacy_center_z1,EXTRAPOLATION,identity,0.0,0.0,1.0,0.0,0.0,1.0,0.0,1.0,256,1.0,,,,,,,,1.0,65d1a06c3e3c8112,dbcbd3e4018da9a2
PRE,validation-0122181aac31d9baf00c2456426ac9ce,0,1706431257254567395,coupled_z1.1_center,TRAINING_COUPLED,zoom,0.0,0.0,1.1,-0.0018596862928078467,0.006978045379573736,0.994259665274566,-0.14507335133116267,0.9219858156028369,156,0.938187837600708,,,,0.06040145745297519,-0.005756873770286348,-0.09531017980432493,True,0.9787697195996986,cbb06058473e75ed,dbcbd3e4018da9a2
MID,validation-0122181aac31d9baf00c2456426ac9ce,0,1706431257254567395,coupled_z1.1_center,TRAINING_COUPLED,zoom,0.0,0.0,1.1,0.05019015916004539,0.03223259816156496,0.9584556183565031,0.3734262864393358,0.9659090909090909,96,0.8990405201911926,,,,0.4451992524095044,-0.04243202079590091,-0.09531017980432493,True,0.9393174539766671,83f5a166531eaebe,dbcbd3e4018da9a2
POST,validation-0122181aac31d9baf00c2456426ac9ce,0,1706431257254567395,coupled_z1.1_center,TRAINING_COUPLED,zoom,0.0,0.0,1.1,-0.026590999700986752,0.021226915464680824,0.9538868892077101,-1.1974476946729178,0.8770491803278688,134,0.9153499603271484,,,,0.4953319722187612,-0.04721017933500101,-0.09531017980432493,True,0.9533522697291539,1fbe2f9482123dd5,dbcbd3e4018da9a2
PRE,validation-0122181aac31d9baf00c2456426ac9ce,0,1706431257254567395,coupled_z1.225_center,TRAINING_COUPLED,zoom,0.0,0.0,1.225,0.015689083979181895,0.12497436640832724,0.8813916738513499,-3.6322917332036093,0.9518072289156626,89,0.8708654642105103,,,,0.6221181041552963,-0.12625317312289677,-0.20294084399669038,True,0.9501246213903461,bc86b20e51e3d531,dbcbd3e4018da9a2
MID,validation-0122181aac31d9baf00c2456426ac9ce,0,1706431257254567395,coupled_z1.225_center,TRAINING_COUPLED,zoom,0.0,0.0,1.225,-0.02170807170246533,0.14703829339458044,0.7957902245043232,2.037315277955916,0.9710144927536232,72,0.874006986618042,,,,1.1255480189504947,-0.22841966492461624,-0.20294084399669038,True,0.938348762791263,31bac1df9a5d9778,dbcbd3e4018da9a2
POST,validation-0122181aac31d9baf00c2456426ac9ce,0,1706431257254567395,coupled_z1.225_center,TRAINING_COUPLED,zoom,0.0,0.0,1.225,0.0241778396154819,0.10018024285352897,0.712398508509043,-0.623721314152155,0.9418604651162791,91,0.8639798760414124,,,,1.6710180883491084,-0.3391178211833042,-0.20294084399669038,True,0.916177690028228,6cd7f36861c74aae,dbcbd3e4018da9a2
PRE,validation-0122181aac31d9baf00c2456426ac9ce,0,1706431257254567395,coupled_z1.4142_center,TRAINING_COUPLED,zoom,0.0,0.0,1.4142135623730951,-0.10765058667434454,0.0697790732534083,0.6158235709167991,-7.697168616544714,1.0,88,0.8446645736694336,,,,1.3988220133269762,-0.48479476732139,-0.3465735902799727,True,0.931504607199691,f9d8d21f1db1d158,dbcbd3e4018da9a2
MID,validation-0122181aac31d9baf00c2456426ac9ce,0,1706431257254567395,coupled_z1.4142_center,TRAINING_COUPLED,zoom,0.0,0.0,1.4142135623730951,0.01903380885196217,0.1415115819019252,0.7945166621822287,2.8931323414778207,0.95,84,0.8790755271911621,,,,0.6637012391215116,-0.23002132131560896,-0.3465735902799727,True,0.925973525758476,2267b73b8e2fea48,dbcbd3e4018da9a2
POST,validation-0122181aac31d9baf00c2456426ac9ce,0,1706431257254567395,coupled_z1.4142_center,TRAINING_COUPLED,zoom,0.0,0.0,1.4142135623730951,0.04810489357376324,0.1522490785776471,0.8255246206540302,0.9016913184086852,0.9558823529411765,75,0.8650137186050415,,,,0.5532337036144662,-0.19173619092555186,-0.3465735902799727,True,0.9433883990867479,875465602bf1a094,dbcbd3e4018da9a2
PRE,validation-0122181aac31d9baf00c2456426ac9ce,0,1706431257254567395,coupled_z1.5_center,TRAINING_COUPLED,zoom,0.0,0.0,1.5,0.017658419600793455,0.1950527290478552,0.7495833685040709,4.506182228505241,0.9550561797752809,94,0.8202678561210632,,,,0.7108817249651708,-0.2882377354651213,-0.4054651081081644,True,0.9110820836464643,43687f2cb06e45aa,dbcbd3e4018da9a2
MID,validation-0122181aac31d9baf00c2456426ac9ce,0,1706431257254567395,coupled_z1.5_center,TRAINING_COUPLED,zoom,0.0,0.0,1.5,0.07355338319021401,0.1316075242551219,0.8501873754809746,1.040122697517594,0.9764705882352941,91,0.8830381035804749,,,,0.4002773822053928,-0.16229851204916262,-0.4054651081081644,True,0.9259264976881422,0660833950c76345,dbcbd3e4018da9a2
POST,validation-0122181aac31d9baf00c2456426ac9ce,0,1706431257254567395,coupled_z1.5_center,TRAINING_COUPLED,zoom,0.0,0.0,1.5,0.07218369321847369,0.11812360062236729,0.8809156873411768,-2.600712915730898,0.975,87,0.8645601868629456,,,,0.31271089960251236,-0.12679335871393402,-0.4054651081081644,True,0.9320275783529497,dcc762421c53153e,dbcbd3e4018da9a2
PRE,validation-0122181aac31d9baf00c2456426ac9ce,1,664070264507071987,coupled_z1.1_left_edge,TRAINING_COUPLED,shift,-0.2100000000000002,0.0,1.1,-0.11920861573326064,0.07921776968755902,0.9267457696368709,-3.1010514343004645,0.9340659340659341,97,0.879909098148346,0.8328705009752464,True,,0.7497276967527317,,,,0.9463238684122558,d425899b7ea7d6ce,b5af3523b0c94423
MID,validation-0122181aac31d9baf00c2456426ac9ce,1,664070264507071987,coupled_z1.1_left_edge,TRAINING_COUPLED,shift,-0.2100000000000002,0.0,1.1,-0.07581591351572911,-0.015506199405676845,0.8296912001244381,-0.7295771642586133,0.9411764705882353,90,0.8799247741699219,0.9797189940639183,True,,0.4053519202321295,,,,0.9118532485865325,3839c471767be1cf,b5af3523b0c94423
POST,validation-0122181aac31d9baf00c2456426ac9ce,1,664070264507071987,coupled_z1.1_left_edge,TRAINING_COUPLED,shift,-0.2100000000000002,0.0,1.1,-0.114998610106616,0.0666466177620995,0.8997482497708742,-0.03336677937474815,0.9029126213592233,112,0.8813562393188477,0.8652028128634217,True,,0.6962225076103463,,,,0.9345008134832573,655f45c47e307f69,b5af3523b0c94423
PRE,validation-0122181aac31d9baf00c2456426ac9ce,1,664070264507071987,coupled_z1.1_right_edge,TRAINING_COUPLED,shift,0.2100000000000002,0.0,1.1,0.07314546128672453,0.11915539546741528,0.8619611815539953,-4.940944173258027,0.9534883720930233,91,0.8902842998504639,0.523158462144889,True,,0.7323648954641303,,,,0.9569507785967292,4222e32734f54509,b5af3523b0c94423
MID,validation-0122181aac31d9baf00c2456426ac9ce,1,664070264507071987,coupled_z1.1_right_edge,TRAINING_COUPLED,shift,0.2100000000000002,0.0,1.1,0.07911697745803074,0.08524911893053182,0.9217078612125026,-2.2183375299011634,0.9651162790697675,94,0.8940093517303467,0.6802529170068664,True,,0.6092179136551225,,,,0.9572197743906671,407f29b99301c314,b5af3523b0c94423
POST,validation-0122181aac31d9baf00c2456426ac9ce,1,664070264507071987,coupled_z1.1_right_edge,TRAINING_COUPLED,shift,0.2100000000000002,0.0,1.1,0.04117713657387137,0.11477502532321718,0.9408308691671018,-4.025552052229339,0.9814814814814815,115,0.8973928093910217,0.3376892710803091,True,,0.6387225815813143,,,,0.9624853134145648,d38d2653abd004c8,b5af3523b0c94423
PRE,validation-0122181aac31d9baf00c2456426ac9ce,1,664070264507071987,coupled_z1.225_left_edge,TRAINING_COUPLED,shift,-0.5006250000000003,0.0,1.225,-0.14106187592992356,0.08831317244760178,0.7600730930644628,4.545589493980563,0.922077922077922,81,0.878307580947876,0.8475943293368753,True,,0.407235066835078,,,,0.9195103549364378,84eeda967ed691a6,b5af3523b0c94423
MID,validation-0122181aac31d9baf00c2456426ac9ce,1,664070264507071987,coupled_z1.225_left_edge,TRAINING_COUPLED,shift,-0.5006250000000003,0.0,1.225,-0.11301058561552779,-0.021877077240095716,0.4828257498339364,9.385293148081285,1.0,86,0.8656046390533447,0.9817732687441812,True,,0.281664087540279,,,,0.8941515557937688,e05d89321b5a2344,b5af3523b0c94423
POST,validation-0122181aac31d9baf00c2456426ac9ce,1,664070264507071987,coupled_z1.225_left_edge,TRAINING_COUPLED,shift,-0.5006250000000003,0.0,1.225,-0.22761455611497033,0.10643309328064915,0.7669543500103727,0.7189370061065229,0.9753086419753086,85,0.8757418394088745,0.905858076187203,True,,0.6148418585520365,,,,0.9087358713140936,81e409ed38c069e6,b5af3523b0c94423
PRE,validation-0122181aac31d9baf00c2456426ac9ce,1,664070264507071987,coupled_z1.225_right_edge,TRAINING_COUPLED,shift,0.5006250000000003,0.0,1.225,0.1385281981271259,0.1644921698905783,0.8451405401530194,-6.129599885534009,0.9139784946236559,98,0.8697113990783691,0.6441588062413633,True,,0.5262217471184168,,,,0.9516801805296072,b9b7d0315c9ba17a,b5af3523b0c94423
MID,validation-0122181aac31d9baf00c2456426ac9ce,1,664070264507071987,coupled_z1.225_right_edge,TRAINING_COUPLED,shift,0.5006250000000003,0.0,1.225,0.18972455283053666,0.09567421169094599,0.9869806412821014,-1.399243026480752,0.9882352941176471,93,0.8779425621032715,0.892893494887217,True,,0.5199330614763186,,,,0.9188247822305053,d28a5bda4c2e31ad,b5af3523b0c94423
POST,validation-0122181aac31d9baf00c2456426ac9ce,1,664070264507071987,coupled_z1.225_right_edge,TRAINING_COUPLED,shift,0.5006250000000003,0.0,1.225,0.30291090615011357,0.07749098214400325,0.8917044455844451,-0.9803452409851683,0.9887640449438202,92,0.8799254298210144,0.9688010567378124,True,,0.7650747368513983,,,,0.9538132548322675,a0169d7e7bc98649,b5af3523b0c94423
PRE,validation-0122181aac31d9baf00c2456426ac9ce,1,664070264507071987,coupled_z1.4142_left_edge,TRAINING_COUPLED,shift,-1.0000000000000004,0.0,1.4142135623730951,-0.1738630003603438,0.09625443721201249,0.6761856922485571,11.550475307865055,1.0,80,0.8621566891670227,0.8748743424836778,True,,0.28104540408020245,,,,0.8943617217963004,a11159ed693bbea0,b5af3523b0c94423
MID,validation-0122181aac31d9baf00c2456426ac9ce,1,664070264507071987,coupled_z1.4142_left_edge,TRAINING_COUPLED,shift,-1.0000000000000004,0.0,1.4142135623730951,-0.07771306724716512,-0.08054142083214529,0.5011128477355011,12.520749513218101,1.0,91,0.8655844330787659,0.6943583521474139,True,,0.1582797604914989,,,,0.8974183140637433,97dd8800a329fb20,b5af3523b0c94423
POST,validation-0122181aac31d9baf00c2456426ac9ce,1,664070264507071987,coupled_z1.4142_left_edge,TRAINING_COUPLED,shift,-1.0000000000000004,0.0,1.4142135623730951,-0.04241734186578589,0.12546296296296294,0.6384261839442782,6.7697607036255425,1.0,80,0.881675124168396,0.32027744305784467,True,,0.18729754919061142,,,,0.9244915797994179,4c7b1f243cdcfbe3,b5af3523b0c94423
PRE,validation-0122181aac31d9baf00c2456426ac9ce,1,664070264507071987,coupled_z1.4142_right_edge,TRAINING_COUPLED,shift,1.0000000000000004,0.0,1.4142135623730951,0.13445534979914414,0.07454203967052486,0.8026663736067078,0.5394707056178697,0.9770114942528736,89,0.838911235332489,0.8745859944188007,True,,0.2174155319559865,,,,0.8996808469096275,48e67ec752a02862,b5af3523b0c94423
MID,validation-0122181aac31d9baf00c2456426ac9ce,1,664070264507071987,coupled_z1.4142_right_edge,TRAINING_COUPLED,shift,1.0000000000000004,0.0,1.4142135623730951,0.20527227040342355,0.06971319532266088,0.9208218120138172,-1.1390066772591454,0.9883720930232558,89,0.8608042001724243,0.9468842790364285,True,,0.3065832174097978,,,,0.9243652179449624,9a2ffa9d57990b43,b5af3523b0c94423
POST,validation-0122181aac31d9baf00c2456426ac9ce,1,664070264507071987,coupled_z1.4142_right_edge,TRAINING_COUPLED,shift,1.0000000000000004,0.0,1.4142135623730951,0.2334917989033619,0.08826582260489445,0.7858937649505577,2.3770958047737754,0.9759036144578314,87,0.852253258228302,0.935395508108873,True,,0.353013528339203,,,,0.8944686588319333,39afc56daaa53709,b5af3523b0c94423
PRE,validation-0122181aac31d9baf00c2456426ac9ce,1,664070264507071987,coupled_z1.5_left_edge,TRAINING_COUPLED,shift,-1.25,0.0,1.5,-0.2631396576957183,0.0992888787155659,0.6801517591224338,5.102165252358193,0.9375,83,0.8561162352561951,0.9356124125391685,True,,0.33749828989180425,,,,0.8927677741957051,6c5cc3a15555314e,b5af3523b0c94423
MID,validation-0122181aac31d9baf00c2456426ac9ce,1,664070264507071987,coupled_z1.5_left_edge,TRAINING_COUPLED,shift,-1.25,0.0,1.5,-0.13505556494549145,-0.06917413166568072,0.5288706502935386,21.070508536063162,1.0,74,0.8672677278518677,0.8900451561185346,True,,0.18208815229114544,,,,0.8802666592748101,c9d7ef3e968ac52b,b5af3523b0c94423
POST,validation-0122181aac31d9baf00c2456426ac9ce,1,664070264507071987,coupled_z1.5_left_edge,TRAINING_COUPLED,shift,-1.25,0.0,1.5,-0.03539807590512018,0.08946606601997703,0.5930447336603588,7.340161553927167,1.0,84,0.8786143064498901,0.36790849460215663,True,,0.11545721751151278,,,,0.9247342944135954,e6430b689be4076a,b5af3523b0c94423
PRE,validation-0122181aac31d9baf00c2456426ac9ce,1,664070264507071987,coupled_z1.5_right_edge,TRAINING_COUPLED,shift,1.25,0.0,1.5,0.1366669930960192,0.1358884590902414,0.80589536729907,-1.0186421355313597,0.9857142857142858,73,0.7872141599655151,0.7091236852254701,True,,0.23127191367477307,,,,0.8611910856471442,d91a4e845de41a00,b5af3523b0c94423
MID,validation-0122181aac31d9baf00c2456426ac9ce,1,664070264507071987,coupled_z1.5_right_edge,TRAINING_COUPLED,shift,1.25,0.0,1.5,0.30410659235139953,0.10235120100498883,0.7772828934340394,2.913657488827484,0.9871794871794872,82,0.8397140502929688,0.9477608486083917,True,,0.38504218796982653,,,,0.8313460845549189,0458ee712626b464,b5af3523b0c94423
POST,validation-0122181aac31d9baf00c2456426ac9ce,1,664070264507071987,coupled_z1.5_right_edge,TRAINING_COUPLED,shift,1.25,0.0,1.5,0.2641853365384616,0.12153677884615392,0.7613539705526796,0.2596310303125137,0.9620253164556962,86,0.8496066927909851,0.9084754065476875,True,,0.3489609091891302,,,,0.8869420818643095,61da18bd61ce064a,b5af3523b0c94423
PRE,validation-0122181aac31d9baf00c2456426ac9ce,1,664070264507071987,legacy_center_z1,EXTRAPOLATION,identity,0.0,0.0,1.0,0.0,0.0,1.0,0.0,1.0,256,1.0,,,,,,,,1.0,37fbff48d7281edb,b5af3523b0c94423
MID,validation-0122181aac31d9baf00c2456426ac9ce,1,664070264507071987,legacy_center_z1,EXTRAPOLATION,identity,0.0,0.0,1.0,0.0,0.0,1.0,0.0,1.0,256,1.0,,,,,,,,1.0,9cf1a6b5905a7fd4,b5af3523b0c94423
POST,validation-0122181aac31d9baf00c2456426ac9ce,1,664070264507071987,legacy_center_z1,EXTRAPOLATION,identity,0.0,0.0,1.0,0.0,0.0,1.0,0.0,1.0,256,1.0,,,,,,,,1.0,2aa1259c38df863d,b5af3523b0c94423
PRE,validation-0122181aac31d9baf00c2456426ac9ce,1,664070264507071987,coupled_z1.1_center,TRAINING_COUPLED,zoom,0.0,0.0,1.1,0.05560054868653468,0.10358306086912952,0.8672484667289413,3.8451793563878396,0.9347826086956522,98,0.8858770132064819,,,,1.4943814123023251,-0.14242976110277564,-0.09531017980432493,True,0.9478433069986529,a313ad45e1deae95,b5af3523b0c94423
MID,validation-0122181aac31d9baf00c2456426ac9ce,1,664070264507071987,coupled_z1.1_center,TRAINING_COUPLED,zoom,0.0,0.0,1.1,0.03598448400288669,0.10121673190893782,0.7960955746629051,0.6664159130739504,0.9223300970873787,110,0.8968653082847595,,,,2.3925674271268242,-0.2280360316734287,-0.09531017980432493,True,0.9499245256131046,c56eb656e797826c,b5af3523b0c94423
POST,validation-0122181aac31d9baf00c2456426ac9ce,1,664070264507071987,coupled_z1.1_center,TRAINING_COUPLED,zoom,0.0,0.0,1.1,0.05391021038316528,0.14330244102319492,0.9164001463171959,0.4693955816420849,0.978494623655914,103,0.8850420713424683,,,,0.91597947791974,-0.0873021687376021,-0.09531017980432493,True,0.9305273890485994,1431266a468bc68b,b5af3523b0c94423
PRE,validation-0122181aac31d9baf00c2456426ac9ce,1,664070264507071987,coupled_z1.225_center,TRAINING_COUPLED,zoom,0.0,0.0,1.225,0.10019677287416001,0.13076903250449573,0.8374906721451042,-4.04732595926018,0.948051948051948,80,0.8711186647415161,,,,0.8738760990124876,-0.17734515308212961,-0.20294084399669038,True,0.9485947459089059,bd43933607f8de0b,b5af3523b0c94423
MID,validation-0122181aac31d9baf00c2456426ac9ce,1,664070264507071987,coupled_z1.225_center,TRAINING_COUPLED,zoom,0.0,0.0,1.225,0.0936692689134189,0.11512997768060029,0.8547910194916829,-1.3427741823121937,0.9313725490196079,108,0.8930389881134033,,,,0.7731231351877554,-0.15689826156837045,-0.20294084399669038,True,0.9513630809015156,6952ec9da4f60f64,b5af3523b0c94423
POST,validation-0122181aac31d9baf00c2456426ac9ce,1,664070264507071987,coupled_z1.225_center,TRAINING_COUPLED,zoom,0.0,0.0,1.225,0.06972933425982841,0.12855870994467755,0.8797784695653912,-1.666352739265345,0.9880952380952381,90,0.8807395696640015,,,,0.6311452135964541,-0.12808514233173582,-0.20294084399669038,True,0.9491385817518279,3160fcffeaa886c5,b5af3523b0c94423
PRE,validation-0122181aac31d9baf00c2456426ac9ce,1,664070264507071987,coupled_z1.4142_center,TRAINING_COUPLED,zoom,0.0,0.0,1.4142135623730951,0.01583917421831342,0.15852096037511243,0.8072966172139576,0.45245139002895235,0.9354838709677419,98,0.8701733946800232,,,,0.6176584968969274,-0.2140641228364995,-0.3465735902799727,True,0.9468933908270303,08b69c442c974a6b,b5af3523b0c94423
MID,validation-0122181aac31d9baf00c2456426ac9ce,1,664070264507071987,coupled_z1.4142_center,TRAINING_COUPLED,zoom,0.0,0.0,1.4142135623730951,0.09947138748648637,0.1119893621487725,0.8640785666548518,-2.8010612156248724,0.9333333333333333,100,0.8923484683036804,,,,0.4215311979368515,-0.14609158068399244,-0.3465735902799727,True,0.9418266380912564,f93b88807ff3a16f,b5af3523b0c94423
POST,validation-0122181aac31d9baf00c2456426ac9ce,1,664070264507071987,coupled_z1.4142_center,TRAINING_COUPLED,zoom,0.0,0.0,1.4142135623730951,0.09744467860906218,0.16487570648529554,0.856768240420899,0.47214215566750534,0.9759036144578314,90,0.8846911191940308,,,,0.4460461862662198,-0.15458782820497324,-0.3465735902799727,True,0.9592018723478262,d45c252bd4e3dd77,b5af3523b0c94423
PRE,validation-0122181aac31d9baf00c2456426ac9ce,1,664070264507071987,coupled_z1.5_center,TRAINING_COUPLED,zoom,0.0,0.0,1.5,-0.0022686078380437513,0.1393705251728637,0.8208738131469556,0.5158393837130376,0.9761904761904762,89,0.8677546381950378,,,,0.4868134800352172,-0.19738588031099105,-0.4054651081081644,True,0.9430351819407559,cf99c7778ec2eaa8,b5af3523b0c94423
MID,validation-0122181aac31d9baf00c2456426ac9ce,1,664070264507071987,coupled_z1.5_center,TRAINING_COUPLED,zoom,0.0,0.0,1.5,0.10994750626428483,0.10190793605573434,0.8562547867954521,-5.379570068463605,0.9166666666666666,93,0.880685567855835,,,,0.3827389728486412,-0.1551872990032821,-0.4054651081081644,True,0.9395540320598048,823c2d76f0e4c308,b5af3523b0c94423
POST,validation-0122181aac31d9baf00c2456426ac9ce,1,664070264507071987,coupled_z1.5_center,TRAINING_COUPLED,zoom,0.0,0.0,1.5,0.09000498141504554,0.14707107820474882,0.867081499311078,0.5019278343347413,0.9893617021276596,98,0.8867953419685364,,,,0.3517498848981426,-0.14262230510725976,-0.4054651081081644,True,0.9603361463737509,7c8921edf94d16e2,b5af3523b0c94423
PRE,validation-0122181aac31d9baf00c2456426ac9ce,2,9822143834323497686,coupled_z1.1_left_edge,TRAINING_COUPLED,shift,-0.2100000000000002,0.0,1.1,-0.08528009960153438,0.02866738376601959,0.9995148127280472,2.2298638274054188,0.8829787234042553,102,0.8949299454689026,0.947877691336083,True,,0.47126890703738644,,,,0.9483716487875037,d168d488a4fccb44,3a78afd4a47c04ee
MID,validation-0122181aac31d9baf00c2456426ac9ce,2,9822143834323497686,coupled_z1.1_left_edge,TRAINING_COUPLED,shift,-0.2100000000000002,0.0,1.1,0.0505660755599958,-0.026840197444526252,0.6501129753481839,3.031213187807257,1.0,99,0.8874139785766602,-0.8832823392806228,False,,0.29987005037535597,,,,0.9245411112621784,a93994652eed4e42,3a78afd4a47c04ee
POST,validation-0122181aac31d9baf00c2456426ac9ce,2,9822143834323497686,coupled_z1.1_left_edge,TRAINING_COUPLED,shift,-0.2100000000000002,0.0,1.1,-0.035133708132548014,0.001120808728243404,0.5842827498110175,4.921476262188301,1.0,100,0.8832599520683289,0.9994915434645054,True,,0.18412732998259668,,,,0.9559671256513051,12df652e7567fb08,3a78afd4a47c04ee
PRE,validation-0122181aac31d9baf00c2456426ac9ce,2,9822143834323497686,coupled_z1.1_right_edge,TRAINING_COUPLED,shift,0.2100000000000002,0.0,1.1,0.0453016960732168,0.02655731296883884,0.9205231039389539,-0.5639520202637922,0.8252427184466019,111,0.8879967927932739,0.8626884461024378,True,,0.2750640738579075,,,,0.9500846236985138,fd7bdb378f336dcb,3a78afd4a47c04ee
MID,validation-0122181aac31d9baf00c2456426ac9ce,2,9822143834323497686,coupled_z1.1_right_edge,TRAINING_COUPLED,shift,0.2100000000000002,0.0,1.1,0.16369380442550488,0.10051596702046002,0.8043871327078039,-1.9123007326322536,0.9411764705882353,93,0.8868827223777771,0.8521660549582984,True,,1.0061932559441225,,,,0.941670831540527,332aae5de1a444fc,3a78afd4a47c04ee
POST,validation-0122181aac31d9baf00c2456426ac9ce,2,9822143834323497686,coupled_z1.1_right_edge,TRAINING_COUPLED,shift,0.2100000000000002,0.0,1.1,0.12069083568751363,-0.026005556203624387,0.6491206830060231,-0.18645701569453482,0.9680851063829787,97,0.8913605809211731,0.9775640935616248,True,,0.6466993784176104,,,,0.9309583902349698,8389deef8c58a0a7,3a78afd4a47c04ee
PRE,validation-0122181aac31d9baf00c2456426ac9ce,2,9822143834323497686,coupled_z1.225_left_edge,TRAINING_COUPLED,shift,-0.5006250000000003,0.0,1.225,-0.09198995859423707,0.014637504743704429,0.5089203236875353,7.437443806048518,1.0,85,0.8674687147140503,0.9875757439547607,True,,0.2279258400067665,,,,0.9217633604994139,11424619c391fad4,3a78afd4a47c04ee
MID,validation-0122181aac31d9baf00c2456426ac9ce,2,9822143834323497686,coupled_z1.225_left_edge,TRAINING_COUPLED,shift,-0.5006250000000003,0.0,1.225,-0.013552952749957202,0.04475290507351233,0.7279593196600265,0.06315809606862287,0.9888888888888889,91,0.8793425559997559,0.28984024141609666,True,,0.1144191709662522,,,,0.9151003906181477,f25a648a1148c068,3a78afd4a47c04ee
POST,validation-0122181aac31d9baf00c2456426ac9ce,2,9822143834323497686,coupled_z1.225_left_edge,TRAINING_COUPLED,shift,-0.5006250000000003,0.0,1.225,-0.1721755218958359,0.1017696880030763,0.6873729461399374,-3.223029064771616,0.9880952380952381,87,0.8687872886657715,0.8608616865118163,True,,0.4893973166554857,,,,0.8514374405993912,ab1c73823935adea,3a78afd4a47c04ee
PRE,validation-0122181aac31d9baf00c2456426ac9ce,2,9822143834323497686,coupled_z1.225_right_edge,TRAINING_COUPLED,shift,0.5006250000000003,0.0,1.225,0.1450587047090014,0.04195871733366999,0.8655442775801744,8.649610597310959,1.0,78,0.8732800483703613,0.960620774885637,True,,0.3695007937965732,,,,0.9138600774910894,99013c021e7a0824,3a78afd4a47c04ee
MID,validation-0122181aac31d9baf00c2456426ac9ce,2,9822143834323497686,coupled_z1.225_right_edge,TRAINING_COUPLED,shift,0.5006250000000003,0.0,1.225,0.21335911661676357,0.08465650012720408,0.6691390940869604,1.1375334917419404,1.0,80,0.8627604246139526,0.929505371452626,True,,0.5616721056067194,,,,0.8804557252193066,2a32096f3a7f4c43,3a78afd4a47c04ee
POST,validation-0122181aac31d9baf00c2456426ac9ce,2,9822143834323497686,coupled_z1.225_right_edge,TRAINING_COUPLED,shift,0.5006250000000003,0.0,1.225,0.10409957289417629,-0.008122572850704961,0.711869699229287,-1.1022050573457356,1.0,79,0.8664925694465637,0.9969697266997707,True,,0.25549978081546015,,,,0.8939328789702058,8d307c81f0e3fab4,3a78afd4a47c04ee
PRE,validation-0122181aac31d9baf00c2456426ac9ce,2,9822143834323497686,coupled_z1.4142_left_edge,TRAINING_COUPLED,shift,-1.0000000000000004,0.0,1.4142135623730951,-0.09915565118745229,0.15369460405928628,0.49397827959915075,4.102532076541423,1.0,70,0.8449840545654297,0.5421185393126119,True,,0.2586653222963931,,,,0.8309260606757437,52859e63107a83ea,3a78afd4a47c04ee
MID,validation-0122181aac31d9baf00c2456426ac9ce,2,9822143834323497686,coupled_z1.4142_left_edge,TRAINING_COUPLED,shift,-1.0000000000000004,0.0,1.4142135623730951,0.017045651218254236,0.1458554000214609,0.33005319567457164,27.70452707008127,1.0,82,0.8590911030769348,-0.11607679072028435,False,,0.2076745142807597,,,,0.8720971865703199,a620badd161deca1,3a78afd4a47c04ee
POST,validation-0122181aac31d9baf00c2456426ac9ce,2,9822143834323497686,coupled_z1.4142_left_edge,TRAINING_COUPLED,shift,-1.0000000000000004,0.0,1.4142135623730951,-0.17750620027356934,0.028512088166943554,0.587926111033506,11.455752869734772,1.0,74,0.8659250140190125,0.9873440439029271,True,,0.25424944565209984,,,,0.8700691461554408,4a11ea4a1b18bb33,3a78afd4a47c04ee
PRE,validation-0122181aac31d9baf00c2456426ac9ce,2,9822143834323497686,coupled_z1.4142_right_edge,TRAINING_COUPLED,shift,1.0000000000000004,0.0,1.4142135623730951,0.12188325247190321,0.0779877786648652,0.6104043948744386,5.976056612336481,1.0,66,0.858076810836792,0.8423263163230988,True,,0.20463440988362483,,,,0.8821968366016171,b8a605540868f863,3a78afd4a47c04ee
MID,validation-0122181aac31d9baf00c2456426ac9ce,2,9822143834323497686,coupled_z1.4142_right_edge,TRAINING_COUPLED,shift,1.0000000000000004,0.0,1.4142135623730951,0.30801989932751583,0.0778816998238732,0.7747255144974686,7.5082738099062025,1.0,74,0.8548036217689514,0.9694897334420401,True,,0.4493146281820542,,,,0.8579550812182288,8122f938a080c6a5,3a78afd4a47c04ee
POST,validation-0122181aac31d9baf00c2456426ac9ce,2,9822143834323497686,coupled_z1.4142_right_edge,TRAINING_COUPLED,shift,1.0000000000000004,0.0,1.4142135623730951,0.14211298853580556,-0.033740393781159575,0.5729534238997023,16.733544056371407,1.0,74,0.8491132259368896,0.9729541577120471,True,,0.20656483574454632,,,,0.8546979936768803,501d43c152cd71ab,3a78afd4a47c04ee
PRE,validation-0122181aac31d9baf00c2456426ac9ce,2,9822143834323497686,coupled_z1.5_left_edge,TRAINING_COUPLED,shift,-1.25,0.0,1.5,-0.09233702731786517,0.12348024316109424,0.4732697523227811,3.0549518124812547,1.0,78,0.8409953713417053,0.5988655811479375,True,,0.18502387892818947,,,,0.8268628716460542,5eb378036cb8ec5a,3a78afd4a47c04ee
MID,validation-0122181aac31d9baf00c2456426ac9ce,2,9822143834323497686,coupled_z1.5_left_edge,TRAINING_COUPLED,shift,-1.25,0.0,1.5,0.11096639528605662,0.1243039883627437,0.2747932250618704,5.393723637799164,1.0,78,0.8540233969688416,-0.6659512894853654,False,,0.1999540753877243,,,,0.8413371349169624,104a66826dbc930d,3a78afd4a47c04ee
POST,validation-0122181aac31d9baf00c2456426ac9ce,2,9822143834323497686,coupled_z1.5_left_edge,TRAINING_COUPLED,shift,-1.25,0.0,1.5,-0.19805029818817152,0.07915421349860366,0.6280232364476553,3.7478897154096646,0.9753086419753086,82,0.8619873523712158,0.9285832069241934,True,,0.255938677387551,,,,0.8681850433340926,b110ad06bb710eb1,3a78afd4a47c04ee
PRE,validation-0122181aac31d9baf00c2456426ac9ce,2,9822143834323497686,coupled_z1.5_right_edge,TRAINING_COUPLED,shift,1.25,0.0,1.5,0.07277330412184918,0.061625257834077206,0.650268146288991,-1.290800736333236,1.0,67,0.8162739276885986,0.7631388171892142,True,,0.11443260777477635,,,,0.8353049656922192,095fca7c39f0eab4,3a78afd4a47c04ee
MID,validation-0122181aac31d9baf00c2456426ac9ce,2,9822143834323497686,coupled_z1.5_right_edge,TRAINING_COUPLED,shift,1.25,0.0,1.5,0.39217255902391046,0.1254831908531752,0.8419084772471388,4.4953579655823415,1.0,75,0.8566709160804749,0.9524326261767312,True,,0.4941106151691157,,,,0.8657882133587413,aafa94251fc209a0,3a78afd4a47c04ee
POST,validation-0122181aac31d9baf00c2456426ac9ce,2,9822143834323497686,coupled_z1.5_right_edge,TRAINING_COUPLED,shift,1.25,0.0,1.5,0.1419599610925838,0.04540158011751628,0.45961746427490446,-0.5558005764853242,1.0,77,0.8316279649734497,0.9524740072759589,True,,0.1788520757610272,,,,0.8615223682825515,54b4d7b5b2b1bc3a,3a78afd4a47c04ee
PRE,validation-0122181aac31d9baf00c2456426ac9ce,2,9822143834323497686,legacy_center_z1,EXTRAPOLATION,identity,0.0,0.0,1.0,0.0,0.0,1.0,0.0,1.0,256,1.0,,,,,,,,1.0,02ddcc410991b594,3a78afd4a47c04ee
MID,validation-0122181aac31d9baf00c2456426ac9ce,2,9822143834323497686,legacy_center_z1,EXTRAPOLATION,identity,0.0,0.0,1.0,0.0,0.0,1.0,0.0,1.0,256,1.0,,,,,,,,1.0,0cde92c6c4ac6b60,3a78afd4a47c04ee
POST,validation-0122181aac31d9baf00c2456426ac9ce,2,9822143834323497686,legacy_center_z1,EXTRAPOLATION,identity,0.0,0.0,1.0,0.0,0.0,1.0,0.0,1.0,256,1.0,,,,,,,,1.0,3c8ada8b60c41cf7,3a78afd4a47c04ee
PRE,validation-0122181aac31d9baf00c2456426ac9ce,2,9822143834323497686,coupled_z1.1_center,TRAINING_COUPLED,zoom,0.0,0.0,1.1,0.010354445001747925,0.11962423814083561,0.9595991960135175,-4.462670620705888,0.9791666666666666,106,0.893227756023407,,,,0.4326881549970003,-0.041239585851965715,-0.09531017980432493,True,0.9573656269738193,14755fc34310bdf0,3a78afd4a47c04ee
MID,validation-0122181aac31d9baf00c2456426ac9ce,2,9822143834323497686,coupled_z1.1_center,TRAINING_COUPLED,zoom,0.0,0.0,1.1,0.025687384066308175,0.13448601751626008,0.9325260377346619,-2.9840499921874466,1.0,99,0.890113115310669,,,,0.7329563903221534,-0.06985820535033341,-0.09531017980432493,True,0.9389890359617662,4e756779df8cf39a,3a78afd4a47c04ee
POST,validation-0122181aac31d9baf00c2456426ac9ce,2,9822143834323497686,coupled_z1.1_center,TRAINING_COUPLED,zoom,0.0,0.0,1.1,-0.00042191437031567636,0.03297025710571509,0.9701725432924937,-0.21319928199637814,0.8741721854304636,161,0.9423691630363464,,,,0.31771363439465694,-0.03028134362044031,-0.09531017980432493,True,0.9697746038427191,abdfa3c9412391d0,3a78afd4a47c04ee
PRE,validation-0122181aac31d9baf00c2456426ac9ce,2,9822143834323497686,coupled_z1.225_center,TRAINING_COUPLED,zoom,0.0,0.0,1.225,0.03563228849346639,0.13976301645784817,0.9227492178673004,-4.1747574966786125,0.9690721649484536,106,0.8852102756500244,,,,0.39616364601459686,-0.08039778468300837,-0.20294084399669038,True,0.9467348424624776,d61690f1fe49dd0b,3a78afd4a47c04ee
MID,validation-0122181aac31d9baf00c2456426ac9ce,2,9822143834323497686,coupled_z1.225_center,TRAINING_COUPLED,zoom,0.0,0.0,1.225,0.03038475551849236,0.1363035045813154,0.8813969720225047,-1.9763955600337328,0.96875,110,0.8924059271812439,,,,0.6220884840721859,-0.12624716199823108,-0.20294084399669038,True,0.9355340561579681,75dffbc9079b33f7,3a78afd4a47c04ee
POST,validation-0122181aac31d9baf00c2456426ac9ce,2,9822143834323497686,coupled_z1.225_center,TRAINING_COUPLED,zoom,0.0,0.0,1.225,-0.01626547951788107,0.06348269313853422,0.9298782964975889,1.1180014453692355,0.9142857142857143,114,0.902877688407898,,,,0.3582401844182049,-0.07270156537936051,-0.20294084399669038,True,0.9497685432424583,0c7f34a53c97b5a9,3a78afd4a47c04ee
PRE,validation-0122181aac31d9baf00c2456426ac9ce,2,9822143834323497686,coupled_z1.4142_center,TRAINING_COUPLED,zoom,0.0,0.0,1.4142135623730951,0.04125636964605417,0.15463763443552733,0.9101499845620731,-5.0670553711776005,0.9761904761904762,98,0.8788385391235352,,,,0.2716475735388101,-0.09414587485218831,-0.3465735902799727,True,0.9255201816549582,4f3067ec8e8e0f9c,3a78afd4a47c04ee
MID,validation-0122181aac31d9baf00c2456426ac9ce,2,9822143834323497686,coupled_z1.4142_center,TRAINING_COUPLED,zoom,0.0,0.0,1.4142135623730951,0.06633333712601762,0.18137362965575698,0.8529219629835303,-5.310718321692907,0.9887640449438202,96,0.8964208960533142,,,,0.4590286897282909,-0.1590872210406454,-0.3465735902799727,True,0.9176333497534963,d55235e1e242ade7,3a78afd4a47c04ee
POST,validation-0122181aac31d9baf00c2456426ac9ce,2,9822143834323497686,coupled_z1.4142_center,TRAINING_COUPLED,zoom,0.0,0.0,1.4142135623730951,0.016842721298127243,0.10224920999573497,0.8298352839122084,2.147526908143589,0.97,108,0.8850867748260498,,,,0.5382061883395595,-0.1865280510037403,-0.3465735902799727,True,0.9412358333144114,2c49d45577f56d39,3a78afd4a47c04ee
PRE,validation-0122181aac31d9baf00c2456426ac9ce,2,9822143834323497686,coupled_z1.5_center,TRAINING_COUPLED,zoom,0.0,0.0,1.5,-0.0038992025408439296,0.16416938646386686,0.9133077558578251,-3.77389527070133,0.9764705882352941,92,0.870607852935791,,,,0.2236502509885565,-0.09068237319549316,-0.4054651081081644,True,0.8991271257391521,589028e04cd2f1c2,3a78afd4a47c04ee
MID,validation-0122181aac31d9baf00c2456426ac9ce,2,9822143834323497686,coupled_z1.5_center,TRAINING_COUPLED,zoom,0.0,0.0,1.5,0.03894191070217354,0.18902042967943614,0.8643461992692516,-4.867834050572851,0.9887640449438202,98,0.890522301197052,,,,0.3595423969175736,-0.14578189683565254,-0.4054651081081644,True,0.9157381007506095,1085aa2ad4758683,3a78afd4a47c04ee
POST,validation-0122181aac31d9baf00c2456426ac9ce,2,9822143834323497686,coupled_z1.5_center,TRAINING_COUPLED,zoom,0.0,0.0,1.5,-0.018418868809469528,0.10239559148199587,0.8349601544531884,1.0600161826397183,0.9578947368421052,101,0.8959681987762451,,,,0.4448502987820623,-0.1803712744876181,-0.4054651081081644,True,0.929996907710099,942a277ce36b4f2c,3a78afd4a47c04ee
PRE,validation-02b458c24929db70210e02644cc1445e,0,1086640691220185878,coupled_z1.1_left_edge,TRAINING_COUPLED,shift,-0.2100000000000002,0.0,1.1,-0.1928599161988578,0.05091296868512017,0.8629176618637925,6.702348194275505,0.978021978021978,102,0.9086654782295227,0.9668763844835033,True,,1.0448270583977535,,,,0.9297184944143534,279822c6fc51a305,cea9bda1a8d25135
MID,validation-02b458c24929db70210e02644cc1445e,0,1086640691220185878,coupled_z1.1_left_edge,TRAINING_COUPLED,shift,-0.2100000000000002,0.0,1.1,-0.18579701963735956,0.027138901520497184,0.8421718899881344,4.73970672447477,0.9347826086956522,98,0.9140759706497192,0.9894998715048517,True,,0.9835498839504582,,,,0.9322004873862773,3f572a1dfdc994c2,cea9bda1a8d25135
POST,validation-02b458c24929db70210e02644cc1445e,0,1086640691220185878,coupled_z1.1_left_edge,TRAINING_COUPLED,shift,-0.2100000000000002,0.0,1.1,-0.234218731735827,0.03823772647574521,0.8225420734764077,5.623595516537979,0.979381443298969,110,0.8966827392578125,0.9869342654404354,True,,1.2431020649623057,,,,0.9228970316516507,0c9a25a61256a62e,cea9bda1a8d25135
PRE,validation-02b458c24929db70210e02644cc1445e,0,1086640691220185878,coupled_z1.1_right_edge,TRAINING_COUPLED,shift,0.2100000000000002,0.0,1.1,0.12142178506420029,0.029076167166822417,0.8752317817745183,1.6732990127723324,0.9166666666666666,105,0.9142357110977173,0.9725054288686715,True,,0.6540003327889042,,,,0.9273008704176212,ab970aa67355add2,cea9bda1a8d25135
MID,validation-02b458c24929db70210e02644cc1445e,0,1086640691220185878,coupled_z1.1_right_edge,TRAINING_COUPLED,shift,0.2100000000000002,0.0,1.1,0.042554957062432626,0.03255108113605877,0.9081802967014699,4.417472988926912,0.9393939393939394,110,0.9177654385566711,0.794276272027351,True,,0.2806415422121619,,,,0.8981075822170087,4e7a2293739b0808,cea9bda1a8d25135
POST,validation-02b458c24929db70210e02644cc1445e,0,1086640691220185878,coupled_z1.1_right_edge,TRAINING_COUPLED,shift,0.2100000000000002,0.0,1.1,-0.022827296359327103,0.002700739316772352,0.7303466450636905,-4.677656943907217,0.9047619047619048,109,0.8985664248466492,-0.9930737836827551,False,,0.12040550691783278,,,,0.9177727650259356,bef5e8590f6d6942,cea9bda1a8d25135
PRE,validation-02b458c24929db70210e02644cc1445e,0,1086640691220185878,coupled_z1.225_left_edge,TRAINING_COUPLED,shift,-0.5006250000000003,0.0,1.225,-0.17977589751970172,0.07247262744791959,0.7842059699978822,11.053303036980543,0.9375,104,0.8993228673934937,0.9274730572575784,True,,0.4743006485576194,,,,0.910094380377813,a69950f5e2b0ff18,cea9bda1a8d25135
MID,validation-02b458c24929db70210e02644cc1445e,0,1086640691220185878,coupled_z1.225_left_edge,TRAINING_COUPLED,shift,-0.5006250000000003,0.0,1.225,-0.2846396817579844,0.011382542608626242,0.8170658803737408,9.413336025732441,0.9642857142857143,94,0.9041589498519897,0.9992013854934646,True,,0.6970532764100006,,,,0.8981381533301614,d8443084b9c05bf7,cea9bda1a8d25135
POST,validation-02b458c24929db70210e02644cc1445e,0,1086640691220185878,coupled_z1.225_left_edge,TRAINING_COUPLED,shift,-0.5006250000000003,0.0,1.225,-0.24344393478977178,0.020081382030052775,0.8343566335506659,8.226456935562746,0.9887640449438202,100,0.8909967541694641,0.9966150688896785,True,,0.597716252286539,,,,0.9043136721022232,6ec104a4060a3036,cea9bda1a8d25135
PRE,validation-02b458c24929db70210e02644cc1445e,0,1086640691220185878,coupled_z1.225_right_edge,TRAINING_COUPLED,shift,0.5006250000000003,0.0,1.225,0.06845437982498773,0.009692409703583031,0.7165182633545827,-10.000298254104406,0.9411764705882353,105,0.9159924387931824,0.9901244703620203,True,,0.16917453892498951,,,,0.9124000072470123,8c06586a53d91a62,cea9bda1a8d25135
MID,validation-02b458c24929db70210e02644cc1445e,0,1086640691220185878,coupled_z1.225_right_edge,TRAINING_COUPLED,shift,0.5006250000000003,0.0,1.225,0.15662379323978248,0.023703507275967484,0.9785745072587816,-1.8040155100235933,0.9578947368421052,106,0.9234603047370911,0.9887410818938601,True,,0.38761333872927506,,,,0.9063805230108404,b46cd895c78bf555,cea9bda1a8d25135
POST,validation-02b458c24929db70210e02644cc1445e,0,1086640691220185878,coupled_z1.225_right_edge,TRAINING_COUPLED,shift,0.5006250000000003,0.0,1.225,0.1429431641026086,0.027159962226059396,0.9042953818825225,-2.0443031045362963,0.9468085106382979,104,0.8892977237701416,0.9824234924954854,True,,0.35603132233546453,,,,0.9200806474820677,e26709efad5a1c4b,cea9bda1a8d25135
PRE,validation-02b458c24929db70210e02644cc1445e,0,1086640691220185878,coupled_z1.4142_left_edge,TRAINING_COUPLED,shift,-1.0000000000000004,0.0,1.4142135623730951,-0.17649743911850885,0.045287343265032025,0.7564763584174863,5.5034172837951525,0.9166666666666666,89,0.9000447392463684,0.968622142173164,True,,0.25769085926899526,,,,0.8735888004294242,bb9f1dda71e83250,cea9bda1a8d25135
MID,validation-02b458c24929db70210e02644cc1445e,0,1086640691220185878,coupled_z1.4142_left_edge,TRAINING_COUPLED,shift,-1.0000000000000004,0.0,1.4142135623730951,-0.27170503751169767,0.018740978952210288,0.8207730724315928,2.590455643497447,1.0,91,0.8904857635498047,0.9976296477757607,True,,0.38516191842216224,,,,0.9184685848308659,f9bd04665f83b030,cea9bda1a8d25135
POST,validation-02b458c24929db70210e02644cc1445e,0,1086640691220185878,coupled_z1.4142_left_edge,TRAINING_COUPLED,shift,-1.0000000000000004,0.0,1.4142135623730951,-0.1861113160881226,0.0415730487178052,0.6908642281844111,4.551589898873652,0.9021739130434783,97,0.8762281537055969,0.9759477416279452,True,,0.26968774668399775,,,,0.8904961878348141,16f0cc8e44ef0459,cea9bda1a8d25135
PRE,validation-02b458c24929db70210e02644cc1445e,0,1086640691220185878,coupled_z1.4142_right_edge,TRAINING_COUPLED,shift,1.0000000000000004,0.0,1.4142135623730951,0.18054286789005614,-0.01023922593299123,0.7746864965915357,-4.498075357076023,0.9139784946236559,98,0.9038048386573792,0.9983956560941573,True,,0.2557364615915106,,,,0.9350487551112812,c280f3b71819f251,cea9bda1a8d25135
MID,validation-02b458c24929db70210e02644cc1445e,0,1086640691220185878,coupled_z1.4142_right_edge,TRAINING_COUPLED,shift,1.0000000000000004,0.0,1.4142135623730951,0.18858392793607143,0.026693115269590655,0.6948929698844404,-4.672083724569618,0.8961038961038961,79,0.8824188709259033,0.990130559554281,True,,0.2693563449358229,,,,0.8925050432974142,370ed383dd07e95d,cea9bda1a8d25135
POST,validation-02b458c24929db70210e02644cc1445e,0,1086640691220185878,coupled_z1.4142_right_edge,TRAINING_COUPLED,shift,1.0000000000000004,0.0,1.4142135623730951,0.24316296922479383,-0.017506682812035906,0.8732462668182095,-6.815803914829619,0.9452054794520548,81,0.872931957244873,0.9974183431282264,True,,0.34477445829208175,,,,0.9123759217477211,03a93ed1ffb984d1,cea9bda1a8d25135
PRE,validation-02b458c24929db70210e02644cc1445e,0,1086640691220185878,coupled_z1.5_left_edge,TRAINING_COUPLED,shift,-1.25,0.0,1.5,-0.1255922318231455,0.016841009663001245,0.7131136602395874,3.542398771010512,0.8850574712643678,91,0.8961664438247681,0.9911290184505854,True,,0.15205959605738384,,,,0.8484317569981529,99301926d9c20985,cea9bda1a8d25135
MID,validation-02b458c24929db70210e02644cc1445e,0,1086640691220185878,coupled_z1.5_left_edge,TRAINING_COUPLED,shift,-1.25,0.0,1.5,-0.15623788767514424,-0.011856956673406496,0.7637668507075822,7.077471012939367,0.9036144578313253,88,0.8954557180404663,0.9971327025653113,True,,0.18802458762649704,,,,0.9209810997215956,1759ce18b4d960db,cea9bda1a8d25135
POST,validation-02b458c24929db70210e02644cc1445e,0,1086640691220185878,coupled_z1.5_left_edge,TRAINING_COUPLED,shift,-1.25,0.0,1.5,-0.10434716492935482,0.04391626939037645,0.6304869641357603,8.208671755098088,0.9655172413793104,89,0.8721756935119629,0.9216965836649551,True,,0.13585446678775567,,,,0.8868641122408716,d55cce4e98c11160,cea9bda1a8d25135
PRE,validation-02b458c24929db70210e02644cc1445e,0,1086640691220185878,coupled_z1.5_right_edge,TRAINING_COUPLED,shift,1.25,0.0,1.5,0.23108581890417457,-0.003591023943179429,0.757114807550113,-5.346082613296545,0.9230769230769231,96,0.8942291140556335,0.9998792793995397,True,,0.2773364629079014,,,,0.9102520346632437,d76679df523a18c8,cea9bda1a8d25135
MID,validation-02b458c24929db70210e02644cc1445e,0,1086640691220185878,coupled_z1.5_right_edge,TRAINING_COUPLED,shift,1.25,0.0,1.5,0.2081364905003327,0.00333352537512164,0.82333385696352,-6.272303684662116,0.9466666666666667,78,0.8682702779769897,0.9998717676628898,True,,0.2497958205008226,,,,0.8953269061632088,0c2b255c2e093be7,cea9bda1a8d25135
POST,validation-02b458c24929db70210e02644cc1445e,0,1086640691220185878,coupled_z1.5_right_edge,TRAINING_COUPLED,shift,1.25,0.0,1.5,0.11796520880644244,-0.031668958111029044,0.5892872133040221,-11.222892964308494,0.9873417721518988,80,0.8685445785522461,0.96580234459613,True,,0.14657062219654857,,,,0.8815969754208437,3a56ea05ee2cf4dc,cea9bda1a8d25135
PRE,validation-02b458c24929db70210e02644cc1445e,0,1086640691220185878,legacy_center_z1,EXTRAPOLATION,identity,0.0,0.0,1.0,0.0,0.0,1.0,0.0,1.0,256,1.0,,,,,,,,1.0,b619f667e40c5642,cea9bda1a8d25135
MID,validation-02b458c24929db70210e02644cc1445e,0,1086640691220185878,legacy_center_z1,EXTRAPOLATION,identity,0.0,0.0,1.0,0.0,0.0,1.0,0.0,1.0,256,1.0,,,,,,,,1.0,32009e57a740f238,cea9bda1a8d25135
POST,validation-02b458c24929db70210e02644cc1445e,0,1086640691220185878,legacy_center_z1,EXTRAPOLATION,identity,0.0,0.0,1.0,0.0,0.0,1.0,0.0,1.0,256,1.0,,,,,,,,1.0,669bc50686e1ebe8,cea9bda1a8d25135
PRE,validation-02b458c24929db70210e02644cc1445e,0,1086640691220185878,coupled_z1.1_center,TRAINING_COUPLED,zoom,0.0,0.0,1.1,2.7755575615628914e-17,1.3877787807814457e-17,0.9999999999999999,-1.4224253733300303e-15,1.0,177,0.9575544595718384,,,,1.1648525130311185e-15,-1.1102230246251565e-16,-0.09531017980432493,True,0.9511415958395029,5d3f7165f4073a67,cea9bda1a8d25135
MID,validation-02b458c24929db70210e02644cc1445e,0,1086640691220185878,coupled_z1.1_center,TRAINING_COUPLED,zoom,0.0,0.0,1.1,0.002282953639981322,0.004652879676129609,0.9926468030089143,0.18721726972984354,0.925,168,0.9575179219245911,,,,0.07743522278885756,-0.0073803650071939736,-0.09531017980432493,True,0.9566116281275276,78c841767cc7a0c9,cea9bda1a8d25135
POST,validation-02b458c24929db70210e02644cc1445e,0,1086640691220185878,coupled_z1.1_center,TRAINING_COUPLED,zoom,0.0,0.0,1.1,-0.00012414952017202052,0.017387178802688447,0.9770581782337344,-0.49548573343111807,0.8461538461538461,156,0.9401425123214722,,,,0.2435110386528572,-0.02320908087834174,-0.09531017980432493,True,0.946182724605015,b44931c91847b617,cea9bda1a8d25135
PRE,validation-02b458c24929db70210e02644cc1445e,0,1086640691220185878,coupled_z1.225_center,TRAINING_COUPLED,zoom,0.0,0.0,1.225,0.023118254869858607,0.016039000634835737,0.9707751716354823,0.27312608778392056,0.8898305084745762,136,0.9373319149017334,,,,0.14615283957520994,-0.029660380615905996,-0.20294084399669038,True,0.9128494858732631,00614c7d51b45ef6,cea9bda1a8d25135
MID,validation-02b458c24929db70210e02644cc1445e,0,1086640691220185878,coupled_z1.225_center,TRAINING_COUPLED,zoom,0.0,0.0,1.225,0.011739580546523784,0.002454478235393555,0.980043596234406,0.6890703318902933,0.7985074626865671,142,0.9406821131706238,,,,0.09933053374826514,-0.020158222353514665,-0.20294084399669038,True,0.9453543359454162,9c79dc324ad5e535,cea9bda1a8d25135
POST,validation-02b458c24929db70210e02644cc1445e,0,1086640691220185878,coupled_z1.225_center,TRAINING_COUPLED,zoom,0.0,0.0,1.225,-0.020664146187039684,0.02478888598149173,0.950960076898113,-0.3002493151777169,0.9285714285714286,121,0.9195663928985596,,,,0.24777268319099036,-0.05028319744610416,-0.20294084399669038,True,0.8595201289359158,39e3c6a165fd0a23,cea9bda1a8d25135
PRE,validation-02b458c24929db70210e02644cc1445e,0,1086640691220185878,coupled_z1.4142_center,TRAINING_COUPLED,zoom,0.0,0.0,1.4142135623730951,-0.008647270545890828,0.06645620875824836,0.892466356554195,0.942814367490131,0.9479166666666666,102,0.918462336063385,,,,0.3282606204487124,-0.11376646177644167,-0.3465735902799727,True,0.8562537942075389,156a5663976d0cb5,cea9bda1a8d25135
MID,validation-02b458c24929db70210e02644cc1445e,0,1086640691220185878,coupled_z1.4142_center,TRAINING_COUPLED,zoom,0.0,0.0,1.4142135623730951,0.020036078271504262,0.0032007745617611133,0.95313617186515,0.43385607596325565,0.8163265306122449,111,0.9261210560798645,,,,0.13849150454637849,-0.04799749795391355,-0.3465735902799727,True,0.924519415170187,56c104e7178bfce6,cea9bda1a8d25135
POST,validation-02b458c24929db70210e02644cc1445e,0,1086640691220185878,coupled_z1.4142_center,TRAINING_COUPLED,zoom,0.0,0.0,1.4142135623730951,0.012058334448560443,0.014430920930868202,0.9621151716292632,-0.1914419232874763,0.7884615384615384,112,0.92889803647995,,,,0.11143698059301492,-0.03862111445408082,-0.3465735902799727,True,0.9118479437728313,7aa41932486112ef,cea9bda1a8d25135
PRE,validation-02b458c24929db70210e02644cc1445e,0,1086640691220185878,coupled_z1.5_center,TRAINING_COUPLED,zoom,0.0,0.0,1.5,-0.011502605404304422,0.08384925147667865,0.8915992649701712,1.0875291673244827,0.9893617021276596,103,0.9118735790252686,,,,0.28297996441733275,-0.11473850186491834,-0.4054651081081644,True,0.8429999351493034,7d85785b26bbe095,cea9bda1a8d25135
MID,validation-02b458c24929db70210e02644cc1445e,0,1086640691220185878,coupled_z1.5_center,TRAINING_COUPLED,zoom,0.0,0.0,1.5,0.024505038666942286,0.020120677840742243,0.9613496112530319,1.6861755978105102,0.8380952380952381,115,0.9240155816078186,,,,0.09721462081877262,-0.03941713673997785,-0.4054651081081644,True,0.9262217791335594,ffaf897be7fe0d41,cea9bda1a8d25135
POST,validation-02b458c24929db70210e02644cc1445e,0,1086640691220185878,coupled_z1.5_center,TRAINING_COUPLED,zoom,0.0,0.0,1.5,0.03079265248546373,0.01906931340911846,0.9124082565395948,1.8673397058523407,0.9122807017543859,120,0.9212558269500732,,,,0.22608046296828518,-0.09166773935857961,-0.4054651081081644,True,0.8912060195917527,a19cdc4b33667d79,cea9bda1a8d25135
PRE,validation-02b458c24929db70210e02644cc1445e,1,11168502498603766891,coupled_z1.1_left_edge,TRAINING_COUPLED,shift,-0.2100000000000002,0.0,1.1,-0.19254134364408432,0.08292630864726583,0.9422206269071027,-3.782847315302522,0.9886363636363636,94,0.9022431969642639,0.9184378800896023,True,,1.0981144366072346,,,,0.9250849992128896,e9c7e207eef3b9b5,bd8ccb6016778320
MID,validation-02b458c24929db70210e02644cc1445e,1,11168502498603766891,coupled_z1.1_left_edge,TRAINING_COUPLED,shift,-0.2100000000000002,0.0,1.1,-0.09545585737219972,0.02809253003805541,0.9585378484732,-0.04356597917727934,0.9532710280373832,114,0.908661961555481,0.9593184836806086,True,,0.521210505613239,,,,0.9256060123434346,57fc70d2b72dff20,bd8ccb6016778320
POST,validation-02b458c24929db70210e02644cc1445e,1,11168502498603766891,coupled_z1.1_left_edge,TRAINING_COUPLED,shift,-0.2100000000000002,0.0,1.1,-0.10417943005856002,0.01208185458831064,1.005923413338408,-2.1043558081816096,0.9743589743589743,125,0.9217382073402405,0.9933423756947194,True,,0.5493592036565572,,,,0.9226918816557239,c5dd20ff1a682a9f,bd8ccb6016778320
PRE,validation-02b458c24929db70210e02644cc1445e,1,11168502498603766891,coupled_z1.1_right_edge,TRAINING_COUPLED,shift,0.2100000000000002,0.0,1.1,0.19611808949297496,-0.008258246792913926,0.9233295021148674,-10.37820817672447,0.9555555555555556,96,0.9076128602027893,0.9991146125779025,True,,1.0281955820859088,,,,0.9146059104556182,7784e9ee4e54a9a4,bd8ccb6016778320
MID,validation-02b458c24929db70210e02644cc1445e,1,11168502498603766891,coupled_z1.1_right_edge,TRAINING_COUPLED,shift,0.2100000000000002,0.0,1.1,-0.08666157641254549,-0.04648038294373313,0.32051174454715103,19.839761373109834,1.0,86,0.8734251260757446,-0.8812490130604281,False,,0.5151116018067803,,,,0.9147683382025154,273124ce30278440,bd8ccb6016778320
POST,validation-02b458c24929db70210e02644cc1445e,1,11168502498603766891,coupled_z1.1_right_edge,TRAINING_COUPLED,shift,0.2100000000000002,0.0,1.1,0.17341514487022797,-0.04013475986771156,0.8191849849264009,-13.339677663273719,0.9259259259259259,87,0.8716371655464172,0.9742483611061152,True,,0.9323752348942016,,,,0.9018867015829604,8160d934868164e5,bd8ccb6016778320
PRE,validation-02b458c24929db70210e02644cc1445e,1,11168502498603766891,coupled_z1.225_left_edge,TRAINING_COUPLED,shift,-0.5006250000000003,0.0,1.225,-0.29415671600104265,0.04408556065095841,0.9395483797187959,-1.6916469497913478,1.0,101,0.903918981552124,0.9889550604408155,True,,0.7278229847935594,,,,0.9272415594593288,a62e14b05bb2d244,bd8ccb6016778320
MID,validation-02b458c24929db70210e02644cc1445e,1,11168502498603766891,coupled_z1.225_left_edge,TRAINING_COUPLED,shift,-0.5006250000000003,0.0,1.225,-0.1956015365625266,0.03949855991600691,0.9525978623192431,-2.6016089695443374,0.9894736842105263,98,0.9008062481880188,0.9802144567136315,True,,0.48828649632816495,,,,0.9234988643815143,6e752490c6b21b41,bd8ccb6016778320
POST,validation-02b458c24929db70210e02644cc1445e,1,11168502498603766891,coupled_z1.225_left_edge,TRAINING_COUPLED,shift,-0.5006250000000003,0.0,1.225,-0.1447857709239056,-0.007622531543866946,0.9839451346909761,-3.8518032357183074,1.0,116,0.912632405757904,0.998617022712781,True,,0.3547729288028611,,,,0.9309449195852506,d6db4701e4a63c86,bd8ccb6016778320
PRE,validation-02b458c24929db70210e02644cc1445e,1,11168502498603766891,coupled_z1.225_right_edge,TRAINING_COUPLED,shift,0.5006250000000003,0.0,1.225,-0.1324953267057524,-0.041038250205341714,0.3317712960736233,2.8263525750435967,1.0,94,0.9029977917671204,-0.9552292770490791,False,,0.33940363622683745,,,,0.9102227038268705,33d2cb88e34f51ba,bd8ccb6016778320
MID,validation-02b458c24929db70210e02644cc1445e,1,11168502498603766891,coupled_z1.225_right_edge,TRAINING_COUPLED,shift,0.5006250000000003,0.0,1.225,-0.03197629007342093,-0.061652751983059376,0.24455461303904416,-3.8029842118010886,1.0,76,0.8821988105773926,-0.4604101716803361,False,,0.16994434605913672,,,,0.9028782844534428,390706a607b57b01,bd8ccb6016778320
POST,validation-02b458c24929db70210e02644cc1445e,1,11168502498603766891,coupled_z1.225_right_edge,TRAINING_COUPLED,shift,0.5006250000000003,0.0,1.225,0.0005836294156289119,-0.03593161735101115,0.332353351293565,15.072060940183121,1.0,88,0.8595428466796875,0.016240639441332604,True,,0.08793415676052548,,,,0.8774454593649672,b72b9cadb3bd8c06,bd8ccb6016778320
PRE,validation-02b458c24929db70210e02644cc1445e,1,11168502498603766891,coupled_z1.4142_left_edge,TRAINING_COUPLED,shift,-1.0000000000000004,0.0,1.4142135623730951,-0.35075596884801963,0.04009094517719028,0.9477173130255785,1.239463730065928,0.974025974025974,80,0.8919711112976074,0.9935312190424599,True,,0.49927353939040925,,,,0.9315037686519707,395b4df2c2a8527b,bd8ccb6016778320
MID,validation-02b458c24929db70210e02644cc1445e,1,11168502498603766891,coupled_z1.4142_left_edge,TRAINING_COUPLED,shift,-1.0000000000000004,0.0,1.4142135623730951,-0.22767720259951993,0.01324065002953996,0.9371159625754202,-2.3881616175126745,1.0,92,0.8969346880912781,0.998313254241495,True,,0.32252821084905914,,,,0.9103540778150991,b3a45823a5d94527,bd8ccb6016778320
POST,validation-02b458c24929db70210e02644cc1445e,1,11168502498603766891,coupled_z1.4142_left_edge,TRAINING_COUPLED,shift,-1.0000000000000004,0.0,1.4142135623730951,-0.17075467420441684,0.008153919814568946,0.9523487324079886,-0.4657023281186983,0.9560439560439561,98,0.9036948680877686,0.9988618074995985,True,,0.2417587440859128,,,,0.9269121885290412,5ffe8f54feedb05e,bd8ccb6016778320
PRE,validation-02b458c24929db70210e02644cc1445e,1,11168502498603766891,coupled_z1.4142_right_edge,TRAINING_COUPLED,shift,1.0000000000000004,0.0,1.4142135623730951,0.17152525173857666,-0.04103350253342008,0.47510064584037853,-14.824437867607076,1.0,77,0.8636863231658936,0.9725576044094486,True,,0.24941796372411618,,,,0.8628178075326168,6fdb9d1af7477ffa,bd8ccb6016778320
MID,validation-02b458c24929db70210e02644cc1445e,1,11168502498603766891,coupled_z1.4142_right_edge,TRAINING_COUPLED,shift,1.0000000000000004,0.0,1.4142135623730951,0.39972024087214864,0.03381126157094801,0.6588792256578374,-9.832652313416745,0.9848484848484849,69,0.8775829076766968,0.9964415772199723,True,,0.5673085093172981,,,,0.8978191614142021,c5f7ef3897fcac3f,bd8ccb6016778320
POST,validation-02b458c24929db70210e02644cc1445e,1,11168502498603766891,coupled_z1.4142_right_edge,TRAINING_COUPLED,shift,1.0000000000000004,0.0,1.4142135623730951,0.22071781878909494,0.011476219500238572,0.40254991954811753,6.792801723748978,1.0,87,0.8832290768623352,0.9986509954408063,True,,0.312563782754923,,,,0.8710994720450272,b269b7d0f1812751,bd8ccb6016778320
PRE,validation-02b458c24929db70210e02644cc1445e,1,11168502498603766891,coupled_z1.5_left_edge,TRAINING_COUPLED,shift,-1.25,0.0,1.5,-0.36808321309755204,0.047596228372464605,0.9371414814676857,1.5698040399697424,0.9444444444444444,78,0.8851919770240784,0.9917430796119663,True,,0.4453773006295701,,,,0.9166484425445237,acc2d9e1f03d3b82,bd8ccb6016778320
MID,validation-02b458c24929db70210e02644cc1445e,1,11168502498603766891,coupled_z1.5_left_edge,TRAINING_COUPLED,shift,-1.25,0.0,1.5,-0.2238921511243699,0.050063723731661736,0.914729552809079,-1.863480081958612,0.9875,86,0.8823012709617615,0.9759001501942707,True,,0.2753054001419661,,,,0.9114502562812102,92f1494da2490e12,bd8ccb6016778320
POST,validation-02b458c24929db70210e02644cc1445e,1,11168502498603766891,coupled_z1.5_left_edge,TRAINING_COUPLED,shift,-1.25,0.0,1.5,-0.2563032937090028,0.023292533766284727,0.9590850974127053,-1.1855709974505149,0.9871794871794872,85,0.8869555592536926,0.995895926653509,True,,0.30883141924565427,,,,0.9288486199875496,b85b3256aed65c42,bd8ccb6016778320
PRE,validation-02b458c24929db70210e02644cc1445e,1,11168502498603766891,coupled_z1.5_right_edge,TRAINING_COUPLED,shift,1.25,0.0,1.5,0.39027464964964964,-0.08011136136136136,0.7422967890551326,-7.652593944546313,0.921875,69,0.8416193723678589,0.9795755061975169,True,,0.47809441601507063,,,,0.8544308456430739,7e0b894957a7d27d,bd8ccb6016778320
MID,validation-02b458c24929db70210e02644cc1445e,1,11168502498603766891,coupled_z1.5_right_edge,TRAINING_COUPLED,shift,1.25,0.0,1.5,0.43840522004810506,-0.04301014106481181,0.7087277841342311,-9.18731784899129,0.9838709677419355,65,0.8348112106323242,0.9952220779210392,True,,0.5286119306710482,,,,0.8498196512344715,77e8a35eedd55804,bd8ccb6016778320
POST,validation-02b458c24929db70210e02644cc1445e,1,11168502498603766891,coupled_z1.5_right_edge,TRAINING_COUPLED,shift,1.25,0.0,1.5,0.3550644513074336,-0.014412703120046652,0.5546296504091082,-6.109782569847815,1.0,74,0.8588182926177979,0.999177169809787,True,,0.42642821958051114,,,,0.7889448278505559,79ca2a2ea6d64bb4,bd8ccb6016778320
PRE,validation-02b458c24929db70210e02644cc1445e,1,11168502498603766891,legacy_center_z1,EXTRAPOLATION,identity,0.0,0.0,1.0,0.0,0.0,1.0,0.0,1.0,256,1.0,,,,,,,,1.0,ab2902652ee52f05,bd8ccb6016778320
MID,validation-02b458c24929db70210e02644cc1445e,1,11168502498603766891,legacy_center_z1,EXTRAPOLATION,identity,0.0,0.0,1.0,0.0,0.0,1.0,0.0,1.0,256,1.0,,,,,,,,1.0,0d352aa405fec532,bd8ccb6016778320
POST,validation-02b458c24929db70210e02644cc1445e,1,11168502498603766891,legacy_center_z1,EXTRAPOLATION,identity,0.0,0.0,1.0,0.0,0.0,1.0,0.0,1.0,256,1.0,,,,,,,,1.0,b3e9eb54d1388c83,bd8ccb6016778320
PRE,validation-02b458c24929db70210e02644cc1445e,1,11168502498603766891,coupled_z1.1_center,TRAINING_COUPLED,zoom,0.0,0.0,1.1,-0.045593442888598706,0.030415765091650854,0.9886271825965266,-1.105039202150996,0.9661016949152542,127,0.9315665364265442,,,,0.12000798297995385,-0.011437982435773769,-0.09531017980432493,True,0.9615703202220314,05c0fdbf4e6b45e0,bd8ccb6016778320
MID,validation-02b458c24929db70210e02644cc1445e,1,11168502498603766891,coupled_z1.1_center,TRAINING_COUPLED,zoom,0.0,0.0,1.1,-0.02073444558651362,0.058769629419176,0.9521548280347495,0.10973943222762848,0.9682539682539683,133,0.9192374348640442,,,,0.5144006970157757,-0.04902762292404366,-0.09531017980432493,True,0.9381655454626238,75d1e32b156bfe8c,bd8ccb6016778320
POST,validation-02b458c24929db70210e02644cc1445e,1,11168502498603766891,coupled_z1.1_center,TRAINING_COUPLED,zoom,0.0,0.0,1.1,-0.007212700100209135,0.02610554252781172,0.9855996018725987,-0.6387422539370223,0.8790322580645161,137,0.9307265281677246,,,,0.15218825708796846,-0.014505090147161103,-0.09531017980432493,True,0.9344320258150308,d927fcabd18f8254,bd8ccb6016778320
PRE,validation-02b458c24929db70210e02644cc1445e,1,11168502498603766891,coupled_z1.225_center,TRAINING_COUPLED,zoom,0.0,0.0,1.225,-0.1245509755517464,0.10939640042319018,0.9198715446435833,-5.537135291598808,0.9878048780487805,89,0.9004821181297302,,,,0.411554630552115,-0.08352124407499231,-0.20294084399669038,True,0.9193361305389903,4df2529f7e81913c,bd8ccb6016778320
MID,validation-02b458c24929db70210e02644cc1445e,1,11168502498603766891,coupled_z1.225_center,TRAINING_COUPLED,zoom,0.0,0.0,1.225,-0.02661555359414597,0.03677201161724247,0.988997131941537,-1.0170169019312014,0.9716981132075472,116,0.9279821515083313,,,,0.054517597856305465,-0.01106384732163079,-0.20294084399669038,True,0.9397583079616795,31828b68697a07c8,bd8ccb6016778320
POST,validation-02b458c24929db70210e02644cc1445e,1,11168502498603766891,coupled_z1.225_center,TRAINING_COUPLED,zoom,0.0,0.0,1.225,-0.03520324222348961,0.06027563286974069,0.973767969667726,-1.9731428883592663,0.96,113,0.9202715158462524,,,,0.13098510559246307,-0.026582227879930066,-0.20294084399669038,True,0.9049052596083175,30282a782c128706,bd8ccb6016778320
PRE,validation-02b458c24929db70210e02644cc1445e,1,11168502498603766891,coupled_z1.4142_center,TRAINING_COUPLED,zoom,0.0,0.0,1.4142135623730951,-0.088081039685022,0.13463205802807576,0.8311050220085948,-4.186782742168292,0.9620253164556962,83,0.8875781297683716,,,,0.5337946024319715,-0.18499911183691903,-0.3465735902799727,True,0.8479454426724444,2bea9e466b25a7f5,bd8ccb6016778320
MID,validation-02b458c24929db70210e02644cc1445e,1,11168502498603766891,coupled_z1.4142_center,TRAINING_COUPLED,zoom,0.0,0.0,1.4142135623730951,-0.00184210599226442,0.00975772444671022,0.999054525309493,0.3505227983998311,0.8070175438596491,135,0.9290891289710999,,,,0.0027293537654296185,-0.0009459219336291053,-0.3465735902799727,True,0.9107432365408372,0371cf6a47be5794,bd8ccb6016778320
POST,validation-02b458c24929db70210e02644cc1445e,1,11168502498603766891,coupled_z1.4142_center,TRAINING_COUPLED,zoom,0.0,0.0,1.4142135623730951,-0.02579554062263309,0.02380481411761154,0.9737526121956327,-2.0946045182918325,0.8247422680412371,107,0.9196809530258179,,,,0.07674560304792302,-0.026597999186520296,-0.3465735902799727,True,0.9157184362402341,01493c97f3d27636,bd8ccb6016778320
PRE,validation-02b458c24929db70210e02644cc1445e,1,11168502498603766891,coupled_z1.5_center,TRAINING_COUPLED,zoom,0.0,0.0,1.5,-0.08219985880365782,0.14591690749220343,0.8272430939710659,-2.8396302714539603,0.975,84,0.8863208293914795,,,,0.4677509275127972,-0.18965668039167047,-0.4054651081081644,True,0.8485197334590852,2e09c1b7dd2e9849,bd8ccb6016778320
MID,validation-02b458c24929db70210e02644cc1445e,1,11168502498603766891,coupled_z1.5_center,TRAINING_COUPLED,zoom,0.0,0.0,1.5,-0.014929058440431409,0.0053948218042449425,0.997060576028454,-0.6465698156906089,0.7596153846153846,121,0.9232330322265625,,,,0.00726018713763231,-0.002943752562645589,-0.4054651081081644,True,0.9351124763479418,012cc322f282bcd2,bd8ccb6016778320
POST,validation-02b458c24929db70210e02644cc1445e,1,11168502498603766891,coupled_z1.5_center,TRAINING_COUPLED,zoom,0.0,0.0,1.5,-0.0424024929910394,0.03924416607113412,0.9517742689993564,-5.253376626285799,0.9479166666666666,104,0.9164515137672424,,,,0.12190293002674055,-0.049427384701994356,-0.4054651081081644,True,0.9001110196104585,171e842252a4cb00,bd8ccb6016778320
PRE,validation-02b458c24929db70210e02644cc1445e,2,12066692802676096774,coupled_z1.1_left_edge,TRAINING_COUPLED,shift,-0.2100000000000002,0.0,1.1,-0.04277825323309614,-0.020337880923613882,1.0144438483334741,-1.6956329245639477,0.9652173913043478,127,0.9320282936096191,0.9031284493186231,True,,0.2481115113786867,,,,0.9608651376276622,1fe626ee50177efd,5ca163ae63d60b4d
MID,validation-02b458c24929db70210e02644cc1445e,2,12066692802676096774,coupled_z1.1_left_edge,TRAINING_COUPLED,shift,-0.2100000000000002,0.0,1.1,-0.03025062152714511,-0.0011878132507283506,0.9934962493639231,-1.4301641709966513,0.9056603773584906,121,0.9257007241249084,0.999229990669481,True,,0.15857774288497753,,,,0.9422789181627697,63b8cb4f84d7452b,5ca163ae63d60b4d
POST,validation-02b458c24929db70210e02644cc1445e,2,12066692802676096774,coupled_z1.1_left_edge,TRAINING_COUPLED,shift,-0.2100000000000002,0.0,1.1,-0.06943566234587428,-0.00413959063542718,1.0034969529724822,-1.6523733277742092,0.9705882352941176,116,0.9090725183486938,0.9982275914633446,True,,0.36435640065543035,,,,0.9501449465742146,c8760b5c37bff870,5ca163ae63d60b4d
PRE,validation-02b458c24929db70210e02644cc1445e,2,12066692802676096774,coupled_z1.1_right_edge,TRAINING_COUPLED,shift,0.2100000000000002,0.0,1.1,0.10203513594871931,0.05123642062206168,0.6720259695005862,-4.705374062023076,1.0,77,0.8782049417495728,0.8936591614792165,True,,0.59806890898113,,,,0.9143155063945758,c5cfd4ae0c716211,5ca163ae63d60b4d
MID,validation-02b458c24929db70210e02644cc1445e,2,12066692802676096774,coupled_z1.1_right_edge,TRAINING_COUPLED,shift,0.2100000000000002,0.0,1.1,0.06625323019526637,0.06624306898499135,0.5191974505463793,2.2560014374083974,1.0,75,0.8681040406227112,0.7071610074552231,True,,0.49075207189902037,,,,0.9332979281712932,f4187fa29b0190c8,5ca163ae63d60b4d
POST,validation-02b458c24929db70210e02644cc1445e,2,12066692802676096774,coupled_z1.1_right_edge,TRAINING_COUPLED,shift,0.2100000000000002,0.0,1.1,0.20063524370778424,0.07962140861931365,0.9310615727393441,3.547959069842842,0.958904109589041,80,0.8771071434020996,0.9294839633583548,True,,1.1306774038759126,,,,0.9328245520582407,69fb9f87f492a19e,5ca163ae63d60b4d
PRE,validation-02b458c24929db70210e02644cc1445e,2,12066692802676096774,coupled_z1.225_left_edge,TRAINING_COUPLED,shift,-0.5006250000000003,0.0,1.225,-0.15756634116481688,-0.04006978954051296,0.8853570192249032,2.0985194174743036,0.9727272727272728,117,0.9255229830741882,0.9691530327921989,True,,0.39782735885165565,,,,0.9358136019586266,3a83c56e85a3045a,5ca163ae63d60b4d
MID,validation-02b458c24929db70210e02644cc1445e,2,12066692802676096774,coupled_z1.225_left_edge,TRAINING_COUPLED,shift,-0.5006250000000003,0.0,1.225,-0.12812787351966373,-0.040430579554181306,0.9513323538531411,0.7656084008221462,0.979381443298969,105,0.9123830199241638,0.9536485859397485,True,,0.32875987340035717,,,,0.9175783297503749,8a93246804c83179,5ca163ae63d60b4d
POST,validation-02b458c24929db70210e02644cc1445e,2,12066692802676096774,coupled_z1.225_left_edge,TRAINING_COUPLED,shift,-0.5006250000000003,0.0,1.225,-0.14528438534057564,-0.05328088905537867,0.9646902155950042,-1.5703622221755535,0.9693877551020408,103,0.9144872426986694,0.9388555366519395,True,,0.3786550243809502,,,,0.929762125014329,b1127daae8d49742,5ca163ae63d60b4d
PRE,validation-02b458c24929db70210e02644cc1445e,2,12066692802676096774,coupled_z1.225_right_edge,TRAINING_COUPLED,shift,0.5006250000000003,0.0,1.225,0.18155474208038874,-0.043390368525775824,0.6965157734366301,-1.8236650001237904,1.0,80,0.8929754495620728,0.9726090512017991,True,,0.4567650283442576,,,,0.928084667209929,389084faf2e5f34e,5ca163ae63d60b4d
MID,validation-02b458c24929db70210e02644cc1445e,2,12066692802676096774,coupled_z1.225_right_edge,TRAINING_COUPLED,shift,0.5006250000000003,0.0,1.225,0.16099421471446465,0.04027977901512573,0.5725574553636639,0.9702483466070542,0.9876543209876543,82,0.887649655342102,0.9700982125304823,True,,0.4060860969643789,,,,0.9254754141247206,b6fd405470d691ba,5ca163ae63d60b4d
POST,validation-02b458c24929db70210e02644cc1445e,2,12066692802676096774,coupled_z1.225_right_edge,TRAINING_COUPLED,shift,0.5006250000000003,0.0,1.225,0.25769589552238825,-0.009447516069288543,0.661784547804365,-1.33359043514182,0.9655172413793104,88,0.8907594084739685,0.9993286441682058,True,,0.6309903546587605,,,,0.9178421497335791,447e9cde6fd99efb,5ca163ae63d60b4d
PRE,validation-02b458c24929db70210e02644cc1445e,2,12066692802676096774,coupled_z1.4142_left_edge,TRAINING_COUPLED,shift,-1.0000000000000004,0.0,1.4142135623730951,-0.17173308984571706,-0.07380200149247396,0.8819111288803845,2.5082320362606083,0.9777777777777777,99,0.9036113023757935,0.9187530912126441,True,,0.26434443278515335,,,,0.9324211993710253,fae1b2c664cc9b31,5ca163ae63d60b4d
MID,validation-02b458c24929db70210e02644cc1445e,2,12066692802676096774,coupled_z1.4142_left_edge,TRAINING_COUPLED,shift,-1.0000000000000004,0.0,1.4142135623730951,-0.1340127172929101,-0.08710966867146386,0.9241009024487549,0.941097150518268,0.9876543209876543,91,0.9083499908447266,0.8384396069721407,True,,0.22604204375417258,,,,0.9120554819164075,3d41d0ad2188bd06,5ca163ae63d60b4d
POST,validation-02b458c24929db70210e02644cc1445e,2,12066692802676096774,coupled_z1.4142_left_edge,TRAINING_COUPLED,shift,-1.0000000000000004,0.0,1.4142135623730951,-0.14562199663623254,-0.08695368813070638,0.9414623416465113,1.4217321659765887,0.9901960784313726,108,0.9197959303855896,0.8585822097369525,True,,0.23986125065902184,,,,0.9373847246160669,e710f47bc59db2b5,5ca163ae63d60b4d
PRE,validation-02b458c24929db70210e02644cc1445e,2,12066692802676096774,coupled_z1.4142_right_edge,TRAINING_COUPLED,shift,1.0000000000000004,0.0,1.4142135623730951,0.2564089144968566,-0.05031074028292816,0.4955299172088842,5.481979075306612,1.0,76,0.8436289429664612,0.9812888237089045,True,,0.36953133025840323,,,,0.8817593314351958,eb110c74acbd765a,5ca163ae63d60b4d
MID,validation-02b458c24929db70210e02644cc1445e,2,12066692802676096774,coupled_z1.4142_right_edge,TRAINING_COUPLED,shift,1.0000000000000004,0.0,1.4142135623730951,0.18830451400692766,-0.03223741030329203,0.5623766231019984,0.3290323098981153,1.0,74,0.8524038195610046,0.9856600304381901,True,,0.2701771293742236,,,,0.9288862262819331,5c69c3e1b71e5cb8,5ca163ae63d60b4d
POST,validation-02b458c24929db70210e02644cc1445e,2,12066692802676096774,coupled_z1.4142_right_edge,TRAINING_COUPLED,shift,1.0000000000000004,0.0,1.4142135623730951,0.35925941771369274,-0.12660849139929778,0.5951555426605243,-8.931460104890931,1.0,73,0.8329634070396423,0.9431459111130585,True,,0.5386966480504357,,,,0.875178113557642,22e578fea88527f6,5ca163ae63d60b4d
PRE,validation-02b458c24929db70210e02644cc1445e,2,12066692802676096774,coupled_z1.5_left_edge,TRAINING_COUPLED,shift,-1.25,0.0,1.5,-0.19116375003355596,-0.07758954963446389,0.8695143463325435,1.59005968840402,0.9574468085106383,102,0.9065316319465637,0.926586066414116,True,,0.2475717133613894,,,,0.9131206766501685,fde8469c39eb473c,5ca163ae63d60b4d
MID,validation-02b458c24929db70210e02644cc1445e,2,12066692802676096774,coupled_z1.5_left_edge,TRAINING_COUPLED,shift,-1.25,0.0,1.5,-0.15822029189365622,-0.08317191494983564,0.9063937978395418,0.044212730062633515,1.0,105,0.9018434286117554,0.8851531166294287,True,,0.2144988778823901,,,,0.8944349822056279,274aa1e59faa65c9,5ca163ae63d60b4d
POST,validation-02b458c24929db70210e02644cc1445e,2,12066692802676096774,coupled_z1.5_left_edge,TRAINING_COUPLED,shift,-1.25,0.0,1.5,-0.16882367720730385,-0.0835161109202505,0.9274901608872881,2.2975858089251386,0.99,106,0.8993086218833923,0.8963213443166826,True,,0.22602207783182793,,,,0.9273304939260746,10a67ce0f8f03c80,5ca163ae63d60b4d
PRE,validation-02b458c24929db70210e02644cc1445e,2,12066692802676096774,coupled_z1.5_right_edge,TRAINING_COUPLED,shift,1.25,0.0,1.5,0.20641577071720107,-0.06450008427744137,0.46779452604120714,-13.663213507069466,1.0,64,0.827843964099884,0.9544863548800163,True,,0.25951017905374224,,,,0.8617395676210589,f18c1320a6f82708,5ca163ae63d60b4d
MID,validation-02b458c24929db70210e02644cc1445e,2,12066692802676096774,coupled_z1.5_right_edge,TRAINING_COUPLED,shift,1.25,0.0,1.5,0.11863142621997079,-0.14249694918621317,0.40674177795937894,-20.189913835255236,1.0,62,0.8450778126716614,0.6398150055344852,True,,0.22249823813388306,,,,0.8503795176962168,1a32149a8e23ef14,5ca163ae63d60b4d
POST,validation-02b458c24929db70210e02644cc1445e,2,12066692802676096774,coupled_z1.5_right_edge,TRAINING_COUPLED,shift,1.25,0.0,1.5,0.3018282017966747,-0.12574114302847872,0.5637905768282123,-3.8129222711932265,0.9846153846153847,66,0.8300792574882507,0.9230992975445894,True,,0.3923671517442412,,,,0.8655444979659007,f48009ed46d6fb87,5ca163ae63d60b4d
PRE,validation-02b458c24929db70210e02644cc1445e,2,12066692802676096774,legacy_center_z1,EXTRAPOLATION,identity,0.0,0.0,1.0,0.0,0.0,1.0,0.0,1.0,256,1.0,,,,,,,,1.0,53dd6daa3467aac5,5ca163ae63d60b4d
MID,validation-02b458c24929db70210e02644cc1445e,2,12066692802676096774,legacy_center_z1,EXTRAPOLATION,identity,0.0,0.0,1.0,0.0,0.0,1.0,0.0,1.0,256,1.0,,,,,,,,1.0,5e9de8dcd4371a39,5ca163ae63d60b4d
POST,validation-02b458c24929db70210e02644cc1445e,2,12066692802676096774,legacy_center_z1,EXTRAPOLATION,identity,0.0,0.0,1.0,0.0,0.0,1.0,0.0,1.0,256,1.0,,,,,,,,1.0,350593652638cb21,5ca163ae63d60b4d
PRE,validation-02b458c24929db70210e02644cc1445e,2,12066692802676096774,coupled_z1.1_center,TRAINING_COUPLED,zoom,0.0,0.0,1.1,0.0009136673299871001,-0.002041320403743496,0.9958413276359311,-0.13999927487442512,0.9302325581395349,180,0.9630323052406311,,,,0.04372401457741357,-0.0041673436911402115,-0.09531017980432493,True,0.9625200033178241,5d096f68f7156d3d,5ca163ae63d60b4d
MID,validation-02b458c24929db70210e02644cc1445e,2,12066692802676096774,coupled_z1.1_center,TRAINING_COUPLED,zoom,0.0,0.0,1.1,0.03406237343053868,0.041023693803159164,0.9649168170526679,-0.8778524447776249,0.9727272727272728,118,0.9079145789146423,,,,0.3747068925619766,-0.035713381304001854,-0.09531017980432493,True,0.9262480095763487,59abfb7c176d528a,5ca163ae63d60b4d
POST,validation-02b458c24929db70210e02644cc1445e,2,12066692802676096774,coupled_z1.1_center,TRAINING_COUPLED,zoom,0.0,0.0,1.1,0.053805017372085664,0.03871950656817105,0.9480724310575982,0.8459172323773604,1.0,114,0.8945170640945435,,,,0.5594824780106159,-0.05332437557656107,-0.09531017980432493,True,0.9040971398344535,7776a957202d5b2c,5ca163ae63d60b4d
PRE,validation-02b458c24929db70210e02644cc1445e,2,12066692802676096774,coupled_z1.225_center,TRAINING_COUPLED,zoom,0.0,0.0,1.225,0.0748009020008553,0.060697140889073145,0.9184338409411462,4.041883606141306,0.9659090909090909,95,0.8985288143157959,,,,0.4192621096146636,-0.08508540638103275,-0.20294084399669038,True,0.9205465222047329,eba746d3f256cd88,5ca163ae63d60b4d
MID,validation-02b458c24929db70210e02644cc1445e,2,12066692802676096774,coupled_z1.225_center,TRAINING_COUPLED,zoom,0.0,0.0,1.225,0.004881992791191399,0.002997792214204603,0.9898035969995798,-1.3585627391458939,0.7154471544715447,132,0.9190607070922852,,,,0.05050113226127068,-0.010248742403890761,-0.20294084399669038,True,0.9440021448128493,4dd7cd1f399e140a,5ca163ae63d60b4d
POST,validation-02b458c24929db70210e02644cc1445e,2,12066692802676096774,coupled_z1.225_center,TRAINING_COUPLED,zoom,0.0,0.0,1.225,0.05283356520958621,0.049531572569787255,0.9376346419694481,1.3472034763093188,0.981651376146789,113,0.8939895033836365,,,,0.3173087885155774,-0.06439491334891861,-0.20294084399669038,True,0.8965984582892034,9d8758967feb422a,5ca163ae63d60b4d
PRE,validation-02b458c24929db70210e02644cc1445e,2,12066692802676096774,coupled_z1.4142_center,TRAINING_COUPLED,zoom,0.0,0.0,1.4142135623730951,0.14163550904036198,0.06497728494896404,0.8401240112027196,8.598658170737963,0.9801980198019802,112,0.8917160630226135,,,,0.5026515884157445,-0.17420576565717572,-0.3465735902799727,True,0.8463924252488062,884d18809af2a430,5ca163ae63d60b4d
MID,validation-02b458c24929db70210e02644cc1445e,2,12066692802676096774,coupled_z1.4142_center,TRAINING_COUPLED,zoom,0.0,0.0,1.4142135623730951,-0.01286282175534273,0.00552794980041724,0.9124414159101867,1.4463005005638925,0.9444444444444444,99,0.8947816491127014,,,,0.2643923250318903,-0.09163139732877172,-0.3465735902799727,True,0.9122549839162636,b93c55c2b9871e1a,5ca163ae63d60b4d
POST,validation-02b458c24929db70210e02644cc1445e,2,12066692802676096774,coupled_z1.4142_center,TRAINING_COUPLED,zoom,0.0,0.0,1.4142135623730951,0.014492194692291238,0.008411792807273319,0.9667886587754945,0.6119598781328125,0.7476635514018691,121,0.8985890746116638,,,,0.09745509136318406,-0.03377536090480146,-0.3465735902799727,True,0.905521208376051,b32555d7b0ef9aeb,5ca163ae63d60b4d
PRE,validation-02b458c24929db70210e02644cc1445e,2,12066692802676096774,coupled_z1.5_center,TRAINING_COUPLED,zoom,0.0,0.0,1.5,0.1708589968854861,0.0973023932914259,0.8240424753167781,5.2039722346613955,0.978494623655914,105,0.8969560861587524,,,,0.4773116078709256,-0.1935332026866666,-0.4054651081081644,True,0.8487446814018752,18db78ecc877c912,5ca163ae63d60b4d
MID,validation-02b458c24929db70210e02644cc1445e,2,12066692802676096774,coupled_z1.5_center,TRAINING_COUPLED,zoom,0.0,0.0,1.5,-0.012272552666693609,-0.040304678338926835,0.8650226536012383,1.9011131767683525,0.9534883720930233,98,0.8844601511955261,,,,0.3576129742343368,-0.14499958325880757,-0.4054651081081644,True,0.9096600359466538,6e306de644f52442,5ca163ae63d60b4d
POST,validation-02b458c24929db70210e02644cc1445e,2,12066692802676096774,coupled_z1.5_center,TRAINING_COUPLED,zoom,0.0,0.0,1.5,-0.0509761707325272,0.011385506897208629,0.9555289059943539,-2.798525664378312,0.9494949494949495,107,0.9024778604507446,,,,0.11219279447642559,-0.04549026354134097,-0.4054651081081644,True,0.8879700236293748,09d00802ee067c2d,5ca163ae63d60b4d
PRE,validation-0020f696c71c336f51f6915ee80cb59c,0,6345634631890559150,coupled_z1.1_left_edge,TRAINING_COUPLED,shift,-0.2100000000000002,0.0,1.1,-0.14598053069555658,-0.0428599466164232,0.9429388259382112,1.2964640071704903,1.0,102,0.9217028617858887,0.959499733253211,True,,0.796936045070156,,,,0.9277459979048034,954a3191cde2eeb2,ce2dd5cffa94bcf6
MID,validation-0020f696c71c336f51f6915ee80cb59c,0,6345634631890559150,coupled_z1.1_left_edge,TRAINING_COUPLED,shift,-0.2100000000000002,0.0,1.1,-0.028603104651215346,-0.04796170418035488,0.7835262520008159,-9.637246142922711,0.98989898989899,101,0.9198896884918213,0.5122039232765293,True,,0.2925119848668729,,,,0.9216617895153956,f17084fb258efc1f,ce2dd5cffa94bcf6
POST,validation-0020f696c71c336f51f6915ee80cb59c,0,6345634631890559150,coupled_z1.1_left_edge,TRAINING_COUPLED,shift,-0.2100000000000002,0.0,1.1,0.014194294525828828,-0.03768283951977089,0.7279919690964212,-10.67660286518463,1.0,97,0.9117636680603027,-0.352499711052003,False,,0.21092518439887378,,,,0.9259415820792942,d24f9ebc51a01c2c,ce2dd5cffa94bcf6
PRE,validation-0020f696c71c336f51f6915ee80cb59c,0,6345634631890559150,coupled_z1.1_right_edge,TRAINING_COUPLED,shift,0.2100000000000002,0.0,1.1,0.025206926404160626,0.0017801580658969793,0.9761365903795933,0.2910141547632555,0.7868852459016393,133,0.9330379366874695,0.9975155710785082,True,,0.1323651329016593,,,,0.9309479594221342,46c80639ebe46f0d,ce2dd5cffa94bcf6
MID,validation-0020f696c71c336f51f6915ee80cb59c,0,6345634631890559150,coupled_z1.1_right_edge,TRAINING_COUPLED,shift,0.2100000000000002,0.0,1.1,0.05635712293671651,-0.014280497835088592,0.4489690242962741,0.9329320685008977,1.0,91,0.8983950018882751,0.9693636776710418,True,,0.30453377206190746,,,,0.8810839653006325,c59acc8a8df10d29,ce2dd5cffa94bcf6
POST,validation-0020f696c71c336f51f6915ee80cb59c,0,6345634631890559150,coupled_z1.1_right_edge,TRAINING_COUPLED,shift,0.2100000000000002,0.0,1.1,0.01229665276746445,-0.013501884960301594,0.4411259802583059,-5.020810424220082,1.0,100,0.8800937533378601,0.6733384462063998,True,,0.09565923147591553,,,,0.8998219847457929,ab8d0c4a8f6086e5,ce2dd5cffa94bcf6
PRE,validation-0020f696c71c336f51f6915ee80cb59c,0,6345634631890559150,coupled_z1.225_left_edge,TRAINING_COUPLED,shift,-0.5006250000000003,0.0,1.225,-0.14351588682490882,0.015702080017399384,0.7610876376065716,-7.672889301070952,0.9285714285714286,101,0.9100193977355957,0.9940679255901245,True,,0.353270581398213,,,,0.9163205573740711,adb1b15eb410a9c1,ce2dd5cffa94bcf6
MID,validation-0020f696c71c336f51f6915ee80cb59c,0,6345634631890559150,coupled_z1.225_left_edge,TRAINING_COUPLED,shift,-0.5006250000000003,0.0,1.225,-0.09416732363786576,-0.034646362688401725,0.6426257424669387,-4.235615106086989,1.0,93,0.9050657153129578,0.9384945286851084,True,,0.24552291832280557,,,,0.8885567121828678,162aed460e997a18,ce2dd5cffa94bcf6
POST,validation-0020f696c71c336f51f6915ee80cb59c,0,6345634631890559150,coupled_z1.225_left_edge,TRAINING_COUPLED,shift,-0.5006250000000003,0.0,1.225,-0.13376252719133383,-0.07800864917289033,0.7539799458661565,3.6791884936989536,0.967032967032967,95,0.8979194760322571,0.8638336814659803,True,,0.37890286326762207,,,,0.8902696901711675,9606f95d148cad70,ce2dd5cffa94bcf6
PRE,validation-0020f696c71c336f51f6915ee80cb59c,0,6345634631890559150,coupled_z1.225_right_edge,TRAINING_COUPLED,shift,0.5006250000000003,0.0,1.225,-0.028103056220574733,-0.0353112215685751,0.5723889678540579,-1.003471220870597,1.0,88,0.9111273288726807,-0.6227214766133817,False,,0.11042903152897093,,,,0.9105920791616869,4766928db7c4a037,ce2dd5cffa94bcf6
MID,validation-0020f696c71c336f51f6915ee80cb59c,0,6345634631890559150,coupled_z1.225_right_edge,TRAINING_COUPLED,shift,0.5006250000000003,0.0,1.225,0.0036788722348042,-0.01630522886490979,0.3893717375052168,0.6672354461771536,1.0,94,0.886427104473114,0.22009273617161576,True,,0.04090087046905049,,,,0.8650226593008927,d80f169da2c438a2,ce2dd5cffa94bcf6
POST,validation-0020f696c71c336f51f6915ee80cb59c,0,6345634631890559150,coupled_z1.225_right_edge,TRAINING_COUPLED,shift,0.5006250000000003,0.0,1.225,-0.06978253090714172,0.008058417063935593,0.40737217490414923,4.4557586008309995,1.0,89,0.8872569799423218,-0.9933982547462505,False,,0.17188852275768324,,,,0.9027592423858248,520644c0e741c044,ce2dd5cffa94bcf6
PRE,validation-0020f696c71c336f51f6915ee80cb59c,0,6345634631890559150,coupled_z1.4142_left_edge,TRAINING_COUPLED,shift,-1.0000000000000004,0.0,1.4142135623730951,-0.16659056404737044,0.07286584496626836,0.7199209165088015,-6.948411532419705,0.9878048780487805,84,0.9146950840950012,0.9161927275818348,True,,0.2571452795299547,,,,0.9274124503126406,84cef54397400428,ce2dd5cffa94bcf6
MID,validation-0020f696c71c336f51f6915ee80cb59c,0,6345634631890559150,coupled_z1.4142_left_edge,TRAINING_COUPLED,shift,-1.0000000000000004,0.0,1.4142135623730951,-0.042880847779624795,-0.08887734504868205,0.7029807203138375,-14.74768074415586,1.0,99,0.9174016118049622,0.4345398423597629,True,,0.1395560788299946,,,,0.9090108275404423,f8f6d036cd52f254,ce2dd5cffa94bcf6
POST,validation-0020f696c71c336f51f6915ee80cb59c,0,6345634631890559150,coupled_z1.4142_left_edge,TRAINING_COUPLED,shift,-1.0000000000000004,0.0,1.4142135623730951,0.06717156555636769,-0.015931180606313745,0.7016276818737779,-16.139237650731133,1.0,104,0.913293719291687,-0.9730083643721567,False,,0.09763013607287849,,,,0.9162414620057399,d122da1b4aa6fdbc,ce2dd5cffa94bcf6
PRE,validation-0020f696c71c336f51f6915ee80cb59c,0,6345634631890559150,coupled_z1.4142_right_edge,TRAINING_COUPLED,shift,1.0000000000000004,0.0,1.4142135623730951,-0.033402560879200655,-0.08085771957335963,0.5134157339955249,-8.684200100301814,1.0,84,0.8875775337219238,-0.38180709368195365,False,,0.12372309313861148,,,,0.8899393612101335,1130161368585821,ce2dd5cffa94bcf6
MID,validation-0020f696c71c336f51f6915ee80cb59c,0,6345634631890559150,coupled_z1.4142_right_edge,TRAINING_COUPLED,shift,1.0000000000000004,0.0,1.4142135623730951,-0.02636948053511869,-0.03952242404903245,0.44071474195970406,10.040490189776909,1.0,83,0.8935489654541016,-0.5550090375406451,False,,0.06719183739716515,,,,0.8931107521048197,1fd14912d27dd48b,ce2dd5cffa94bcf6
POST,validation-0020f696c71c336f51f6915ee80cb59c,0,6345634631890559150,coupled_z1.4142_right_edge,TRAINING_COUPLED,shift,1.0000000000000004,0.0,1.4142135623730951,-0.002599258342148281,0.058243731368400796,0.30973986581615126,0.5243168604613817,1.0,93,0.8821380138397217,-0.04458289002022691,False,,0.082451056847607,,,,0.9069692381574667,86c4c62775a86243,ce2dd5cffa94bcf6
PRE,validation-0020f696c71c336f51f6915ee80cb59c,0,6345634631890559150,coupled_z1.5_left_edge,TRAINING_COUPLED,shift,-1.25,0.0,1.5,-0.08538695203974718,0.014884070706729334,0.7070428868910206,-5.9190113657907455,0.9789473684210527,96,0.9048401713371277,0.9851451387596364,True,,0.10400938746476225,,,,0.9073241949072347,d961ac5b45f31555,ce2dd5cffa94bcf6
MID,validation-0020f696c71c336f51f6915ee80cb59c,0,6345634631890559150,coupled_z1.5_left_edge,TRAINING_COUPLED,shift,-1.25,0.0,1.5,-0.044733792921597015,-0.09269011259827946,0.7203593148326891,-7.948576466267116,0.9895833333333334,98,0.901103138923645,0.4346453802997276,True,,0.1235042495292896,,,,0.9032956477042168,aaff856725f88cae,ce2dd5cffa94bcf6
POST,validation-0020f696c71c336f51f6915ee80cb59c,0,6345634631890559150,coupled_z1.5_left_edge,TRAINING_COUPLED,shift,-1.25,0.0,1.5,0.0016378030192154905,-0.013140797961012238,0.7439686731414049,-13.91032562140065,1.0,110,0.9123157262802124,-0.1236780762817214,False,,0.015890962100701404,,,,0.9086348956000597,3d29bada51780b6c,ce2dd5cffa94bcf6
PRE,validation-0020f696c71c336f51f6915ee80cb59c,0,6345634631890559150,coupled_z1.5_right_edge,TRAINING_COUPLED,shift,1.25,0.0,1.5,-0.001268897790412186,-0.03566481457552654,0.5190575600894898,-12.761427313171327,1.0,92,0.8784512877464294,-0.03555592441540331,False,,0.042824856152067256,,,,0.8922673399598819,5db8fddce7091fea,ce2dd5cffa94bcf6
MID,validation-0020f696c71c336f51f6915ee80cb59c,0,6345634631890559150,coupled_z1.5_right_edge,TRAINING_COUPLED,shift,1.25,0.0,1.5,-0.047912635287523514,-0.026085136054875686,0.5415547712676281,-3.8823350926147793,1.0,90,0.8889302015304565,-0.878273109885226,False,,0.06546387643733856,,,,0.8949111700049034,5f322fa984ee18d9,ce2dd5cffa94bcf6
POST,validation-0020f696c71c336f51f6915ee80cb59c,0,6345634631890559150,coupled_z1.5_right_edge,TRAINING_COUPLED,shift,1.25,0.0,1.5,0.0906806392084731,-0.022709137302989867,0.45878596515825604,-1.935636943824292,1.0,83,0.8825626373291016,0.9700443132958948,True,,0.11217710939312336,,,,0.8776965664435531,008e2ec8176e6b0b,ce2dd5cffa94bcf6
PRE,validation-0020f696c71c336f51f6915ee80cb59c,0,6345634631890559150,legacy_center_z1,EXTRAPOLATION,identity,0.0,0.0,1.0,0.0,0.0,1.0,0.0,1.0,256,1.0,,,,,,,,1.0,2792f20293878077,ce2dd5cffa94bcf6
MID,validation-0020f696c71c336f51f6915ee80cb59c,0,6345634631890559150,legacy_center_z1,EXTRAPOLATION,identity,0.0,0.0,1.0,0.0,0.0,1.0,0.0,1.0,256,1.0,,,,,,,,1.0,fc7fb5ed160118bd,ce2dd5cffa94bcf6
POST,validation-0020f696c71c336f51f6915ee80cb59c,0,6345634631890559150,legacy_center_z1,EXTRAPOLATION,identity,0.0,0.0,1.0,0.0,0.0,1.0,0.0,1.0,256,1.0,,,,,,,,1.0,84ca5574e307039f,ce2dd5cffa94bcf6
PRE,validation-0020f696c71c336f51f6915ee80cb59c,0,6345634631890559150,coupled_z1.1_center,TRAINING_COUPLED,zoom,0.0,0.0,1.1,-0.006978668911889703,0.0007555709351373674,0.9902790220116332,-0.41482552203613415,0.8982035928143712,177,0.9532871842384338,,,,0.10249204405357806,-0.009768535147259318,-0.09531017980432493,True,0.9576362371435125,c4178b23a6d0f2a8,ce2dd5cffa94bcf6
MID,validation-0020f696c71c336f51f6915ee80cb59c,0,6345634631890559150,coupled_z1.1_center,TRAINING_COUPLED,zoom,0.0,0.0,1.1,-0.017404235900900268,0.007881010224364394,0.953991906267336,-0.8905079571812099,0.9126984126984127,137,0.9295332431793213,,,,0.49417692488925197,-0.04710009156634298,-0.09531017980432493,True,0.8979564248288489,4316a29a032ce8bd,ce2dd5cffa94bcf6
POST,validation-0020f696c71c336f51f6915ee80cb59c,0,6345634631890559150,coupled_z1.1_center,TRAINING_COUPLED,zoom,0.0,0.0,1.1,-0.07916537831678519,0.024450304050572032,0.8548886703202931,-1.2347415158443582,0.9591836734693877,108,0.9114513993263245,,,,1.6449872300843573,-0.15678402867515853,-0.09531017980432493,True,0.9385910593614168,18b7561c37186373,ce2dd5cffa94bcf6
PRE,validation-0020f696c71c336f51f6915ee80cb59c,0,6345634631890559150,coupled_z1.225_center,TRAINING_COUPLED,zoom,0.0,0.0,1.225,-0.003956962200091334,-0.0019130959672308753,0.9554089003985379,-0.17462701737130332,0.8582677165354331,138,0.9444205164909363,,,,0.22477418189563383,-0.04561586218256553,-0.20294084399669038,True,0.9397080504710844,71fe4221d56c34c9,ce2dd5cffa94bcf6
MID,validation-0020f696c71c336f51f6915ee80cb59c,0,6345634631890559150,coupled_z1.225_center,TRAINING_COUPLED,zoom,0.0,0.0,1.225,-0.01531857794194032,-4.472788134130684e-05,0.9675778101983259,0.35440095440724745,0.8636363636363636,140,0.9383114576339722,,,,0.1624090680088754,-0.03295943333443706,-0.20294084399669038,True,0.8888449668875388,b2ba22ff322e164b,ce2dd5cffa94bcf6
POST,validation-0020f696c71c336f51f6915ee80cb59c,0,6345634631890559150,coupled_z1.225_center,TRAINING_COUPLED,zoom,0.0,0.0,1.225,-0.07133044156979192,0.011872255654536326,0.669110636715536,-5.690092237208695,0.8865979381443299,104,0.8920522928237915,,,,1.9799161586082716,-0.40180585627064774,-0.20294084399669038,True,0.9156032750360914,d6b50a798db325f2,ce2dd5cffa94bcf6
PRE,validation-0020f696c71c336f51f6915ee80cb59c,0,6345634631890559150,coupled_z1.4142_center,TRAINING_COUPLED,zoom,0.0,0.0,1.4142135623730951,0.001358695652173919,0.001721884586027618,0.9528935496197268,0.23770093544684964,0.8790322580645161,134,0.9411134123802185,,,,0.13922607842678825,-0.04825208186097305,-0.3465735902799727,True,0.9291581469263172,bbe8a001d4ab20da,ce2dd5cffa94bcf6
MID,validation-0020f696c71c336f51f6915ee80cb59c,0,6345634631890559150,coupled_z1.4142_center,TRAINING_COUPLED,zoom,0.0,0.0,1.4142135623730951,0.008383599564100702,0.0007088154601858701,0.9822501490673673,-0.0816139966084225,0.8958333333333334,155,0.9519643187522888,,,,0.05167522651678238,-0.017909268782452116,-0.3465735902799727,True,0.9101353883734185,f22474975e910315,ce2dd5cffa94bcf6
POST,validation-0020f696c71c336f51f6915ee80cb59c,0,6345634631890559150,coupled_z1.4142_center,TRAINING_COUPLED,zoom,0.0,0.0,1.4142135623730951,0.03284215299135225,0.019922088481445364,0.5498815804696692,-9.025899593233422,1.0,95,0.8955854773521423,,,,1.7256142676411286,-0.5980523321747316,-0.3465735902799727,True,0.8941354688477795,17611e8c27f8cff6,ce2dd5cffa94bcf6
PRE,validation-0020f696c71c336f51f6915ee80cb59c,0,6345634631890559150,coupled_z1.5_center,TRAINING_COUPLED,zoom,0.0,0.0,1.5,-0.006860597530300848,0.010387806948179649,0.9442395428393568,-1.281081130252056,0.8898305084745762,129,0.9425866007804871,,,,0.1415051279909056,-0.05737539201869218,-0.4054651081081644,True,0.9268953800192147,344a0beebe9b8a17,ce2dd5cffa94bcf6
MID,validation-0020f696c71c336f51f6915ee80cb59c,0,6345634631890559150,coupled_z1.5_center,TRAINING_COUPLED,zoom,0.0,0.0,1.5,0.0029888242761226813,-0.0024647896299342595,0.9871096453988935,0.5043354271419548,0.8409090909090909,141,0.9464612603187561,,,,0.03199820624754655,-0.0129741561554288,-0.4054651081081644,True,0.907310843466805,401f365e16f4857f,ce2dd5cffa94bcf6
POST,validation-0020f696c71c336f51f6915ee80cb59c,0,6345634631890559150,coupled_z1.5_center,TRAINING_COUPLED,zoom,0.0,0.0,1.5,0.048458060506714404,0.027074007691684193,0.9358250447539271,-4.579549935037117,0.8818181818181818,123,0.9336182475090027,,,,0.16358186351299683,-0.06632673797383225,-0.4054651081081644,True,0.9299677526903095,024b3aab015a6c81,ce2dd5cffa94bcf6
PRE,validation-0020f696c71c336f51f6915ee80cb59c,1,12104283450293278813,coupled_z1.1_left_edge,TRAINING_COUPLED,shift,-0.2100000000000002,0.0,1.1,-0.12253406852883258,0.03199887232375418,0.8923347851799147,-3.186316709160886,0.941747572815534,115,0.9309535026550293,0.967552702784945,True,,0.663369673808277,,,,0.8524541170859227,a85cd719fffe6cd5,458ee7126f898206
MID,validation-0020f696c71c336f51f6915ee80cb59c,1,12104283450293278813,coupled_z1.1_left_edge,TRAINING_COUPLED,shift,-0.2100000000000002,0.0,1.1,-0.1057134063045275,-0.01861839260568767,0.9390792347404724,-1.1178997323146893,0.9904761904761905,119,0.9292675256729126,0.984842357686068,True,,0.562259417274233,,,,0.8459330797186975,43ae6579f22e4081,458ee7126f898206
POST,validation-0020f696c71c336f51f6915ee80cb59c,1,12104283450293278813,coupled_z1.1_left_edge,TRAINING_COUPLED,shift,-0.2100000000000002,0.0,1.1,-0.07173871703853955,-0.017018642945684018,0.9492538354761443,-3.5101994525365465,0.9821428571428571,121,0.9313640594482422,0.9729953763476111,True,,0.3862035125906807,,,,0.8763322830191431,a81c21fa46f06ec8,458ee7126f898206
PRE,validation-0020f696c71c336f51f6915ee80cb59c,1,12104283450293278813,coupled_z1.1_right_edge,TRAINING_COUPLED,shift,0.2100000000000002,0.0,1.1,0.1328911152048226,-0.017136560590532285,0.9107679575412116,-0.47308539725039767,0.9622641509433962,113,0.9252539277076721,0.9917879798630832,True,,0.7018600062166821,,,,0.9031147899091029,7ee3e8ec0fe85f75,458ee7126f898206
MID,validation-0020f696c71c336f51f6915ee80cb59c,1,12104283450293278813,coupled_z1.1_right_edge,TRAINING_COUPLED,shift,0.2100000000000002,0.0,1.1,0.04696069067785963,-0.03397026667001783,0.8457093300174958,11.28395163006111,0.9354838709677419,97,0.9167534708976746,0.8102350358769791,True,,0.3035965606311766,,,,0.9054453372946267,1dce1c1eca10e30e,458ee7126f898206
POST,validation-0020f696c71c336f51f6915ee80cb59c,1,12104283450293278813,coupled_z1.1_right_edge,TRAINING_COUPLED,shift,0.2100000000000002,0.0,1.1,0.15359295568475684,0.00017432596414959536,0.68909182940625,17.585609247728268,0.978021978021978,94,0.9148135781288147,0.9999993558690975,True,,0.804535047975746,,,,0.8959178924551587,626f304447e67e39,458ee7126f898206
PRE,validation-0020f696c71c336f51f6915ee80cb59c,1,12104283450293278813,coupled_z1.225_left_edge,TRAINING_COUPLED,shift,-0.5006250000000003,0.0,1.225,-0.14418168915890645,-0.020315166756454527,0.9024909680862249,-3.5155041915207077,0.9607843137254902,112,0.9268258213996887,0.9902190233248408,True,,0.35628898754358057,,,,0.8347679179621834,748ef67a0c7033a2,458ee7126f898206
MID,validation-0020f696c71c336f51f6915ee80cb59c,1,12104283450293278813,coupled_z1.225_left_edge,TRAINING_COUPLED,shift,-0.5006250000000003,0.0,1.225,-0.1216356216914594,-0.05541817694506842,0.9148070405658517,0.6947233679840736,0.9532710280373832,118,0.92822265625,0.9100018334261287,True,,0.3270710213644896,,,,0.8546951326537605,74b7497beee213a5,458ee7126f898206
POST,validation-0020f696c71c336f51f6915ee80cb59c,1,12104283450293278813,coupled_z1.225_left_edge,TRAINING_COUPLED,shift,-0.5006250000000003,0.0,1.225,0.0007392432102532813,-0.09069041806530363,0.8693954560758557,-11.604527836354213,0.9252336448598131,114,0.9134982824325562,-0.00815101163175568,False,,0.22192150383830897,,,,0.8701047301283718,5e4c18086769a464,458ee7126f898206
PRE,validation-0020f696c71c336f51f6915ee80cb59c,1,12104283450293278813,coupled_z1.225_right_edge,TRAINING_COUPLED,shift,0.5006250000000003,0.0,1.225,0.12851436234294003,0.05535475294606723,0.5018461293584996,-5.090971221557128,1.0,103,0.9173839688301086,0.91842632570689,True,,0.3423977460716196,,,,0.8739594070854277,6a6693a010537274,458ee7126f898206
MID,validation-0020f696c71c336f51f6915ee80cb59c,1,12104283450293278813,coupled_z1.225_right_edge,TRAINING_COUPLED,shift,0.5006250000000003,0.0,1.225,0.13627436092468712,-0.01250970942936774,0.5089493156531583,12.729430269721068,1.0,90,0.9187257289886475,0.9958130104116414,True,,0.33485740954052773,,,,0.8507596254340246,3171a7a333b16bad,458ee7126f898206
POST,validation-0020f696c71c336f51f6915ee80cb59c,1,12104283450293278813,coupled_z1.225_right_edge,TRAINING_COUPLED,shift,0.5006250000000003,0.0,1.225,0.03871586183147465,0.07300013575799318,0.5522131958380772,11.427033528308266,1.0,87,0.9035158753395081,0.4685372820100978,True,,0.20219403197787636,,,,0.8814284134753719,970416c0e4e64859,458ee7126f898206
PRE,validation-0020f696c71c336f51f6915ee80cb59c,1,12104283450293278813,coupled_z1.4142_left_edge,TRAINING_COUPLED,shift,-1.0000000000000004,0.0,1.4142135623730951,-0.12578022450549947,-0.023977051554791098,0.9022805658492565,-3.9762832404654462,0.9705882352941176,112,0.9245194792747498,0.982311405869619,True,,0.18108320671953512,,,,0.9002802253094522,c41151818f78475f,458ee7126f898206
MID,validation-0020f696c71c336f51f6915ee80cb59c,1,12104283450293278813,coupled_z1.4142_left_edge,TRAINING_COUPLED,shift,-1.0000000000000004,0.0,1.4142135623730951,-0.08353562312094819,-0.08619969210910894,0.960247662101745,-4.4118968000670415,0.9663865546218487,127,0.9244763851165771,0.6959227214283035,True,,0.1697562207985926,,,,0.8144904971114596,7a2800da1e311c1e,458ee7126f898206
POST,validation-0020f696c71c336f51f6915ee80cb59c,1,12104283450293278813,coupled_z1.4142_left_edge,TRAINING_COUPLED,shift,-1.0000000000000004,0.0,1.4142135623730951,-0.04604350948164697,-0.016108772625922405,0.7848525855159221,-13.358033995154633,0.8921568627450981,107,0.9142412543296814,0.9438996139827583,True,,0.06898546688832626,,,,0.8980064392080863,e26fd1f9b28c5534,458ee7126f898206
PRE,validation-0020f696c71c336f51f6915ee80cb59c,1,12104283450293278813,coupled_z1.4142_right_edge,TRAINING_COUPLED,shift,1.0000000000000004,0.0,1.4142135623730951,0.0013869693334724459,0.025136940359051035,0.4451800429436743,8.472737706415808,1.0,89,0.9071637392044067,0.05509273772310444,True,,0.03560307443315763,,,,0.8641571836650294,76f6d34a23df6a07,458ee7126f898206
MID,validation-0020f696c71c336f51f6915ee80cb59c,1,12104283450293278813,coupled_z1.4142_right_edge,TRAINING_COUPLED,shift,1.0000000000000004,0.0,1.4142135623730951,0.03912102076172602,0.018267327351172473,0.5020609197401688,9.018105498995121,1.0,89,0.8957932591438293,0.9060868072249247,True,,0.061059798787652275,,,,0.8961667952627993,edb30f83225c4abf,458ee7126f898206
POST,validation-0020f696c71c336f51f6915ee80cb59c,1,12104283450293278813,coupled_z1.4142_right_edge,TRAINING_COUPLED,shift,1.0000000000000004,0.0,1.4142135623730951,0.0831031612704223,0.07122290512619843,0.4991189357464495,18.56533600343197,1.0,96,0.9014013409614563,0.75929441552151,True,,0.1547826710439723,,,,0.856313935297702,90951381a082dca5,458ee7126f898206
PRE,validation-0020f696c71c336f51f6915ee80cb59c,1,12104283450293278813,coupled_z1.5_left_edge,TRAINING_COUPLED,shift,-1.25,0.0,1.5,-0.12401795699471328,-0.06323549969499798,0.8776808717487431,-3.733261479379934,0.968421052631579,102,0.9152795672416687,0.8908751627325945,True,,0.16705095687693275,,,,0.8858976296116571,02eb643754e33319,458ee7126f898206
MID,validation-0020f696c71c336f51f6915ee80cb59c,1,12104283450293278813,coupled_z1.5_left_edge,TRAINING_COUPLED,shift,-1.25,0.0,1.5,-0.10346457695281142,-0.06596453049270008,0.9564114741578172,-3.2391340420005768,0.9541284403669725,120,0.9235323071479797,0.8432055398934256,True,,0.1472446354632015,,,,0.8528947234145218,0e5bbac3d6a13248,458ee7126f898206
POST,validation-0020f696c71c336f51f6915ee80cb59c,1,12104283450293278813,coupled_z1.5_left_edge,TRAINING_COUPLED,shift,-1.25,0.0,1.5,-0.0838619645511527,-0.015426034725401418,0.9160797093704887,-3.5664336905744123,0.9484536082474226,108,0.9164718985557556,0.9834995877212653,True,,0.10232272460137308,,,,0.9220085740080196,539952cadecfd1d6,458ee7126f898206
PRE,validation-0020f696c71c336f51f6915ee80cb59c,1,12104283450293278813,coupled_z1.5_right_edge,TRAINING_COUPLED,shift,1.25,0.0,1.5,0.021704911122158346,0.028478235677433225,0.5211658526534206,2.8752768570676004,1.0,83,0.9010065793991089,0.6061705701845497,True,,0.0429679278850298,,,,0.8589968001235956,452f15e05265d8a9,458ee7126f898206
MID,validation-0020f696c71c336f51f6915ee80cb59c,1,12104283450293278813,coupled_z1.5_right_edge,TRAINING_COUPLED,shift,1.25,0.0,1.5,-0.0038539452657752483,0.0036742082939586395,0.48960446831628246,15.177074295869133,1.0,86,0.8838227987289429,-0.7237829122957717,False,,0.00638967049279849,,,,0.85964971780691,307270c0950b91c8,458ee7126f898206
POST,validation-0020f696c71c336f51f6915ee80cb59c,1,12104283450293278813,coupled_z1.5_right_edge,TRAINING_COUPLED,shift,1.25,0.0,1.5,0.08485372297533071,0.11104598995399245,0.5343735012725878,14.606628565824295,1.0,88,0.9042826294898987,0.6071620107463487,True,,0.16770559713437222,,,,0.8640317320815029,d75837f1eaed4da4,458ee7126f898206
PRE,validation-0020f696c71c336f51f6915ee80cb59c,1,12104283450293278813,legacy_center_z1,EXTRAPOLATION,identity,0.0,0.0,1.0,0.0,0.0,1.0,0.0,1.0,256,1.0,,,,,,,,1.0,d393a7050642730b,458ee7126f898206
MID,validation-0020f696c71c336f51f6915ee80cb59c,1,12104283450293278813,legacy_center_z1,EXTRAPOLATION,identity,0.0,0.0,1.0,0.0,0.0,1.0,0.0,1.0,256,1.0,,,,,,,,1.0,47553b9436bcc607,458ee7126f898206
POST,validation-0020f696c71c336f51f6915ee80cb59c,1,12104283450293278813,legacy_center_z1,EXTRAPOLATION,identity,0.0,0.0,1.0,0.0,0.0,1.0,0.0,1.0,256,1.0,,,,,,,,1.0,0ea7b01cb4fd4fdd,458ee7126f898206
PRE,validation-0020f696c71c336f51f6915ee80cb59c,1,12104283450293278813,coupled_z1.1_center,TRAINING_COUPLED,zoom,0.0,0.0,1.1,-0.008572570657307918,-0.007931183269623714,0.9851926085123485,-0.5471579928218825,0.7664233576642335,146,0.9416273832321167,,,,0.15652174111461697,-0.014918115288920142,-0.09531017980432493,True,0.9520351262104007,f79b0301861eb599,458ee7126f898206
MID,validation-0020f696c71c336f51f6915ee80cb59c,1,12104283450293278813,coupled_z1.1_center,TRAINING_COUPLED,zoom,0.0,0.0,1.1,0.008026283358066794,0.017569309294814192,0.9727801628502455,0.14744198529320918,0.8391608391608392,157,0.9424739480018616,,,,0.28955102006638095,-0.027597159785052464,-0.09531017980432493,True,0.9060173574687336,8a56de152fc29369,458ee7126f898206
POST,validation-0020f696c71c336f51f6915ee80cb59c,1,12104283450293278813,coupled_z1.1_center,TRAINING_COUPLED,zoom,0.0,0.0,1.1,0.0008913511312744204,0.00035843075670333527,0.967060239933446,1.1784486686512579,0.9191176470588235,146,0.9429709911346436,,,,0.35142615244926123,-0.03349448977788119,-0.09531017980432493,True,0.9240343570699987,eb714b073a2dcc83,458ee7126f898206
PRE,validation-0020f696c71c336f51f6915ee80cb59c,1,12104283450293278813,coupled_z1.225_center,TRAINING_COUPLED,zoom,0.0,0.0,1.225,0.0013941338682950527,-0.0010732118769043054,0.9845596159231544,0.014547254069661912,0.7461538461538462,142,0.9355092644691467,,,,0.07667667046055592,-0.015560828218121317,-0.20294084399669038,True,0.930819741584293,1b952707a5574c46,458ee7126f898206
MID,validation-0020f696c71c336f51f6915ee80cb59c,1,12104283450293278813,coupled_z1.225_center,TRAINING_COUPLED,zoom,0.0,0.0,1.225,0.027528388928317972,0.01575601651719461,0.9816775380981787,1.8557788832683448,0.84,113,0.9256461262702942,,,,0.09112210631607862,-0.018492397162541144,-0.20294084399669038,True,0.9068942069998255,42801f7cd59c71e1,458ee7126f898206
POST,validation-0020f696c71c336f51f6915ee80cb59c,1,12104283450293278813,coupled_z1.225_center,TRAINING_COUPLED,zoom,0.0,0.0,1.225,-0.005517858925530066,0.06824833692821033,0.8273949961138268,2.325097418692941,0.9021739130434783,101,0.9014341235160828,,,,0.9336369602335961,-0.18947307269631045,-0.20294084399669038,True,0.8883256249613,979b2ed084d92344,458ee7126f898206
PRE,validation-0020f696c71c336f51f6915ee80cb59c,1,12104283450293278813,coupled_z1.4142_center,TRAINING_COUPLED,zoom,0.0,0.0,1.4142135623730951,0.001685242174050975,-0.0110710265564536,0.9306060376728572,-0.9280570887431491,0.967741935483871,131,0.9210373163223267,,,,0.20751509542013852,-0.07191925165704853,-0.3465735902799727,True,0.8841849427434832,fa6b6728feaa2254,458ee7126f898206
MID,validation-0020f696c71c336f51f6915ee80cb59c,1,12104283450293278813,coupled_z1.4142_center,TRAINING_COUPLED,zoom,0.0,0.0,1.4142135623730951,0.04080487000270744,0.009022168277558872,0.8043438334246434,-2.834325804345026,0.9130434782608695,98,0.9039285778999329,,,,0.6282315035365105,-0.2177284477076338,-0.3465735902799727,True,0.9105982727159855,59587dc2f0641609,458ee7126f898206
POST,validation-0020f696c71c336f51f6915ee80cb59c,1,12104283450293278813,coupled_z1.4142_center,TRAINING_COUPLED,zoom,0.0,0.0,1.4142135623730951,0.1301459620244279,0.0014808981468482363,0.7680418163204593,-6.4949106509923515,0.9058823529411765,90,0.9080960750579834,,,,0.7614864674760554,-0.2639110989827902,-0.3465735902799727,True,0.8854951858511652,0d8dd1fb487ca9cb,458ee7126f898206
PRE,validation-0020f696c71c336f51f6915ee80cb59c,1,12104283450293278813,coupled_z1.5_center,TRAINING_COUPLED,zoom,0.0,0.0,1.5,0.01442842317985691,-0.0031651100551641394,0.9410779453164737,-1.2401722234481862,0.9454545454545454,120,0.922980010509491,,,,0.14977690850069217,-0.060729310397339795,-0.4054651081081644,True,0.8751078173573694,55f895b1f4ee2287,458ee7126f898206
MID,validation-0020f696c71c336f51f6915ee80cb59c,1,12104283450293278813,coupled_z1.5_center,TRAINING_COUPLED,zoom,0.0,0.0,1.5,0.062438355421270825,-0.007785504811564897,0.7679097503321116,4.754556021395039,0.9545454545454546,95,0.9106990098953247,,,,0.6513089783734436,-0.2640830653280064,-0.4054651081081644,True,0.8734554572964194,17da634b768abad7,458ee7126f898206
POST,validation-0020f696c71c336f51f6915ee80cb59c,1,12104283450293278813,coupled_z1.5_center,TRAINING_COUPLED,zoom,0.0,0.0,1.5,0.041265176334553864,0.013920243371968163,0.5634557397486486,1.791414607527248,1.0,96,0.9079362750053406,,,,1.4148356600129286,-0.5736664938424282,-0.4054651081081644,True,0.8900767499245297,b961252175727165,458ee7126f898206
PRE,validation-0020f696c71c336f51f6915ee80cb59c,2,13946833638310215923,coupled_z1.1_left_edge,TRAINING_COUPLED,shift,-0.2100000000000002,0.0,1.1,-0.15116974253385973,0.0037555016150664002,0.9207351635545806,3.2892480740560264,0.9444444444444444,118,0.9292001724243164,0.9996915567691846,True,,0.7920858219932827,,,,0.9093943184244073,c4cb41cd978f4081,5de56c1e2446448b
MID,validation-0020f696c71c336f51f6915ee80cb59c,2,13946833638310215923,coupled_z1.1_left_edge,TRAINING_COUPLED,shift,-0.2100000000000002,0.0,1.1,-0.12777505074526604,0.032730826168177796,0.8946642156001174,-0.07727846995386348,0.91,109,0.9234610795974731,0.9687222220015174,True,,0.6909079503169766,,,,0.9087718129148932,482c519f6ddfcae4,5de56c1e2446448b
POST,validation-0020f696c71c336f51f6915ee80cb59c,2,13946833638310215923,coupled_z1.1_left_edge,TRAINING_COUPLED,shift,-0.2100000000000002,0.0,1.1,-0.2252814862782638,-0.00014461445530257466,0.8689482452825454,2.3514396658121015,0.9891304347826086,100,0.9036524891853333,0.9999997939411438,True,,1.1800461236367072,,,,0.880813241004063,22f19e9ac764ea73,5de56c1e2446448b
PRE,validation-0020f696c71c336f51f6915ee80cb59c,2,13946833638310215923,coupled_z1.1_right_edge,TRAINING_COUPLED,shift,0.2100000000000002,0.0,1.1,0.03868138774065621,-0.003999215017219709,0.4713322997994454,-0.17981576700261162,1.0,93,0.8972301483154297,0.9946978662773281,True,,0.20369682068209405,,,,0.8650910693506971,55cfbf69030d58f2,5de56c1e2446448b
MID,validation-0020f696c71c336f51f6915ee80cb59c,2,13946833638310215923,coupled_z1.1_right_edge,TRAINING_COUPLED,shift,0.2100000000000002,0.0,1.1,0.22094405598590539,0.13435985929316235,0.6548995821468767,-4.552084916235196,0.9775280898876404,96,0.9009910225868225,0.854418026900538,True,,1.3545196509020963,,,,0.8795415163031365,be17d7231fc1801b,5de56c1e2446448b
POST,validation-0020f696c71c336f51f6915ee80cb59c,2,13946833638310215923,coupled_z1.1_right_edge,TRAINING_COUPLED,shift,0.2100000000000002,0.0,1.1,0.08066388310327431,-0.04227302423058515,0.5063551516537411,-3.837249649149539,1.0,96,0.8925336003303528,0.8857389298855282,True,,0.477031196991461,,,,0.8812546730032691,0ed2314b205ddb2b,5de56c1e2446448b
PRE,validation-0020f696c71c336f51f6915ee80cb59c,2,13946833638310215923,coupled_z1.225_left_edge,TRAINING_COUPLED,shift,-0.5006250000000003,0.0,1.225,-0.13614852802649696,0.0435845517482376,0.7907186255497267,3.0116398976577,0.9157894736842105,101,0.912306010723114,0.9523895755503138,True,,0.34980166508284,,,,0.8605531454077697,5fbab8f0e2b93237,5de56c1e2446448b
MID,validation-0020f696c71c336f51f6915ee80cb59c,2,13946833638310215923,coupled_z1.225_left_edge,TRAINING_COUPLED,shift,-0.5006250000000003,0.0,1.225,-0.14067966490612369,0.041252907088271305,0.8003000193701788,4.407412682375571,0.9339622641509434,112,0.9177364706993103,0.9595931642327566,True,,0.3587300308487753,,,,0.8818218111983064,8df506206a094529,5de56c1e2446448b
POST,validation-0020f696c71c336f51f6915ee80cb59c,2,13946833638310215923,coupled_z1.225_left_edge,TRAINING_COUPLED,shift,-0.5006250000000003,0.0,1.225,-0.060520009917259504,-0.0684772259104229,0.4644451921109028,27.879018941786708,1.0,94,0.896864116191864,0.6622300652513065,True,,0.2236215492506796,,,,0.864556968211263,bd1c9fc7f2aca9be,5de56c1e2446448b
PRE,validation-0020f696c71c336f51f6915ee80cb59c,2,13946833638310215923,coupled_z1.225_right_edge,TRAINING_COUPLED,shift,0.5006250000000003,0.0,1.225,0.05555697734240478,0.04613413968333967,0.6213329637445483,-0.3308807856654923,1.0,90,0.9127988815307617,0.7693325256679577,True,,0.1767046876598384,,,,0.8448443320292329,fb4b3bfb5782ac27,5de56c1e2446448b
MID,validation-0020f696c71c336f51f6915ee80cb59c,2,13946833638310215923,coupled_z1.225_right_edge,TRAINING_COUPLED,shift,0.5006250000000003,0.0,1.225,0.08748704469250781,-0.03576637433425136,0.5827638236904381,-5.6075917944786635,1.0,88,0.9059238433837891,0.9256351030216362,True,,0.23127435877391683,,,,0.8832014729491863,04d6b836f4fabda0,5de56c1e2446448b
POST,validation-0020f696c71c336f51f6915ee80cb59c,2,13946833638310215923,coupled_z1.225_right_edge,TRAINING_COUPLED,shift,0.5006250000000003,0.0,1.225,0.08666809667812371,-0.04519085872081753,0.5461190189610522,-7.110748686928003,1.0,95,0.8888101577758789,0.8866992739074243,True,,0.23916986673236335,,,,0.8789633512488157,ff6f16ca1da42b27,5de56c1e2446448b
PRE,validation-0020f696c71c336f51f6915ee80cb59c,2,13946833638310215923,coupled_z1.4142_left_edge,TRAINING_COUPLED,shift,-1.0000000000000004,0.0,1.4142135623730951,-0.0623999601264561,0.009109324713052876,0.4981520546311271,1.9294838653660487,1.0,91,0.8978334069252014,0.9895118423445345,True,,0.08918222715890363,,,,0.8603573441496828,f078f5a25d4d1882,5de56c1e2446448b
MID,validation-0020f696c71c336f51f6915ee80cb59c,2,13946833638310215923,coupled_z1.4142_left_edge,TRAINING_COUPLED,shift,-1.0000000000000004,0.0,1.4142135623730951,-0.03360821199022461,0.0566038041736224,0.6329586635602611,-8.63500940684527,1.0,108,0.9118527770042419,0.5105354213838561,True,,0.09309675139451072,,,,0.8481945395461182,0921badb4bcfbd83,5de56c1e2446448b
POST,validation-0020f696c71c336f51f6915ee80cb59c,2,13946833638310215923,coupled_z1.4142_left_edge,TRAINING_COUPLED,shift,-1.0000000000000004,0.0,1.4142135623730951,-0.06463673428466397,0.016341944323764325,0.6314248200744305,-2.231245443090115,1.0,84,0.9016647338867188,0.969494069422763,True,,0.09428644190197513,,,,0.8287813067427929,51fd111dc64eb8a7,5de56c1e2446448b
PRE,validation-0020f696c71c336f51f6915ee80cb59c,2,13946833638310215923,coupled_z1.4142_right_edge,TRAINING_COUPLED,shift,1.0000000000000004,0.0,1.4142135623730951,-0.020996882699038544,0.04719039560398151,0.4181239078061034,3.9099783118166087,1.0,99,0.8928124308586121,-0.40651631746224004,False,,0.07304522599509784,,,,0.8558951616278672,d111fd14acccef3e,5de56c1e2446448b
MID,validation-0020f696c71c336f51f6915ee80cb59c,2,13946833638310215923,coupled_z1.4142_right_edge,TRAINING_COUPLED,shift,1.0000000000000004,0.0,1.4142135623730951,0.3003491206577286,0.06438914459564044,0.7512388328659335,1.0151839416117783,0.9642857142857143,92,0.8989285826683044,0.97778332193724,True,,0.4344089230704844,,,,0.8265152573577245,581499d40984c8cb,5de56c1e2446448b
POST,validation-0020f696c71c336f51f6915ee80cb59c,2,13946833638310215923,coupled_z1.4142_right_edge,TRAINING_COUPLED,shift,1.0000000000000004,0.0,1.4142135623730951,0.15185688513305007,-0.03639322762124053,0.5059115140379915,-2.675622416371559,1.0,94,0.8999574780464172,0.9724634344554884,True,,0.22083922015350338,,,,0.862100839614006,2a0805df95c00406,5de56c1e2446448b
PRE,validation-0020f696c71c336f51f6915ee80cb59c,2,13946833638310215923,coupled_z1.5_left_edge,TRAINING_COUPLED,shift,-1.25,0.0,1.5,0.017004421156509512,0.11960216600223164,0.5561953443523858,-8.563039126356687,1.0,89,0.8969611525535583,-0.1407593440649965,False,,0.14496590278359384,,,,0.8373775981285304,12496cff61f35ed9,5de56c1e2446448b
MID,validation-0020f696c71c336f51f6915ee80cb59c,2,13946833638310215923,coupled_z1.5_left_edge,TRAINING_COUPLED,shift,-1.25,0.0,1.5,-0.015562667833809753,0.024241299996808602,0.5747615989385488,-7.789063518475819,1.0,100,0.904620885848999,0.5402410536476608,True,,0.03456827516846491,,,,0.8629025220862342,7359910bcbdecbaa,5de56c1e2446448b
POST,validation-0020f696c71c336f51f6915ee80cb59c,2,13946833638310215923,coupled_z1.5_left_edge,TRAINING_COUPLED,shift,-1.25,0.0,1.5,-0.04515629681414167,0.11351867572156198,0.7577798886323734,-16.45976793508612,1.0,85,0.902018666267395,0.3696176469594746,True,,0.14660435350474202,,,,0.8297481536856937,17695c0581d1a6bb,5de56c1e2446448b
PRE,validation-0020f696c71c336f51f6915ee80cb59c,2,13946833638310215923,coupled_z1.5_right_edge,TRAINING_COUPLED,shift,1.25,0.0,1.5,-0.013133921833228873,0.07309167903145347,0.5484025876261837,4.515320702131901,1.0,85,0.8932104706764221,-0.17685847028872434,False,,0.0891147942978946,,,,0.8424981832495847,1bf8a7396dbf7e13,5de56c1e2446448b
MID,validation-0020f696c71c336f51f6915ee80cb59c,2,13946833638310215923,coupled_z1.5_right_edge,TRAINING_COUPLED,shift,1.25,0.0,1.5,0.2549460321354102,0.08539239134878777,0.7560740770688544,3.531477583061246,0.9142857142857143,79,0.9086588621139526,0.9482244031187702,True,,0.32264012353498434,,,,0.8508962988844945,29590b7da25badbc,5de56c1e2446448b
POST,validation-0020f696c71c336f51f6915ee80cb59c,2,13946833638310215923,coupled_z1.5_right_edge,TRAINING_COUPLED,shift,1.25,0.0,1.5,0.03072957791353251,-0.05499643297455288,0.4135195984230983,3.5896239756340753,1.0,90,0.8833608627319336,0.48777632577515717,True,,0.07559918664960905,,,,0.8519573211661402,657e33dffa3388e5,5de56c1e2446448b
PRE,validation-0020f696c71c336f51f6915ee80cb59c,2,13946833638310215923,legacy_center_z1,EXTRAPOLATION,identity,0.0,0.0,1.0,0.0,0.0,1.0,0.0,1.0,256,1.0,,,,,,,,1.0,0ffb39d26dc0ace7,5de56c1e2446448b
MID,validation-0020f696c71c336f51f6915ee80cb59c,2,13946833638310215923,legacy_center_z1,EXTRAPOLATION,identity,0.0,0.0,1.0,0.0,0.0,1.0,0.0,1.0,256,1.0,,,,,,,,1.0,54efa836f8aa3583,5de56c1e2446448b
POST,validation-0020f696c71c336f51f6915ee80cb59c,2,13946833638310215923,legacy_center_z1,EXTRAPOLATION,identity,0.0,0.0,1.0,0.0,0.0,1.0,0.0,1.0,256,1.0,,,,,,,,1.0,e3ab65b756d06cdf,5de56c1e2446448b
PRE,validation-0020f696c71c336f51f6915ee80cb59c,2,13946833638310215923,coupled_z1.1_center,TRAINING_COUPLED,zoom,0.0,0.0,1.1,-0.0026153814301263165,-0.004863718725314277,0.9726642697138503,0.8803987439117854,0.8404907975460123,173,0.9566085934638977,,,,0.29080107642326586,-0.027716302881192707,-0.09531017980432493,True,0.9086353778830024,b234333cdba8699b,5de56c1e2446448b
MID,validation-0020f696c71c336f51f6915ee80cb59c,2,13946833638310215923,coupled_z1.1_center,TRAINING_COUPLED,zoom,0.0,0.0,1.1,0.014487806599420179,0.04997238026471519,0.7214554180297259,-1.5262353256709276,1.0,87,0.8994237184524536,,,,3.4254965631185312,-0.3264846933499243,-0.09531017980432493,True,0.8557903594712234,041f2712d7653367,5de56c1e2446448b
POST,validation-0020f696c71c336f51f6915ee80cb59c,2,13946833638310215923,coupled_z1.1_center,TRAINING_COUPLED,zoom,0.0,0.0,1.1,2.7755575615628914e-17,1.0408340855860843e-17,0.9999999999999999,-5.277751997126642e-16,1.0,166,0.9493740797042847,,,,1.1648525130311185e-15,-1.1102230246251565e-16,-0.09531017980432493,True,0.8941714700553697,eb1f5e91ad1dc358,5de56c1e2446448b
PRE,validation-0020f696c71c336f51f6915ee80cb59c,2,13946833638310215923,coupled_z1.225_center,TRAINING_COUPLED,zoom,0.0,0.0,1.225,-0.005033500671989918,0.003198128310538284,0.9422150241488996,1.5574509094092046,0.8632478632478633,128,0.927010178565979,,,,0.2932961441077408,-0.059521767026199844,-0.20294084399669038,True,0.8930323123922954,ab0302eb7f302a3d,5de56c1e2446448b
MID,validation-0020f696c71c336f51f6915ee80cb59c,2,13946833638310215923,coupled_z1.225_center,TRAINING_COUPLED,zoom,0.0,0.0,1.225,-0.0219424202797429,0.029411549521824787,0.9497902797946228,5.178470934484416,0.921875,136,0.9318040609359741,,,,0.25383789608154234,-0.05151407686913239,-0.20294084399669038,True,0.9362390637388402,d78bb9ed1d05e19e,5de56c1e2446448b
POST,validation-0020f696c71c336f51f6915ee80cb59c,2,13946833638310215923,coupled_z1.225_center,TRAINING_COUPLED,zoom,0.0,0.0,1.225,0.10049314491444779,0.032852967203476593,0.7802530124986928,-0.8630415101815196,0.9885057471264368,90,0.9045003056526184,,,,1.2227062429208087,-0.24813703689837122,-0.20294084399669038,True,0.8549378514281306,877f701551f7708f,5de56c1e2446448b
PRE,validation-0020f696c71c336f51f6915ee80cb59c,2,13946833638310215923,coupled_z1.4142_center,TRAINING_COUPLED,zoom,0.0,0.0,1.4142135623730951,-0.06418155855236654,0.0029350247671414698,0.4726413396040299,-16.093863561266716,1.0,103,0.9029781818389893,,,,2.1623645492916084,-0.7494184453421276,-0.3465735902799727,True,0.8770089149466327,df2801c44ee3a07b,5de56c1e2446448b
MID,validation-0020f696c71c336f51f6915ee80cb59c,2,13946833638310215923,coupled_z1.4142_center,TRAINING_COUPLED,zoom,0.0,0.0,1.4142135623730951,-0.021373320270300075,0.0813640603986154,0.5139780167965653,0.8802083590094611,1.0,89,0.8875464797019958,,,,1.9204428784726284,-0.6655747833198641,-0.3465735902799727,True,0.8510659933081699,28aae7879a661140,5de56c1e2446448b
POST,validation-0020f696c71c336f51f6915ee80cb59c,2,13946833638310215923,coupled_z1.4142_center,TRAINING_COUPLED,zoom,0.0,0.0,1.4142135623730951,0.038692055735779496,0.024767532055610247,0.5956983232052709,4.143527847762241,0.9772727272727273,90,0.8961414098739624,,,,1.4946923935081724,-0.518020909182293,-0.3465735902799727,True,0.8859238028517447,e0ebc7aec766ee56,5de56c1e2446448b
PRE,validation-0020f696c71c336f51f6915ee80cb59c,2,13946833638310215923,coupled_z1.5_center,TRAINING_COUPLED,zoom,0.0,0.0,1.5,-0.028350155333746314,0.01414422051336988,0.4623679754742098,6.57513040523639,1.0,98,0.9053792953491211,,,,1.9024922386392626,-0.7713942212148123,-0.4054651081081644,True,0.9117221832266272,17aacd256925396f,5de56c1e2446448b
MID,validation-0020f696c71c336f51f6915ee80cb59c,2,13946833638310215923,coupled_z1.5_center,TRAINING_COUPLED,zoom,0.0,0.0,1.5,0.06878380566030547,0.09338337523330667,0.7740535717374584,8.517479313895112,0.891566265060241,90,0.9024252891540527,,,,0.631655322578809,-0.2561141936565142,-0.4054651081081644,True,0.8687425255766763,2e7e4d98f28ada8b,5de56c1e2446448b
POST,validation-0020f696c71c336f51f6915ee80cb59c,2,13946833638310215923,coupled_z1.5_center,TRAINING_COUPLED,zoom,0.0,0.0,1.5,-0.0466395634607933,0.010131322025486179,0.6488645563496344,-0.08034655288580501,0.8899082568807339,112,0.9189236760139465,,,,1.0667533933895097,-0.4325312799754288,-0.4054651081081644,True,0.9106033444395495,0eb138e681f6a2cf,5de56c1e2446448b
PRE,validation-01c0aa389bcc8bef69ccbdb52697b28e,0,7672176799749999008,coupled_z1.1_left_edge,TRAINING_COUPLED,shift,-0.2100000000000002,0.0,1.1,-0.0017364746281497978,0.0017062564481313408,0.9969252669774715,-0.2154077569702703,0.9752066115702479,146,0.9121394753456116,0.7132858527734296,True,,0.012751997569904127,,,,0.9431977272024259,42b056e28a44f944,5e3d78152548d722
MID,validation-01c0aa389bcc8bef69ccbdb52697b28e,0,7672176799749999008,coupled_z1.1_left_edge,TRAINING_COUPLED,shift,-0.2100000000000002,0.0,1.1,-0.008082816976236331,-0.0004900928415441513,0.9951370669505807,-0.0705568984986496,0.9349593495934959,150,0.9110029935836792,0.99816681668722,True,,0.04241632197987451,,,,0.945688360414556,ee5969ca15c88fd7,5e3d78152548d722
POST,validation-01c0aa389bcc8bef69ccbdb52697b28e,0,7672176799749999008,coupled_z1.1_left_edge,TRAINING_COUPLED,shift,-0.2100000000000002,0.0,1.1,0.0,-6.938893903907228e-18,1.0,1.212829201189924e-15,1.0,187,0.9392589330673218,0.0,False,,3.63465871157045e-17,,,,0.9635047869082337,40c946e9608c7e47,5e3d78152548d722
PRE,validation-01c0aa389bcc8bef69ccbdb52697b28e,0,7672176799749999008,coupled_z1.1_right_edge,TRAINING_COUPLED,shift,0.2100000000000002,0.0,1.1,0.09078888031643233,0.05725963314715407,0.48467736817902274,13.500205073386534,1.0,89,0.8358259797096252,0.8458282266551854,True,,0.5622427659040093,,,,0.9131761141515251,e06ec445a3a688bb,5e3d78152548d722
MID,validation-01c0aa389bcc8bef69ccbdb52697b28e,0,7672176799749999008,coupled_z1.1_right_edge,TRAINING_COUPLED,shift,0.2100000000000002,0.0,1.1,0.008458515161687524,0.0086267805615741,0.9940993448052754,0.07817128896659195,0.8141592920353983,138,0.8902587294578552,0.7001088516126638,True,,0.0632851703967529,,,,0.9429264664640533,ad7821802a7e63d2,5e3d78152548d722
POST,validation-01c0aa389bcc8bef69ccbdb52697b28e,0,7672176799749999008,coupled_z1.1_right_edge,TRAINING_COUPLED,shift,0.2100000000000002,0.0,1.1,0.06861872356078719,0.009983906566121024,0.5018791031300024,10.786949845156439,1.0,75,0.8439092636108398,0.9895802729823594,True,,0.3632160208868555,,,,0.9046607556727874,3c9ad624e04a15a4,5e3d78152548d722
PRE,validation-01c0aa389bcc8bef69ccbdb52697b28e,0,7672176799749999008,coupled_z1.225_left_edge,TRAINING_COUPLED,shift,-0.5006250000000003,0.0,1.225,0.09762421122326265,0.16787094464037183,0.4801008971344471,35.94521255197501,1.0,80,0.8217213749885559,-0.5027159949544928,False,,0.47518025882557385,,,,0.89839416136617,be2230101f0591b7,5e3d78152548d722
MID,validation-01c0aa389bcc8bef69ccbdb52697b28e,0,7672176799749999008,coupled_z1.225_left_edge,TRAINING_COUPLED,shift,-0.5006250000000003,0.0,1.225,0.16702167303113066,0.10517244207921102,0.41251602828821127,26.11821492243148,1.0,87,0.8233491778373718,-0.8462085151741222,False,,0.48296870842178274,,,,0.9284502821227733,869165f3a7909ade,5e3d78152548d722
POST,validation-01c0aa389bcc8bef69ccbdb52697b28e,0,7672176799749999008,coupled_z1.225_left_edge,TRAINING_COUPLED,shift,-0.5006250000000003,0.0,1.225,-0.025169049579559337,0.10663971854180701,0.8629051393813307,-0.8768012467343704,0.9333333333333333,97,0.8463712930679321,0.22970819963089953,True,,0.26811053146186214,,,,0.8881158165991853,7ad2d3fb74291969,5e3d78152548d722
PRE,validation-01c0aa389bcc8bef69ccbdb52697b28e,0,7672176799749999008,coupled_z1.225_right_edge,TRAINING_COUPLED,shift,0.5006250000000003,0.0,1.225,0.16744067103109656,0.1138377432260411,0.19240284274579067,29.15243761263794,1.0,72,0.8325402140617371,0.8269768231291608,True,,0.49544012079985444,,,,0.9045020937910571,7a381b56fe3870d6,5e3d78152548d722
MID,validation-01c0aa389bcc8bef69ccbdb52697b28e,0,7672176799749999008,coupled_z1.225_right_edge,TRAINING_COUPLED,shift,0.5006250000000003,0.0,1.225,0.05818640121352698,0.08475705592407676,0.539154016390286,2.294259523259196,1.0,79,0.8113870620727539,0.5659733802301868,True,,0.25156432185001837,,,,0.8674175064207884,0906c60fcce26026,5e3d78152548d722
POST,validation-01c0aa389bcc8bef69ccbdb52697b28e,0,7672176799749999008,coupled_z1.225_right_edge,TRAINING_COUPLED,shift,0.5006250000000003,0.0,1.225,-0.0021996683534044256,0.12442835578392406,0.45896422516333424,7.095885821743291,1.0,78,0.8054300546646118,-0.017675430182728498,False,,0.3045164579221932,,,,0.864176146040061,1e40fc172f3bc47c,5e3d78152548d722
PRE,validation-01c0aa389bcc8bef69ccbdb52697b28e,0,7672176799749999008,coupled_z1.4142_left_edge,TRAINING_COUPLED,shift,-1.0000000000000004,0.0,1.4142135623730951,0.13306844913649665,0.18889494520626543,0.46179432310571117,12.946976589403947,1.0,75,0.811236560344696,-0.5759054455070243,False,,0.3267675396365752,,,,0.8805782794943586,a4492794f6b27581,5e3d78152548d722
MID,validation-01c0aa389bcc8bef69ccbdb52697b28e,0,7672176799749999008,coupled_z1.4142_left_edge,TRAINING_COUPLED,shift,-1.0000000000000004,0.0,1.4142135623730951,0.1812845320357008,0.07251488727692959,0.3940819654145831,26.995406509518155,1.0,68,0.8151878714561462,-0.9284747932750599,False,,0.27612493705635793,,,,0.9122875228261793,1d209d301ce5f89c,5e3d78152548d722
POST,validation-01c0aa389bcc8bef69ccbdb52697b28e,0,7672176799749999008,coupled_z1.4142_left_edge,TRAINING_COUPLED,shift,-1.0000000000000004,0.0,1.4142135623730951,-0.03552381602801303,0.23637428498108454,0.5300915970205615,-7.8107223070636325,1.0,70,0.8278001546859741,0.1486173348839637,True,,0.3380377023514124,,,,0.8893524938426955,8eca8772ac1702b7,5e3d78152548d722
PRE,validation-01c0aa389bcc8bef69ccbdb52697b28e,0,7672176799749999008,coupled_z1.4142_right_edge,TRAINING_COUPLED,shift,1.0000000000000004,0.0,1.4142135623730951,0.06040731779064669,0.1602165430403987,0.22915785136191208,89.69714813759887,1.0,67,0.7988072037696838,0.35279265358424716,True,,0.24215030335093982,,,,0.8469957618106336,063400ce825a9380,5e3d78152548d722
MID,validation-01c0aa389bcc8bef69ccbdb52697b28e,0,7672176799749999008,coupled_z1.4142_right_edge,TRAINING_COUPLED,shift,1.0000000000000004,0.0,1.4142135623730951,0.1790186390056941,0.15606254177489362,0.4389024901957222,-4.80354125218254,1.0,71,0.7868590354919434,0.753783136550873,True,,0.335866610596205,,,,0.8799875307066898,f5b26364013332a4,5e3d78152548d722
POST,validation-01c0aa389bcc8bef69ccbdb52697b28e,0,7672176799749999008,coupled_z1.4142_right_edge,TRAINING_COUPLED,shift,1.0000000000000004,0.0,1.4142135623730951,-0.0006015487590384852,0.33958190834473323,0.4862721657130774,3.542580073133134,1.0,60,0.8010420203208923,-0.001771436582535202,False,,0.4802420938151095,,,,0.8547891887888222,75c90d5ab223510a,5e3d78152548d722
PRE,validation-01c0aa389bcc8bef69ccbdb52697b28e,0,7672176799749999008,coupled_z1.5_left_edge,TRAINING_COUPLED,shift,-1.25,0.0,1.5,-0.027218373077985455,0.36582497007642023,0.38832360646021186,-15.116191809099915,1.0,71,0.8059350848197937,0.07419763382139695,True,,0.44020335974725777,,,,0.7374770924414285,1f577df3e34c3322,5e3d78152548d722
MID,validation-01c0aa389bcc8bef69ccbdb52697b28e,0,7672176799749999008,coupled_z1.5_left_edge,TRAINING_COUPLED,shift,-1.25,0.0,1.5,0.12058253812137275,0.17802127364050663,0.5565682973143047,9.726044095752602,1.0,74,0.8291349411010742,-0.5608082376353741,False,,0.25801875941579877,,,,0.8991484521795403,4c95aa12d11df5b9,5e3d78152548d722
POST,validation-01c0aa389bcc8bef69ccbdb52697b28e,0,7672176799749999008,coupled_z1.5_left_edge,TRAINING_COUPLED,shift,-1.25,0.0,1.5,-0.018147607455127543,0.2063643337429844,0.48095040675589035,-6.357904233350693,1.0,72,0.8216959238052368,0.08760157496804699,True,,0.24859289292424472,,,,0.8929933841811658,5cd24809fb1e1d9a,5e3d78152548d722
PRE,validation-01c0aa389bcc8bef69ccbdb52697b28e,0,7672176799749999008,coupled_z1.5_right_edge,TRAINING_COUPLED,shift,1.25,0.0,1.5,0.12003356241010066,0.26583826114751474,0.5177442621098911,1.5105996108666757,1.0,53,0.7633768320083618,0.4115228593863198,True,,0.3500176760686566,,,,0.7867742180816412,72437a238b05e60e,5e3d78152548d722
MID,validation-01c0aa389bcc8bef69ccbdb52697b28e,0,7672176799749999008,coupled_z1.5_right_edge,TRAINING_COUPLED,shift,1.25,0.0,1.5,0.013819457432128465,0.11690558388976785,0.48806585660418406,-0.18157616575451813,1.0,66,0.8016759157180786,0.11739305140576796,True,,0.1412634625286715,,,,0.8752206415192246,fe823bc1230c506e,5e3d78152548d722
POST,validation-01c0aa389bcc8bef69ccbdb52697b28e,0,7672176799749999008,coupled_z1.5_right_edge,TRAINING_COUPLED,shift,1.25,0.0,1.5,0.010349207900961416,0.18213300444452923,0.6186471727679729,13.321850841717,1.0,67,0.7896456122398376,0.056730742919944274,True,,0.21891216017736942,,,,0.8412081504579805,d3107bd21275fea0,5e3d78152548d722
PRE,validation-01c0aa389bcc8bef69ccbdb52697b28e,0,7672176799749999008,legacy_center_z1,EXTRAPOLATION,identity,0.0,0.0,1.0,0.0,0.0,1.0,0.0,1.0,256,1.0,,,,,,,,1.0,4a53834a64e208c9,5e3d78152548d722
MID,validation-01c0aa389bcc8bef69ccbdb52697b28e,0,7672176799749999008,legacy_center_z1,EXTRAPOLATION,identity,0.0,0.0,1.0,0.0,0.0,1.0,0.0,1.0,256,1.0,,,,,,,,1.0,757916017e317ba8,5e3d78152548d722
POST,validation-01c0aa389bcc8bef69ccbdb52697b28e,0,7672176799749999008,legacy_center_z1,EXTRAPOLATION,identity,0.0,0.0,1.0,0.0,0.0,1.0,0.0,1.0,256,1.0,,,,,,,,1.0,d9775d13a863271d,5e3d78152548d722
PRE,validation-01c0aa389bcc8bef69ccbdb52697b28e,0,7672176799749999008,coupled_z1.1_center,TRAINING_COUPLED,zoom,0.0,0.0,1.1,0.002473432135576957,0.0034560715211717774,0.9957402701487336,-0.10379157905239923,0.9319727891156463,161,0.9159519076347351,,,,0.04478879755045683,-0.004268828347753549,-0.09531017980432493,True,0.9456615447988589,8300cc1796b8524e,5e3d78152548d722
MID,validation-01c0aa389bcc8bef69ccbdb52697b28e,0,7672176799749999008,coupled_z1.1_center,TRAINING_COUPLED,zoom,0.0,0.0,1.1,8.673617379884035e-18,0.0,1.0,6.0638830248351514e-15,1.0,173,0.9332879781723022,,,,-0.0,0.0,-0.09531017980432493,False,0.9751442059950737,fa0ea76134bc51fe,5e3d78152548d722
POST,validation-01c0aa389bcc8bef69ccbdb52697b28e,0,7672176799749999008,coupled_z1.1_center,TRAINING_COUPLED,zoom,0.0,0.0,1.1,0.00013680606898767989,-0.004583436790394368,0.996934148297747,0.2991157698518284,0.8916666666666667,139,0.9108376502990723,,,,0.032216506776072316,-0.003070561053494705,-0.09531017980432493,True,0.9380596839215724,af69cec851ceb635,5e3d78152548d722
PRE,validation-01c0aa389bcc8bef69ccbdb52697b28e,0,7672176799749999008,coupled_z1.225_center,TRAINING_COUPLED,zoom,0.0,0.0,1.225,0.01895801849615688,0.1709240486192959,0.6583134315900431,23.577055333443752,1.0,80,0.8619018793106079,,,,2.060078755141722,-0.4180741212681123,-0.20294084399669038,True,0.9016774296751542,1b55c93d0ca98d7e,5e3d78152548d722
MID,validation-01c0aa389bcc8bef69ccbdb52697b28e,0,7672176799749999008,coupled_z1.225_center,TRAINING_COUPLED,zoom,0.0,0.0,1.225,-0.0009746041651603476,-0.0044939288201248095,0.9907594339369262,0.25548438801037643,0.8981481481481481,131,0.9034070372581482,,,,0.045744980451091016,-0.009283524941356513,-0.20294084399669038,True,0.9227401568129465,c656a369d4b46731,5e3d78152548d722
POST,validation-01c0aa389bcc8bef69ccbdb52697b28e,0,7672176799749999008,coupled_z1.225_center,TRAINING_COUPLED,zoom,0.0,0.0,1.225,0.026236342411430552,-0.04792971943738822,0.9093429195343965,4.292851613896829,0.9795918367346939,105,0.8762220740318298,,,,0.46827935107061847,-0.09503300673249379,-0.20294084399669038,True,0.935948129649903,b610198279b6f7f7,5e3d78152548d722
PRE,validation-01c0aa389bcc8bef69ccbdb52697b28e,0,7672176799749999008,coupled_z1.4142_center,TRAINING_COUPLED,zoom,0.0,0.0,1.4142135623730951,0.1706223726795878,0.20538618768316322,0.4372275237310203,36.836856350273486,1.0,74,0.812888503074646,,,,2.3870877450268573,-0.827301570107282,-0.3465735902799727,True,0.905231952666331,4cc63163d95c1c41,5e3d78152548d722
MID,validation-01c0aa389bcc8bef69ccbdb52697b28e,0,7672176799749999008,coupled_z1.4142_center,TRAINING_COUPLED,zoom,0.0,0.0,1.4142135623730951,0.06169954601117056,0.0447429138914608,0.7137591361572794,9.95731349033895,0.9259259259259259,83,0.8477730751037598,,,,0.97298157543128,-0.3372097178734828,-0.3465735902799727,True,0.8923575813974506,9569d976c98e4eba,5e3d78152548d722
POST,validation-01c0aa389bcc8bef69ccbdb52697b28e,0,7672176799749999008,coupled_z1.4142_center,TRAINING_COUPLED,zoom,0.0,0.0,1.4142135623730951,0.06729611346590161,-0.010476436366826295,0.8662320482882809,2.0605357726867286,0.9313725490196079,108,0.8782539367675781,,,,0.41434909120883623,-0.14360245216949025,-0.3465735902799727,True,0.9221967365967036,7950d407b9e21c21,5e3d78152548d722
PRE,validation-01c0aa389bcc8bef69ccbdb52697b28e,0,7672176799749999008,coupled_z1.5_center,TRAINING_COUPLED,zoom,0.0,0.0,1.5,0.1333697836166924,0.19022913446676967,0.42123705766843006,42.43456298313632,1.0,80,0.8189293146133423,,,,2.132266141116846,-0.8645595214233205,-0.4054651081081644,True,0.9085196256628487,5f0b984b20f4be78,5e3d78152548d722
MID,validation-01c0aa389bcc8bef69ccbdb52697b28e,0,7672176799749999008,coupled_z1.5_center,TRAINING_COUPLED,zoom,0.0,0.0,1.5,0.17151101103461283,0.0020754739224747645,0.5758717986159994,9.148391510812457,1.0,68,0.8220078945159912,,,,1.3610794218057312,-0.5518702149062586,-0.4054651081081644,True,0.8917007381728755,523a271cb72bc56a,5e3d78152548d722
POST,validation-01c0aa389bcc8bef69ccbdb52697b28e,0,7672176799749999008,coupled_z1.5_center,TRAINING_COUPLED,zoom,0.0,0.0,1.5,0.07319883617972804,-0.051490386539404326,0.8311047079915391,3.5981046398193652,1.0,95,0.8495200872421265,,,,0.45626488190548603,-0.18499948966776675,-0.4054651081081644,True,0.8650465527195954,2f35e7af456ca3f6,5e3d78152548d722
PRE,validation-01c0aa389bcc8bef69ccbdb52697b28e,1,8937529573088584077,coupled_z1.1_left_edge,TRAINING_COUPLED,shift,-0.2100000000000002,0.0,1.1,-0.001433005924000294,6.687710662886407e-05,0.9954063832390984,-0.09021323866766426,0.94,159,0.9383540153503418,0.9989127692520612,True,,0.007514391356595327,,,,0.9605147219001416,e9ccb79fc232e8ad,7f03fdc0e5e65e54
MID,validation-01c0aa389bcc8bef69ccbdb52697b28e,1,8937529573088584077,coupled_z1.1_left_edge,TRAINING_COUPLED,shift,-0.2100000000000002,0.0,1.1,0.0030769990006538697,0.0009567813652793522,0.9961116301477531,0.2902489739957621,0.9148936170212766,120,0.9172083735466003,-0.9549014131534033,False,,0.016878824939134653,,,,0.9315539557658629,09b4fca7aa724d56,7f03fdc0e5e65e54
POST,validation-01c0aa389bcc8bef69ccbdb52697b28e,1,8937529573088584077,coupled_z1.1_left_edge,TRAINING_COUPLED,shift,-0.2100000000000002,0.0,1.1,-0.009051745245363627,0.0042059845035442665,0.9938811270805588,0.05358383081524175,0.847682119205298,166,0.9328243732452393,0.9068792563061998,True,,0.052282487786112594,,,,0.9565845727910965,08fc5ef1e2252b62,7f03fdc0e5e65e54
PRE,validation-01c0aa389bcc8bef69ccbdb52697b28e,1,8937529573088584077,coupled_z1.1_right_edge,TRAINING_COUPLED,shift,0.2100000000000002,0.0,1.1,0.06564705308458628,0.025338726947958495,0.9317204555759447,2.27279158908579,0.9436619718309859,149,0.9124194383621216,0.9329170772747963,True,,0.36859172643322907,,,,0.9377750121211575,9945efb7235d1e35,7f03fdc0e5e65e54
MID,validation-01c0aa389bcc8bef69ccbdb52697b28e,1,8937529573088584077,coupled_z1.1_right_edge,TRAINING_COUPLED,shift,0.2100000000000002,0.0,1.1,0.07535629776448796,0.022937285190104892,0.9214143289467243,2.5502767209175867,0.983739837398374,132,0.882983922958374,0.9566641206555065,True,,0.4126040225946152,,,,0.9295047521581891,dd6dfb7bad29463b,7f03fdc0e5e65e54
POST,validation-01c0aa389bcc8bef69ccbdb52697b28e,1,8937529573088584077,coupled_z1.1_right_edge,TRAINING_COUPLED,shift,0.2100000000000002,0.0,1.1,0.07036481710661147,0.03134392273665372,0.8999817167738292,2.6898788878838498,0.972972972972973,118,0.8936488032341003,0.9134707336478196,True,,0.4034914308843329,,,,0.9364294409742527,a0fb05bccbee11e0,7f03fdc0e5e65e54
PRE,validation-01c0aa389bcc8bef69ccbdb52697b28e,1,8937529573088584077,coupled_z1.225_left_edge,TRAINING_COUPLED,shift,-0.5006250000000003,0.0,1.225,-0.025089526287911914,-0.01028717499942429,1.0062231502128698,-0.13860660105312206,0.7904761904761904,124,0.910376250743866,0.9252458314047153,True,,0.06635274277141696,,,,0.9229813172200818,2adfc65331d538f5,7f03fdc0e5e65e54
MID,validation-01c0aa389bcc8bef69ccbdb52697b28e,1,8937529573088584077,coupled_z1.225_left_edge,TRAINING_COUPLED,shift,-0.5006250000000003,0.0,1.225,-0.057376448191366086,0.027087209060176712,0.966618560102957,1.286536273032745,0.9137931034482759,125,0.8903614282608032,0.9042926086091366,True,,0.15525594340175947,,,,0.9323757250523617,8acb690bb7414e65,7f03fdc0e5e65e54
POST,validation-01c0aa389bcc8bef69ccbdb52697b28e,1,8937529573088584077,coupled_z1.225_left_edge,TRAINING_COUPLED,shift,-0.5006250000000003,0.0,1.225,-0.04244837029589534,0.0029303839274232232,1.008322654644326,0.17338449718395918,0.8360655737704918,137,0.9061771035194397,0.9976256315594716,True,,0.10411588084136564,,,,0.9477381706228315,c096af98a45b5781,7f03fdc0e5e65e54
PRE,validation-01c0aa389bcc8bef69ccbdb52697b28e,1,8937529573088584077,coupled_z1.225_right_edge,TRAINING_COUPLED,shift,0.5006250000000003,0.0,1.225,-0.03580380706903779,0.05415212449333631,0.39333821560640925,-39.98152860421827,1.0,79,0.8391170501708984,-0.5515223610805018,False,,0.15885088480435988,,,,0.9138790317692578,c3cc44ec29e25249,7f03fdc0e5e65e54
MID,validation-01c0aa389bcc8bef69ccbdb52697b28e,1,8937529573088584077,coupled_z1.225_right_edge,TRAINING_COUPLED,shift,0.5006250000000003,0.0,1.225,0.1365085268867599,0.14867078478602855,0.7282123827702578,4.215552906666421,0.9875,83,0.8417189121246338,0.6763354726253269,True,,0.49387969276198246,,,,0.8931030567340894,ee14cc99ce56b121,7f03fdc0e5e65e54
POST,validation-01c0aa389bcc8bef69ccbdb52697b28e,1,8937529573088584077,coupled_z1.225_right_edge,TRAINING_COUPLED,shift,0.5006250000000003,0.0,1.225,0.15666939615984393,0.06211578871314431,0.7247507430208093,14.468703283270125,0.9886363636363636,92,0.8296918272972107,0.9296017519464226,True,,0.4123925312736366,,,,0.9105924367895556,9146e2da30deb2b4,7f03fdc0e5e65e54
PRE,validation-01c0aa389bcc8bef69ccbdb52697b28e,1,8937529573088584077,coupled_z1.4142_left_edge,TRAINING_COUPLED,shift,-1.0000000000000004,0.0,1.4142135623730951,-0.13367543153564077,0.030803575058337584,0.8134360645514466,2.5077873407272264,0.9736842105263158,80,0.8456768989562988,0.9744623840230349,True,,0.19399990326087488,,,,0.8821989753474683,cc34ede3fa1f8aec,7f03fdc0e5e65e54
MID,validation-01c0aa389bcc8bef69ccbdb52697b28e,1,8937529573088584077,coupled_z1.4142_left_edge,TRAINING_COUPLED,shift,-1.0000000000000004,0.0,1.4142135623730951,-0.1229094324310896,-0.002342443179622525,0.9229649722778731,3.4030064679448335,0.9787234042553191,102,0.8805866837501526,0.9998184403037573,True,,0.17385175075668538,,,,0.9275958538046143,9f8be04d8b2fa91d,7f03fdc0e5e65e54
POST,validation-01c0aa389bcc8bef69ccbdb52697b28e,1,8937529573088584077,coupled_z1.4142_left_edge,TRAINING_COUPLED,shift,-1.0000000000000004,0.0,1.4142135623730951,0.07638658307483943,0.12998875005461138,0.5439084915151046,6.314170204196448,1.0,73,0.8354198932647705,-0.5066387472398886,False,,0.21322281873481344,,,,0.8824389506831256,6519d62069e335ec,7f03fdc0e5e65e54
PRE,validation-01c0aa389bcc8bef69ccbdb52697b28e,1,8937529573088584077,coupled_z1.4142_right_edge,TRAINING_COUPLED,shift,1.0000000000000004,0.0,1.4142135623730951,-0.08051747856633992,0.03622104306384652,0.6350741292283103,-2.6170338220001517,1.0,68,0.8029618263244629,-0.9119716078797886,False,,0.12486014828850739,,,,0.8220799353209781,4e1ef970ed6a5bca,7f03fdc0e5e65e54
MID,validation-01c0aa389bcc8bef69ccbdb52697b28e,1,8937529573088584077,coupled_z1.4142_right_edge,TRAINING_COUPLED,shift,1.0000000000000004,0.0,1.4142135623730951,-0.0002985737836523894,0.0890133932848566,0.7130105212179747,-18.54064420959165,1.0,82,0.8383728861808777,-0.003354237974882087,False,,0.12588465617690534,,,,0.900753313346994,2ba835cc1c2668f1,7f03fdc0e5e65e54
POST,validation-01c0aa389bcc8bef69ccbdb52697b28e,1,8937529573088584077,coupled_z1.4142_right_edge,TRAINING_COUPLED,shift,1.0000000000000004,0.0,1.4142135623730951,0.17027498721478462,0.18906356178586692,0.47307362552796883,12.031793242066291,1.0,81,0.8128890991210938,0.6692204429634252,True,,0.3598294086540269,,,,0.9026967287054571,0c7e6c22bf5ec1cc,7f03fdc0e5e65e54
PRE,validation-01c0aa389bcc8bef69ccbdb52697b28e,1,8937529573088584077,coupled_z1.5_left_edge,TRAINING_COUPLED,shift,-1.25,0.0,1.5,-0.19975960612016802,-0.0034801711180483252,0.5225222171494954,3.478877200076318,1.0,80,0.8234764337539673,0.9998482750427647,True,,0.23974790308310437,,,,0.8824731041466176,87ae135bfe6532f7,7f03fdc0e5e65e54
MID,validation-01c0aa389bcc8bef69ccbdb52697b28e,1,8937529573088584077,coupled_z1.5_left_edge,TRAINING_COUPLED,shift,-1.25,0.0,1.5,-0.06545011273014965,-0.03930256809309616,0.6986648277721278,1.4159420063364734,0.9605263157894737,79,0.8354752659797668,0.8573050550817248,True,,0.09161282184141328,,,,0.8502742052069744,7a97e744984cdad7,7f03fdc0e5e65e54
POST,validation-01c0aa389bcc8bef69ccbdb52697b28e,1,8937529573088584077,coupled_z1.5_left_edge,TRAINING_COUPLED,shift,-1.25,0.0,1.5,0.04152037856815754,0.03694494211410071,0.47942563464115734,5.028048260779268,1.0,74,0.8219926357269287,-0.7470702602910163,False,,0.06669313039084766,,,,0.8713039159766066,468ef16cafbab6a6,7f03fdc0e5e65e54
PRE,validation-01c0aa389bcc8bef69ccbdb52697b28e,1,8937529573088584077,coupled_z1.5_right_edge,TRAINING_COUPLED,shift,1.25,0.0,1.5,-0.002427296337563001,0.039250058114834924,0.6541934818718461,-11.90225314554709,1.0,74,0.7774725556373596,-0.06172393700191242,False,,0.04719004889296791,,,,0.804801512049914,d483dde466c27a2f,7f03fdc0e5e65e54
MID,validation-01c0aa389bcc8bef69ccbdb52697b28e,1,8937529573088584077,coupled_z1.5_right_edge,TRAINING_COUPLED,shift,1.25,0.0,1.5,0.003556615467295396,0.06591738467139364,0.6918433803461872,-22.220982578978077,1.0,69,0.8259934186935425,0.0538772848720974,True,,0.07921591763224174,,,,0.8944088753696603,1de824a9407df799,7f03fdc0e5e65e54
POST,validation-01c0aa389bcc8bef69ccbdb52697b28e,1,8937529573088584077,coupled_z1.5_right_edge,TRAINING_COUPLED,shift,1.25,0.0,1.5,0.029543750434616975,0.08809459381831043,0.5539872345735042,-13.99491076674703,1.0,84,0.8046141266822815,0.31795994598438726,True,,0.111499894778644,,,,0.8625783324233012,8183842676785a3b,7f03fdc0e5e65e54
PRE,validation-01c0aa389bcc8bef69ccbdb52697b28e,1,8937529573088584077,legacy_center_z1,EXTRAPOLATION,identity,0.0,0.0,1.0,0.0,0.0,1.0,0.0,1.0,256,1.0,,,,,,,,1.0,1f93bed995348651,7f03fdc0e5e65e54
MID,validation-01c0aa389bcc8bef69ccbdb52697b28e,1,8937529573088584077,legacy_center_z1,EXTRAPOLATION,identity,0.0,0.0,1.0,0.0,0.0,1.0,0.0,1.0,256,1.0,,,,,,,,1.0,48a7bd8dfd5ff08b,7f03fdc0e5e65e54
POST,validation-01c0aa389bcc8bef69ccbdb52697b28e,1,8937529573088584077,legacy_center_z1,EXTRAPOLATION,identity,0.0,0.0,1.0,0.0,0.0,1.0,0.0,1.0,256,1.0,,,,,,,,1.0,aae1665d9a44f192,7f03fdc0e5e65e54
PRE,validation-01c0aa389bcc8bef69ccbdb52697b28e,1,8937529573088584077,coupled_z1.1_center,TRAINING_COUPLED,zoom,0.0,0.0,1.1,5.551115123125783e-17,2.7755575615628914e-17,1.0,5.729504968881529e-15,1.0,189,0.9486742615699768,,,,-0.0,0.0,-0.09531017980432493,False,0.9533777777397371,2b1dcf2403abcc6f,7f03fdc0e5e65e54
MID,validation-01c0aa389bcc8bef69ccbdb52697b28e,1,8937529573088584077,coupled_z1.1_center,TRAINING_COUPLED,zoom,0.0,0.0,1.1,0.012688130139832138,0.02716647981173903,0.9663623896198476,-0.5839666608373907,0.9186991869918699,136,0.914883553981781,,,,0.35900016823995035,-0.03421637058473257,-0.09531017980432493,True,0.9321604967107987,59e106d094a69b30,7f03fdc0e5e65e54
POST,validation-01c0aa389bcc8bef69ccbdb52697b28e,1,8937529573088584077,coupled_z1.1_center,TRAINING_COUPLED,zoom,0.0,0.0,1.1,-0.005472362728520558,-0.01578155533601698,0.9608534729811188,-1.488269528226588,0.8650793650793651,137,0.9003883004188538,,,,0.41898310551801016,-0.039933355121896,-0.09531017980432493,True,0.947396225046614,840fab1e69ed0c06,7f03fdc0e5e65e54
PRE,validation-01c0aa389bcc8bef69ccbdb52697b28e,1,8937529573088584077,coupled_z1.225_center,TRAINING_COUPLED,zoom,0.0,0.0,1.225,0.04066864752320638,0.04107873543275212,0.925652329034057,1.641326101717345,0.9097744360902256,148,0.9042478799819946,,,,0.380685168751912,-0.07725656944353552,-0.20294084399669038,True,0.9208819128650599,80b0e5fc1e0ad987,7f03fdc0e5e65e54
MID,validation-01c0aa389bcc8bef69ccbdb52697b28e,1,8937529573088584077,coupled_z1.225_center,TRAINING_COUPLED,zoom,0.0,0.0,1.225,0.05521569642805414,0.03161746067383181,0.9320218282851327,0.887722686685591,0.991869918699187,132,0.9012340307235718,,,,0.34689440665361765,-0.0703990436640163,-0.20294084399669038,True,0.9078049063673477,405f9b29241964f2,7f03fdc0e5e65e54
POST,validation-01c0aa389bcc8bef69ccbdb52697b28e,1,8937529573088584077,coupled_z1.225_center,TRAINING_COUPLED,zoom,0.0,0.0,1.225,0.04322450120067249,-0.004620309252075759,0.9185926511943787,-3.20100942670287,0.9183673469387755,108,0.8848111033439636,,,,0.4184101408878953,-0.0849125071285636,-0.20294084399669038,True,0.9469535319171932,bd858ae7b38bdefb,7f03fdc0e5e65e54
PRE,validation-01c0aa389bcc8bef69ccbdb52697b28e,1,8937529573088584077,coupled_z1.4142_center,TRAINING_COUPLED,zoom,0.0,0.0,1.4142135623730951,0.03611286710739194,0.05466404517255777,0.8966067615958858,2.727607177860831,0.9814814814814815,118,0.897806704044342,,,,0.3149054312739656,-0.10913790591528144,-0.3465735902799727,True,0.9248757913625404,9ccf8901112e8fb5,7f03fdc0e5e65e54
MID,validation-01c0aa389bcc8bef69ccbdb52697b28e,1,8937529573088584077,coupled_z1.4142_center,TRAINING_COUPLED,zoom,0.0,0.0,1.4142135623730951,0.061934015339626,0.02601661625663387,0.8675396508310456,-0.05285342616853111,0.9523809523809523,111,0.8902148604393005,,,,0.4099967948539231,-0.14209406119580556,-0.3465735902799727,True,0.915819937932764,2d77579b6c05ddbe,7f03fdc0e5e65e54
POST,validation-01c0aa389bcc8bef69ccbdb52697b28e,1,8937529573088584077,coupled_z1.4142_center,TRAINING_COUPLED,zoom,0.0,0.0,1.4142135623730951,0.10304131859095056,0.05897791001784004,0.827137657134936,-3.9868148958002694,0.9894736842105263,102,0.8657019138336182,,,,0.5476012873561511,-0.18978414420095632,-0.3465735902799727,True,0.9281154956670663,920c24d7a722816a,7f03fdc0e5e65e54
PRE,validation-01c0aa389bcc8bef69ccbdb52697b28e,1,8937529573088584077,coupled_z1.5_center,TRAINING_COUPLED,zoom,0.0,0.0,1.5,0.008848733415871508,0.06773923227739082,0.8789824040832765,0.19411997332682,0.9380530973451328,120,0.8896143436431885,,,,0.31812946915934753,-0.1289903996050878,-0.4054651081081644,True,0.9309489727010953,38225e4f48e52a88,7f03fdc0e5e65e54
MID,validation-01c0aa389bcc8bef69ccbdb52697b28e,1,8937529573088584077,coupled_z1.5_center,TRAINING_COUPLED,zoom,0.0,0.0,1.5,0.05583056288035714,0.07883728265689297,0.7806957916566258,-2.8852429413150475,0.97,103,0.8500705361366272,,,,0.6105820486008137,-0.24756971634483338,-0.4054651081081644,True,0.9136004447927875,9a7a99e3453d3341,7f03fdc0e5e65e54
POST,validation-01c0aa389bcc8bef69ccbdb52697b28e,1,8937529573088584077,coupled_z1.5_center,TRAINING_COUPLED,zoom,0.0,0.0,1.5,0.11027902954853216,0.07079395711438717,0.77472446222498,-4.321080259154901,0.9753086419753086,84,0.8493719696998596,,,,0.6295186450182322,-0.25524784545842266,-0.4054651081081644,True,0.916620731352843,046e5d28e0834a88,7f03fdc0e5e65e54
PRE,validation-01c0aa389bcc8bef69ccbdb52697b28e,2,7284769964114763767,coupled_z1.1_left_edge,TRAINING_COUPLED,shift,-0.2100000000000002,0.0,1.1,-0.04961454917565069,0.014349555300257971,1.0068380240651877,2.7033078373116664,0.8362068965517241,134,0.9112317562103271,0.9606291446732225,True,,0.27053700711866874,,,,0.9602127051470635,fe9d2ed85f9137da,cd4f4257c268753e
MID,validation-01c0aa389bcc8bef69ccbdb52697b28e,2,7284769964114763767,coupled_z1.1_left_edge,TRAINING_COUPLED,shift,-0.2100000000000002,0.0,1.1,-0.04889271906452351,0.029108621057708284,0.9836642809757625,4.415941724995316,0.8793103448275862,135,0.9185550212860107,0.8592479878926099,True,,0.2980568153717239,,,,0.9642392992963684,fdde6a851856aba4,cd4f4257c268753e
POST,validation-01c0aa389bcc8bef69ccbdb52697b28e,2,7284769964114763767,coupled_z1.1_left_edge,TRAINING_COUPLED,shift,-0.2100000000000002,0.0,1.1,-0.0577506618799138,0.036336398498922756,0.9772853677974939,5.253377960079993,0.8925619834710744,140,0.912600040435791,0.8463988586407213,True,,0.35740060832857024,,,,0.9421313370535094,acc7b61ac558571d,cd4f4257c268753e
PRE,validation-01c0aa389bcc8bef69ccbdb52697b28e,2,7284769964114763767,coupled_z1.1_right_edge,TRAINING_COUPLED,shift,0.2100000000000002,0.0,1.1,0.013114642241935523,0.0016407144510375438,0.9930761989366018,0.1896112570113279,0.8827586206896552,159,0.9334201216697693,0.9922649814192652,True,,0.06923125005512354,,,,0.9681910238484027,d02411e547a0cc7d,cd4f4257c268753e
MID,validation-01c0aa389bcc8bef69ccbdb52697b28e,2,7284769964114763767,coupled_z1.1_right_edge,TRAINING_COUPLED,shift,0.2100000000000002,0.0,1.1,0.08598809527403817,-0.006614323713139303,0.9107901832989246,2.2206648185028954,0.9836065573770492,129,0.9073147773742676,0.9970546141472635,True,,0.45174439390732957,,,,0.9372694492330714,929a8f3a1387de6c,cd4f4257c268753e
POST,validation-01c0aa389bcc8bef69ccbdb52697b28e,2,7284769964114763767,coupled_z1.1_right_edge,TRAINING_COUPLED,shift,0.2100000000000002,0.0,1.1,0.0646920106730419,0.005203561307699958,0.9526414752036497,1.8026641919767403,0.9824561403508771,129,0.9031972885131836,0.996780644788306,True,,0.3399573565093496,,,,0.9251071721433892,69913b90db14b93f,cd4f4257c268753e
PRE,validation-01c0aa389bcc8bef69ccbdb52697b28e,2,7284769964114763767,coupled_z1.225_left_edge,TRAINING_COUPLED,shift,-0.5006250000000003,0.0,1.225,-0.16340260267471712,0.006330154319399484,0.8862319597972667,8.947893969952599,0.9375,123,0.8949083089828491,0.9992504645526376,True,,0.4001364973095568,,,,0.9635161139667003,ef81d52980f00db7,cd4f4257c268753e
MID,validation-01c0aa389bcc8bef69ccbdb52697b28e,2,7284769964114763767,coupled_z1.225_left_edge,TRAINING_COUPLED,shift,-0.5006250000000003,0.0,1.225,-0.12631655591782615,0.034430233076556294,0.9631314224361026,8.378653934330195,0.9391304347826087,127,0.9021905064582825,0.9648020779360913,True,,0.3203653967593845,,,,0.9596075391525889,c6a381b867d5f61b,cd4f4257c268753e
POST,validation-01c0aa389bcc8bef69ccbdb52697b28e,2,7284769964114763767,coupled_z1.225_left_edge,TRAINING_COUPLED,shift,-0.5006250000000003,0.0,1.225,-0.19355641163527848,0.04380436758451711,0.9406163115838497,11.160595105451874,0.9910714285714286,123,0.889619767665863,0.9753347020955531,True,,0.48559861656255887,,,,0.9373493119885264,839ecb21f5a5419a,cd4f4257c268753e
PRE,validation-01c0aa389bcc8bef69ccbdb52697b28e,2,7284769964114763767,coupled_z1.225_right_edge,TRAINING_COUPLED,shift,0.5006250000000003,0.0,1.225,-0.12364865700945375,0.1502145856362707,0.6073595963661943,-41.150126655349844,1.0,79,0.8464516997337341,-0.6355312161492233,False,,0.47607576263854023,,,,0.90169995437174,48e2a22efcee11a4,cd4f4257c268753e
MID,validation-01c0aa389bcc8bef69ccbdb52697b28e,2,7284769964114763767,coupled_z1.225_right_edge,TRAINING_COUPLED,shift,0.5006250000000003,0.0,1.225,0.2148880129974552,0.1099551140178549,0.6303768647782882,-4.418640953616194,1.0,85,0.8160796165466309,0.8902273158704068,True,,0.5906562846543351,,,,0.898452222346361,4333cc71e52e7208,cd4f4257c268753e
POST,validation-01c0aa389bcc8bef69ccbdb52697b28e,2,7284769964114763767,coupled_z1.225_right_edge,TRAINING_COUPLED,shift,0.5006250000000003,0.0,1.225,0.12146687899029775,0.1199030637610818,0.7681048557728007,-3.0856795684899763,1.0,94,0.8391454219818115,0.7116731290177349,True,,0.4176388196996788,,,,0.8655196267977198,7c39c94b052f0298,cd4f4257c268753e
PRE,validation-01c0aa389bcc8bef69ccbdb52697b28e,2,7284769964114763767,coupled_z1.4142_left_edge,TRAINING_COUPLED,shift,-1.0000000000000004,0.0,1.4142135623730951,-0.12552853866416996,0.028913471313144177,0.8018828668737592,4.503868920286082,0.9891304347826086,96,0.8645755648612976,0.9744840712886372,True,,0.1821724613795291,,,,0.9229972270714623,86aef0efae6c3031,cd4f4257c268753e
MID,validation-01c0aa389bcc8bef69ccbdb52697b28e,2,7284769964114763767,coupled_z1.4142_left_edge,TRAINING_COUPLED,shift,-1.0000000000000004,0.0,1.4142135623730951,-0.2288650585414841,0.051582971016595786,0.8942160788048109,15.909965461279262,0.967032967032967,99,0.8786279559135437,0.9755290563604186,True,,0.3317831156647241,,,,0.9427651762952913,987238d3bcf04db0,cd4f4257c268753e
POST,validation-01c0aa389bcc8bef69ccbdb52697b28e,2,7284769964114763767,coupled_z1.4142_left_edge,TRAINING_COUPLED,shift,-1.0000000000000004,0.0,1.4142135623730951,-0.030439051257795988,0.1100914425648145,0.6802972522847851,-16.494428669508466,1.0,74,0.818097710609436,0.26649030478290386,True,,0.16153427851373572,,,,0.8223057283337076,0361ea6268381ec3,cd4f4257c268753e
PRE,validation-01c0aa389bcc8bef69ccbdb52697b28e,2,7284769964114763767,coupled_z1.4142_right_edge,TRAINING_COUPLED,shift,1.0000000000000004,0.0,1.4142135623730951,0.1518349088980407,0.16650014039685507,0.5913028418635051,-17.132957051381236,1.0,59,0.7295855283737183,0.6738167577056686,True,,0.3186726731687194,,,,0.7895127409398255,dda067bcdca0b5ba,cd4f4257c268753e
MID,validation-01c0aa389bcc8bef69ccbdb52697b28e,2,7284769964114763767,coupled_z1.4142_right_edge,TRAINING_COUPLED,shift,1.0000000000000004,0.0,1.4142135623730951,0.15736572528414794,0.13000109463083573,0.5135684956972943,-22.52616018180661,1.0,70,0.8050857782363892,0.7709537614461505,True,,0.28866678402414575,,,,0.848730266093359,f634c5e87753afe2,cd4f4257c268753e
POST,validation-01c0aa389bcc8bef69ccbdb52697b28e,2,7284769964114763767,coupled_z1.4142_right_edge,TRAINING_COUPLED,shift,1.0000000000000004,0.0,1.4142135623730951,0.28830623376727327,0.1499933968569039,0.6926478341890686,-7.499528390926145,1.0,76,0.786421000957489,0.8871233855963093,True,,0.45960527309799704,,,,0.836408366942068,2d4deeafce1632c7,cd4f4257c268753e
PRE,validation-01c0aa389bcc8bef69ccbdb52697b28e,2,7284769964114763767,coupled_z1.5_left_edge,TRAINING_COUPLED,shift,-1.25,0.0,1.5,-0.1698809068633497,-0.010796444987131702,0.6136050582836536,2.755873765829036,1.0,74,0.8336008191108704,0.9979866037110603,True,,0.20426836139536372,,,,0.8838912775442868,c7f6d5c461b8b0ee,cd4f4257c268753e
MID,validation-01c0aa389bcc8bef69ccbdb52697b28e,2,7284769964114763767,coupled_z1.5_left_edge,TRAINING_COUPLED,shift,-1.25,0.0,1.5,-0.22787802871326487,0.033224845848779286,0.8836883777604937,13.267676079920191,0.98989898989899,108,0.8788840770721436,0.9895375484825133,True,,0.27634487935686985,,,,0.9253624677648826,d6f84b02bfb60f4c,cd4f4257c268753e
POST,validation-01c0aa389bcc8bef69ccbdb52697b28e,2,7284769964114763767,coupled_z1.5_left_edge,TRAINING_COUPLED,shift,-1.25,0.0,1.5,-0.06813593393929417,0.0872559765702848,0.571586234298613,-4.629262987614133,1.0,73,0.7867010235786438,0.6154600551527618,True,,0.13284878529764615,,,,0.8261591688481157,a272af3868c21a80,cd4f4257c268753e
PRE,validation-01c0aa389bcc8bef69ccbdb52697b28e,2,7284769964114763767,coupled_z1.5_right_edge,TRAINING_COUPLED,shift,1.25,0.0,1.5,0.12135552505147562,0.1728843514070007,0.5511605097606003,-16.402102796031482,1.0,58,0.7105962634086609,0.574530974115479,True,,0.25347045959557424,,,,0.7263771728494756,eabaeaa1793d75a4,cd4f4257c268753e
MID,validation-01c0aa389bcc8bef69ccbdb52697b28e,2,7284769964114763767,coupled_z1.5_right_edge,TRAINING_COUPLED,shift,1.25,0.0,1.5,0.16579133660975195,0.13233458412828744,0.520272564808001,-14.563418140779115,1.0,63,0.7938591241836548,0.7815547209629099,True,,0.25455620520782246,,,,0.8346681594840285,806859aac338bf58,cd4f4257c268753e
POST,validation-01c0aa389bcc8bef69ccbdb52697b28e,2,7284769964114763767,coupled_z1.5_right_edge,TRAINING_COUPLED,shift,1.25,0.0,1.5,0.2613678551178551,0.2395231457731457,0.8048189018496842,-0.7535069269931912,1.0,66,0.7920851707458496,0.7372441328413675,True,,0.42542410603062825,,,,0.830396274374641,0023b232029e317d,cd4f4257c268753e
PRE,validation-01c0aa389bcc8bef69ccbdb52697b28e,2,7284769964114763767,legacy_center_z1,EXTRAPOLATION,identity,0.0,0.0,1.0,0.0,0.0,1.0,0.0,1.0,256,1.0,,,,,,,,1.0,66bf50653b4353cb,cd4f4257c268753e
MID,validation-01c0aa389bcc8bef69ccbdb52697b28e,2,7284769964114763767,legacy_center_z1,EXTRAPOLATION,identity,0.0,0.0,1.0,0.0,0.0,1.0,0.0,1.0,256,1.0,,,,,,,,1.0,6ae688f7cb19e767,cd4f4257c268753e
POST,validation-01c0aa389bcc8bef69ccbdb52697b28e,2,7284769964114763767,legacy_center_z1,EXTRAPOLATION,identity,0.0,0.0,1.0,0.0,0.0,1.0,0.0,1.0,256,1.0,,,,,,,,1.0,099faa31be6aa954,cd4f4257c268753e
PRE,validation-01c0aa389bcc8bef69ccbdb52697b28e,2,7284769964114763767,coupled_z1.1_center,TRAINING_COUPLED,zoom,0.0,0.0,1.1,-0.00253871459862115,0.003115065667800178,0.9933908672728732,-0.04153737443467801,0.9078947368421053,167,0.9239381551742554,,,,0.06957357302599622,-0.006631069754737031,-0.09531017980432493,True,0.9764782786359558,227e4feb7a042f33,cd4f4257c268753e
MID,validation-01c0aa389bcc8bef69ccbdb52697b28e,2,7284769964114763767,coupled_z1.1_center,TRAINING_COUPLED,zoom,0.0,0.0,1.1,-0.07299530026372977,-0.042698515952377294,0.8969745542939779,-1.642970556128562,0.8247422680412371,110,0.9065327048301697,,,,1.1407783000113088,-0.10872778489094997,-0.09531017980432493,True,0.9414406383886841,f042da05243b0e9f,cd4f4257c268753e
POST,validation-01c0aa389bcc8bef69ccbdb52697b28e,2,7284769964114763767,coupled_z1.1_center,TRAINING_COUPLED,zoom,0.0,0.0,1.1,-0.15660815822139962,0.022014356360756528,0.7722439352898365,-9.476784713167227,0.9611650485436893,107,0.8904588222503662,,,,2.711722934988831,-0.2584548005132972,-0.09531017980432493,True,0.9416918123767384,9b7b66b66f2bdc34,cd4f4257c268753e
PRE,validation-01c0aa389bcc8bef69ccbdb52697b28e,2,7284769964114763767,coupled_z1.225_center,TRAINING_COUPLED,zoom,0.0,0.0,1.225,0.024311860796012802,-0.0077564283973618545,0.9509662755155752,-3.443946428175508,0.8807339449541285,123,0.8850328326225281,,,,0.24774056421631668,-0.05027667919427558,-0.20294084399669038,True,0.9448621207301849,1f855994d897ec32,cd4f4257c268753e
MID,validation-01c0aa389bcc8bef69ccbdb52697b28e,2,7284769964114763767,coupled_z1.225_center,TRAINING_COUPLED,zoom,0.0,0.0,1.225,-0.16830206396782638,0.03731050032791506,0.6733396554259908,-20.102203505494337,0.989247311827957,95,0.8871840834617615,,,,1.9488703223240955,-0.395505388052554,-0.20294084399669038,True,0.9503020018509661,15aaeba23d276885,cd4f4257c268753e
POST,validation-01c0aa389bcc8bef69ccbdb52697b28e,2,7284769964114763767,coupled_z1.225_center,TRAINING_COUPLED,zoom,0.0,0.0,1.225,-0.11596181661316722,0.034778823096540096,0.8181667037907034,-5.1492528677192295,0.9387755102040817,106,0.8848146200180054,,,,0.9889047705978323,-0.20068916877747758,-0.20294084399669038,True,0.9318913776800479,cc89f2fb3223a545,cd4f4257c268753e
PRE,validation-01c0aa389bcc8bef69ccbdb52697b28e,2,7284769964114763767,coupled_z1.4142_center,TRAINING_COUPLED,zoom,0.0,0.0,1.4142135623730951,-0.09416111989408295,0.07943202957409726,0.6188664522480783,-10.405899773049308,1.0,95,0.8761526942253113,,,,1.3845999539854983,-0.47986577715423917,-0.3465735902799727,True,0.9098102396604404,7fe83df8da64c653,cd4f4257c268753e
MID,validation-01c0aa389bcc8bef69ccbdb52697b28e,2,7284769964114763767,coupled_z1.4142_center,TRAINING_COUPLED,zoom,0.0,0.0,1.4142135623730951,-0.09725278656830873,0.05292488416300345,0.5996329444464263,-22.961107578429424,1.0,95,0.8734294176101685,,,,1.4756968925700238,-0.5114375702229923,-0.3465735902799727,True,0.9270460009565619,cb6b3a761343eb8e,cd4f4257c268753e
POST,validation-01c0aa389bcc8bef69ccbdb52697b28e,2,7284769964114763767,coupled_z1.4142_center,TRAINING_COUPLED,zoom,0.0,0.0,1.4142135623730951,-0.13647004493768022,-0.00472721287554646,0.8571511440958057,-9.599801789209296,0.9101123595505618,98,0.8772960305213928,,,,0.4447569465339267,-0.15414101176222084,-0.3465735902799727,True,0.9184939764125671,d5f5b031358299b9,cd4f4257c268753e
PRE,validation-01c0aa389bcc8bef69ccbdb52697b28e,2,7284769964114763767,coupled_z1.5_center,TRAINING_COUPLED,zoom,0.0,0.0,1.5,-0.053013861214866426,0.0659649032886349,0.6308399741704642,-10.090127494028165,1.0,90,0.8668743371963501,,,,1.1362335404321675,-0.46070305530745115,-0.4054651081081644,True,0.9011138022600821,23c0c33c6a399f6c,cd4f4257c268753e
MID,validation-01c0aa389bcc8bef69ccbdb52697b28e,2,7284769964114763767,coupled_z1.5_center,TRAINING_COUPLED,zoom,0.0,0.0,1.5,-0.10509861045635903,0.03564514320865576,0.5996725403956674,-20.67748888415677,1.0,91,0.8645568490028381,,,,1.261197396598851,-0.5113715387576886,-0.4054651081081644,True,0.9326807856550425,9b4d6aa4b2aa2652,cd4f4257c268753e
POST,validation-01c0aa389bcc8bef69ccbdb52697b28e,2,7284769964114763767,coupled_z1.5_center,TRAINING_COUPLED,zoom,0.0,0.0,1.5,-0.11305394675939663,-0.022292129030726644,0.8195734982032005,-13.663964287780015,0.9777777777777777,93,0.8733220100402832,,,,0.4907233549789959,-0.19897119817775968,-0.4054651081081644,True,0.9096925800846409,5dabb659d01ed78e,cd4f4257c268753e
PRE,validation-033c6ff1562f9dabea05e4c63b022900,0,4528642544356199577,coupled_z1.1_left_edge,TRAINING_COUPLED,shift,-0.2100000000000002,0.0,1.1,-0.01186939324561486,0.06738461332881975,0.5369731499926658,-21.49127719437073,1.0,105,0.9354285001754761,0.17347337280257116,True,,0.35840089594000063,,,,0.952284216879846,eac68137a1910a90,6b8aa7f386986d03
MID,validation-033c6ff1562f9dabea05e4c63b022900,0,4528642544356199577,coupled_z1.1_left_edge,TRAINING_COUPLED,shift,-0.2100000000000002,0.0,1.1,-0.05709331211063483,0.026260926734112164,0.6011803899188845,-3.960766301546162,1.0,122,0.9525375962257385,0.9085025159660445,True,,0.32917928240503797,,,,0.9447388714853767,81bbb1718086bea7,6b8aa7f386986d03
POST,validation-033c6ff1562f9dabea05e4c63b022900,0,4528642544356199577,coupled_z1.1_left_edge,TRAINING_COUPLED,shift,-0.2100000000000002,0.0,1.1,-0.1119305493770604,0.03742986589637608,0.5734195047735433,-7.168556525175898,1.0,123,0.9536108374595642,0.9483786402311418,True,,0.6182160297499391,,,,0.9426414966573825,d72334de1ca14123,6b8aa7f386986d03
PRE,validation-033c6ff1562f9dabea05e4c63b022900,0,4528642544356199577,coupled_z1.1_right_edge,TRAINING_COUPLED,shift,0.2100000000000002,0.0,1.1,0.15051144723401458,0.021607649919874086,0.9072806694998585,1.3456215930306035,0.9183673469387755,109,0.9466134905815125,0.9898516478318827,True,,0.7964762161431045,,,,0.96562516484314,9ddafe0c1cb0bf34,6b8aa7f386986d03
MID,validation-033c6ff1562f9dabea05e4c63b022900,0,4528642544356199577,coupled_z1.1_right_edge,TRAINING_COUPLED,shift,0.2100000000000002,0.0,1.1,0.11313905860900568,-0.0032837440635758927,0.9449018836479667,1.7396534262046006,0.9017857142857143,129,0.95537930727005,0.9995790706065891,True,,0.5928827258811532,,,,0.9610197544088289,a0fd91611beb7950,6b8aa7f386986d03
POST,validation-033c6ff1562f9dabea05e4c63b022900,0,4528642544356199577,coupled_z1.1_right_edge,TRAINING_COUPLED,shift,0.2100000000000002,0.0,1.1,0.12183846588419764,0.010935590425899876,0.5175586567247199,7.420303351046343,1.0,99,0.9417346715927124,0.9959962099844758,True,,0.6407669843919024,,,,0.9152945825624005,690505bc733bb46d,6b8aa7f386986d03
PRE,validation-033c6ff1562f9dabea05e4c63b022900,0,4528642544356199577,coupled_z1.225_left_edge,TRAINING_COUPLED,shift,-0.5006250000000003,0.0,1.225,0.04689988345878486,0.03598050904750182,0.48747353384528963,-26.003010589168223,1.0,92,0.9334940910339355,-0.7934108335572535,False,,0.14464292398948156,,,,0.9465054837757113,0f9a1c12f2c2970a,6b8aa7f386986d03
MID,validation-033c6ff1562f9dabea05e4c63b022900,0,4528642544356199577,coupled_z1.225_left_edge,TRAINING_COUPLED,shift,-0.5006250000000003,0.0,1.225,-0.048408947925305285,0.0027797835225485262,0.5867582727008402,0.0034905206462858876,1.0,123,0.9490084648132324,0.9983553697577658,True,,0.11864898880735063,,,,0.9585952758779476,1ccc7748a6d4f93c,6b8aa7f386986d03
POST,validation-033c6ff1562f9dabea05e4c63b022900,0,4528642544356199577,coupled_z1.225_left_edge,TRAINING_COUPLED,shift,-0.5006250000000003,0.0,1.225,-0.15579066516731882,0.03463593525881157,0.5964956607344937,-4.434997152728461,1.0,115,0.9494468569755554,0.9761661073701859,True,,0.39051818487182416,,,,0.9469459056844778,c9ca773fbacc0813,6b8aa7f386986d03
PRE,validation-033c6ff1562f9dabea05e4c63b022900,0,4528642544356199577,coupled_z1.225_right_edge,TRAINING_COUPLED,shift,0.5006250000000003,0.0,1.225,0.18172298600215622,0.008735504737529466,0.7568310594364183,-0.5409749711419484,0.897196261682243,112,0.9340485334396362,0.9988466146824726,True,,0.445178946705291,,,,0.9581938361035442,efb1e07a9c250425,6b8aa7f386986d03
MID,validation-033c6ff1562f9dabea05e4c63b022900,0,4528642544356199577,coupled_z1.225_right_edge,TRAINING_COUPLED,shift,0.5006250000000003,0.0,1.225,0.1897868419950584,0.020309476946270777,0.7338924491294558,6.64756216608152,0.9482758620689655,121,0.9492820501327515,0.994322924072849,True,,0.46704873744320313,,,,0.9662885069837444,cb89c5d701afc1e2,6b8aa7f386986d03
POST,validation-033c6ff1562f9dabea05e4c63b022900,0,4528642544356199577,coupled_z1.225_right_edge,TRAINING_COUPLED,shift,0.5006250000000003,0.0,1.225,0.08376078060184251,-0.00874158268590995,0.541263423084704,0.5569365070350796,1.0,96,0.9401968121528625,0.9945981984638282,True,,0.20607086926253856,,,,0.9382941090034466,d037f8ef9bd1ee10,6b8aa7f386986d03
PRE,validation-033c6ff1562f9dabea05e4c63b022900,0,4528642544356199577,coupled_z1.4142_left_edge,TRAINING_COUPLED,shift,-1.0000000000000004,0.0,1.4142135623730951,-0.00149374020685214,0.008088879416204543,0.46831286935512356,-5.374284424685356,1.0,96,0.9321326613426208,0.18159551852387726,True,,0.011632818232523379,,,,0.9319363236417987,add74fc1474a3330,6b8aa7f386986d03
MID,validation-033c6ff1562f9dabea05e4c63b022900,0,4528642544356199577,coupled_z1.4142_left_edge,TRAINING_COUPLED,shift,-1.0000000000000004,0.0,1.4142135623730951,-0.08734513946017944,0.010498810083441062,0.5667508208659299,-0.5423744452854047,1.0,107,0.9435552358627319,0.9928534308826324,True,,0.12441381274188451,,,,0.9495140910139125,11ecb3c848535072,6b8aa7f386986d03
POST,validation-033c6ff1562f9dabea05e4c63b022900,0,4528642544356199577,coupled_z1.4142_left_edge,TRAINING_COUPLED,shift,-1.0000000000000004,0.0,1.4142135623730951,-0.02981285205257319,0.052242601561833246,0.48290042698306374,-9.930328884742774,1.0,105,0.9491129517555237,0.49563675849124206,True,,0.08506580470973135,,,,0.9284402217330919,697ea8a08486c230,6b8aa7f386986d03
PRE,validation-033c6ff1562f9dabea05e4c63b022900,0,4528642544356199577,coupled_z1.4142_right_edge,TRAINING_COUPLED,shift,1.0000000000000004,0.0,1.4142135623730951,0.18702215558688606,-0.07272102679356528,0.4981766829684544,5.341575049445023,1.0,84,0.9245932698249817,0.9320211875003118,True,,0.2837803179160804,,,,0.9350051283827013,92563326c076a555,6b8aa7f386986d03
MID,validation-033c6ff1562f9dabea05e4c63b022900,0,4528642544356199577,coupled_z1.4142_right_edge,TRAINING_COUPLED,shift,1.0000000000000004,0.0,1.4142135623730951,0.025681566471724364,0.003568220802550013,0.5005004775693365,10.610062241117909,1.0,88,0.9156891107559204,0.9904852477757993,True,,0.036668107563313034,,,,0.9392600655546332,53a1357c0656d97b,6b8aa7f386986d03
POST,validation-033c6ff1562f9dabea05e4c63b022900,0,4528642544356199577,coupled_z1.4142_right_edge,TRAINING_COUPLED,shift,1.0000000000000004,0.0,1.4142135623730951,0.14167202496029835,-0.11096288896177128,0.5162991503247553,-2.7218007838934426,1.0,89,0.9381116628646851,0.7872645528339873,True,,0.2544945004635415,,,,0.9072223901739584,3bd125181ebfa6ac,6b8aa7f386986d03
PRE,validation-033c6ff1562f9dabea05e4c63b022900,0,4528642544356199577,coupled_z1.5_left_edge,TRAINING_COUPLED,shift,-1.25,0.0,1.5,-0.021562106583008424,-0.02113252060997404,0.4722092754848735,-11.43809722601134,1.0,97,0.9176120758056641,0.7141854163149588,True,,0.03622942629112845,,,,0.9220342636099177,f272bc1061ff9554,6b8aa7f386986d03
MID,validation-033c6ff1562f9dabea05e4c63b022900,0,4528642544356199577,coupled_z1.5_left_edge,TRAINING_COUPLED,shift,-1.25,0.0,1.5,-0.1008051816187548,-0.0006412049477124704,0.543424602681825,-4.5218472827418195,1.0,104,0.9460721611976624,0.999979770502352,True,,0.12096866507639142,,,,0.9428638219823945,590b870d1023255e,6b8aa7f386986d03
POST,validation-033c6ff1562f9dabea05e4c63b022900,0,4528642544356199577,coupled_z1.5_left_edge,TRAINING_COUPLED,shift,-1.25,0.0,1.5,-0.02588533125379877,0.005340657576348339,0.5516354784280687,-16.289020511551534,1.0,104,0.9464588165283203,0.9793723298308835,True,,0.03171663784754061,,,,0.9503793716421159,4a84a9b42f012b8d,6b8aa7f386986d03
PRE,validation-033c6ff1562f9dabea05e4c63b022900,0,4528642544356199577,coupled_z1.5_right_edge,TRAINING_COUPLED,shift,1.25,0.0,1.5,-0.013832062937738804,-0.005245214270526611,0.3275720267250147,26.07893088548809,1.0,82,0.8686355948448181,-0.9350295835447525,False,,0.017751818569220364,,,,0.876750946044045,5935b5b072c3f6bf,6b8aa7f386986d03
MID,validation-033c6ff1562f9dabea05e4c63b022900,0,4528642544356199577,coupled_z1.5_right_edge,TRAINING_COUPLED,shift,1.25,0.0,1.5,0.018374566697213685,0.03422977077478063,0.4811028724985811,-8.00327175173524,1.0,94,0.9190503358840942,0.47296504602992345,True,,0.04661968198508338,,,,0.9457346200933535,e7d8dffbf009ce21,6b8aa7f386986d03
POST,validation-033c6ff1562f9dabea05e4c63b022900,0,4528642544356199577,coupled_z1.5_right_edge,TRAINING_COUPLED,shift,1.25,0.0,1.5,0.15347698008584149,-0.00659406574071607,0.48969445235792536,-0.9875775790149138,1.0,94,0.9334225058555603,0.9990783005964519,True,,0.18434228427503613,,,,0.9069525003424157,8e6def1776459a5c,6b8aa7f386986d03
PRE,validation-033c6ff1562f9dabea05e4c63b022900,0,4528642544356199577,legacy_center_z1,EXTRAPOLATION,identity,0.0,0.0,1.0,0.0,0.0,1.0,0.0,1.0,256,1.0,,,,,,,,1.0,466261a65c657a2d,6b8aa7f386986d03
MID,validation-033c6ff1562f9dabea05e4c63b022900,0,4528642544356199577,legacy_center_z1,EXTRAPOLATION,identity,0.0,0.0,1.0,0.0,0.0,1.0,0.0,1.0,256,1.0,,,,,,,,1.0,64ce513245ff4ade,6b8aa7f386986d03
POST,validation-033c6ff1562f9dabea05e4c63b022900,0,4528642544356199577,legacy_center_z1,EXTRAPOLATION,identity,0.0,0.0,1.0,0.0,0.0,1.0,0.0,1.0,256,1.0,,,,,,,,1.0,f18c904fc9ba36f4,6b8aa7f386986d03
PRE,validation-033c6ff1562f9dabea05e4c63b022900,0,4528642544356199577,coupled_z1.1_center,TRAINING_COUPLED,zoom,0.0,0.0,1.1,0.007688725053015443,-0.02190379927462988,0.49540578731301693,-0.8086919641437551,1.0,78,0.8887602090835571,,,,7.3693920348881194,-0.7023780798937467,-0.09531017980432493,True,0.944825828074464,d5c741623e43d812,6b8aa7f386986d03
MID,validation-033c6ff1562f9dabea05e4c63b022900,0,4528642544356199577,coupled_z1.1_center,TRAINING_COUPLED,zoom,0.0,0.0,1.1,-0.09551137890063505,0.024425100328751483,0.556928362498316,-2.8125475219302127,1.0,84,0.915191650390625,,,,6.141197736032556,-0.5853186604351761,-0.09531017980432493,True,0.9426438212385287,b8f33895e66eb891,6b8aa7f386986d03
POST,validation-033c6ff1562f9dabea05e4c63b022900,0,4528642544356199577,coupled_z1.1_center,TRAINING_COUPLED,zoom,0.0,0.0,1.1,-0.04917042083287552,-0.010508571971598012,0.5428219201627239,2.6141765204087686,1.0,86,0.8983574509620667,,,,6.410374732196996,-0.610973968338797,-0.09531017980432493,True,0.936774667308268,4814a9789962c783,6b8aa7f386986d03
PRE,validation-033c6ff1562f9dabea05e4c63b022900,0,4528642544356199577,coupled_z1.225_center,TRAINING_COUPLED,zoom,0.0,0.0,1.225,0.016218588833611172,0.011452377774015423,0.508749013696713,5.764410167353164,1.0,83,0.8901163339614868,,,,3.330036810716685,-0.6758004809068912,-0.20294084399669038,True,0.9370955824842618,2730fcad68a8f401,6b8aa7f386986d03
MID,validation-033c6ff1562f9dabea05e4c63b022900,0,4528642544356199577,coupled_z1.225_center,TRAINING_COUPLED,zoom,0.0,0.0,1.225,-0.06061774976701346,-0.0074632751562007105,0.6113003091172241,5.142148466262179,1.0,76,0.911787211894989,,,,2.4251743837417234,-0.49216693627569885,-0.20294084399669038,True,0.9453006982793891,a4a0a7a9d113c912,6b8aa7f386986d03
POST,validation-033c6ff1562f9dabea05e4c63b022900,0,4528642544356199577,coupled_z1.225_center,TRAINING_COUPLED,zoom,0.0,0.0,1.225,-0.1448244456604938,0.023068356747965812,0.5918627555864162,-10.184178117677726,1.0,116,0.9408906698226929,,,,2.584400914206941,-0.5244805027549748,-0.20294084399669038,True,0.933469414710065,bbd2b33d36f6eacf,6b8aa7f386986d03
PRE,validation-033c6ff1562f9dabea05e4c63b022900,0,4528642544356199577,coupled_z1.4142_center,TRAINING_COUPLED,zoom,0.0,0.0,1.4142135623730951,-0.04173723105346212,-0.02600879007736423,0.929234613608274,-0.3476815785759071,0.8942307692307693,118,0.9408720135688782,,,,0.21177039988221247,-0.07339402780220389,-0.3465735902799727,True,0.9595609903325975,137a2fe883db9d1c,6b8aa7f386986d03
MID,validation-033c6ff1562f9dabea05e4c63b022900,0,4528642544356199577,coupled_z1.4142_center,TRAINING_COUPLED,zoom,0.0,0.0,1.4142135623730951,-0.019952005549008778,-0.12383556586464602,0.7433814784851371,2.1945415004485804,0.8842105263157894,105,0.924635648727417,,,,0.8556507026154107,-0.2965459360310041,-0.3465735902799727,True,0.9579861164083436,b5af0bca65b396cf,6b8aa7f386986d03
POST,validation-033c6ff1562f9dabea05e4c63b022900,0,4528642544356199577,coupled_z1.4142_center,TRAINING_COUPLED,zoom,0.0,0.0,1.4142135623730951,-0.09674689078793212,-0.06435628309998777,0.772780592190422,1.469188598646449,0.9139784946236559,105,0.9238917827606201,,,,0.7437384649424239,-0.25776011002441146,-0.3465735902799727,True,0.9452621340742194,5de3c9f0df0d7f3c,6b8aa7f386986d03
PRE,validation-033c6ff1562f9dabea05e4c63b022900,0,4528642544356199577,coupled_z1.5_center,TRAINING_COUPLED,zoom,0.0,0.0,1.5,-0.06707544636777776,-0.022741856951620898,0.9168997247910052,1.5323854035742146,0.925531914893617,104,0.9394164681434631,,,,0.21396949415133198,-0.08675716407791907,-0.4054651081081644,True,0.9491488307197634,d0b231e4a3105bf2,6b8aa7f386986d03
MID,validation-033c6ff1562f9dabea05e4c63b022900,0,4528642544356199577,coupled_z1.5_center,TRAINING_COUPLED,zoom,0.0,0.0,1.5,0.024100631817564416,-0.10250994093981104,0.6747364151237757,0.8710218937359736,0.9583333333333334,76,0.9041424989700317,,,,0.9703255659203083,-0.3934331604859936,-0.4054651081081644,True,0.9386087059965283,0083c906180171fa,6b8aa7f386986d03
POST,validation-033c6ff1562f9dabea05e4c63b022900,0,4528642544356199577,coupled_z1.5_center,TRAINING_COUPLED,zoom,0.0,0.0,1.5,-0.03269578371171821,-0.1219882510543926,0.7741029087334285,-2.330505088190331,0.9047619047619048,94,0.9239524602890015,,,,0.6314981291612695,-0.2560504572104777,-0.4054651081081644,True,0.9384306036481178,eba62b1b2228ee2f,6b8aa7f386986d03
PRE,validation-033c6ff1562f9dabea05e4c63b022900,1,13486138387174862910,coupled_z1.1_left_edge,TRAINING_COUPLED,shift,-0.2100000000000002,0.0,1.1,-0.09250171743949952,0.011288577368183169,0.9046988040319806,1.0827435348001186,0.9459459459459459,124,0.953020453453064,0.9926357127336876,True,,0.48812751686502354,,,,0.9631384655062502,c58c06331177c5a3,97f555f73e754d4c
MID,validation-033c6ff1562f9dabea05e4c63b022900,1,13486138387174862910,coupled_z1.1_left_edge,TRAINING_COUPLED,shift,-0.2100000000000002,0.0,1.1,-0.08506978937756496,0.0315140933401567,0.8918792406741112,-0.1739207421297797,0.9090909090909091,128,0.9512403607368469,0.9377244750083324,True,,0.4751967880700769,,,,0.9515191258801393,c98f350c247dc034,97f555f73e754d4c
POST,validation-033c6ff1562f9dabea05e4c63b022900,1,13486138387174862910,coupled_z1.1_left_edge,TRAINING_COUPLED,shift,-0.2100000000000002,0.0,1.1,-0.08928684114251749,0.028403281566767986,0.9339570011712317,-0.7591814948710616,0.9583333333333334,136,0.9517726898193359,0.9529447980736955,True,,0.49078706167707226,,,,0.9521013555396386,7ca4f351c9c478b0,97f555f73e754d4c
PRE,validation-033c6ff1562f9dabea05e4c63b022900,1,13486138387174862910,coupled_z1.1_right_edge,TRAINING_COUPLED,shift,0.2100000000000002,0.0,1.1,0.08339119380130655,-0.02697449532509357,0.8656614120393011,1.3177983871634904,0.8921568627450981,114,0.9339118003845215,0.9514612535584208,True,,0.4590949063768408,,,,0.9580118706202617,08e0b14073fee9dc,97f555f73e754d4c
MID,validation-033c6ff1562f9dabea05e4c63b022900,1,13486138387174862910,coupled_z1.1_right_edge,TRAINING_COUPLED,shift,0.2100000000000002,0.0,1.1,0.1527534116113833,-0.01221431167171196,0.8653631092129284,0.5930019727467793,0.9166666666666666,119,0.9415035843849182,0.9968183700576804,True,,0.8026907829665482,,,,0.9554779529561978,d411b31a5204ea71,97f555f73e754d4c
POST,validation-033c6ff1562f9dabea05e4c63b022900,1,13486138387174862910,coupled_z1.1_right_edge,TRAINING_COUPLED,shift,0.2100000000000002,0.0,1.1,0.08737309605770145,-0.007923449948042949,0.8818946749730762,-0.5421944341533544,0.923728813559322,128,0.9489420056343079,0.9959132829017204,True,,0.45954663546276053,,,,0.9514898061742804,b4de3bb1e1ff6b09,97f555f73e754d4c
PRE,validation-033c6ff1562f9dabea05e4c63b022900,1,13486138387174862910,coupled_z1.225_left_edge,TRAINING_COUPLED,shift,-0.5006250000000003,0.0,1.225,-0.08734623521934737,0.039243259855162124,0.9212399215237723,-1.361741268554393,0.9380530973451328,129,0.9460875391960144,0.9121657745058042,True,,0.23431169899708093,,,,0.9652156275244087,d42d9b97d5500201,97f555f73e754d4c
MID,validation-033c6ff1562f9dabea05e4c63b022900,1,13486138387174862910,coupled_z1.225_left_edge,TRAINING_COUPLED,shift,-0.5006250000000003,0.0,1.225,-0.12205741323779534,0.04216787898527121,0.8407570449780886,0.1055523957271287,0.9181818181818182,125,0.9510895013809204,0.9451840135591252,True,,0.3159885524745134,,,,0.9589922975282971,f8e236980439f0d3,97f555f73e754d4c
POST,validation-033c6ff1562f9dabea05e4c63b022900,1,13486138387174862910,coupled_z1.225_left_edge,TRAINING_COUPLED,shift,-0.5006250000000003,0.0,1.225,-0.09543594973663172,0.025896416653519244,0.9232990492686944,0.4554658209932118,0.9140625,146,0.9564948678016663,0.9651007698454653,True,,0.24197076246756363,,,,0.9590474367132132,279290873944c920,97f555f73e754d4c
PRE,validation-033c6ff1562f9dabea05e4c63b022900,1,13486138387174862910,coupled_z1.225_right_edge,TRAINING_COUPLED,shift,0.5006250000000003,0.0,1.225,0.05754517440307905,0.00930218634361793,0.868832189196025,-1.2337878983933501,0.9509803921568627,111,0.9416527152061462,0.9871852189453675,True,,0.14263753396809914,,,,0.9405911564817558,083cbc15b964bf9f,97f555f73e754d4c
MID,validation-033c6ff1562f9dabea05e4c63b022900,1,13486138387174862910,coupled_z1.225_right_edge,TRAINING_COUPLED,shift,0.5006250000000003,0.0,1.225,-1.734723475976807e-18,4.336808689942018e-19,1.0,3.062740561966977e-17,1.0,223,0.9799644351005554,0.0,False,,4.375405218624951e-18,,,,0.9765352592777536,bcff01e6ab4a80ee,97f555f73e754d4c
POST,validation-033c6ff1562f9dabea05e4c63b022900,1,13486138387174862910,coupled_z1.225_right_edge,TRAINING_COUPLED,shift,0.5006250000000003,0.0,1.225,-0.0031808445873207844,-0.0017218554416338905,0.9982950555470098,0.31100638643474376,0.9281045751633987,169,0.970413088798523,-0.8794195343600708,False,,0.008850542607350966,,,,0.9713110310610971,cdbcd2b6f027d19e,97f555f73e754d4c
PRE,validation-033c6ff1562f9dabea05e4c63b022900,1,13486138387174862910,coupled_z1.4142_left_edge,TRAINING_COUPLED,shift,-1.0000000000000004,0.0,1.4142135623730951,0.0037893280834052114,0.034601157735914385,0.9316703534275723,0.23045164793572892,0.8974358974358975,130,0.9420300722122192,-0.10886361035230376,False,,0.049225991589592386,,,,0.952827274798394,6c14bebde868f5b5,97f555f73e754d4c
MID,validation-033c6ff1562f9dabea05e4c63b022900,1,13486138387174862910,coupled_z1.4142_left_edge,TRAINING_COUPLED,shift,-1.0000000000000004,0.0,1.4142135623730951,0.00194362677788836,0.006277140331605216,0.9832453142936147,0.02433755671355634,0.8367346938775511,160,0.9642273783683777,-0.2957812709140562,False,,0.009293027041216387,,,,0.9730420692578402,10f903a8ce0ff35b,97f555f73e754d4c
POST,validation-033c6ff1562f9dabea05e4c63b022900,1,13486138387174862910,coupled_z1.4142_left_edge,TRAINING_COUPLED,shift,-1.0000000000000004,0.0,1.4142135623730951,0.0010881464052688097,0.008834024382143577,0.9940587074501961,-0.07966167938762789,0.9098360655737705,154,0.9678629040718079,-0.12225279958580576,False,,0.012587616881968291,,,,0.9589213132848686,919ee6f1f0bc7c0d,97f555f73e754d4c
PRE,validation-033c6ff1562f9dabea05e4c63b022900,1,13486138387174862910,coupled_z1.4142_right_edge,TRAINING_COUPLED,shift,1.0000000000000004,0.0,1.4142135623730951,0.09076811704815886,0.004522020553865616,0.9368698932398879,0.40153392148858996,0.9904761904761905,117,0.9401742815971375,0.9987613149198933,True,,0.12852470379158898,,,,0.9464657902708125,17c8001b45b5c268,97f555f73e754d4c
MID,validation-033c6ff1562f9dabea05e4c63b022900,1,13486138387174862910,coupled_z1.4142_right_edge,TRAINING_COUPLED,shift,1.0000000000000004,0.0,1.4142135623730951,0.0008360739908135593,0.0008638274842845128,0.9976549724386927,0.030638220191416408,0.9634146341463414,179,0.9727694392204285,0.6954694953901771,True,,0.0017001280191328069,,,,0.9803743327323526,9b5d8ff33edb5713,97f555f73e754d4c
POST,validation-033c6ff1562f9dabea05e4c63b022900,1,13486138387174862910,coupled_z1.4142_right_edge,TRAINING_COUPLED,shift,1.0000000000000004,0.0,1.4142135623730951,0.011310766617469787,0.00028649015473074246,0.9934784296387302,0.12569661730337175,0.8402777777777778,157,0.9672679305076599,0.9996793755867842,True,,0.016000969850832575,,,,0.9628077745427993,ba17a229ea89f86e,97f555f73e754d4c
PRE,validation-033c6ff1562f9dabea05e4c63b022900,1,13486138387174862910,coupled_z1.5_left_edge,TRAINING_COUPLED,shift,-1.25,0.0,1.5,-0.04311384401657172,0.02345405800105816,0.9331053489079795,-0.910541322261747,0.9298245614035088,131,0.9392037987709045,0.8784310661153737,True,,0.05889661103108802,,,,0.9453596537867087,5679307d296c30ad,97f555f73e754d4c
MID,validation-033c6ff1562f9dabea05e4c63b022900,1,13486138387174862910,coupled_z1.5_left_edge,TRAINING_COUPLED,shift,-1.25,0.0,1.5,-0.020721186306250618,-0.0003028859450753263,0.9951439916060751,0.3100500951427716,0.7272727272727273,157,0.9607537984848022,0.9998931856349467,True,,0.024868079834218484,,,,0.9559777948833559,f71cc192222df220,97f555f73e754d4c
POST,validation-033c6ff1562f9dabea05e4c63b022900,1,13486138387174862910,coupled_z1.5_left_edge,TRAINING_COUPLED,shift,-1.25,0.0,1.5,-0.04221778200214017,0.01870486451214748,0.9732499549071784,-0.8714044238587088,0.9663865546218487,128,0.9517044425010681,0.9142818787816872,True,,0.055411071330386266,,,,0.9553442597379667,eed3eaca5c8eac75,97f555f73e754d4c
PRE,validation-033c6ff1562f9dabea05e4c63b022900,1,13486138387174862910,coupled_z1.5_right_edge,TRAINING_COUPLED,shift,1.25,0.0,1.5,0.06989394051023756,-0.0012522772482803507,0.9360467454414272,0.19832543057244134,0.972972972972973,122,0.9411699771881104,0.9998395323715448,True,,0.08388618962875517,,,,0.9394204688753665,9bc11431b1ad024d,97f555f73e754d4c
MID,validation-033c6ff1562f9dabea05e4c63b022900,1,13486138387174862910,coupled_z1.5_right_edge,TRAINING_COUPLED,shift,1.25,0.0,1.5,0.0038271866246775837,0.005405239670206209,0.9945814755480372,0.1011929467407974,0.9166666666666666,162,0.9633651375770569,0.5778640214704197,True,,0.0079475858993517,,,,0.9697940313560839,f190c4fe61c67efc,97f555f73e754d4c
POST,validation-033c6ff1562f9dabea05e4c63b022900,1,13486138387174862910,coupled_z1.5_right_edge,TRAINING_COUPLED,shift,1.25,0.0,1.5,0.02525578234466433,-0.005676906964351927,0.9803951169589069,0.32146297454769496,0.8515625,140,0.9617229104042053,0.975656428158221,True,,0.031063126257881237,,,,0.9593509435644092,1a229e8989168848,97f555f73e754d4c
PRE,validation-033c6ff1562f9dabea05e4c63b022900,1,13486138387174862910,legacy_center_z1,EXTRAPOLATION,identity,0.0,0.0,1.0,0.0,0.0,1.0,0.0,1.0,256,1.0,,,,,,,,1.0,b093f384a0c11829,97f555f73e754d4c
MID,validation-033c6ff1562f9dabea05e4c63b022900,1,13486138387174862910,legacy_center_z1,EXTRAPOLATION,identity,0.0,0.0,1.0,0.0,0.0,1.0,0.0,1.0,256,1.0,,,,,,,,1.0,bbbcc8f40515242d,97f555f73e754d4c
POST,validation-033c6ff1562f9dabea05e4c63b022900,1,13486138387174862910,legacy_center_z1,EXTRAPOLATION,identity,0.0,0.0,1.0,0.0,0.0,1.0,0.0,1.0,256,1.0,,,,,,,,1.0,6e06b3f1c444b7b2,97f555f73e754d4c
PRE,validation-033c6ff1562f9dabea05e4c63b022900,1,13486138387174862910,coupled_z1.1_center,TRAINING_COUPLED,zoom,0.0,0.0,1.1,-0.019360278016859477,0.026072189137533862,0.9204926814461578,-0.4451383737706972,0.9067796610169492,133,0.9518261551856995,,,,0.8692274963653579,-0.08284622896944546,-0.09531017980432493,True,0.9641850037344584,21145cb0f12cea0e,97f555f73e754d4c
MID,validation-033c6ff1562f9dabea05e4c63b022900,1,13486138387174862910,coupled_z1.1_center,TRAINING_COUPLED,zoom,0.0,0.0,1.1,0.001668998993173923,0.04743755830816269,0.8759573250884501,0.2065097914281549,0.8909090909090909,120,0.9447001218795776,,,,1.38954627046917,-0.13243790488484572,-0.09531017980432493,True,0.9522017808071259,1e9d51ff5ade107d,97f555f73e754d4c
POST,validation-033c6ff1562f9dabea05e4c63b022900,1,13486138387174862910,coupled_z1.1_center,TRAINING_COUPLED,zoom,0.0,0.0,1.1,-0.006861364026799516,0.05184332588902249,0.9290969009980866,0.7250794799423136,0.9538461538461539,137,0.9516041278839111,,,,0.7716094857803362,-0.07354223882844654,-0.09531017980432493,True,0.944612142121571,b573b71f18578615,97f555f73e754d4c
PRE,validation-033c6ff1562f9dabea05e4c63b022900,1,13486138387174862910,coupled_z1.225_center,TRAINING_COUPLED,zoom,0.0,0.0,1.225,-0.011547140770113757,0.02269224892294395,0.9093465626990723,0.4494486402130064,0.9230769230769231,117,0.95195072889328,,,,0.46825960954187007,-0.0950290003699878,-0.20294084399669038,True,0.9587863185905598,38f31519001cb148,97f555f73e754d4c
MID,validation-033c6ff1562f9dabea05e4c63b022900,1,13486138387174862910,coupled_z1.225_center,TRAINING_COUPLED,zoom,0.0,0.0,1.225,0.06727641041503268,0.060397495664085366,0.7633280416651361,-1.0917736536861036,0.91,106,0.9390257596969604,,,,1.3307690956819413,-0.2700674034424056,-0.20294084399669038,True,0.9523592562880087,9097de50d3560d43,97f555f73e754d4c
POST,validation-033c6ff1562f9dabea05e4c63b022900,1,13486138387174862910,coupled_z1.225_center,TRAINING_COUPLED,zoom,0.0,0.0,1.225,0.025818703224020488,0.05226844963271277,0.835133152072197,0.47989411497599765,0.9578947368421052,106,0.9257145524024963,,,,0.8877666010281516,-0.18016410328472618,-0.20294084399669038,True,0.9510987371851671,c64a5768b628c179,97f555f73e754d4c
PRE,validation-033c6ff1562f9dabea05e4c63b022900,1,13486138387174862910,coupled_z1.4142_center,TRAINING_COUPLED,zoom,0.0,0.0,1.4142135623730951,-0.013385318819759101,0.056399187755553096,0.8660198024836444,0.3582557185341041,0.9207920792079208,114,0.9424819946289062,,,,0.415056161537425,-0.14384750407184968,-0.3465735902799727,True,0.9488921822428533,77ec22a0450977d1,97f555f73e754d4c
MID,validation-033c6ff1562f9dabea05e4c63b022900,1,13486138387174862910,coupled_z1.4142_center,TRAINING_COUPLED,zoom,0.0,0.0,1.4142135623730951,-0.024505513658580468,0.030103507601427326,0.6002626151676304,-1.459159280138492,0.945054945054945,93,0.9091542363166809,,,,1.4726685526349885,-0.5103880275791189,-0.3465735902799727,True,0.9477620062534876,10a410366fcad700,97f555f73e754d4c
POST,validation-033c6ff1562f9dabea05e4c63b022900,1,13486138387174862910,coupled_z1.4142_center,TRAINING_COUPLED,zoom,0.0,0.0,1.4142135623730951,0.04416854778028592,0.020288904054456054,0.7255239767805823,-4.512429576602125,0.925,86,0.9017886519432068,,,,0.9258096045790802,-0.3208611585746537,-0.3465735902799727,True,0.9350858330717272,5e41710378b986c9,97f555f73e754d4c
PRE,validation-033c6ff1562f9dabea05e4c63b022900,1,13486138387174862910,coupled_z1.5_center,TRAINING_COUPLED,zoom,0.0,0.0,1.5,0.0587755621740719,0.04351520721000011,0.7558204080095814,2.191817708740837,0.8854166666666666,105,0.9363815188407898,,,,0.6904453206158288,-0.2799514865662732,-0.4054651081081644,True,0.9396044015875002,c9d3a53e18df63be,97f555f73e754d4c
MID,validation-033c6ff1562f9dabea05e4c63b022900,1,13486138387174862910,coupled_z1.5_center,TRAINING_COUPLED,zoom,0.0,0.0,1.5,0.030360205379797993,-0.021070406893788696,0.6396834274885467,-6.193359139905317,0.9230769230769231,83,0.8999450206756592,,,,1.1018996718093708,-0.4467818695545374,-0.4054651081081644,True,0.9363357386779803,531d7bee0659e51a,97f555f73e754d4c
POST,validation-033c6ff1562f9dabea05e4c63b022900,1,13486138387174862910,coupled_z1.5_center,TRAINING_COUPLED,zoom,0.0,0.0,1.5,0.07428731634377844,0.010324567676505022,0.6177653406118201,-6.677781947243282,0.9016393442622951,68,0.8955057859420776,,,,1.1878866806242272,-0.4816466013795508,-0.4054651081081644,True,0.9258310794821063,27be0c65cd2e9a11,97f555f73e754d4c
PRE,validation-033c6ff1562f9dabea05e4c63b022900,2,9542962460297119805,coupled_z1.1_left_edge,TRAINING_COUPLED,shift,-0.2100000000000002,0.0,1.1,-0.06253157012585955,0.10575752995335277,0.7799307617933374,0.5185295787248272,0.8715596330275229,117,0.9387101531028748,0.5089614607237616,True,,0.6435581963851168,,,,0.956850826739308,43c86803260a788e,f65e5d33368f5b08
MID,validation-033c6ff1562f9dabea05e4c63b022900,2,9542962460297119805,coupled_z1.1_left_edge,TRAINING_COUPLED,shift,-0.2100000000000002,0.0,1.1,-0.1331531772575251,0.011292753623188413,0.9667213469661566,-2.565363851727366,0.9298245614035088,122,0.9522756934165955,0.9964228965656078,True,,0.6999728991641349,,,,0.9524139733551737,f57c05e9983ee7ce,f65e5d33368f5b08
POST,validation-033c6ff1562f9dabea05e4c63b022900,2,9542962460297119805,coupled_z1.1_left_edge,TRAINING_COUPLED,shift,-0.2100000000000002,0.0,1.1,-0.16107733114472145,-0.016269340891097217,0.9448669596400624,-0.693046952951518,0.9469026548672567,126,0.9509822726249695,0.9949378662429943,True,,0.8480312488185962,,,,0.9332075675244278,29774ab1d13e8ada,f65e5d33368f5b08
PRE,validation-033c6ff1562f9dabea05e4c63b022900,2,9542962460297119805,coupled_z1.1_right_edge,TRAINING_COUPLED,shift,0.2100000000000002,0.0,1.1,0.13916488011742417,0.046289777082037846,0.8839167118241432,0.5155625615223137,0.9813084112149533,121,0.9362797141075134,0.9488846230275122,True,,0.7682271143791134,,,,0.951940655707361,cc863c768b91fe8b,f65e5d33368f5b08
MID,validation-033c6ff1562f9dabea05e4c63b022900,2,9542962460297119805,coupled_z1.1_right_edge,TRAINING_COUPLED,shift,0.2100000000000002,0.0,1.1,0.13514969884200484,0.020598212407831325,0.9735733877945457,0.8085248320973113,0.9743589743589743,132,0.9503042101860046,0.9885840476716498,True,,0.7161019799727928,,,,0.9611733532641665,6614179fbf13fd4f,f65e5d33368f5b08
POST,validation-033c6ff1562f9dabea05e4c63b022900,2,9542962460297119805,coupled_z1.1_right_edge,TRAINING_COUPLED,shift,0.2100000000000002,0.0,1.1,0.06893827062406936,0.02619084071001861,0.9562435601480649,-0.9137285981469108,0.9099099099099099,122,0.9487699866294861,0.9348092527732912,True,,0.38628760464396483,,,,0.9550060033788667,9fa838281c99e27e,f65e5d33368f5b08
PRE,validation-033c6ff1562f9dabea05e4c63b022900,2,9542962460297119805,coupled_z1.225_left_edge,TRAINING_COUPLED,shift,-0.5006250000000003,0.0,1.225,-0.021954993093798773,0.1444017166843059,0.5969895825599252,-2.6082767373685725,1.0,116,0.9341152906417847,0.15031364500436367,True,,0.35740321414285864,,,,0.9432404637327297,323a7b2dd4118d58,f65e5d33368f5b08
MID,validation-033c6ff1562f9dabea05e4c63b022900,2,9542962460297119805,coupled_z1.225_left_edge,TRAINING_COUPLED,shift,-0.5006250000000003,0.0,1.225,0.03888792670465369,0.08869178544831048,0.5831373532796875,-8.7734868360532,1.0,120,0.9497454166412354,-0.4015577513836989,False,,0.23696834266693456,,,,0.9468587636938163,cc2d555464406799,f65e5d33368f5b08
POST,validation-033c6ff1562f9dabea05e4c63b022900,2,9542962460297119805,coupled_z1.225_left_edge,TRAINING_COUPLED,shift,-0.5006250000000003,0.0,1.225,-0.052172552467374934,0.07456241192446066,0.6178424579138962,-7.5896251211619035,1.0,112,0.9468274712562561,0.5733064581261014,True,,0.22267876589196678,,,,0.9411903584703546,b693d935aa7aa2ff,f65e5d33368f5b08
PRE,validation-033c6ff1562f9dabea05e4c63b022900,2,9542962460297119805,coupled_z1.225_right_edge,TRAINING_COUPLED,shift,0.5006250000000003,0.0,1.225,0.22279676497905454,0.05711963371426993,0.8252544811064584,0.6371772217223713,0.9519230769230769,111,0.9347490668296814,0.9686719638997257,True,,0.5628020952876975,,,,0.9506643385081524,06e1cc9f42cbd271,f65e5d33368f5b08
MID,validation-033c6ff1562f9dabea05e4c63b022900,2,9542962460297119805,coupled_z1.225_right_edge,TRAINING_COUPLED,shift,0.5006250000000003,0.0,1.225,0.15079902269054427,0.03461121511045462,0.8477012308693468,0.9350309276359327,0.9459459459459459,116,0.9520335793495178,0.9746575301384526,True,,0.37859078571260146,,,,0.9523813724508298,875c055eb6b07b54,f65e5d33368f5b08
POST,validation-033c6ff1562f9dabea05e4c63b022900,2,9542962460297119805,coupled_z1.225_right_edge,TRAINING_COUPLED,shift,0.5006250000000003,0.0,1.225,0.19832131948122328,-0.011937514626005346,0.8003932551822667,0.4376117628797477,0.9252336448598131,113,0.9508399367332458,0.9981933216239703,True,,0.4861589648221533,,,,0.9420726299276467,0a3a09ea588f38c2,f65e5d33368f5b08
PRE,validation-033c6ff1562f9dabea05e4c63b022900,2,9542962460297119805,coupled_z1.4142_left_edge,TRAINING_COUPLED,shift,-1.0000000000000004,0.0,1.4142135623730951,-0.07555690605419224,0.12870201072947882,0.7137419576460389,-1.186490336933971,0.8958333333333334,100,0.9314814805984497,0.5062724380223406,True,,0.21105948743561803,,,,0.9517143964757938,971054f90bbf4760,f65e5d33368f5b08
MID,validation-033c6ff1562f9dabea05e4c63b022900,2,9542962460297119805,coupled_z1.4142_left_edge,TRAINING_COUPLED,shift,-1.0000000000000004,0.0,1.4142135623730951,-0.10635491323202814,0.0022567729460476194,0.7851974040599605,-7.194750354486397,0.8782608695652174,122,0.9590270519256592,0.9997749474072436,True,,0.15044241817201848,,,,0.947762727736479,09a547cb91cbd0ac,f65e5d33368f5b08
POST,validation-033c6ff1562f9dabea05e4c63b022900,2,9542962460297119805,coupled_z1.4142_left_edge,TRAINING_COUPLED,shift,-1.0000000000000004,0.0,1.4142135623730951,0.038478501524290866,0.09101969539526565,0.6288703475939312,-1.2329969367780784,1.0,117,0.9516661167144775,-0.3893839296872333,False,,0.13975106460704897,,,,0.9324273467054579,567938684a5f0d98,f65e5d33368f5b08
PRE,validation-033c6ff1562f9dabea05e4c63b022900,2,9542962460297119805,coupled_z1.4142_right_edge,TRAINING_COUPLED,shift,1.0000000000000004,0.0,1.4142135623730951,0.016801573200207212,0.0014795958738562254,0.9894224208187352,0.1616249480871209,0.7910447761194029,152,0.9566749930381775,0.9961448677350973,True,,0.02385296903749524,,,,0.9682205915441366,91aa9935859ea76b,f65e5d33368f5b08
MID,validation-033c6ff1562f9dabea05e4c63b022900,2,9542962460297119805,coupled_z1.4142_right_edge,TRAINING_COUPLED,shift,1.0000000000000004,0.0,1.4142135623730951,-0.03135176507648993,0.1003627611190959,0.743440133490563,-3.2241278629009553,0.954954954954955,113,0.9488682150840759,-0.2981745028858201,False,,0.14869846665557862,,,,0.9543898105611793,7b08afa1dbab06a9,f65e5d33368f5b08
POST,validation-033c6ff1562f9dabea05e4c63b022900,2,9542962460297119805,coupled_z1.4142_right_edge,TRAINING_COUPLED,shift,1.0000000000000004,0.0,1.4142135623730951,-0.06530866668922246,0.09019922408056931,0.70760528329741,-0.12647651230613302,0.918918918918919,115,0.9510520100593567,-0.5864626088955444,False,,0.15748728183228447,,,,0.9354043564432063,a51462e77973568b,f65e5d33368f5b08
PRE,validation-033c6ff1562f9dabea05e4c63b022900,2,9542962460297119805,coupled_z1.5_left_edge,TRAINING_COUPLED,shift,-1.25,0.0,1.5,-0.1225628794876397,0.1144910378535501,0.8017008936004333,0.9167218257117584,0.8932038834951457,113,0.9271399974822998,0.7307607151397453,True,,0.20126349478979544,,,,0.954786777495383,55280e08dbeb055a,f65e5d33368f5b08
MID,validation-033c6ff1562f9dabea05e4c63b022900,2,9542962460297119805,coupled_z1.5_left_edge,TRAINING_COUPLED,shift,-1.25,0.0,1.5,0.028558441174483022,0.05277856382619271,0.6347749524079178,-5.0421651410647055,1.0,121,0.9477165937423706,-0.4758972634027805,False,,0.07201161268223025,,,,0.9582536220540954,f9faf12df05e02d0,f65e5d33368f5b08
POST,validation-033c6ff1562f9dabea05e4c63b022900,2,9542962460297119805,coupled_z1.5_left_edge,TRAINING_COUPLED,shift,-1.25,0.0,1.5,0.05935574830095385,0.12921389319014168,0.566954810463519,0.5852402385815935,1.0,111,0.9456993937492371,-0.4174258594969899,False,,0.17063364988066135,,,,0.9547898769369113,03204e2aafb4b8d9,f65e5d33368f5b08
PRE,validation-033c6ff1562f9dabea05e4c63b022900,2,9542962460297119805,coupled_z1.5_right_edge,TRAINING_COUPLED,shift,1.25,0.0,1.5,0.07447403576157699,0.05483416366931811,0.9418465966472834,-1.2703836625135625,0.9304347826086956,127,0.9407574534416199,0.8052697780582708,True,,0.11098000365570146,,,,0.9471577342927204,917dde6cbc81acfc,f65e5d33368f5b08
MID,validation-033c6ff1562f9dabea05e4c63b022900,2,9542962460297119805,coupled_z1.5_right_edge,TRAINING_COUPLED,shift,1.25,0.0,1.5,0.03858919900863729,0.06621929848256673,0.6885431730924535,-5.404702361323019,1.0,120,0.9493693113327026,0.503493990568066,True,,0.09197138332752273,,,,0.9495937824239771,f1e6b888104cc98c,f65e5d33368f5b08
POST,validation-033c6ff1562f9dabea05e4c63b022900,2,9542962460297119805,coupled_z1.5_right_edge,TRAINING_COUPLED,shift,1.25,0.0,1.5,0.00036836951382817305,-0.0012180212672108781,0.9987941105515548,0.15795378807976676,0.9555555555555556,153,0.9594728350639343,0.28948348343209,True,,0.0015270073820313498,,,,0.9695624094930972,916b1f8980d244de,f65e5d33368f5b08
PRE,validation-033c6ff1562f9dabea05e4c63b022900,2,9542962460297119805,legacy_center_z1,EXTRAPOLATION,identity,0.0,0.0,1.0,0.0,0.0,1.0,0.0,1.0,256,1.0,,,,,,,,1.0,53d442da09e7d0e0,f65e5d33368f5b08
MID,validation-033c6ff1562f9dabea05e4c63b022900,2,9542962460297119805,legacy_center_z1,EXTRAPOLATION,identity,0.0,0.0,1.0,0.0,0.0,1.0,0.0,1.0,256,1.0,,,,,,,,1.0,3656ff5d9912b14f,f65e5d33368f5b08
POST,validation-033c6ff1562f9dabea05e4c63b022900,2,9542962460297119805,legacy_center_z1,EXTRAPOLATION,identity,0.0,0.0,1.0,0.0,0.0,1.0,0.0,1.0,256,1.0,,,,,,,,1.0,15e86e88b27e9753,f65e5d33368f5b08
PRE,validation-033c6ff1562f9dabea05e4c63b022900,2,9542962460297119805,coupled_z1.1_center,TRAINING_COUPLED,zoom,0.0,0.0,1.1,0.002472067260216775,0.016868361892737486,0.9795910911430079,-0.2809195571088623,0.7933333333333333,163,0.951165497303009,,,,0.21634675719010388,-0.02062004832787143,-0.09531017980432493,True,0.9705881458861746,5613ff9cc4c512fa,f65e5d33368f5b08
MID,validation-033c6ff1562f9dabea05e4c63b022900,2,9542962460297119805,coupled_z1.1_center,TRAINING_COUPLED,zoom,0.0,0.0,1.1,0.006645084031854431,0.02362603673399126,0.9711758471317689,-0.11779893142728733,0.9230769230769231,153,0.9571937918663025,,,,0.30686887953051856,-0.029247728084405452,-0.09531017980432493,True,0.9628754832064705,6c47e0a93983aa25,f65e5d33368f5b08
POST,validation-033c6ff1562f9dabea05e4c63b022900,2,9542962460297119805,coupled_z1.1_center,TRAINING_COUPLED,zoom,0.0,0.0,1.1,0.0016328603608344976,0.04216980599451495,0.948509951278275,1.3367730131715796,0.9074074074074074,123,0.9474110007286072,,,,0.5546416780997997,-0.05286299806666442,-0.09531017980432493,True,0.9514333605756781,a960d58ed3169e09,f65e5d33368f5b08
PRE,validation-033c6ff1562f9dabea05e4c63b022900,2,9542962460297119805,coupled_z1.225_center,TRAINING_COUPLED,zoom,0.0,0.0,1.225,-0.004722841551929051,0.0388439002100808,0.9437651279846139,0.1750139778159276,0.9243697478991597,132,0.9426191449165344,,,,0.285196157436642,-0.05787794889480511,-0.20294084399669038,True,0.9638421535482304,d1b45e2b4e1a10b3,f65e5d33368f5b08
MID,validation-033c6ff1562f9dabea05e4c63b022900,2,9542962460297119805,coupled_z1.225_center,TRAINING_COUPLED,zoom,0.0,0.0,1.225,-0.014658603853337565,0.04811760183165256,0.933067359093753,0.11878136902837136,0.9512195121951219,135,0.9495429992675781,,,,0.34136984519479774,-0.06927788449885179,-0.20294084399669038,True,0.957951009272571,3b590101c5f4f715,f65e5d33368f5b08
POST,validation-033c6ff1562f9dabea05e4c63b022900,2,9542962460297119805,coupled_z1.225_center,TRAINING_COUPLED,zoom,0.0,0.0,1.225,-0.01428280548251229,0.0896615316594141,0.8685247192498979,-2.354628990402592,0.9292929292929293,111,0.9314404129981995,,,,0.6945828593527218,-0.14095923170267585,-0.20294084399669038,True,0.9335722327223024,ea3dd5c0829d19c1,f65e5d33368f5b08
PRE,validation-033c6ff1562f9dabea05e4c63b022900,2,9542962460297119805,coupled_z1.4142_center,TRAINING_COUPLED,zoom,0.0,0.0,1.4142135623730951,0.012910522132768183,0.10237283170703952,0.8874449126064113,0.06462876699974664,0.9292035398230089,125,0.932908833026886,,,,0.3445410533594904,-0.11940882986164225,-0.3465735902799727,True,0.962394535540572,7b6d20e79afddda2,f65e5d33368f5b08
MID,validation-033c6ff1562f9dabea05e4c63b022900,2,9542962460297119805,coupled_z1.4142_center,TRAINING_COUPLED,zoom,0.0,0.0,1.4142135623730951,-0.03912220526297918,0.067986913667782,0.8894231281677772,-0.3800371299989333,0.9523809523809523,116,0.9282734394073486,,,,0.33811634900590204,-0.11718219700733175,-0.3465735902799727,True,0.9515591917553932,c966a891613a3cb8,f65e5d33368f5b08
POST,validation-033c6ff1562f9dabea05e4c63b022900,2,9542962460297119805,coupled_z1.4142_center,TRAINING_COUPLED,zoom,0.0,0.0,1.4142135623730951,0.019544723246681498,0.11151648798769653,0.7844357001542639,-1.8543438575885334,0.972972972972973,82,0.9214107990264893,,,,0.7005457998377564,-0.24279067300532636,-0.3465735902799727,True,0.9330134947894717,2bf604a0a7371cc6,f65e5d33368f5b08
PRE,validation-033c6ff1562f9dabea05e4c63b022900,2,9542962460297119805,coupled_z1.5_center,TRAINING_COUPLED,zoom,0.0,0.0,1.5,-0.00756078865813789,0.05976675437933443,0.8794168089668649,-0.9471167665914868,0.883495145631068,116,0.9264217019081116,,,,0.31691089003088596,-0.12849630828702777,-0.4054651081081644,True,0.9551504227599144,d86e3ccd96b41758,f65e5d33368f5b08
MID,validation-033c6ff1562f9dabea05e4c63b022900,2,9542962460297119805,coupled_z1.5_center,TRAINING_COUPLED,zoom,0.0,0.0,1.5,-0.022171725334739788,0.06422872679789715,0.884224984928594,-0.7079181757224885,0.9029126213592233,111,0.9312618970870972,,,,0.3034632041766693,-0.12304374088834318,-0.4054651081081644,True,0.9407101869573722,8c153eba45bf3bde,f65e5d33368f5b08
POST,validation-033c6ff1562f9dabea05e4c63b022900,2,9542962460297119805,coupled_z1.5_center,TRAINING_COUPLED,zoom,0.0,0.0,1.5,0.056263723451800314,0.07329578208292042,0.7275121204299028,0.9781884160323931,0.948051948051948,84,0.9098677039146423,,,,0.78459185100993,-0.3181246196905261,-0.4054651081081644,True,0.9221708774557428,782a8928126979eb,f65e5d33368f5b08
PRE,validation-0cc203f3d5e29cf93ddd73b9d6f43a9b,0,6700666088100203606,coupled_z1.1_left_edge,TRAINING_COUPLED,shift,-0.2100000000000002,0.0,1.1,-0.07127010282705355,-0.0014786567122959705,0.973922812077976,-1.7836687091069923,0.9583333333333334,128,0.9476432800292969,0.9997848457535802,True,,0.3733999247889463,,,,0.9061999209156417,35f80cefaeeebc3d,a2141f88a2e59090
MID,validation-0cc203f3d5e29cf93ddd73b9d6f43a9b,0,6700666088100203606,coupled_z1.1_left_edge,TRAINING_COUPLED,shift,-0.2100000000000002,0.0,1.1,-0.019548252750544823,-0.022496314005603896,0.8050220961266475,-3.5848360952772462,0.9117647058823529,74,0.8922353982925415,0.6559157811060081,True,,0.15611091023767437,,,,0.8909043008619162,717f22405445a79d,a2141f88a2e59090
POST,validation-0cc203f3d5e29cf93ddd73b9d6f43a9b,0,6700666088100203606,coupled_z1.1_left_edge,TRAINING_COUPLED,shift,-0.2100000000000002,0.0,1.1,0.04897441897461326,-0.004321387875604002,0.9537173528691076,1.8673094087679907,0.8795180722891566,90,0.9065493941307068,-0.9961296440299534,False,,0.25752940124765245,,,,0.9265107600070795,b69eb40fd580d025,a2141f88a2e59090
PRE,validation-0cc203f3d5e29cf93ddd73b9d6f43a9b,0,6700666088100203606,coupled_z1.1_right_edge,TRAINING_COUPLED,shift,0.2100000000000002,0.0,1.1,0.136088579503799,0.013004995542855242,0.9307084124125592,-1.2780635051730118,0.9541284403669725,120,0.9398698210716248,0.9954649207500872,True,,0.7160924763612455,,,,0.9207066202996846,49acaa7d991670b3,a2141f88a2e59090
MID,validation-0cc203f3d5e29cf93ddd73b9d6f43a9b,0,6700666088100203606,coupled_z1.1_right_edge,TRAINING_COUPLED,shift,0.2100000000000002,0.0,1.1,0.09613277644013435,0.05259744044843306,0.8388916302459004,5.417314978200995,0.9333333333333333,80,0.8864507675170898,0.8772757400591277,True,,0.5739958549838982,,,,0.8574999485901333,c044614d8c70db06,a2141f88a2e59090
POST,validation-0cc203f3d5e29cf93ddd73b9d6f43a9b,0,6700666088100203606,coupled_z1.1_right_edge,TRAINING_COUPLED,shift,0.2100000000000002,0.0,1.1,0.0846688563581278,0.0026647046748025007,0.8894554675219967,-0.07045036050964723,0.9240506329113924,83,0.8750850558280945,0.999505121756215,True,,0.443723122196494,,,,0.9209226369848578,bef9063ff84eee37,a2141f88a2e59090
PRE,validation-0cc203f3d5e29cf93ddd73b9d6f43a9b,0,6700666088100203606,coupled_z1.225_left_edge,TRAINING_COUPLED,shift,-0.5006250000000003,0.0,1.225,0.05437984799560571,0.03628248253309855,0.5101889135123355,-1.9022669229434064,1.0,91,0.915407121181488,-0.831843724553879,False,,0.15996309557314267,,,,0.8639806942908105,4e625655f7ba6e4f,a2141f88a2e59090
MID,validation-0cc203f3d5e29cf93ddd73b9d6f43a9b,0,6700666088100203606,coupled_z1.225_left_edge,TRAINING_COUPLED,shift,-0.5006250000000003,0.0,1.225,-0.25703127748433235,0.08583498344029711,0.684255051015713,-7.1846252678590945,0.9242424242424242,71,0.8793058395385742,0.9485083562357531,True,,0.6630837252284307,,,,0.8921616609183963,4388cb6c8d826632,a2141f88a2e59090
POST,validation-0cc203f3d5e29cf93ddd73b9d6f43a9b,0,6700666088100203606,coupled_z1.225_left_edge,TRAINING_COUPLED,shift,-0.5006250000000003,0.0,1.225,-0.25967003408145206,0.2285558480072918,0.4926211164581878,-23.125055928468413,0.9803921568627451,52,0.816083550453186,0.7506472523676487,True,,0.8464659463148542,,,,0.7682786583892768,2e42ac1861cc8ee8,a2141f88a2e59090
PRE,validation-0cc203f3d5e29cf93ddd73b9d6f43a9b,0,6700666088100203606,coupled_z1.225_right_edge,TRAINING_COUPLED,shift,0.5006250000000003,0.0,1.225,0.20865252442239865,-0.05938666392724889,0.7782137148897409,2.731758653731266,0.9134615384615384,113,0.9287041425704956,0.9618014916652294,True,,0.5308376922350827,,,,0.8718839058659726,eed6a92aceebb489,a2141f88a2e59090
MID,validation-0cc203f3d5e29cf93ddd73b9d6f43a9b,0,6700666088100203606,coupled_z1.225_right_edge,TRAINING_COUPLED,shift,0.5006250000000003,0.0,1.225,0.1412982172874459,-0.020116647989226057,0.6735291065766696,6.0854515257739585,0.9577464788732394,73,0.8795049786567688,0.9900168796408282,True,,0.3492349008385141,,,,0.8683325569819206,29c6532f44ea1670,a2141f88a2e59090
POST,validation-0cc203f3d5e29cf93ddd73b9d6f43a9b,0,6700666088100203606,coupled_z1.225_right_edge,TRAINING_COUPLED,shift,0.5006250000000003,0.0,1.225,0.19655527541263673,-0.030848442680921826,0.8423585721931415,6.1166572112970865,0.958904109589041,77,0.8707987666130066,0.987907024881613,True,,0.48684665014961287,,,,0.8937663968653322,955c2866779a083d,a2141f88a2e59090
PRE,validation-0cc203f3d5e29cf93ddd73b9d6f43a9b,0,6700666088100203606,coupled_z1.4142_left_edge,TRAINING_COUPLED,shift,-1.0000000000000004,0.0,1.4142135623730951,0.2063772878487554,0.07923867811895072,0.7859577019495954,-0.18590114682102804,1.0,72,0.88721764087677,-0.9335533947420288,False,,0.312635100556053,,,,0.8648428755802656,59680ef8ec098d76,a2141f88a2e59090
MID,validation-0cc203f3d5e29cf93ddd73b9d6f43a9b,0,6700666088100203606,coupled_z1.4142_left_edge,TRAINING_COUPLED,shift,-1.0000000000000004,0.0,1.4142135623730951,-0.18868886738945712,0.10362726127952335,0.46663658012861675,-1.084267811110715,1.0,63,0.8522488474845886,0.8765131422120559,True,,0.3044407921321014,,,,0.8434132337561756,ff7266a6b87d4676,a2141f88a2e59090
POST,validation-0cc203f3d5e29cf93ddd73b9d6f43a9b,0,6700666088100203606,coupled_z1.4142_left_edge,TRAINING_COUPLED,shift,-1.0000000000000004,0.0,1.4142135623730951,-0.1204537185727907,0.17921664073869623,0.4280101478388088,-9.335316283681676,1.0,52,0.8507706522941589,0.5578252936689359,True,,0.3053774799675835,,,,0.8439316153517866,feee5ecda0b3383c,a2141f88a2e59090
PRE,validation-0cc203f3d5e29cf93ddd73b9d6f43a9b,0,6700666088100203606,coupled_z1.4142_right_edge,TRAINING_COUPLED,shift,1.0000000000000004,0.0,1.4142135623730951,0.1319520625355127,0.02371975459435697,0.9166529299304668,0.5743540729637417,0.9459459459459459,124,0.9342455863952637,0.9842244141761243,True,,0.18959943863520462,,,,0.938093893299821,22b7f615f6c6d730,a2141f88a2e59090
MID,validation-0cc203f3d5e29cf93ddd73b9d6f43a9b,0,6700666088100203606,coupled_z1.4142_right_edge,TRAINING_COUPLED,shift,1.0000000000000004,0.0,1.4142135623730951,0.03286901679057723,0.05115696265976109,0.8035826696513384,1.0078232980258157,0.9473684210526315,80,0.8775588274002075,0.5405527463767759,True,,0.08599310546028019,,,,0.8543783426276246,6c68d22253f3a94d,a2141f88a2e59090
POST,validation-0cc203f3d5e29cf93ddd73b9d6f43a9b,0,6700666088100203606,coupled_z1.4142_right_edge,TRAINING_COUPLED,shift,1.0000000000000004,0.0,1.4142135623730951,0.06944247390580785,0.025024349466612476,0.8578904590012103,0.9196881195188841,0.9382716049382716,88,0.8679361939430237,0.9407791702336539,True,,0.10438845959574218,,,,0.9112206697454877,5a317accf76b6041,a2141f88a2e59090
PRE,validation-0cc203f3d5e29cf93ddd73b9d6f43a9b,0,6700666088100203606,coupled_z1.5_left_edge,TRAINING_COUPLED,shift,-1.25,0.0,1.5,0.06743189617848187,-0.009197040265379677,0.9266723905910589,-0.6653234189302929,0.9176470588235294,94,0.9121515154838562,-0.9908266628967638,False,,0.08166743835514093,,,,0.8603513074331391,eb17b159e78ad7bb,a2141f88a2e59090
MID,validation-0cc203f3d5e29cf93ddd73b9d6f43a9b,0,6700666088100203606,coupled_z1.5_left_edge,TRAINING_COUPLED,shift,-1.25,0.0,1.5,-0.18064178682499293,0.19471727452643484,0.6107746683145154,4.829541512476572,0.9565217391304348,48,0.8560649752616882,0.6801131714761464,True,,0.318726578575923,,,,0.808047521593211,bd4a20e7c739c829,a2141f88a2e59090
POST,validation-0cc203f3d5e29cf93ddd73b9d6f43a9b,0,6700666088100203606,coupled_z1.5_left_edge,TRAINING_COUPLED,shift,-1.25,0.0,1.5,0.22361952593537404,0.011422459608843569,0.8031281050105877,-4.8117533026978805,0.9433962264150944,56,0.858630359172821,-0.9986979700273415,False,,0.26869327782218705,,,,0.8857510617814184,5a29d7543052e729,a2141f88a2e59090
PRE,validation-0cc203f3d5e29cf93ddd73b9d6f43a9b,0,6700666088100203606,coupled_z1.5_right_edge,TRAINING_COUPLED,shift,1.25,0.0,1.5,0.16440416693157975,0.013470405044550817,0.9166699823114012,-1.8384172363774016,0.9805825242718447,113,0.9328805208206177,0.996660159606606,True,,0.19794610872609908,,,,0.9226028826946191,afe55c7fc87ee3a9,a2141f88a2e59090
MID,validation-0cc203f3d5e29cf93ddd73b9d6f43a9b,0,6700666088100203606,coupled_z1.5_right_edge,TRAINING_COUPLED,shift,1.25,0.0,1.5,0.030855129036197783,0.057763897109250964,0.8620953551532968,-0.033716618026320595,0.9166666666666666,77,0.8865381479263306,0.4711554172221472,True,,0.07858586251869677,,,,0.888172626494473,2faf8e8d65ea6dd7,a2141f88a2e59090
POST,validation-0cc203f3d5e29cf93ddd73b9d6f43a9b,0,6700666088100203606,coupled_z1.5_right_edge,TRAINING_COUPLED,shift,1.25,0.0,1.5,0.10543020909364131,0.008532802370014168,0.859947685681739,0.2154063313792875,0.96,82,0.8697102069854736,0.9967409119604299,True,,0.126929926716961,,,,0.9231172800054855,a0aa72375460533f,a2141f88a2e59090
PRE,validation-0cc203f3d5e29cf93ddd73b9d6f43a9b,0,6700666088100203606,legacy_center_z1,EXTRAPOLATION,identity,0.0,0.0,1.0,0.0,0.0,1.0,0.0,1.0,256,1.0,,,,,,,,1.0,9f3984cdd0d7f286,a2141f88a2e59090
MID,validation-0cc203f3d5e29cf93ddd73b9d6f43a9b,0,6700666088100203606,legacy_center_z1,EXTRAPOLATION,identity,0.0,0.0,1.0,0.0,0.0,1.0,0.0,1.0,256,1.0,,,,,,,,1.0,de54123f107bf475,a2141f88a2e59090
POST,validation-0cc203f3d5e29cf93ddd73b9d6f43a9b,0,6700666088100203606,legacy_center_z1,EXTRAPOLATION,identity,0.0,0.0,1.0,0.0,0.0,1.0,0.0,1.0,256,1.0,,,,,,,,1.0,bb47ad88ba143e50,a2141f88a2e59090
PRE,validation-0cc203f3d5e29cf93ddd73b9d6f43a9b,0,6700666088100203606,coupled_z1.1_center,TRAINING_COUPLED,zoom,0.0,0.0,1.1,0.006482069458330707,-0.002936193753133809,0.9559245032464218,1.2931124432828622,0.9153846153846154,141,0.9449326395988464,,,,0.4729436104438259,-0.045076340548707655,-0.09531017980432493,True,0.9131122127896014,7132dbd7749b567a,a2141f88a2e59090
MID,validation-0cc203f3d5e29cf93ddd73b9d6f43a9b,0,6700666088100203606,coupled_z1.1_center,TRAINING_COUPLED,zoom,0.0,0.0,1.1,0.010078574423677631,0.08064420191188734,0.6605902903405083,-3.4010631245423486,0.9210526315789473,80,0.8632000088691711,,,,4.350232737237,-0.41462146437671915,-0.09531017980432493,True,0.8947170972815148,73dc6fc8e2f97a1f,a2141f88a2e59090
POST,validation-0cc203f3d5e29cf93ddd73b9d6f43a9b,0,6700666088100203606,coupled_z1.1_center,TRAINING_COUPLED,zoom,0.0,0.0,1.1,0.0314710764587525,0.06156413480885313,0.8819354225746219,1.1210937783595403,0.9058823529411765,97,0.8783029913902283,,,,1.3181849299765858,-0.12563644269141985,-0.09531017980432493,True,0.902938961981824,9200cfb2e2cf017b,a2141f88a2e59090
PRE,validation-0cc203f3d5e29cf93ddd73b9d6f43a9b,0,6700666088100203606,coupled_z1.225_center,TRAINING_COUPLED,zoom,0.0,0.0,1.225,0.012533035504924201,0.013299385942629333,0.9472346922612429,-0.41407970090977425,0.9495798319327731,128,0.9415083527565002,,,,0.26711424046112575,-0.05420838940271576,-0.20294084399669038,True,0.9050891825707176,cb0ebb8ff10d517a,a2141f88a2e59090
MID,validation-0cc203f3d5e29cf93ddd73b9d6f43a9b,0,6700666088100203606,coupled_z1.225_center,TRAINING_COUPLED,zoom,0.0,0.0,1.225,0.010086090845926689,0.06749392044467606,0.7926859757127859,1.7457631917075016,0.8987341772151899,89,0.8800346255302429,,,,1.144807159154121,-0.23232813109219075,-0.20294084399669038,True,0.8922240073805474,d6e743abcc5e35ff,a2141f88a2e59090
POST,validation-0cc203f3d5e29cf93ddd73b9d6f43a9b,0,6700666088100203606,coupled_z1.225_center,TRAINING_COUPLED,zoom,0.0,0.0,1.225,0.06323422751603808,0.051195450087851896,0.8385415569972969,2.973387082428678,0.935064935064935,84,0.8819422125816345,,,,0.8676968832948733,-0.17609113782915933,-0.20294084399669038,True,0.9019659757605115,726e43af2fd87c69,a2141f88a2e59090
PRE,validation-0cc203f3d5e29cf93ddd73b9d6f43a9b,0,6700666088100203606,coupled_z1.4142_center,TRAINING_COUPLED,zoom,0.0,0.0,1.4142135623730951,0.0035161134152664406,0.01381095422524467,0.9359132293987255,-1.5621294833598776,0.972972972972973,120,0.9391455054283142,,,,0.1911066287022278,-0.06623251043563277,-0.3465735902799727,True,0.9099311721233773,fa901a2b25a5c6bf,a2141f88a2e59090
MID,validation-0cc203f3d5e29cf93ddd73b9d6f43a9b,0,6700666088100203606,coupled_z1.4142_center,TRAINING_COUPLED,zoom,0.0,0.0,1.4142135623730951,-0.00423730925255908,0.10028257034356966,0.4570036029108206,5.046222019285536,1.0,74,0.8568257689476013,,,,2.259445111369592,-0.7830640042878924,-0.3465735902799727,True,0.8725593610134555,accc6c6f6836a148,a2141f88a2e59090
POST,validation-0cc203f3d5e29cf93ddd73b9d6f43a9b,0,6700666088100203606,coupled_z1.4142_center,TRAINING_COUPLED,zoom,0.0,0.0,1.4142135623730951,0.04929575015166103,0.08793313835382381,0.6189177079708414,-4.645206809164994,0.9838709677419355,64,0.8453626036643982,,,,1.3843609902647906,-0.47978295863960685,-0.3465735902799727,True,0.8845434120016439,537a0093cc0ace8c,a2141f88a2e59090
PRE,validation-0cc203f3d5e29cf93ddd73b9d6f43a9b,0,6700666088100203606,coupled_z1.5_center,TRAINING_COUPLED,zoom,0.0,0.0,1.5,0.01780110512226886,0.021024001591665453,0.9173774438926852,-0.8215657147803099,0.98,107,0.9278914332389832,,,,0.21268484609348065,-0.08623628411426143,-0.4054651081081644,True,0.9046676045250911,a462cc29920af44c,a2141f88a2e59090
MID,validation-0cc203f3d5e29cf93ddd73b9d6f43a9b,0,6700666088100203606,coupled_z1.5_center,TRAINING_COUPLED,zoom,0.0,0.0,1.5,-0.07041081460674158,0.05309164325842697,0.541563840675041,-11.911999184572082,1.0,69,0.8581777215003967,,,,1.512569913520686,-0.6132943235068218,-0.4054651081081644,True,0.8889210224142722,58025d6b8a60e364,a2141f88a2e59090
POST,validation-0cc203f3d5e29cf93ddd73b9d6f43a9b,0,6700666088100203606,coupled_z1.5_center,TRAINING_COUPLED,zoom,0.0,0.0,1.5,0.0010489192559492745,0.05183147724779753,0.5730636698165325,-5.264089490919693,1.0,59,0.836627185344696,,,,1.3731352974609277,-0.5567584518321315,-0.4054651081081644,True,0.8855864933473847,57061e4c095aaed0,a2141f88a2e59090
PRE,validation-0cc203f3d5e29cf93ddd73b9d6f43a9b,1,5943829614924506486,coupled_z1.1_left_edge,TRAINING_COUPLED,shift,-0.2100000000000002,0.0,1.1,-0.014368474857591941,0.0022394992289718196,0.9965146254551238,0.5374304080026893,0.8533333333333334,175,0.9679765701293945,0.9880704366902159,True,,0.07617214007054644,,,,0.9575687025518798,473e27ad55ba63f0,266f8d6c33b7192d
MID,validation-0cc203f3d5e29cf93ddd73b9d6f43a9b,1,5943829614924506486,coupled_z1.1_left_edge,TRAINING_COUPLED,shift,-0.2100000000000002,0.0,1.1,3.469446951953614e-18,3.469446951953614e-18,1.0000000000000002,2.9931725785711354e-16,1.0,235,0.987152099609375,0.0,False,,2.570091822250225e-17,,,,0.9816150654315112,ef27dac3396fb4b6,266f8d6c33b7192d
POST,validation-0cc203f3d5e29cf93ddd73b9d6f43a9b,1,5943829614924506486,coupled_z1.1_left_edge,TRAINING_COUPLED,shift,-0.2100000000000002,0.0,1.1,0.0,-3.469446951953614e-18,1.0,8.989681986168007e-16,1.0,191,0.96795654296875,0.0,False,,1.817329355785225e-17,,,,0.9261625961152946,1a34cc54570670e2,266f8d6c33b7192d
PRE,validation-0cc203f3d5e29cf93ddd73b9d6f43a9b,1,5943829614924506486,coupled_z1.1_right_edge,TRAINING_COUPLED,shift,0.2100000000000002,0.0,1.1,0.0313850786468041,-0.008703274653222168,0.984063552614874,0.11318903500907117,0.9047619047619048,161,0.9607737064361572,0.9636350228063026,True,,0.17060196764317298,,,,0.9490635960726543,201c3dc6f83a133f,266f8d6c33b7192d
MID,validation-0cc203f3d5e29cf93ddd73b9d6f43a9b,1,5943829614924506486,coupled_z1.1_right_edge,TRAINING_COUPLED,shift,0.2100000000000002,0.0,1.1,0.014173591003705448,0.00043613149010805763,0.9932601467461193,-0.012138851238279935,0.7971014492753623,153,0.9668426513671875,0.9995269171874462,True,,0.07427775904695441,,,,0.9589694117875888,57b1dcf35ef317ef,266f8d6c33b7192d
POST,validation-0cc203f3d5e29cf93ddd73b9d6f43a9b,1,5943829614924506486,coupled_z1.1_right_edge,TRAINING_COUPLED,shift,0.2100000000000002,0.0,1.1,0.018531330390888317,-0.0023454960645224107,0.9906820658257729,0.09630786446200944,0.7835820895522388,156,0.960946798324585,0.9920850861455086,True,,0.09784329469763248,,,,0.9304910260722289,21b88390f2353889,266f8d6c33b7192d
PRE,validation-0cc203f3d5e29cf93ddd73b9d6f43a9b,1,5943829614924506486,coupled_z1.225_left_edge,TRAINING_COUPLED,shift,-0.5006250000000003,0.0,1.225,0.01993729710018407,-0.00661882184063442,0.9922694444539004,0.384323676768499,0.7771084337349398,175,0.9648371338844299,-0.9490673750606453,False,,0.05140351193872106,,,,0.9567154620110637,c1498e3365814ca1,266f8d6c33b7192d
MID,validation-0cc203f3d5e29cf93ddd73b9d6f43a9b,1,5943829614924506486,coupled_z1.225_left_edge,TRAINING_COUPLED,shift,-0.5006250000000003,0.0,1.225,-1.3877787807814457e-17,-1.0408340855860843e-17,1.0,4.978040794970948e-15,1.0,188,0.969724714756012,0.0,True,,4.2447665579457426e-17,,,,0.9543315117744811,b134f82f408787cb,266f8d6c33b7192d
POST,validation-0cc203f3d5e29cf93ddd73b9d6f43a9b,1,5943829614924506486,coupled_z1.225_left_edge,TRAINING_COUPLED,shift,-0.5006250000000003,0.0,1.225,0.0200713174359346,0.002945738095081127,0.9875600991244382,0.0673194690972855,0.8076923076923077,173,0.9580838680267334,-0.9894011447298371,False,,0.049639457467442534,,,,0.9191239476194727,bb090a5c84130a71,266f8d6c33b7192d
PRE,validation-0cc203f3d5e29cf93ddd73b9d6f43a9b,1,5943829614924506486,coupled_z1.225_right_edge,TRAINING_COUPLED,shift,0.5006250000000003,0.0,1.225,0.15637782508175363,-0.010916057824573631,0.9007453532265212,1.29677785525586,0.9363636363636364,123,0.9375187754631042,0.9975724528372208,True,,0.38357851718260344,,,,0.9227454020219994,c83b09ddfb019796,266f8d6c33b7192d
MID,validation-0cc203f3d5e29cf93ddd73b9d6f43a9b,1,5943829614924506486,coupled_z1.225_right_edge,TRAINING_COUPLED,shift,0.5006250000000003,0.0,1.225,0.14791159668900533,0.02185767401394493,0.9131792742774588,3.523515332728124,0.9428571428571428,117,0.9333981275558472,0.9892568726383736,True,,0.36586149476948776,,,,0.9265325025628184,fe8ae4b2ce90ec97,266f8d6c33b7192d
POST,validation-0cc203f3d5e29cf93ddd73b9d6f43a9b,1,5943829614924506486,coupled_z1.225_right_edge,TRAINING_COUPLED,shift,0.5006250000000003,0.0,1.225,0.13186828430089106,0.05203155045628176,0.8505181561173927,3.664279068283644,0.9196428571428571,120,0.9444356560707092,0.9302075370930581,True,,0.34688383099686143,,,,0.934393342398266,107aa23ceb0ac327,266f8d6c33b7192d
PRE,validation-0cc203f3d5e29cf93ddd73b9d6f43a9b,1,5943829614924506486,coupled_z1.4142_left_edge,TRAINING_COUPLED,shift,-1.0000000000000004,0.0,1.4142135623730951,0.0008200736493801501,-0.0008470758807174981,0.9991069048441993,0.06412600050895936,0.9865771812080537,184,0.961709201335907,-0.6955627939098634,False,,0.0016673681885540465,,,,0.9467739431117809,e3b0617134cf8b89,266f8d6c33b7192d
MID,validation-0cc203f3d5e29cf93ddd73b9d6f43a9b,1,5943829614924506486,coupled_z1.4142_left_edge,TRAINING_COUPLED,shift,-1.0000000000000004,0.0,1.4142135623730951,0.012223973250511718,-0.007519456876425537,0.9957370441564978,0.5129612352488235,0.7872340425531915,158,0.964918315410614,-0.8517512400018943,False,,0.020296194409083153,,,,0.9402746522580908,da8f10622a216679,266f8d6c33b7192d
POST,validation-0cc203f3d5e29cf93ddd73b9d6f43a9b,1,5943829614924506486,coupled_z1.4142_left_edge,TRAINING_COUPLED,shift,-1.0000000000000004,0.0,1.4142135623730951,0.036871807691268285,-0.0032330486717293133,0.9903582825959715,0.07023170551652806,0.9242424242424242,144,0.9580222368240356,-0.996177828714183,False,,0.052344680840284825,,,,0.9129419326773096,7bfc31a28e455bb3,266f8d6c33b7192d
PRE,validation-0cc203f3d5e29cf93ddd73b9d6f43a9b,1,5943829614924506486,coupled_z1.4142_right_edge,TRAINING_COUPLED,shift,1.0000000000000004,0.0,1.4142135623730951,0.07341966125996954,-0.008253427726498796,0.9198313199489184,2.0791898984080537,0.9369369369369369,123,0.93744295835495,0.9937407618718359,True,,0.10448507767873083,,,,0.9117588348235809,c1ec38c3e43a5d5a,266f8d6c33b7192d
MID,validation-0cc203f3d5e29cf93ddd73b9d6f43a9b,1,5943829614924506486,coupled_z1.4142_right_edge,TRAINING_COUPLED,shift,1.0000000000000004,0.0,1.4142135623730951,0.1549501308996687,0.005229043061600776,0.9050279840867416,3.5199779142543055,0.9181818181818182,123,0.9380139112472534,0.9994310687300939,True,,0.21925731895270686,,,,0.9510222018974095,62b6821783e27795,266f8d6c33b7192d
POST,validation-0cc203f3d5e29cf93ddd73b9d6f43a9b,1,5943829614924506486,coupled_z1.4142_right_edge,TRAINING_COUPLED,shift,1.0000000000000004,0.0,1.4142135623730951,0.14062854765965713,0.009698677114609481,0.9148625481750153,-0.21397769189910518,0.9444444444444444,119,0.9392241835594177,0.997630252165614,True,,0.19935121145675483,,,,0.9354968070974531,112dac1d62da1c1f,266f8d6c33b7192d
PRE,validation-0cc203f3d5e29cf93ddd73b9d6f43a9b,1,5943829614924506486,coupled_z1.5_left_edge,TRAINING_COUPLED,shift,-1.25,0.0,1.5,0.010101284549497824,-0.015158569807580825,0.9947832350510305,0.19391171040172678,0.7569444444444444,153,0.9526187777519226,-0.5545318705579809,False,,0.021859052837489627,,,,0.9455273714966481,85d1e519b18e0639,266f8d6c33b7192d
MID,validation-0cc203f3d5e29cf93ddd73b9d6f43a9b,1,5943829614924506486,coupled_z1.5_left_edge,TRAINING_COUPLED,shift,-1.25,0.0,1.5,0.00551606175117296,0.0033672033668935286,0.9959045999265574,0.1329503942564455,0.9338235294117647,161,0.9695605039596558,-0.8535380738149342,False,,0.007755101152773719,,,,0.9509265989607957,70cfdc2ba5942c80,266f8d6c33b7192d
POST,validation-0cc203f3d5e29cf93ddd73b9d6f43a9b,1,5943829614924506486,coupled_z1.5_left_edge,TRAINING_COUPLED,shift,-1.25,0.0,1.5,0.020251991391415054,-0.0016579071690091263,0.9929558061241378,0.3739166567199034,0.7666666666666667,170,0.9571521282196045,-0.996665898967924,False,,0.024383687345407006,,,,0.9261318533254119,70c0b1ced1ec30de,266f8d6c33b7192d
PRE,validation-0cc203f3d5e29cf93ddd73b9d6f43a9b,1,5943829614924506486,coupled_z1.5_right_edge,TRAINING_COUPLED,shift,1.25,0.0,1.5,0.09635729022272348,-0.01141751387981127,0.9489619601784278,1.0196699482086427,0.9724770642201835,123,0.9276958107948303,0.9930529580557074,True,,0.11643764547283261,,,,0.9170685361059397,000fa536c2a5c63a,266f8d6c33b7192d
MID,validation-0cc203f3d5e29cf93ddd73b9d6f43a9b,1,5943829614924506486,coupled_z1.5_right_edge,TRAINING_COUPLED,shift,1.25,0.0,1.5,0.12106286629995411,-0.015871647595811913,0.9405575676640677,0.456290078399497,0.9363636363636364,125,0.9440475702285767,0.991515284138435,True,,0.1465186083185318,,,,0.9387326167493751,ce99814cab6f234f,266f8d6c33b7192d
POST,validation-0cc203f3d5e29cf93ddd73b9d6f43a9b,1,5943829614924506486,coupled_z1.5_right_edge,TRAINING_COUPLED,shift,1.25,0.0,1.5,0.05695581834841376,0.004624703868249272,0.9651469798581875,0.5733886825076169,0.8495575221238938,135,0.9488917589187622,0.9967196467430215,True,,0.06857192214480623,,,,0.898382717273691,09c1da53a655930e,266f8d6c33b7192d
PRE,validation-0cc203f3d5e29cf93ddd73b9d6f43a9b,1,5943829614924506486,legacy_center_z1,EXTRAPOLATION,identity,0.0,0.0,1.0,0.0,0.0,1.0,0.0,1.0,256,1.0,,,,,,,,1.0,c30334d8193adb05,266f8d6c33b7192d
MID,validation-0cc203f3d5e29cf93ddd73b9d6f43a9b,1,5943829614924506486,legacy_center_z1,EXTRAPOLATION,identity,0.0,0.0,1.0,0.0,0.0,1.0,0.0,1.0,256,1.0,,,,,,,,1.0,d1ae839eaabaecdd,266f8d6c33b7192d
POST,validation-0cc203f3d5e29cf93ddd73b9d6f43a9b,1,5943829614924506486,legacy_center_z1,EXTRAPOLATION,identity,0.0,0.0,1.0,0.0,0.0,1.0,0.0,1.0,256,1.0,,,,,,,,1.0,90a4e215225d06aa,266f8d6c33b7192d
PRE,validation-0cc203f3d5e29cf93ddd73b9d6f43a9b,1,5943829614924506486,coupled_z1.1_center,TRAINING_COUPLED,zoom,0.0,0.0,1.1,0.004645909281476235,-0.0017267067682115965,0.9955346467502563,0.13314830328219554,0.9421965317919075,190,0.967694878578186,,,,0.04695566336457051,-0.004475352718108568,-0.09531017980432493,True,0.9526999564578518,9c9a230b6b57ade1,266f8d6c33b7192d
MID,validation-0cc203f3d5e29cf93ddd73b9d6f43a9b,1,5943829614924506486,coupled_z1.1_center,TRAINING_COUPLED,zoom,0.0,0.0,1.1,0.0,-1.0842021724855044e-19,1.0,-1.1329053757105147e-15,1.0,249,0.9911102056503296,,,,-0.0,0.0,-0.09531017980432493,False,0.9844235163230012,4fa1908ed022991d,266f8d6c33b7192d
POST,validation-0cc203f3d5e29cf93ddd73b9d6f43a9b,1,5943829614924506486,coupled_z1.1_center,TRAINING_COUPLED,zoom,0.0,0.0,1.1,-2.7755575615628914e-17,6.938893903907228e-18,1.0,-2.694016734925891e-15,1.0,175,0.9629694223403931,,,,-0.0,0.0,-0.09531017980432493,False,0.9554570317258816,6c11c6f8085b5525,266f8d6c33b7192d
PRE,validation-0cc203f3d5e29cf93ddd73b9d6f43a9b,1,5943829614924506486,coupled_z1.225_center,TRAINING_COUPLED,zoom,0.0,0.0,1.225,0.005123871584255091,-0.008369845884840646,0.9901522775468186,0.5976795335629833,0.8344827586206897,159,0.9601827263832092,,,,0.0487655997834924,-0.00989653197806677,-0.20294084399669038,True,0.9322187860133139,d30a147ded132ace,266f8d6c33b7192d
MID,validation-0cc203f3d5e29cf93ddd73b9d6f43a9b,1,5943829614924506486,coupled_z1.225_center,TRAINING_COUPLED,zoom,0.0,0.0,1.225,3.469446951953614e-18,-8.673617379884035e-19,0.9999999999999998,-2.3067308129130615e-15,1.0,231,0.9837809205055237,,,,1.0941346283582645e-15,-2.2204460492503136e-16,-0.20294084399669038,True,0.9813340295146445,05ab3826b64612ea,266f8d6c33b7192d
POST,validation-0cc203f3d5e29cf93ddd73b9d6f43a9b,1,5943829614924506486,coupled_z1.225_center,TRAINING_COUPLED,zoom,0.0,0.0,1.225,-6.938893903907228e-18,2.7755575615628914e-17,1.0,2.1135536013783967e-15,1.0,202,0.9651950001716614,,,,-0.0,0.0,-0.20294084399669038,False,0.9462153315534665,c06df9cca7c25791,266f8d6c33b7192d
PRE,validation-0cc203f3d5e29cf93ddd73b9d6f43a9b,1,5943829614924506486,coupled_z1.4142_center,TRAINING_COUPLED,zoom,0.0,0.0,1.4142135623730951,-0.02225961763878469,-0.029933948330832696,0.9810524049466331,-0.3122356760789691,0.8518518518518519,143,0.9489657282829285,,,,0.055195783680175595,-0.01912940091835518,-0.3465735902799727,True,0.8815835047703215,a7d1a6a8370cb398,266f8d6c33b7192d
MID,validation-0cc203f3d5e29cf93ddd73b9d6f43a9b,1,5943829614924506486,coupled_z1.4142_center,TRAINING_COUPLED,zoom,0.0,0.0,1.4142135623730951,3.469446951953614e-18,-2.7755575615628914e-17,0.9999999999999999,-2.6356382912056274e-15,1.0,186,0.9684433341026306,,,,3.203426503814917e-16,-1.1102230246251565e-16,-0.3465735902799727,True,0.9325780192101236,f850b0f475402d9f,266f8d6c33b7192d
POST,validation-0cc203f3d5e29cf93ddd73b9d6f43a9b,1,5943829614924506486,coupled_z1.4142_center,TRAINING_COUPLED,zoom,0.0,0.0,1.4142135623730951,-0.05020181491901928,0.1003870006283718,0.8895211108472421,-1.0569587632854727,1.0,92,0.9265802502632141,,,,0.3377984995246207,-0.11707203877143545,-0.3465735902799727,True,0.8309153318396841,ba33f4a5bcf085b3,266f8d6c33b7192d
PRE,validation-0cc203f3d5e29cf93ddd73b9d6f43a9b,1,5943829614924506486,coupled_z1.5_center,TRAINING_COUPLED,zoom,0.0,0.0,1.5,-0.015169508809944998,-0.03181698516318757,0.9775132256070266,-0.06392808231398019,0.8524590163934426,133,0.9438342452049255,,,,0.056092267192853824,-0.02274345718138252,-0.4054651081081644,True,0.9068939034270459,15872825c236e930,266f8d6c33b7192d
MID,validation-0cc203f3d5e29cf93ddd73b9d6f43a9b,1,5943829614924506486,coupled_z1.5_center,TRAINING_COUPLED,zoom,0.0,0.0,1.5,0.002074949968028183,-0.00012159306948116705,0.997935566474922,0.08952342766041343,0.9830508474576272,147,0.9472822546958923,,,,0.005096782346949027,-0.002066567405309471,-0.4054651081081644,True,0.9310566145802137,49c50f37b20ed905,266f8d6c33b7192d
POST,validation-0cc203f3d5e29cf93ddd73b9d6f43a9b,1,5943829614924506486,coupled_z1.5_center,TRAINING_COUPLED,zoom,0.0,0.0,1.5,-0.028047878198278944,0.1393768838522268,0.8408151541174828,-0.20949173574795424,0.9886363636363636,99,0.9212107062339783,,,,0.42761616884850095,-0.17338343613095653,-0.4054651081081644,True,0.831252574919823,25e86cc3f75d930f,266f8d6c33b7192d
PRE,validation-0cc203f3d5e29cf93ddd73b9d6f43a9b,2,17799061831261262827,coupled_z1.1_left_edge,TRAINING_COUPLED,shift,-0.2100000000000002,0.0,1.1,0.012343760364433656,0.016027448157663084,0.9555052672731877,-1.0586246954122445,0.7982456140350878,135,0.944754958152771,-0.6101750658294937,False,,0.1059659694230356,,,,0.9276007923594727,ffd54c4b7c037a9d,5c9cff980868d9e0
MID,validation-0cc203f3d5e29cf93ddd73b9d6f43a9b,2,17799061831261262827,coupled_z1.1_left_edge,TRAINING_COUPLED,shift,-0.2100000000000002,0.0,1.1,-0.05221829559866847,0.000944772863725336,0.897880111627783,-3.4685926865104735,0.8625,91,0.9193081855773926,0.9998363661686314,True,,0.27356917066094105,,,,0.8725090026846742,0ee25dcb1cd2ff07,5c9cff980868d9e0
POST,validation-0cc203f3d5e29cf93ddd73b9d6f43a9b,2,17799061831261262827,coupled_z1.1_left_edge,TRAINING_COUPLED,shift,-0.2100000000000002,0.0,1.1,-0.045486217640601886,0.022558173624320776,0.9518662610353529,-1.1694458001228512,0.8492063492063492,145,0.9564583897590637,0.8958794098696464,True,,0.26595224465789113,,,,0.9377363287043927,834330900742a424,5c9cff980868d9e0
PRE,validation-0cc203f3d5e29cf93ddd73b9d6f43a9b,2,17799061831261262827,coupled_z1.1_right_edge,TRAINING_COUPLED,shift,0.2100000000000002,0.0,1.1,0.09237592718085837,0.029454306848496162,0.955551556729739,1.2522451712985228,0.9615384615384616,114,0.9350892901420593,0.9527409462839513,True,,0.5078756257320901,,,,0.9211085940719684,882c6ebf43df6b87,5c9cff980868d9e0
MID,validation-0cc203f3d5e29cf93ddd73b9d6f43a9b,2,17799061831261262827,coupled_z1.1_right_edge,TRAINING_COUPLED,shift,0.2100000000000002,0.0,1.1,0.15120323548143022,0.030097216854550385,0.9059064131472272,-1.8821192856093012,0.9545454545454546,73,0.9014397263526917,0.9807591792922001,True,,0.8075549680855901,,,,0.8233786716082607,b8f374490cbb8830,5c9cff980868d9e0
POST,validation-0cc203f3d5e29cf93ddd73b9d6f43a9b,2,17799061831261262827,coupled_z1.1_right_edge,TRAINING_COUPLED,shift,0.2100000000000002,0.0,1.1,0.1524191008784568,0.008859951178548223,0.9225429221617911,-4.086090369716781,0.9519230769230769,116,0.9333662390708923,0.9983147863005415,True,,0.7997334883092249,,,,0.8951227664938558,aff82e4add8810ae,5c9cff980868d9e0
PRE,validation-0cc203f3d5e29cf93ddd73b9d6f43a9b,2,17799061831261262827,coupled_z1.225_left_edge,TRAINING_COUPLED,shift,-0.5006250000000003,0.0,1.225,-0.07572339019277646,0.011705363766972413,0.8045604488110235,-4.8671679350148285,0.8817204301075269,102,0.9133700132369995,0.9882623662383953,True,,0.18749139796337216,,,,0.9397476279575743,a0de62645d4c9a1d,5c9cff980868d9e0
MID,validation-0cc203f3d5e29cf93ddd73b9d6f43a9b,2,17799061831261262827,coupled_z1.225_left_edge,TRAINING_COUPLED,shift,-0.5006250000000003,0.0,1.225,-0.07012604889389375,0.009954048457989752,0.9652236680854813,-1.636835689119263,0.8974358974358975,84,0.9219752550125122,0.9900755179918787,True,,0.17331438234483973,,,,0.8849414587012023,47186e962f981f40,5c9cff980868d9e0
POST,validation-0cc203f3d5e29cf93ddd73b9d6f43a9b,2,17799061831261262827,coupled_z1.225_left_edge,TRAINING_COUPLED,shift,-0.5006250000000003,0.0,1.225,-1.8819038988756448e-05,-0.005105336434233006,0.996664628503596,0.18958341645782692,0.873015873015873,146,0.9535479545593262,0.003686125560906298,True,,0.012492543562149166,,,,0.9220975637426692,5d1cf590765a9059,5c9cff980868d9e0
PRE,validation-0cc203f3d5e29cf93ddd73b9d6f43a9b,2,17799061831261262827,coupled_z1.225_right_edge,TRAINING_COUPLED,shift,0.5006250000000003,0.0,1.225,0.15490331198160776,0.020208174704673457,0.8813147497231825,-2.176046555683851,0.9459459459459459,123,0.9308717846870422,0.9915976237532255,True,,0.38225113304559283,,,,0.9250127583748101,ee6a981d12a3e791,5c9cff980868d9e0
MID,validation-0cc203f3d5e29cf93ddd73b9d6f43a9b,2,17799061831261262827,coupled_z1.225_right_edge,TRAINING_COUPLED,shift,0.5006250000000003,0.0,1.225,0.30639095319192855,-0.03692916286777565,0.8535827452105967,2.8864314652671528,0.9838709677419355,70,0.8983117341995239,0.9928145097325535,True,,0.7551467843279814,,,,0.874410204553338,c061cf32c78eb348,5c9cff980868d9e0
POST,validation-0cc203f3d5e29cf93ddd73b9d6f43a9b,2,17799061831261262827,coupled_z1.225_right_edge,TRAINING_COUPLED,shift,0.5006250000000003,0.0,1.225,0.07967230743279875,0.05802920587491123,0.6557789247839848,-4.024078077055333,1.0,107,0.9399417042732239,0.8083222492304641,True,,0.2411828470197205,,,,0.8982390104665721,a899b663872d0e2c,5c9cff980868d9e0
PRE,validation-0cc203f3d5e29cf93ddd73b9d6f43a9b,2,17799061831261262827,coupled_z1.4142_left_edge,TRAINING_COUPLED,shift,-1.0000000000000004,0.0,1.4142135623730951,-0.06548057248849437,0.02808841878058556,0.593468606936958,-3.831445621657498,0.978494623655914,94,0.9103054404258728,0.9190163332765774,True,,0.10076373001248527,,,,0.8956322545557907,774802e59ed00c00,5c9cff980868d9e0
MID,validation-0cc203f3d5e29cf93ddd73b9d6f43a9b,2,17799061831261262827,coupled_z1.4142_left_edge,TRAINING_COUPLED,shift,-1.0000000000000004,0.0,1.4142135623730951,-0.03292982768686574,-0.01094584413688893,0.9507831333112668,0.029490833552363767,0.8493150684931506,82,0.9209405779838562,0.9489489325869115,True,,0.0490751475872612,,,,0.873810112475475,8a8e8d30f5a50cec,5c9cff980868d9e0
POST,validation-0cc203f3d5e29cf93ddd73b9d6f43a9b,2,17799061831261262827,coupled_z1.4142_left_edge,TRAINING_COUPLED,shift,-1.0000000000000004,0.0,1.4142135623730951,-0.012043364960176564,-0.003306499496209571,0.993720956896554,0.04772082482536556,0.8174603174603174,147,0.9565923810005188,0.9643163821739744,True,,0.01766213908236727,,,,0.9134670495977802,8cbf339705f197d5,5c9cff980868d9e0
PRE,validation-0cc203f3d5e29cf93ddd73b9d6f43a9b,2,17799061831261262827,coupled_z1.4142_right_edge,TRAINING_COUPLED,shift,1.0000000000000004,0.0,1.4142135623730951,0.08746782533427484,0.008618254709459925,0.8799048504527883,0.7716066876489635,0.9215686274509803,115,0.9261185526847839,0.995180923777238,True,,0.12429718245354024,,,,0.9463502732714651,8e8d2ee700247559,5c9cff980868d9e0
MID,validation-0cc203f3d5e29cf93ddd73b9d6f43a9b,2,17799061831261262827,coupled_z1.4142_right_edge,TRAINING_COUPLED,shift,1.0000000000000004,0.0,1.4142135623730951,0.14721926761186874,0.012118342904221424,0.9067461514841888,2.8905170964476166,0.953125,72,0.89332115650177,0.996629246479252,True,,0.20890364760300048,,,,0.7874955408264595,d49f937b9295ee6a,5c9cff980868d9e0
POST,validation-0cc203f3d5e29cf93ddd73b9d6f43a9b,2,17799061831261262827,coupled_z1.4142_right_edge,TRAINING_COUPLED,shift,1.0000000000000004,0.0,1.4142135623730951,0.13667007528468886,0.015672115035438167,0.9486592868012732,-3.92880854856887,0.9821428571428571,126,0.9333835244178772,0.9934894016936096,True,,0.19454729331453835,,,,0.8872642517080971,5988e52fe9741280,5c9cff980868d9e0
PRE,validation-0cc203f3d5e29cf93ddd73b9d6f43a9b,2,17799061831261262827,coupled_z1.5_left_edge,TRAINING_COUPLED,shift,-1.25,0.0,1.5,0.026505091721335985,0.002426408944076072,0.5944148291771373,2.0347993845733146,0.9456521739130435,93,0.9070838093757629,-0.9958359099602647,False,,0.03193910738310119,,,,0.9092962633715433,bd89befb0c17869a,5c9cff980868d9e0
MID,validation-0cc203f3d5e29cf93ddd73b9d6f43a9b,2,17799061831261262827,coupled_z1.5_left_edge,TRAINING_COUPLED,shift,-1.25,0.0,1.5,-0.07813446653156729,-0.009524310053064797,0.9550587447605593,0.4781509178766227,0.8732394366197183,76,0.9121577739715576,0.9926524152280345,True,,0.09445537873890353,,,,0.8308823108664786,6a1dc41008b3bc6a,5c9cff980868d9e0
POST,validation-0cc203f3d5e29cf93ddd73b9d6f43a9b,2,17799061831261262827,coupled_z1.5_left_edge,TRAINING_COUPLED,shift,-1.25,0.0,1.5,-0.024196958816827513,0.009428861886369436,0.9963334167234569,-0.21143419419472753,0.7711864406779662,135,0.9528902173042297,0.9317581735412194,True,,0.031162968464764178,,,,0.9021203459563977,9651832138ffb6c6,5c9cff980868d9e0
PRE,validation-0cc203f3d5e29cf93ddd73b9d6f43a9b,2,17799061831261262827,coupled_z1.5_right_edge,TRAINING_COUPLED,shift,1.25,0.0,1.5,0.11938862006851979,0.014029774308621533,0.8204032146239901,4.024458452030989,0.896551724137931,94,0.9096711277961731,0.9931659883582264,True,,0.14425216505613828,,,,0.9160870263619219,33e358f0bed42cc4,5c9cff980868d9e0
MID,validation-0cc203f3d5e29cf93ddd73b9d6f43a9b,2,17799061831261262827,coupled_z1.5_right_edge,TRAINING_COUPLED,shift,1.25,0.0,1.5,0.12695943035248206,0.006258393938626053,0.9297730537542751,1.5504949483979724,0.9558823529411765,75,0.8949257135391235,0.9987872388726069,True,,0.1525363065246094,,,,0.8333877821787476,520709b73ddd10be,5c9cff980868d9e0
POST,validation-0cc203f3d5e29cf93ddd73b9d6f43a9b,2,17799061831261262827,coupled_z1.5_right_edge,TRAINING_COUPLED,shift,1.25,0.0,1.5,0.00023994975660746043,0.01777140925621834,0.8986038003333031,3.094912571659586,0.9166666666666666,115,0.9425541162490845,0.013500780055596679,True,,0.02132763490137353,,,,0.8908784920491901,0d5577d52d54588e,5c9cff980868d9e0
PRE,validation-0cc203f3d5e29cf93ddd73b9d6f43a9b,2,17799061831261262827,legacy_center_z1,EXTRAPOLATION,identity,0.0,0.0,1.0,0.0,0.0,1.0,0.0,1.0,256,1.0,,,,,,,,1.0,cd8160d029d97e6c,5c9cff980868d9e0
MID,validation-0cc203f3d5e29cf93ddd73b9d6f43a9b,2,17799061831261262827,legacy_center_z1,EXTRAPOLATION,identity,0.0,0.0,1.0,0.0,0.0,1.0,0.0,1.0,256,1.0,,,,,,,,1.0,0c244aded501b30e,5c9cff980868d9e0
POST,validation-0cc203f3d5e29cf93ddd73b9d6f43a9b,2,17799061831261262827,legacy_center_z1,EXTRAPOLATION,identity,0.0,0.0,1.0,0.0,0.0,1.0,0.0,1.0,256,1.0,,,,,,,,1.0,52f6b18bbc6a9961,5c9cff980868d9e0
PRE,validation-0cc203f3d5e29cf93ddd73b9d6f43a9b,2,17799061831261262827,coupled_z1.1_center,TRAINING_COUPLED,zoom,0.0,0.0,1.1,0.011960930629736008,0.036905160611776025,0.9715988291807748,-1.547624107938345,0.8981481481481481,124,0.9327922463417053,,,,0.3023002050403067,-0.028812286897275923,-0.09531017980432493,True,0.9500520765833982,999ed2d8727eff2a,5c9cff980868d9e0
MID,validation-0cc203f3d5e29cf93ddd73b9d6f43a9b,2,17799061831261262827,coupled_z1.1_center,TRAINING_COUPLED,zoom,0.0,0.0,1.1,0.007756474922695697,-0.007892854009956415,0.9017113584614257,3.2440052958226433,0.9014084507042254,83,0.9082008004188538,,,,1.0855169096221386,-0.10346081183672118,-0.09531017980432493,True,0.8875523142538919,1ee2aa7f6e81f9b3,5c9cff980868d9e0
POST,validation-0cc203f3d5e29cf93ddd73b9d6f43a9b,2,17799061831261262827,coupled_z1.1_center,TRAINING_COUPLED,zoom,0.0,0.0,1.1,0.017422967827371082,0.0773294242847684,0.9489558611771184,-0.5383818373418304,0.9716981132075472,115,0.9398527145385742,,,,0.5497103503432638,-0.05239299233151492,-0.09531017980432493,True,0.8935769669496383,dccd816fc8f1d1c5,5c9cff980868d9e0
PRE,validation-0cc203f3d5e29cf93ddd73b9d6f43a9b,2,17799061831261262827,coupled_z1.225_center,TRAINING_COUPLED,zoom,0.0,0.0,1.225,0.01652445584580263,0.03824588004036534,0.8991193222312593,1.053963413750779,0.8703703703703703,120,0.9281176924705505,,,,0.5239927236509585,-0.10633952558585005,-0.20294084399669038,True,0.9369627795783914,dec90b5a2cfdf029,5c9cff980868d9e0
MID,validation-0cc203f3d5e29cf93ddd73b9d6f43a9b,2,17799061831261262827,coupled_z1.225_center,TRAINING_COUPLED,zoom,0.0,0.0,1.225,0.0030512447462010817,0.12923334949886844,0.8628411930957066,-0.20932322804850848,1.0,56,0.8797006607055664,,,,0.7269341114236157,-0.14752462210229275,-0.20294084399669038,True,0.7974501252166403,9c2f73dae62528aa,5c9cff980868d9e0
POST,validation-0cc203f3d5e29cf93ddd73b9d6f43a9b,2,17799061831261262827,coupled_z1.225_center,TRAINING_COUPLED,zoom,0.0,0.0,1.225,0.018572848909709817,0.10846954939166188,0.9019904429033135,-3.2618651438973294,0.9880952380952381,93,0.9275165796279907,,,,0.5082828690128032,-0.10315135442651749,-0.20294084399669038,True,0.860922149473888,9c0f96627c0177e3,5c9cff980868d9e0
PRE,validation-0cc203f3d5e29cf93ddd73b9d6f43a9b,2,17799061831261262827,coupled_z1.4142_center,TRAINING_COUPLED,zoom,0.0,0.0,1.4142135623730951,-0.008739528535431654,0.026247596260112263,0.8998834800416179,-0.6872135199941675,0.8640776699029126,115,0.9267379641532898,,,,0.30437977277656725,-0.1054899906597772,-0.3465735902799727,True,0.9098108357069237,5fda53ae23e59780,5c9cff980868d9e0
MID,validation-0cc203f3d5e29cf93ddd73b9d6f43a9b,2,17799061831261262827,coupled_z1.4142_center,TRAINING_COUPLED,zoom,0.0,0.0,1.4142135623730951,0.015214556336481427,0.1433594607950802,0.826670694993365,-1.7128118131247014,1.0,55,0.8685733675956726,,,,0.5492306998160981,-0.19034885552724706,-0.3465735902799727,True,0.7737940415013468,4e1a35199b26c95f,5c9cff980868d9e0
POST,validation-0cc203f3d5e29cf93ddd73b9d6f43a9b,2,17799061831261262827,coupled_z1.4142_center,TRAINING_COUPLED,zoom,0.0,0.0,1.4142135623730951,-0.021123190083115525,0.0891700111105572,0.8879451833367809,-2.3819263155867674,0.9382716049382716,90,0.9297381043434143,,,,0.34291495862671645,-0.11884526837196942,-0.3465735902799727,True,0.8390072584143831,646abbd900ac6c3c,5c9cff980868d9e0
PRE,validation-0cc203f3d5e29cf93ddd73b9d6f43a9b,2,17799061831261262827,coupled_z1.5_center,TRAINING_COUPLED,zoom,0.0,0.0,1.5,-0.000742489802881564,0.020888583880022956,0.9685981918180597,-0.36145961994687603,0.8317757009345794,126,0.9262489080429077,,,,0.07868843749110528,-0.03190541581419354,-0.4054651081081644,True,0.9247814968088854,4848d6ea3aa2c8c7,5c9cff980868d9e0
MID,validation-0cc203f3d5e29cf93ddd73b9d6f43a9b,2,17799061831261262827,coupled_z1.5_center,TRAINING_COUPLED,zoom,0.0,0.0,1.5,-0.03390939261970877,0.1429359431540856,0.868124607241824,1.0324260463493886,0.9811320754716981,59,0.8708863854408264,,,,0.3487846797834207,-0.14142001789485617,-0.4054651081081644,True,0.7803899049751106,8bcb9040064776a4,5c9cff980868d9e0
POST,validation-0cc203f3d5e29cf93ddd73b9d6f43a9b,2,17799061831261262827,coupled_z1.5_center,TRAINING_COUPLED,zoom,0.0,0.0,1.5,-0.05042697991449829,0.11743313350038943,0.8635779382014638,-1.048330187427845,0.9634146341463414,91,0.9236679673194885,,,,0.3617355083109033,-0.1466711269838422,-0.4054651081081644,True,0.8307240403553333,48f1a8bec2f5d850,5c9cff980868d9e0
PRE,validation-00cb35ba157f16828e158208485e514f,0,6117968892405753071,coupled_z1.1_left_edge,TRAINING_COUPLED,shift,-0.2100000000000002,0.0,1.1,-0.013604588078702906,-0.024848961279972,0.9907528383997487,-2.7173946126149673,0.89,123,0.896131694316864,0.48022836303380056,True,,0.14839216819250803,,,,0.8749869987352085,a86a721a2595b96c,58cdb35298a629e4
MID,validation-00cb35ba157f16828e158208485e514f,0,6117968892405753071,coupled_z1.1_left_edge,TRAINING_COUPLED,shift,-0.2100000000000002,0.0,1.1,-0.04755942439233067,-0.007995783519089064,0.913630794918476,2.616759253249201,0.9393939393939394,112,0.8674876093864441,0.9861602083754357,True,,0.25261696050315413,,,,0.8843843271952564,836dfb76d15429ff,58cdb35298a629e4
POST,validation-00cb35ba157f16828e158208485e514f,0,6117968892405753071,coupled_z1.1_left_edge,TRAINING_COUPLED,shift,-0.2100000000000002,0.0,1.1,-0.027372308225124625,0.009553161812497352,0.9699079859604769,1.2630925963990731,0.8543689320388349,120,0.8821950554847717,0.944149944089554,True,,0.1518601555201653,,,,0.8832266857154291,f825034c1b0febbc,58cdb35298a629e4
PRE,validation-00cb35ba157f16828e158208485e514f,0,6117968892405753071,coupled_z1.1_right_edge,TRAINING_COUPLED,shift,0.2100000000000002,0.0,1.1,0.05758561743139551,-0.003895418694928829,0.7868555583894884,2.093818008693149,0.9911504424778761,116,0.8761565685272217,0.9977198527583218,True,,0.3023283014654593,,,,0.9484626054754308,0417aa2f3fe7453c,58cdb35298a629e4
MID,validation-00cb35ba157f16828e158208485e514f,0,6117968892405753071,coupled_z1.1_right_edge,TRAINING_COUPLED,shift,0.2100000000000002,0.0,1.1,0.11527801209509966,0.026703144466362128,0.7562271314088985,1.0948170760774878,0.8947368421052632,99,0.8466012477874756,0.9742047268245058,True,,0.6198257815417809,,,,0.9247574165309609,85cfa26c20f5aa6b,58cdb35298a629e4
POST,validation-00cb35ba157f16828e158208485e514f,0,6117968892405753071,coupled_z1.1_right_edge,TRAINING_COUPLED,shift,0.2100000000000002,0.0,1.1,0.04279252400548697,-0.012604938271604957,0.9699512770330684,0.8856918396445747,0.9368421052631579,110,0.8656971454620361,0.959250723982816,True,,0.2336733354364538,,,,0.9182050228109714,88a573d30f494519,58cdb35298a629e4
PRE,validation-00cb35ba157f16828e158208485e514f,0,6117968892405753071,coupled_z1.225_left_edge,TRAINING_COUPLED,shift,-0.5006250000000003,0.0,1.225,-0.018511651238367066,-0.006262232877049575,0.9815139863558074,-0.040779651634281974,0.8865979381443299,113,0.8972101211547852,0.9472664464814041,True,,0.047818567353576764,,,,0.8960097370144549,bb1d441d36eb2b86,58cdb35298a629e4
MID,validation-00cb35ba157f16828e158208485e514f,0,6117968892405753071,coupled_z1.225_left_edge,TRAINING_COUPLED,shift,-0.5006250000000003,0.0,1.225,-0.0022914754132370707,0.004641623488773762,0.9117448360211475,5.825303112736742,0.9347826086956522,102,0.8575426936149597,0.44267402613320306,True,,0.012666444260145028,,,,0.8949086666098228,cc7b0e5b11e519f8,58cdb35298a629e4
POST,validation-00cb35ba157f16828e158208485e514f,0,6117968892405753071,coupled_z1.225_left_edge,TRAINING_COUPLED,shift,-0.5006250000000003,0.0,1.225,0.022453117421997057,-0.020141321334267392,0.9916171625545405,1.6831739313981078,0.8111111111111111,110,0.8748124837875366,-0.7443891389351999,False,,0.07380744556799096,,,,0.8845484783967518,786ad0da6ef10a53,58cdb35298a629e4
PRE,validation-00cb35ba157f16828e158208485e514f,0,6117968892405753071,coupled_z1.225_right_edge,TRAINING_COUPLED,shift,0.5006250000000003,0.0,1.225,0.014314174078453524,-0.0011533254502767154,0.9815202643689434,0.31251678801137805,0.7325581395348837,98,0.8689428567886353,0.9967697739786132,True,,0.035139452429781226,,,,0.9092968106260743,725b4456d4ca3810,58cdb35298a629e4
MID,validation-00cb35ba157f16828e158208485e514f,0,6117968892405753071,coupled_z1.225_right_edge,TRAINING_COUPLED,shift,0.5006250000000003,0.0,1.225,0.10453882563968364,0.010621695507796132,0.7587162757017146,-8.788844499888302,0.9081632653061225,100,0.8618410229682922,0.9948778103760623,True,,0.2571173763028608,,,,0.883409440516542,4d2704da2f3c8808,58cdb35298a629e4
POST,validation-00cb35ba157f16828e158208485e514f,0,6117968892405753071,coupled_z1.225_right_edge,TRAINING_COUPLED,shift,0.5006250000000003,0.0,1.225,0.00712780294775478,0.014331952170671555,0.7744845824880646,-0.5988621679159892,0.8842105263157894,101,0.8497673273086548,0.4453047051059616,True,,0.03916714863974053,,,,0.9079818725576857,09e3fce6cb7bfa43,58cdb35298a629e4
PRE,validation-00cb35ba157f16828e158208485e514f,0,6117968892405753071,coupled_z1.4142_left_edge,TRAINING_COUPLED,shift,-1.0000000000000004,0.0,1.4142135623730951,0.015532188436224614,-0.011615083390342291,0.9962652168900842,-2.4460036852073435,0.875,93,0.8553888201713562,-0.8008421061937865,False,,0.027428417372608094,,,,0.8262543678275428,3eac81704da066c3,58cdb35298a629e4
MID,validation-00cb35ba157f16828e158208485e514f,0,6117968892405753071,coupled_z1.4142_left_edge,TRAINING_COUPLED,shift,-1.0000000000000004,0.0,1.4142135623730951,-0.011047632158590476,-0.0036352216409691503,0.9566183227323167,-0.7920527083215843,0.7473684210526316,107,0.8675710558891296,0.9498968920389043,True,,0.01644779697652502,,,,0.9032553434362914,b92e240143005ea9,58cdb35298a629e4
POST,validation-00cb35ba157f16828e158208485e514f,0,6117968892405753071,coupled_z1.4142_left_edge,TRAINING_COUPLED,shift,-1.0000000000000004,0.0,1.4142135623730951,0.02515786667795783,0.0019580568300794493,0.9895108948133675,0.019167908966535377,0.8518518518518519,99,0.8583880066871643,-0.9969848749113684,False,,0.035686194594989284,,,,0.9077160358419877,2203801b9b3e9ece,58cdb35298a629e4
PRE,validation-00cb35ba157f16828e158208485e514f,0,6117968892405753071,coupled_z1.4142_right_edge,TRAINING_COUPLED,shift,1.0000000000000004,0.0,1.4142135623730951,-0.010364169672326937,-0.011120432570130359,0.9220143157482349,5.020688625192648,0.8539325842696629,99,0.8597601652145386,-0.6817942013370263,False,,0.02149790843517561,,,,0.8516280562647444,03aa23037aa71e1e,58cdb35298a629e4
MID,validation-00cb35ba157f16828e158208485e514f,0,6117968892405753071,coupled_z1.4142_right_edge,TRAINING_COUPLED,shift,1.0000000000000004,0.0,1.4142135623730951,-0.01371950185515558,-0.019816587192305432,0.9679858852848704,-0.7809255493456502,0.7701149425287356,99,0.8676261305809021,-0.5692191251044724,False,,0.03408582870061576,,,,0.9113681263537905,f2c0e8e7d1659bc9,58cdb35298a629e4
POST,validation-00cb35ba157f16828e158208485e514f,0,6117968892405753071,coupled_z1.4142_right_edge,TRAINING_COUPLED,shift,1.0000000000000004,0.0,1.4142135623730951,0.03566476889314816,-0.05616377086085955,0.9727633325121762,3.391251743794381,0.9285714285714286,112,0.8619082570075989,0.5360641803078802,True,,0.09408873362430596,,,,0.878157317637519,08937fbac4a6dd68,58cdb35298a629e4
PRE,validation-00cb35ba157f16828e158208485e514f,0,6117968892405753071,coupled_z1.5_left_edge,TRAINING_COUPLED,shift,-1.25,0.0,1.5,-0.0456836525420925,0.003558709051415171,0.9046302867998807,-2.859214227254516,0.8732394366197183,78,0.8246222138404846,0.9969796153413203,True,,0.05498646331932008,,,,0.7758622035890334,fb8259511dbb6e9e,58cdb35298a629e4
MID,validation-00cb35ba157f16828e158208485e514f,0,6117968892405753071,coupled_z1.5_left_edge,TRAINING_COUPLED,shift,-1.25,0.0,1.5,-0.041756180708237695,0.008813356644992318,0.9448260999352176,2.193358217154969,0.8761904761904762,119,0.8566198348999023,0.9784429831735187,True,,0.05121138146032382,,,,0.9009036421766808,367f80fae9ded988,58cdb35298a629e4
POST,validation-00cb35ba157f16828e158208485e514f,0,6117968892405753071,coupled_z1.5_left_edge,TRAINING_COUPLED,shift,-1.25,0.0,1.5,-0.005048202655355494,-0.020075035645962132,0.9176281236965038,-4.35986392836846,0.8470588235294118,98,0.8517300486564636,0.2438741242214103,True,,0.02484004076043579,,,,0.8729791641226621,fbca83636302fcf7,58cdb35298a629e4
PRE,validation-00cb35ba157f16828e158208485e514f,0,6117968892405753071,coupled_z1.5_right_edge,TRAINING_COUPLED,shift,1.25,0.0,1.5,0.10698811000750322,-0.028593463289973173,0.8675568452423528,7.450529732553302,0.9634146341463414,87,0.8523756265640259,0.966092485516699,True,,0.1328917613296077,,,,0.846514999865639,c5184bdd2fd58e64,58cdb35298a629e4
MID,validation-00cb35ba157f16828e158208485e514f,0,6117968892405753071,coupled_z1.5_right_edge,TRAINING_COUPLED,shift,1.25,0.0,1.5,0.0040910792274974905,-0.04648061022729945,0.9668269973906187,3.2002009825913613,0.9418604651162791,96,0.8593425750732422,0.08767793595335133,True,,0.05599236591840735,,,,0.8850162029257507,6079a56530e1077f,58cdb35298a629e4
POST,validation-00cb35ba157f16828e158208485e514f,0,6117968892405753071,coupled_z1.5_right_edge,TRAINING_COUPLED,shift,1.25,0.0,1.5,0.04336044078770658,-0.051538180160312155,0.9395717956659696,3.5875061067000438,0.9540229885057471,101,0.8550388813018799,0.6437870517529747,True,,0.0808225775940055,,,,0.8699079078372308,2f0a242e24948b62,58cdb35298a629e4
PRE,validation-00cb35ba157f16828e158208485e514f,0,6117968892405753071,legacy_center_z1,EXTRAPOLATION,identity,0.0,0.0,1.0,0.0,0.0,1.0,0.0,1.0,256,1.0,,,,,,,,1.0,775731b434e0d640,58cdb35298a629e4
MID,validation-00cb35ba157f16828e158208485e514f,0,6117968892405753071,legacy_center_z1,EXTRAPOLATION,identity,0.0,0.0,1.0,0.0,0.0,1.0,0.0,1.0,256,1.0,,,,,,,,1.0,2e5c139d6433272b,58cdb35298a629e4
POST,validation-00cb35ba157f16828e158208485e514f,0,6117968892405753071,legacy_center_z1,EXTRAPOLATION,identity,0.0,0.0,1.0,0.0,0.0,1.0,0.0,1.0,256,1.0,,,,,,,,1.0,a4855a6147f532d5,58cdb35298a629e4
PRE,validation-00cb35ba157f16828e158208485e514f,0,6117968892405753071,coupled_z1.1_center,TRAINING_COUPLED,zoom,0.0,0.0,1.1,-0.004531672435263173,0.006810307479604802,0.9924469060736852,0.09348580645313434,0.8349514563106796,119,0.886047899723053,,,,0.07954830226044013,-0.007581762991571336,-0.09531017980432493,True,0.8930400609961161,d10dec0f905c5015,58cdb35298a629e4
MID,validation-00cb35ba157f16828e158208485e514f,0,6117968892405753071,coupled_z1.1_center,TRAINING_COUPLED,zoom,0.0,0.0,1.1,-3.469446951953614e-18,-3.469446951953614e-18,1.0,-5.493973058155262e-16,1.0,195,0.9345875978469849,,,,-0.0,0.0,-0.09531017980432493,False,0.970559120177252,05e1eb46e477371e,58cdb35298a629e4
POST,validation-00cb35ba157f16828e158208485e514f,0,6117968892405753071,coupled_z1.1_center,TRAINING_COUPLED,zoom,0.0,0.0,1.1,0.008998498288063463,-0.0015247876656178036,0.9919549898929902,-0.49459146634837214,0.824,142,0.9046542644500732,,,,0.08475008477563788,-0.008077545818397827,-0.09531017980432493,True,0.9241787195196446,791e5ead222d3bf4,58cdb35298a629e4
PRE,validation-00cb35ba157f16828e158208485e514f,0,6117968892405753071,coupled_z1.225_center,TRAINING_COUPLED,zoom,0.0,0.0,1.225,-0.02220421642401435,-0.03527428372788673,0.935598795878221,-3.5299800209703416,0.8297872340425532,104,0.8684872984886169,,,,0.32801938716151713,-0.06656853127783544,-0.20294084399669038,True,0.9362997374703902,3b5a330ebc227e6e,58cdb35298a629e4
MID,validation-00cb35ba157f16828e158208485e514f,0,6117968892405753071,coupled_z1.225_center,TRAINING_COUPLED,zoom,0.0,0.0,1.225,1.734723475976807e-17,-1.734723475976807e-17,1.0,-5.827970499028467e-16,1.0,160,0.9083032608032227,,,,-0.0,0.0,-0.20294084399669038,False,0.9428705573072541,3d77e627e5d41625,58cdb35298a629e4
POST,validation-00cb35ba157f16828e158208485e514f,0,6117968892405753071,coupled_z1.225_center,TRAINING_COUPLED,zoom,0.0,0.0,1.225,-0.005946110815395547,-0.008842914102646988,0.9279428174696553,2.710159528645254,0.900990099009901,112,0.8820183873176575,,,,0.3685072247046831,-0.07478516720044642,-0.20294084399669038,True,0.9126346707334928,224c8291b7764159,58cdb35298a629e4
PRE,validation-00cb35ba157f16828e158208485e514f,0,6117968892405753071,coupled_z1.4142_center,TRAINING_COUPLED,zoom,0.0,0.0,1.4142135623730951,-0.07588434641363691,-0.09530679919528076,0.9021792334176445,-8.520602928122987,0.9333333333333333,99,0.8799348473548889,,,,0.2970280335107565,-0.10294207198762292,-0.3465735902799727,True,0.8693935871115573,0b01fb17d1fa83d4,58cdb35298a629e4
MID,validation-00cb35ba157f16828e158208485e514f,0,6117968892405753071,coupled_z1.4142_center,TRAINING_COUPLED,zoom,0.0,0.0,1.4142135623730951,-0.00045547016773885354,0.028151809407328584,0.9493903052951043,2.572930257021476,0.898989898989899,107,0.857290506362915,,,,0.1498535542680256,-0.051935284318884355,-0.3465735902799727,True,0.9068911075582972,8008823b1ec980e8,58cdb35298a629e4
POST,validation-00cb35ba157f16828e158208485e514f,0,6117968892405753071,coupled_z1.4142_center,TRAINING_COUPLED,zoom,0.0,0.0,1.4142135623730951,-0.010510482944561302,-0.07109853233530734,0.8651474225586544,9.529055047354618,0.8736842105263158,101,0.8513146638870239,,,,0.41796420711472826,-0.14485535586827347,-0.3465735902799727,True,0.8780887126913826,25135639b7ba8216,58cdb35298a629e4
PRE,validation-00cb35ba157f16828e158208485e514f,0,6117968892405753071,coupled_z1.5_center,TRAINING_COUPLED,zoom,0.0,0.0,1.5,-0.04732123570888547,-0.09682615756098314,0.9653229283360278,-6.554740013195129,0.9655172413793104,102,0.8699600100517273,,,,0.08704224396725342,-0.03529259286015963,-0.4054651081081644,True,0.8664306402197756,056d2a655df551b7,58cdb35298a629e4
MID,validation-00cb35ba157f16828e158208485e514f,0,6117968892405753071,coupled_z1.5_center,TRAINING_COUPLED,zoom,0.0,0.0,1.5,-0.015599389027478615,0.01929588634548344,0.952131780897878,0.5032050810112919,0.8073394495412844,122,0.8594034314155579,,,,0.12097669436130346,-0.04905182845777427,-0.4054651081081644,True,0.9160816073408502,d44074f6e3f276bb,58cdb35298a629e4
POST,validation-00cb35ba157f16828e158208485e514f,0,6117968892405753071,coupled_z1.5_center,TRAINING_COUPLED,zoom,0.0,0.0,1.5,0.017025895613375155,0.05092171651664114,0.894479010771168,6.077072372173059,0.9175257731958762,103,0.8444685935974121,,,,0.27502697233333395,-0.1115138410697964,-0.4054651081081644,True,0.8897815942755384,e8af0ec3569c0144,58cdb35298a629e4
PRE,validation-00cb35ba157f16828e158208485e514f,1,5790448468835217165,coupled_z1.1_left_edge,TRAINING_COUPLED,shift,-0.2100000000000002,0.0,1.1,-0.08714971163931867,0.02806027083038439,0.8112754370140005,2.909037165699731,0.9090909090909091,94,0.8817902207374573,0.9518761420452952,True,,0.4795776145122126,,,,0.9301549750649554,97d99ed1414b0b1b,08f8ae56b1a05ec2
MID,validation-00cb35ba157f16828e158208485e514f,1,5790448468835217165,coupled_z1.1_left_edge,TRAINING_COUPLED,shift,-0.2100000000000002,0.0,1.1,-0.07752362061772841,0.014099944376632024,0.8088643314247425,-0.9864349735253022,0.9080459770114943,95,0.8759564161300659,0.9838593194925114,True,,0.41273797983647675,,,,0.8816771507254366,55680b897d9d621d,08f8ae56b1a05ec2
POST,validation-00cb35ba157f16828e158208485e514f,1,5790448468835217165,coupled_z1.1_left_edge,TRAINING_COUPLED,shift,-0.2100000000000002,0.0,1.1,-0.10588544511196067,0.015058028399781515,0.8586422959736252,3.09557269208442,0.9411764705882353,113,0.8744797706604004,0.9900389148033915,True,,0.5602184293003624,,,,0.9212388945355081,55c4a149dc6a577a,08f8ae56b1a05ec2
PRE,validation-00cb35ba157f16828e158208485e514f,1,5790448468835217165,coupled_z1.1_right_edge,TRAINING_COUPLED,shift,0.2100000000000002,0.0,1.1,0.04816934910190292,-0.006920905210741617,0.9077783394545825,-0.42070552724026333,0.9120879120879121,103,0.8808687925338745,0.9898353361814265,True,,0.25490667882099033,,,,0.9212545109533701,c3c5a900587c5467,08f8ae56b1a05ec2
MID,validation-00cb35ba157f16828e158208485e514f,1,5790448468835217165,coupled_z1.1_right_edge,TRAINING_COUPLED,shift,0.2100000000000002,0.0,1.1,0.05510665543847099,0.002770097725048319,0.8595356103521947,8.079988347873645,0.95,87,0.8592043519020081,0.9987389566670385,True,,0.2890183741059764,,,,0.8851976990690915,134ce3a3a1a1ab0e,08f8ae56b1a05ec2
POST,validation-00cb35ba157f16828e158208485e514f,1,5790448468835217165,coupled_z1.1_right_edge,TRAINING_COUPLED,shift,0.2100000000000002,0.0,1.1,0.016051393508188475,0.006676788195175351,0.9096487162962453,1.5381922401021748,0.8764044943820225,96,0.8703745007514954,0.9233073708521815,True,,0.09106255460421549,,,,0.9018177273047164,c636f02e46d8b585,08f8ae56b1a05ec2
PRE,validation-00cb35ba157f16828e158208485e514f,1,5790448468835217165,coupled_z1.225_left_edge,TRAINING_COUPLED,shift,-0.5006250000000003,0.0,1.225,-0.07314961570194105,0.06512440835468322,0.6675344097451301,3.452474359449937,0.9583333333333334,78,0.8567233085632324,0.7468892734431248,True,,0.23965107521001733,,,,0.9191690635176684,0e25ce1ecee075ac,08f8ae56b1a05ec2
MID,validation-00cb35ba157f16828e158208485e514f,1,5790448468835217165,coupled_z1.225_left_edge,TRAINING_COUPLED,shift,-0.5006250000000003,0.0,1.225,-0.07903286403067245,-0.0170822636347435,0.8395169137513416,-2.0961179072195986,0.9390243902439024,89,0.873772382736206,0.9774292942759265,True,,0.19785449651008513,,,,0.8996494412413183,8821bd1149cd6ad4,08f8ae56b1a05ec2
POST,validation-00cb35ba157f16828e158208485e514f,1,5790448468835217165,coupled_z1.225_left_edge,TRAINING_COUPLED,shift,-0.5006250000000003,0.0,1.225,-0.06880796658720786,-0.008471134392339957,0.8721175301889516,0.5179947352460014,0.872093023255814,95,0.8813689947128296,0.992506705429763,True,,0.16964022095829506,,,,0.8894241320391502,26381004628afb3d,08f8ae56b1a05ec2
PRE,validation-00cb35ba157f16828e158208485e514f,1,5790448468835217165,coupled_z1.225_right_edge,TRAINING_COUPLED,shift,0.5006250000000003,0.0,1.225,0.1021052152267622,0.05845425292939109,0.7457106801194948,-0.3274701951969946,1.0,80,0.8607749938964844,0.8678459182649362,True,,0.28789150839332955,,,,0.9047287588979208,1067115398bb8ac5,08f8ae56b1a05ec2
MID,validation-00cb35ba157f16828e158208485e514f,1,5790448468835217165,coupled_z1.225_right_edge,TRAINING_COUPLED,shift,0.5006250000000003,0.0,1.225,0.02336024988086729,0.05017814063616869,0.7261784424030802,-2.778676926826809,0.9402985074626866,71,0.8453360795974731,0.4220512638701548,True,,0.13543653496139535,,,,0.9096236228933774,b3e8f605f1d83a7f,08f8ae56b1a05ec2
POST,validation-00cb35ba157f16828e158208485e514f,1,5790448468835217165,coupled_z1.225_right_edge,TRAINING_COUPLED,shift,0.5006250000000003,0.0,1.225,0.09662860000408222,0.017879254859537758,0.7986158574794345,-5.784808224956396,1.0,69,0.8558230996131897,0.9833091969458053,True,,0.24045795065840966,,,,0.8661025086693751,17917b18264a1720,08f8ae56b1a05ec2
PRE,validation-00cb35ba157f16828e158208485e514f,1,5790448468835217165,coupled_z1.4142_left_edge,TRAINING_COUPLED,shift,-1.0000000000000004,0.0,1.4142135623730951,-0.0539857354835097,0.023876966795453265,0.6451784090804953,-0.874221316605946,0.9710144927536232,70,0.8502845168113708,0.9145437306616353,True,,0.08348136533438648,,,,0.8747616856997428,0391a6b93993d0f5,08f8ae56b1a05ec2
MID,validation-00cb35ba157f16828e158208485e514f,1,5790448468835217165,coupled_z1.4142_left_edge,TRAINING_COUPLED,shift,-1.0000000000000004,0.0,1.4142135623730951,-0.07280692708002791,-0.03431477544371813,0.8155817035818016,-5.711036767529177,0.9367088607594937,87,0.8726349472999573,0.9045663246074532,True,,0.11382752254695959,,,,0.8932387828817971,15f82327f22bfbf9,08f8ae56b1a05ec2
POST,validation-00cb35ba157f16828e158208485e514f,1,5790448468835217165,coupled_z1.4142_left_edge,TRAINING_COUPLED,shift,-1.0000000000000004,0.0,1.4142135623730951,-0.09698595660363947,-0.07524501528291158,0.7713196297968654,-0.26038406582103474,0.9178082191780822,76,0.8641607165336609,0.7900958457148397,True,,0.1735977425155559,,,,0.854645422377055,2c3e622e63551d44,08f8ae56b1a05ec2
PRE,validation-00cb35ba157f16828e158208485e514f,1,5790448468835217165,coupled_z1.4142_right_edge,TRAINING_COUPLED,shift,1.0000000000000004,0.0,1.4142135623730951,0.008582499462660806,0.011136651302748685,0.9505794600317997,3.0127421103253655,0.8243243243243243,86,0.853965699672699,0.6104185122626891,True,,0.019883877854462235,,,,0.8839189271821395,d4406a760496ea83,08f8ae56b1a05ec2
MID,validation-00cb35ba157f16828e158208485e514f,1,5790448468835217165,coupled_z1.4142_right_edge,TRAINING_COUPLED,shift,1.0000000000000004,0.0,1.4142135623730951,0.009505100455675236,0.003463951601767476,0.9267371791707373,-1.7290138414996867,0.8641975308641975,89,0.8796935081481934,0.9395534598802959,True,,0.014307053880646774,,,,0.8871229223673367,3156b7c9df7b1ac6,08f8ae56b1a05ec2
POST,validation-00cb35ba157f16828e158208485e514f,1,5790448468835217165,coupled_z1.4142_right_edge,TRAINING_COUPLED,shift,1.0000000000000004,0.0,1.4142135623730951,0.0443124809351578,0.017836181257625917,0.8223732842484622,2.5845542540327533,0.8767123287671232,79,0.8631309866905212,0.9276718623123742,True,,0.06755331714258905,,,,0.8071330555827957,5f5be231107259fb,08f8ae56b1a05ec2
PRE,validation-00cb35ba157f16828e158208485e514f,1,5790448468835217165,coupled_z1.5_left_edge,TRAINING_COUPLED,shift,-1.25,0.0,1.5,-0.024045686804929363,0.006585324616771862,0.4714202337368944,-13.516371728696873,1.0,55,0.7930908799171448,0.9644841924600589,True,,0.029917363488278545,,,,0.7953332540583558,1b1349066b76b673,08f8ae56b1a05ec2
MID,validation-00cb35ba157f16828e158208485e514f,1,5790448468835217165,coupled_z1.5_left_edge,TRAINING_COUPLED,shift,-1.25,0.0,1.5,-0.05750007067537388,-0.039279959290984635,0.7899028866915012,-8.863058282110071,0.9459459459459459,83,0.8476467132568359,0.8257232714722671,True,,0.08356320718227095,,,,0.8996692895880285,711c95a04be7cb4c,08f8ae56b1a05ec2
POST,validation-00cb35ba157f16828e158208485e514f,1,5790448468835217165,coupled_z1.5_left_edge,TRAINING_COUPLED,shift,-1.25,0.0,1.5,-0.1201933024735149,-0.06132095689084371,0.7674857369749319,1.0959188161796674,0.9253731343283582,72,0.8545194268226624,0.8907683399113083,True,,0.16191860049863918,,,,0.8291630541272281,821d2df97c2c16e0,08f8ae56b1a05ec2
PRE,validation-00cb35ba157f16828e158208485e514f,1,5790448468835217165,coupled_z1.5_right_edge,TRAINING_COUPLED,shift,1.25,0.0,1.5,0.10511976024688677,0.03956372222136066,0.6516782047174599,-0.16088915835419665,0.9636363636363636,56,0.8089857697486877,0.9359075527566614,True,,0.1347822356207805,,,,0.612297571437794,eea3ff119d5914ed,08f8ae56b1a05ec2
MID,validation-00cb35ba157f16828e158208485e514f,1,5790448468835217165,coupled_z1.5_right_edge,TRAINING_COUPLED,shift,1.25,0.0,1.5,0.06865236723358309,0.009663669412447042,0.7774047051341695,1.5240191358081967,0.875,87,0.855115532875061,0.9902378127186754,True,,0.08319500590741284,,,,0.8722967505446293,5f17d924461bc4bf,08f8ae56b1a05ec2
POST,validation-00cb35ba157f16828e158208485e514f,1,5790448468835217165,coupled_z1.5_right_edge,TRAINING_COUPLED,shift,1.25,0.0,1.5,-0.023932860768897425,-0.09679161765616294,0.8155860274837476,7.8946582543059,0.9242424242424242,70,0.8337896466255188,-0.240032948742611,False,,0.1196478778133385,,,,0.8035043956929991,b5062d215f3ffbd3,08f8ae56b1a05ec2
PRE,validation-00cb35ba157f16828e158208485e514f,1,5790448468835217165,legacy_center_z1,EXTRAPOLATION,identity,0.0,0.0,1.0,0.0,0.0,1.0,0.0,1.0,256,1.0,,,,,,,,1.0,5c300b87c42f93f3,08f8ae56b1a05ec2
MID,validation-00cb35ba157f16828e158208485e514f,1,5790448468835217165,legacy_center_z1,EXTRAPOLATION,identity,0.0,0.0,1.0,0.0,0.0,1.0,0.0,1.0,256,1.0,,,,,,,,1.0,7e08823c3928862f,08f8ae56b1a05ec2
POST,validation-00cb35ba157f16828e158208485e514f,1,5790448468835217165,legacy_center_z1,EXTRAPOLATION,identity,0.0,0.0,1.0,0.0,0.0,1.0,0.0,1.0,256,1.0,,,,,,,,1.0,b8b0350b67dff643,08f8ae56b1a05ec2
PRE,validation-00cb35ba157f16828e158208485e514f,1,5790448468835217165,coupled_z1.1_center,TRAINING_COUPLED,zoom,0.0,0.0,1.1,-0.01569423589534995,-0.01745380126701683,0.9426195966679475,1.4857333031463302,0.8623853211009175,121,0.9036123752593994,,,,0.620001712462803,-0.059092474693819126,-0.09531017980432493,True,0.9409827589979298,f480f03df2bf4dff,08f8ae56b1a05ec2
MID,validation-00cb35ba157f16828e158208485e514f,1,5790448468835217165,coupled_z1.1_center,TRAINING_COUPLED,zoom,0.0,0.0,1.1,0.0,-6.938893903907228e-18,1.0,-4.1840548646298425e-15,1.0,168,0.9442580938339233,,,,-0.0,0.0,-0.09531017980432493,False,0.9739506229123046,f746db73696a66c5,08f8ae56b1a05ec2
POST,validation-00cb35ba157f16828e158208485e514f,1,5790448468835217165,coupled_z1.1_center,TRAINING_COUPLED,zoom,0.0,0.0,1.1,0.0021154614717931175,-0.007611275567937531,0.9545267484338771,1.48806308705571,0.9035087719298246,126,0.907071590423584,,,,0.48829634779051984,-0.04653961270570963,-0.09531017980432493,True,0.931263263895967,567134e7991f9dd3,08f8ae56b1a05ec2
PRE,validation-00cb35ba157f16828e158208485e514f,1,5790448468835217165,coupled_z1.225_center,TRAINING_COUPLED,zoom,0.0,0.0,1.225,-0.01988333616914576,-0.07196732248560452,0.6790230511892013,3.3936610300553,0.9375,85,0.8310818672180176,,,,1.9074534019073257,-0.38710020326743094,-0.20294084399669038,True,0.9232267691618967,aeddc7f8c152f3a8,08f8ae56b1a05ec2
MID,validation-00cb35ba157f16828e158208485e514f,1,5790448468835217165,coupled_z1.225_center,TRAINING_COUPLED,zoom,0.0,0.0,1.225,-0.05481111251261352,-0.08468371594349142,0.793708759798344,5.246561560357816,0.922077922077922,83,0.8679898977279663,,,,1.1384533627362765,-0.23103868628457028,-0.20294084399669038,True,0.90044259431526,deb4b24965973cb2,08f8ae56b1a05ec2
POST,validation-00cb35ba157f16828e158208485e514f,1,5790448468835217165,coupled_z1.225_center,TRAINING_COUPLED,zoom,0.0,0.0,1.225,-0.04971254723683579,-0.039461554555003955,0.7257155505534876,5.115575537880217,0.926829268292683,89,0.8389734029769897,,,,1.5797566338248106,-0.3205971445777776,-0.20294084399669038,True,0.9136194535257891,1175e52bb6630a53,08f8ae56b1a05ec2
PRE,validation-00cb35ba157f16828e158208485e514f,1,5790448468835217165,coupled_z1.4142_center,TRAINING_COUPLED,zoom,0.0,0.0,1.4142135623730951,0.011482103176855274,-0.011858637143493268,0.4672508966834765,15.164456070911926,0.9875,81,0.8206043243408203,,,,2.1954613245858594,-0.7608889135825458,-0.3465735902799727,True,0.9164417932287704,b31c02a1fcd34bec,08f8ae56b1a05ec2
MID,validation-00cb35ba157f16828e158208485e514f,1,5790448468835217165,coupled_z1.4142_center,TRAINING_COUPLED,zoom,0.0,0.0,1.4142135623730951,-0.0538447116466265,0.018404244681648873,0.5156048873601008,10.456656250819766,0.9583333333333334,74,0.8335216641426086,,,,1.911324311961467,-0.6624145289858842,-0.3465735902799727,True,0.8823570013037441,4c6eb1014992c5a6,08f8ae56b1a05ec2
POST,validation-00cb35ba157f16828e158208485e514f,1,5790448468835217165,coupled_z1.4142_center,TRAINING_COUPLED,zoom,0.0,0.0,1.4142135623730951,-0.07077452065874615,-0.04146293558396094,0.7189423416278643,16.37853770107047,0.9692307692307692,69,0.8234717845916748,,,,0.9521040442260137,-0.32997411692749146,-0.3465735902799727,True,0.9047797151997069,2daaab3547abe566,08f8ae56b1a05ec2
PRE,validation-00cb35ba157f16828e158208485e514f,1,5790448468835217165,coupled_z1.5_center,TRAINING_COUPLED,zoom,0.0,0.0,1.5,0.0014172000413888962,-0.06297671135681658,0.638193821645138,9.830704725469532,0.8412698412698413,70,0.8239596486091614,,,,1.1076495538355147,-0.449113246091877,-0.4054651081081644,True,0.9068051465508389,c5acac1a2cee06f0,08f8ae56b1a05ec2
MID,validation-00cb35ba157f16828e158208485e514f,1,5790448468835217165,coupled_z1.5_center,TRAINING_COUPLED,zoom,0.0,0.0,1.5,-0.031418911545820265,-0.060960017750489245,0.6089415069375645,11.335035293456624,0.9193548387096774,66,0.8333457708358765,,,,1.22336806222636,-0.4960330636066867,-0.4054651081081644,True,0.8858816623678885,a5162d38061bbdf3,08f8ae56b1a05ec2
POST,validation-00cb35ba157f16828e158208485e514f,1,5790448468835217165,coupled_z1.5_center,TRAINING_COUPLED,zoom,0.0,0.0,1.5,-0.09364700974916919,-0.054866655635074923,0.6376091583945355,0.19888049306832234,0.9384615384615385,70,0.8221965432167053,,,,1.109910023708666,-0.4500297877533696,-0.4054651081081644,True,0.9061828199724923,41e2a4d05895cbce,08f8ae56b1a05ec2
PRE,validation-00cb35ba157f16828e158208485e514f,2,16926032534275831324,coupled_z1.1_left_edge,TRAINING_COUPLED,shift,-0.2100000000000002,0.0,1.1,-0.043433256595387215,-0.0018156587943812807,0.8623948425390406,2.1472699489630402,0.8446601941747572,110,0.860159695148468,0.9991273803232933,True,,0.22770623546142496,,,,0.8776494860640331,ea86ff134f69a444,bc5a9d6c2cb68f90
MID,validation-00cb35ba157f16828e158208485e514f,2,16926032534275831324,coupled_z1.1_left_edge,TRAINING_COUPLED,shift,-0.2100000000000002,0.0,1.1,-0.0703414333964629,-0.016467888232616423,0.7964937910301831,-1.8690381110904881,0.9278350515463918,102,0.8548607230186462,0.9736728208475782,True,,0.3784178005167602,,,,0.9222908020010308,160d86dba288f76a,bc5a9d6c2cb68f90
POST,validation-00cb35ba157f16828e158208485e514f,2,16926032534275831324,coupled_z1.1_left_edge,TRAINING_COUPLED,shift,-0.2100000000000002,0.0,1.1,-0.03026462245664982,0.0201602864742276,0.9151206437239326,3.0776605516654123,0.9484536082474226,107,0.8708217144012451,0.8322549399517044,True,,0.19048126618424374,,,,0.9059669915408964,0b1af9fe2d323a37,bc5a9d6c2cb68f90
PRE,validation-00cb35ba157f16828e158208485e514f,2,16926032534275831324,coupled_z1.1_right_edge,TRAINING_COUPLED,shift,0.2100000000000002,0.0,1.1,0.010044014944988161,-0.0019298964929239798,0.9798834582543097,-0.24869633940587807,0.8706896551724138,126,0.8998892307281494,0.982036258504477,True,,0.05357389441798828,,,,0.8909434676161438,982898cf8f0fa904,bc5a9d6c2cb68f90
MID,validation-00cb35ba157f16828e158208485e514f,2,16926032534275831324,coupled_z1.1_right_edge,TRAINING_COUPLED,shift,0.2100000000000002,0.0,1.1,0.06884372839329564,0.008682914908327968,0.9516598342791212,-0.8948821744919072,0.9433962264150944,116,0.8915448784828186,0.9921398954378582,True,,0.36346689363123996,,,,0.9372439384451076,665e8441affdcb0a,bc5a9d6c2cb68f90
POST,validation-00cb35ba157f16828e158208485e514f,2,16926032534275831324,coupled_z1.1_right_edge,TRAINING_COUPLED,shift,0.2100000000000002,0.0,1.1,0.08929543071319335,-0.00025621181585504943,0.8064314769573703,-9.793611607113737,0.8921568627450981,107,0.8727712035179138,0.9999958836400147,True,,0.46773989576079383,,,,0.9156414866438292,284dbc2da7156e0d,bc5a9d6c2cb68f90
PRE,validation-00cb35ba157f16828e158208485e514f,2,16926032534275831324,coupled_z1.225_left_edge,TRAINING_COUPLED,shift,-0.5006250000000003,0.0,1.225,-0.07440261986876907,-0.01971226563299184,0.7988366061513938,-3.566020371135121,0.8924731182795699,102,0.8657147288322449,0.9666491076133233,True,,0.1883401574391361,,,,0.8448908236549287,6c8c3835af86fecf,bc5a9d6c2cb68f90
MID,validation-00cb35ba157f16828e158208485e514f,2,16926032534275831324,coupled_z1.225_left_edge,TRAINING_COUPLED,shift,-0.5006250000000003,0.0,1.225,-0.1414326165984062,0.0164723029177382,0.5134954311587812,9.150303724014714,1.0,100,0.8566630482673645,0.9932858903559403,True,,0.34841662141561547,,,,0.9059947673070173,1372b892eced3540,bc5a9d6c2cb68f90
POST,validation-00cb35ba157f16828e158208485e514f,2,16926032534275831324,coupled_z1.225_left_edge,TRAINING_COUPLED,shift,-0.5006250000000003,0.0,1.225,-0.03242121613047984,0.0018448346563916859,0.8649419917054476,0.43975429625623624,0.9010989010989011,101,0.8632431626319885,0.9983849973229799,True,,0.07946114345622007,,,,0.9302772283544773,923ef047955784d2,bc5a9d6c2cb68f90
PRE,validation-00cb35ba157f16828e158208485e514f,2,16926032534275831324,coupled_z1.225_right_edge,TRAINING_COUPLED,shift,0.5006250000000003,0.0,1.225,0.0614709464625451,0.014109479738980461,0.9461952821487581,-2.268899892123843,0.9217391304347826,122,0.8932540416717529,0.9746549715511322,True,,0.15432722703826385,,,,0.874608397482951,380b1327bd4c0d82,bc5a9d6c2cb68f90
MID,validation-00cb35ba157f16828e158208485e514f,2,16926032534275831324,coupled_z1.225_right_edge,TRAINING_COUPLED,shift,0.5006250000000003,0.0,1.225,0.07005736392742795,0.013272484063572662,0.9468104996400989,-1.1894647527592337,0.9393939393939394,111,0.8851442337036133,0.9825231108133224,True,,0.17447554862186626,,,,0.9253606200208946,3ce1b3e646df5359,bc5a9d6c2cb68f90
POST,validation-00cb35ba157f16828e158208485e514f,2,16926032534275831324,coupled_z1.225_right_edge,TRAINING_COUPLED,shift,0.5006250000000003,0.0,1.225,0.002723090524718738,0.03399348494229602,0.9338967599701727,-4.752828101946838,0.7938144329896907,108,0.8661845922470093,0.07985045675737495,True,,0.08344651993555693,,,,0.91765356063751,6cb042490aeef485,bc5a9d6c2cb68f90
PRE,validation-00cb35ba157f16828e158208485e514f,2,16926032534275831324,coupled_z1.4142_left_edge,TRAINING_COUPLED,shift,-1.0000000000000004,0.0,1.4142135623730951,-0.05555689425537134,-0.0023213785005783156,0.8561860100793213,-1.8140868912852617,0.9052631578947369,102,0.8634843230247498,0.9991281981301958,True,,0.07863786997936119,,,,0.8662384748450199,6180006db31ebf70,bc5a9d6c2cb68f90
MID,validation-00cb35ba157f16828e158208485e514f,2,16926032534275831324,coupled_z1.4142_left_edge,TRAINING_COUPLED,shift,-1.0000000000000004,0.0,1.4142135623730951,-0.01173449057705045,0.028805519076000954,0.5967010974234437,19.99384934614749,1.0,87,0.8548769950866699,0.37726679692614246,True,,0.04398763913511931,,,,0.900571167468124,f8d3c1a942ad5423,bc5a9d6c2cb68f90
POST,validation-00cb35ba157f16828e158208485e514f,2,16926032534275831324,coupled_z1.4142_left_edge,TRAINING_COUPLED,shift,-1.0000000000000004,0.0,1.4142135623730951,-0.0029044089407788617,-4.713390918168522e-05,0.9642276710667331,-1.3007034961015205,0.8217821782178217,110,0.867242693901062,0.9998683450387214,True,,0.004107995350696233,,,,0.9156297445288084,63a82d4fb5c54d65,bc5a9d6c2cb68f90
PRE,validation-00cb35ba157f16828e158208485e514f,2,16926032534275831324,coupled_z1.4142_right_edge,TRAINING_COUPLED,shift,1.0000000000000004,0.0,1.4142135623730951,0.021109478929990894,0.02469779861478163,0.9757854639365349,-1.8160712865205124,0.8709677419354839,103,0.8817721605300903,0.6497250337964348,True,,0.04594760836239548,,,,0.8742229267482913,af58b1c2f1db46d2,bc5a9d6c2cb68f90
MID,validation-00cb35ba157f16828e158208485e514f,2,16926032534275831324,coupled_z1.4142_right_edge,TRAINING_COUPLED,shift,1.0000000000000004,0.0,1.4142135623730951,0.05784186583927221,0.008861766939771504,0.918016297093993,-3.157982995229965,0.9509803921568627,109,0.8700598478317261,0.988466485035859,True,,0.08275520958904267,,,,0.9048721790304671,c9d23e22ca29a2fb,bc5a9d6c2cb68f90
POST,validation-00cb35ba157f16828e158208485e514f,2,16926032534275831324,coupled_z1.4142_right_edge,TRAINING_COUPLED,shift,1.0000000000000004,0.0,1.4142135623730951,-0.013282957819952229,0.017359989815182796,0.9857507868768175,-0.25195426337125365,0.75,113,0.8643151521682739,-0.6076715393029016,False,,0.03091298157182125,,,,0.9135526367150134,b36ae272ba6e277e,bc5a9d6c2cb68f90
PRE,validation-00cb35ba157f16828e158208485e514f,2,16926032534275831324,coupled_z1.5_left_edge,TRAINING_COUPLED,shift,-1.25,0.0,1.5,-0.10303438884002283,0.02280276376093699,0.7166843488994027,-9.61777961894552,0.9404761904761905,90,0.8490954041481018,0.9763748577568029,True,,0.12663298898405081,,,,0.8216957343627184,c712a1117cc2a626,bc5a9d6c2cb68f90
MID,validation-00cb35ba157f16828e158208485e514f,2,16926032534275831324,coupled_z1.5_left_edge,TRAINING_COUPLED,shift,-1.25,0.0,1.5,-0.1461533414762952,0.047882964902106265,0.5412067578175208,10.069356227022922,1.0,92,0.8526208400726318,0.9502991283736392,True,,0.18455663541472617,,,,0.884346485137055,499c80917f8311bd,bc5a9d6c2cb68f90
POST,validation-00cb35ba157f16828e158208485e514f,2,16926032534275831324,coupled_z1.5_left_edge,TRAINING_COUPLED,shift,-1.25,0.0,1.5,-0.02115598040036854,0.0026190426333863774,0.929250712427536,2.1928327053061456,0.8804347826086957,100,0.8658714890480042,0.9924241446362085,True,,0.025580974239919667,,,,0.918658430495442,7d1d6ff84301cbab,bc5a9d6c2cb68f90
PRE,validation-00cb35ba157f16828e158208485e514f,2,16926032534275831324,coupled_z1.5_right_edge,TRAINING_COUPLED,shift,1.25,0.0,1.5,0.054520789848662446,0.03885922732006604,0.96294216810823,-0.8214183274439626,0.9285714285714286,90,0.8660374879837036,0.8143278227495405,True,,0.08034227247242759,,,,0.8210117816916838,d633b64ac294a3de,bc5a9d6c2cb68f90
MID,validation-00cb35ba157f16828e158208485e514f,2,16926032534275831324,coupled_z1.5_right_edge,TRAINING_COUPLED,shift,1.25,0.0,1.5,0.05021664257363431,0.03888370075207646,0.9584174302227505,-2.1015399216890054,0.9032258064516129,102,0.8684287071228027,0.7906756883050561,True,,0.07621325908780603,,,,0.9046235794268646,e2ea11083abc4899,bc5a9d6c2cb68f90
POST,validation-00cb35ba157f16828e158208485e514f,2,16926032534275831324,coupled_z1.5_right_edge,TRAINING_COUPLED,shift,1.25,0.0,1.5,0.01169537262185981,0.0036881163318548404,0.9643146191866717,1.292614372242748,0.8181818181818182,100,0.8650327920913696,0.9537033971515979,True,,0.014715735716968997,,,,0.9006725490485095,4e51007684b29bf4,bc5a9d6c2cb68f90
PRE,validation-00cb35ba157f16828e158208485e514f,2,16926032534275831324,legacy_center_z1,EXTRAPOLATION,identity,0.0,0.0,1.0,0.0,0.0,1.0,0.0,1.0,256,1.0,,,,,,,,1.0,0fb211cf0e29d080,bc5a9d6c2cb68f90
MID,validation-00cb35ba157f16828e158208485e514f,2,16926032534275831324,legacy_center_z1,EXTRAPOLATION,identity,0.0,0.0,1.0,0.0,0.0,1.0,0.0,1.0,256,1.0,,,,,,,,1.0,1b29fb089b40ffb6,bc5a9d6c2cb68f90
POST,validation-00cb35ba157f16828e158208485e514f,2,16926032534275831324,legacy_center_z1,EXTRAPOLATION,identity,0.0,0.0,1.0,0.0,0.0,1.0,0.0,1.0,256,1.0,,,,,,,,1.0,2805640ccb46d66a,bc5a9d6c2cb68f90
PRE,validation-00cb35ba157f16828e158208485e514f,2,16926032534275831324,coupled_z1.1_center,TRAINING_COUPLED,zoom,0.0,0.0,1.1,0.004691625044971642,-0.0019042242149587968,0.993405212187927,-0.13482870791880536,0.9015151515151515,149,0.9109359979629517,,,,0.06942206508598484,-0.006616629505732763,-0.09531017980432493,True,0.9097095674094143,d7bca87bcc7f1389,bc5a9d6c2cb68f90
MID,validation-00cb35ba157f16828e158208485e514f,2,16926032534275831324,coupled_z1.1_center,TRAINING_COUPLED,zoom,0.0,0.0,1.1,0.001135200616216997,-0.0006687531830898742,0.9945897110224844,0.08465161773076167,0.9534883720930233,183,0.9380509257316589,,,,0.05691918330019403,-0.005424977594656822,-0.09531017980432493,True,0.9789142000018225,52e03ab925112a7c,bc5a9d6c2cb68f90
POST,validation-00cb35ba157f16828e158208485e514f,2,16926032534275831324,coupled_z1.1_center,TRAINING_COUPLED,zoom,0.0,0.0,1.1,0.10281635332643993,-0.03229930320455052,0.7909552568267104,-5.799200176143905,0.9642857142857143,115,0.8616666197776794,,,,2.4605333724305436,-0.2345138781408971,-0.09531017980432493,True,0.8954315123210246,8eced185068dafaf,bc5a9d6c2cb68f90
PRE,validation-00cb35ba157f16828e158208485e514f,2,16926032534275831324,coupled_z1.225_center,TRAINING_COUPLED,zoom,0.0,0.0,1.225,0.03145839636096462,-0.009042889402714124,0.9341880639777633,-0.5353190241876924,0.865546218487395,123,0.8817848563194275,,,,0.3354549354688248,-0.06807750772689862,-0.20294084399669038,True,0.8973809480658139,a8113f78d1cb4183,bc5a9d6c2cb68f90
MID,validation-00cb35ba157f16828e158208485e514f,2,16926032534275831324,coupled_z1.225_center,TRAINING_COUPLED,zoom,0.0,0.0,1.225,0.028260482304779747,0.009234744014269807,0.9206514522848755,-0.5424419058563464,0.9423076923076923,117,0.8786261677742004,,,,0.40737861135282594,-0.0826737592141422,-0.20294084399669038,True,0.8844480514517522,dda944bbc2405ebb,bc5a9d6c2cb68f90
POST,validation-00cb35ba157f16828e158208485e514f,2,16926032534275831324,coupled_z1.225_center,TRAINING_COUPLED,zoom,0.0,0.0,1.225,0.004480950279265363,0.002279229619223083,0.8943635408110683,-2.726936080721632,0.8979591836734694,109,0.8598260879516602,,,,0.5501255393697844,-0.11164294126383856,-0.20294084399669038,True,0.9023290872564829,96bfaec5515ce91d,bc5a9d6c2cb68f90
PRE,validation-00cb35ba157f16828e158208485e514f,2,16926032534275831324,coupled_z1.4142_center,TRAINING_COUPLED,zoom,0.0,0.0,1.4142135623730951,-0.004926046736391562,-0.04339986538262401,0.8609466011858635,1.738724258419447,0.9318181818181818,94,0.843860387802124,,,,0.4320086706126681,-0.14972279600631053,-0.3465735902799727,True,0.8021487475714261,defe65a9a42427f7,bc5a9d6c2cb68f90
MID,validation-00cb35ba157f16828e158208485e514f,2,16926032534275831324,coupled_z1.4142_center,TRAINING_COUPLED,zoom,0.0,0.0,1.4142135623730951,-0.025291961829832347,-0.07064285385005455,0.8408285708467492,-4.122843528976023,0.9555555555555556,94,0.8439139723777771,,,,0.5002328056973475,-0.17336747944635372,-0.3465735902799727,True,0.8612357974043816,2d5d1cab0f12eb6d,bc5a9d6c2cb68f90
POST,validation-00cb35ba157f16828e158208485e514f,2,16926032534275831324,coupled_z1.4142_center,TRAINING_COUPLED,zoom,0.0,0.0,1.4142135623730951,-0.043184842900752,-0.03385533002010275,0.9238409807563389,-4.532000324502634,0.9156626506024096,93,0.8643850684165955,,,,0.2285671012488292,-0.07921532089969277,-0.3465735902799727,True,0.874163508414348,d2c2d4077a08cf48,bc5a9d6c2cb68f90
PRE,validation-00cb35ba157f16828e158208485e514f,2,16926032534275831324,coupled_z1.5_center,TRAINING_COUPLED,zoom,0.0,0.0,1.5,0.007649761848503313,-0.03438195644874457,0.8904031663196554,-0.13844172414842246,0.9545454545454546,96,0.8384246826171875,,,,0.286290782219059,-0.11608092296282171,-0.4054651081081644,True,0.7871760599114211,45dbc67fbfe093da,bc5a9d6c2cb68f90
MID,validation-00cb35ba157f16828e158208485e514f,2,16926032534275831324,coupled_z1.5_center,TRAINING_COUPLED,zoom,0.0,0.0,1.5,-0.05233396861610372,-0.06317435034221802,0.9149505372566366,-0.2651789086788938,0.9479166666666666,102,0.8538357615470886,,,,0.21921805608755698,-0.08888527281080294,-0.4054651081081644,True,0.8484090566626648,805f34b39919524b,bc5a9d6c2cb68f90
POST,validation-00cb35ba157f16828e158208485e514f,2,16926032534275831324,coupled_z1.5_center,TRAINING_COUPLED,zoom,0.0,0.0,1.5,-0.050860625963862836,-0.015210446042798718,0.8843887683062879,1.0250400868580898,0.926829268292683,90,0.8483397364616394,,,,0.3030064175980261,-0.12285852986885125,-0.4054651081081644,True,0.8518190979949062,fdbec074e628f1c9,bc5a9d6c2cb68f90
PRE,validation-01047ad7504d2860c11fd4ec8883f9dc,0,3510235208101552823,coupled_z1.1_left_edge,TRAINING_COUPLED,shift,-0.2100000000000002,0.0,1.1,-0.06392872840864844,0.020253216054436404,0.9496362855456033,-0.8314507921069259,0.8888888888888888,108,0.890451967716217,0.9533030819304903,True,,0.3512678959880726,,,,0.8778374195090097,eb3b7b373a16abf1,1c82fdc93d8946b7
MID,validation-01047ad7504d2860c11fd4ec8883f9dc,0,3510235208101552823,coupled_z1.1_left_edge,TRAINING_COUPLED,shift,-0.2100000000000002,0.0,1.1,-0.061301427564868616,0.010161060564286534,0.9100113919064737,-2.2630631815421296,0.8556701030927835,101,0.8919447064399719,0.9865392732493643,True,,0.3254839665240025,,,,0.8314926028243332,ededda71a7498f64,1c82fdc93d8946b7
POST,validation-01047ad7504d2860c11fd4ec8883f9dc,0,3510235208101552823,coupled_z1.1_left_edge,TRAINING_COUPLED,shift,-0.2100000000000002,0.0,1.1,2.7755575615628914e-17,4.336808689942018e-19,1.0,-6.962448681273759e-17,1.0,124,0.9067614078521729,0.0,False,,1.454040947367276e-16,,,,0.9255253672590537,5d3300cc4104fb84,1c82fdc93d8946b7
PRE,validation-01047ad7504d2860c11fd4ec8883f9dc,0,3510235208101552823,coupled_z1.1_right_edge,TRAINING_COUPLED,shift,0.2100000000000002,0.0,1.1,0.005320723058347715,0.002017744271048852,0.9947127659281823,-0.08240113146711175,0.9337748344370861,169,0.9310010075569153,0.9350243882297233,True,,0.029807194807257156,,,,0.9727724790563391,69857c939e7012b1,1c82fdc93d8946b7
MID,validation-01047ad7504d2860c11fd4ec8883f9dc,0,3510235208101552823,coupled_z1.1_right_edge,TRAINING_COUPLED,shift,0.2100000000000002,0.0,1.1,0.08833731564637061,-0.05893960616297273,0.9019590065659433,0.4071999667283546,0.989247311827957,96,0.8673680424690247,0.8318413491502976,True,,0.5562590425243953,,,,0.8920981223632786,d1667c1ce8504c1d,1c82fdc93d8946b7
POST,validation-01047ad7504d2860c11fd4ec8883f9dc,0,3510235208101552823,coupled_z1.1_right_edge,TRAINING_COUPLED,shift,0.2100000000000002,0.0,1.1,0.08374454554368874,-0.028474764457373528,0.9302637651753867,2.3943353708155417,0.9629629629629629,89,0.8608580827713013,0.9467671663898264,True,,0.46332606450174646,,,,0.9031415101112024,891006bd2b8f8efa,1c82fdc93d8946b7
PRE,validation-01047ad7504d2860c11fd4ec8883f9dc,0,3510235208101552823,coupled_z1.225_left_edge,TRAINING_COUPLED,shift,-0.5006250000000003,0.0,1.225,-0.10275255272849014,-0.01297674888284013,0.9809626036207252,-2.435202452862431,0.9753086419753086,88,0.8696847558021545,0.9921194036394795,True,,0.2534266202458405,,,,0.9419302905746989,d09c9fc2b5b8fc2d,1c82fdc93d8946b7
MID,validation-01047ad7504d2860c11fd4ec8883f9dc,0,3510235208101552823,coupled_z1.225_left_edge,TRAINING_COUPLED,shift,-0.5006250000000003,0.0,1.225,-2.0816681711721685e-17,8.326672684688674e-17,1.0,1.4014057742005627e-14,1.0,118,0.8990563154220581,0.0,True,,2.1001945049399765e-16,,,,0.8900572061529795,feec418d482942ac,1c82fdc93d8946b7
POST,validation-01047ad7504d2860c11fd4ec8883f9dc,0,3510235208101552823,coupled_z1.225_left_edge,TRAINING_COUPLED,shift,-0.5006250000000003,0.0,1.225,-0.0019388454201245547,-0.017544024228456315,0.9960736586055838,0.049574652364025036,0.7532467532467533,94,0.8709456920623779,0.10984441433035633,True,,0.043190552804593094,,,,0.8976995944967829,96a4f2a349e10ec7,1c82fdc93d8946b7
PRE,validation-01047ad7504d2860c11fd4ec8883f9dc,0,3510235208101552823,coupled_z1.225_right_edge,TRAINING_COUPLED,shift,0.5006250000000003,0.0,1.225,-0.002776323906013423,0.029937660055704064,0.9499699332624963,0.7659877487885792,0.8108108108108109,86,0.871125340461731,-0.09234061699171607,False,,0.07357002707349972,,,,0.8709759712210527,0683f6bf454c06f9,1c82fdc93d8946b7
MID,validation-01047ad7504d2860c11fd4ec8883f9dc,0,3510235208101552823,coupled_z1.225_right_edge,TRAINING_COUPLED,shift,0.5006250000000003,0.0,1.225,0.05201533807131112,-0.011998664614548913,0.9752496610429805,-0.30583793413122473,0.872093023255814,99,0.8592789173126221,0.9744112007632211,True,,0.13062091247408394,,,,0.8341129323303067,587fef3ee69b4498,1c82fdc93d8946b7
POST,validation-01047ad7504d2860c11fd4ec8883f9dc,0,3510235208101552823,coupled_z1.225_right_edge,TRAINING_COUPLED,shift,0.5006250000000003,0.0,1.225,0.10186662324939938,0.010024736896832899,0.8422096208742245,5.268215114322107,0.9444444444444444,74,0.8449102640151978,0.9951925852733559,True,,0.2504657425921537,,,,0.8937149580538252,075fb3827a13a310,1c82fdc93d8946b7
PRE,validation-01047ad7504d2860c11fd4ec8883f9dc,0,3510235208101552823,coupled_z1.4142_left_edge,TRAINING_COUPLED,shift,-1.0000000000000004,0.0,1.4142135623730951,-0.3665740572053197,0.028398843140827093,0.7122458912799803,-0.6705025904892044,1.0,70,0.8605973124504089,0.997012566048534,True,,0.5199673714911469,,,,0.9111771583548016,51f03f76df00c02a,1c82fdc93d8946b7
MID,validation-01047ad7504d2860c11fd4ec8883f9dc,0,3510235208101552823,coupled_z1.4142_left_edge,TRAINING_COUPLED,shift,-1.0000000000000004,0.0,1.4142135623730951,-0.09530932446950463,0.03792438773205965,0.9243386953696907,-2.243964117695072,0.9195402298850575,91,0.8823813199996948,0.9291452942248554,True,,0.145066374571676,,,,0.8681743144980331,e4deaf187a2d9a8b,1c82fdc93d8946b7
POST,validation-01047ad7504d2860c11fd4ec8883f9dc,0,3510235208101552823,coupled_z1.4142_left_edge,TRAINING_COUPLED,shift,-1.0000000000000004,0.0,1.4142135623730951,-0.2560182256397462,0.16125470008553708,0.6593273106184344,-18.406301057979118,1.0,56,0.8384523987770081,0.8461463394842235,True,,0.42789814245775937,,,,0.8532871516509555,fe05df3338483b60,1c82fdc93d8946b7
PRE,validation-01047ad7504d2860c11fd4ec8883f9dc,0,3510235208101552823,coupled_z1.4142_right_edge,TRAINING_COUPLED,shift,1.0000000000000004,0.0,1.4142135623730951,0.014038537217311853,-0.006339208516334335,0.9716980905686318,-0.5782551042796706,0.8260869565217391,107,0.8888310194015503,0.9113894967497248,True,,0.02178375963030329,,,,0.9174093604078655,801e3fb9a2ffb6eb,1c82fdc93d8946b7
MID,validation-01047ad7504d2860c11fd4ec8883f9dc,0,3510235208101552823,coupled_z1.4142_right_edge,TRAINING_COUPLED,shift,1.0000000000000004,0.0,1.4142135623730951,0.13412336374454584,-0.07546563412787136,0.9004265766619444,1.0792186861314217,1.0,86,0.8409795761108398,0.8715165515061265,True,,0.21764254472172245,,,,0.8682318925848861,e030c4cb2b7e37e4,1c82fdc93d8946b7
POST,validation-01047ad7504d2860c11fd4ec8883f9dc,0,3510235208101552823,coupled_z1.4142_right_edge,TRAINING_COUPLED,shift,1.0000000000000004,0.0,1.4142135623730951,0.11652580376559604,-0.13291225789592578,0.7061558145960558,-4.25554833903819,1.0,78,0.8448466658592224,0.6592335029650163,True,,0.2499757237901763,,,,0.8517838716498439,9925a573197042ba,1c82fdc93d8946b7
PRE,validation-01047ad7504d2860c11fd4ec8883f9dc,0,3510235208101552823,coupled_z1.5_left_edge,TRAINING_COUPLED,shift,-1.25,0.0,1.5,-0.40160597297690226,0.08649589065367912,0.6873114114090508,1.5272326593727021,1.0,72,0.832813024520874,0.9775837138374314,True,,0.49297790127773927,,,,0.8969415549100542,3dfa07844438e998,1c82fdc93d8946b7
MID,validation-01047ad7504d2860c11fd4ec8883f9dc,0,3510235208101552823,coupled_z1.5_left_edge,TRAINING_COUPLED,shift,-1.25,0.0,1.5,-0.2942316502086939,0.05599316230615222,0.7292362667685385,-3.159420900686846,1.0,76,0.8641615509986877,0.9823698272621831,True,,0.3594145203268602,,,,0.8180863261214658,1a47bb0a9ce4903d,1c82fdc93d8946b7
POST,validation-01047ad7504d2860c11fd4ec8883f9dc,0,3510235208101552823,coupled_z1.5_left_edge,TRAINING_COUPLED,shift,-1.25,0.0,1.5,-0.2704234536517192,0.12111379846268763,0.6403016150352886,-6.204589562846698,1.0,62,0.8323274254798889,0.9126484828877929,True,,0.35556750541450916,,,,0.8350488543502086,cafaa5412804af91,1c82fdc93d8946b7
PRE,validation-01047ad7504d2860c11fd4ec8883f9dc,0,3510235208101552823,coupled_z1.5_right_edge,TRAINING_COUPLED,shift,1.25,0.0,1.5,0.049414099107541964,-0.018073988235124502,0.956380232037613,-1.960452428404493,0.9629629629629629,93,0.8725137114524841,0.9391494685718617,True,,0.06313895808072932,,,,0.9084703271660259,5b4d57d49f19cf05,1c82fdc93d8946b7
MID,validation-01047ad7504d2860c11fd4ec8883f9dc,0,3510235208101552823,coupled_z1.5_right_edge,TRAINING_COUPLED,shift,1.25,0.0,1.5,0.1184043453724605,-0.054812668612013435,0.8617352051119522,-2.3640942664916396,0.9759036144578314,89,0.8268260955810547,0.9074790561648058,True,,0.1565713428650655,,,,0.8437945842734481,f6d376d86c27e286,1c82fdc93d8946b7
POST,validation-01047ad7504d2860c11fd4ec8883f9dc,0,3510235208101552823,coupled_z1.5_right_edge,TRAINING_COUPLED,shift,1.25,0.0,1.5,0.14665755321923535,-0.1161919579822108,0.7332248122431295,4.9819169410185795,1.0,81,0.8485338091850281,0.7838167252781953,True,,0.2245283344770309,,,,0.8631569743147801,490705c2af767d73,1c82fdc93d8946b7
PRE,validation-01047ad7504d2860c11fd4ec8883f9dc,0,3510235208101552823,legacy_center_z1,EXTRAPOLATION,identity,0.0,0.0,1.0,0.0,0.0,1.0,0.0,1.0,256,1.0,,,,,,,,1.0,45f9778b3f6172c4,1c82fdc93d8946b7
MID,validation-01047ad7504d2860c11fd4ec8883f9dc,0,3510235208101552823,legacy_center_z1,EXTRAPOLATION,identity,0.0,0.0,1.0,0.0,0.0,1.0,0.0,1.0,256,1.0,,,,,,,,1.0,7135e5b25f5d4606,1c82fdc93d8946b7
POST,validation-01047ad7504d2860c11fd4ec8883f9dc,0,3510235208101552823,legacy_center_z1,EXTRAPOLATION,identity,0.0,0.0,1.0,0.0,0.0,1.0,0.0,1.0,256,1.0,,,,,,,,1.0,ecaea55091823133,1c82fdc93d8946b7
PRE,validation-01047ad7504d2860c11fd4ec8883f9dc,0,3510235208101552823,coupled_z1.1_center,TRAINING_COUPLED,zoom,0.0,0.0,1.1,0.0,0.0,1.0,1.0270428734558483e-15,1.0,160,0.9132412075996399,,,,-0.0,0.0,-0.09531017980432493,False,0.9662658016355148,b74ec87f5ad3461c,1c82fdc93d8946b7
MID,validation-01047ad7504d2860c11fd4ec8883f9dc,0,3510235208101552823,coupled_z1.1_center,TRAINING_COUPLED,zoom,0.0,0.0,1.1,-0.021495018923239545,0.0022101054185330316,0.9664245877854928,-1.1057582841372755,0.8446601941747572,114,0.9046167135238647,,,,0.3583248876093959,-0.03415200946641605,-0.09531017980432493,True,0.9362037181844886,4747308af566067c,1c82fdc93d8946b7
POST,validation-01047ad7504d2860c11fd4ec8883f9dc,0,3510235208101552823,coupled_z1.1_center,TRAINING_COUPLED,zoom,0.0,0.0,1.1,-0.003236887551043774,0.0023981525343439725,0.9910717516413331,0.37526081729579214,0.8787878787878788,144,0.926525354385376,,,,0.09409639160036891,-0.008968344002369332,-0.09531017980432493,True,0.9665368775439657,08c40e176396fb8e,1c82fdc93d8946b7
PRE,validation-01047ad7504d2860c11fd4ec8883f9dc,0,3510235208101552823,coupled_z1.225_center,TRAINING_COUPLED,zoom,0.0,0.0,1.225,2.7755575615628914e-17,2.7755575615628914e-17,0.9999999999999998,1.532402238674425e-16,1.0,130,0.8780245780944824,,,,1.0941346283582645e-15,-2.2204460492503136e-16,-0.20294084399669038,True,0.9611911154493683,99cabca1972a0412,1c82fdc93d8946b7
MID,validation-01047ad7504d2860c11fd4ec8883f9dc,0,3510235208101552823,coupled_z1.225_center,TRAINING_COUPLED,zoom,0.0,0.0,1.225,-0.015355676003231955,0.019746096265764235,0.9689392786126998,0.6103849502174944,0.7731958762886598,109,0.8967111110687256,,,,0.1554804464385497,-0.03155333302522149,-0.20294084399669038,True,0.9193918704977377,00c67492e5c0078f,1c82fdc93d8946b7
POST,validation-01047ad7504d2860c11fd4ec8883f9dc,0,3510235208101552823,coupled_z1.225_center,TRAINING_COUPLED,zoom,0.0,0.0,1.225,1.3877787807814457e-17,-1.3877787807814457e-17,1.0,4.703068682361869e-15,1.0,177,0.941637396812439,,,,-0.0,0.0,-0.20294084399669038,False,0.9602160453786783,fe6aea53cdb14ec3,1c82fdc93d8946b7
PRE,validation-01047ad7504d2860c11fd4ec8883f9dc,0,3510235208101552823,coupled_z1.4142_center,TRAINING_COUPLED,zoom,0.0,0.0,1.4142135623730951,-0.006927634684107509,0.042321404490594,0.9733326362786867,0.9528900557597524,0.8349514563106796,112,0.8593116998672485,,,,0.07799032961044373,-0.027029388540209948,-0.3465735902799727,True,0.9473309516897264,15228d3bea5cd9e5,1c82fdc93d8946b7
MID,validation-01047ad7504d2860c11fd4ec8883f9dc,0,3510235208101552823,coupled_z1.4142_center,TRAINING_COUPLED,zoom,0.0,0.0,1.4142135623730951,0.02581605880986866,0.009794157165448514,0.9745491682096793,1.023407453962897,0.8695652173913043,111,0.8700225949287415,,,,0.07438624068046232,-0.025780306500057984,-0.3465735902799727,True,0.9108560628200043,421b0fade22d2bed,1c82fdc93d8946b7
POST,validation-01047ad7504d2860c11fd4ec8883f9dc,0,3510235208101552823,coupled_z1.4142_center,TRAINING_COUPLED,zoom,0.0,0.0,1.4142135623730951,0.09393375111253788,0.034652511295601734,0.9415185825286068,7.872684322140397,0.9342105263157895,81,0.863852322101593,,,,0.17387705127509992,-0.060261193927706284,-0.3465735902799727,True,0.9002357065809132,dd4d7cd91f24990c,1c82fdc93d8946b7
PRE,validation-01047ad7504d2860c11fd4ec8883f9dc,0,3510235208101552823,coupled_z1.5_center,TRAINING_COUPLED,zoom,0.0,0.0,1.5,-0.023598155485847372,0.028570593252985416,0.9739345682713805,-0.1084573751866495,0.8539325842696629,106,0.8624022603034973,,,,0.06513792539520563,-0.026411155962308596,-0.4054651081081644,True,0.9409931968449246,1c0487bfb9db53f3,1c82fdc93d8946b7
MID,validation-01047ad7504d2860c11fd4ec8883f9dc,0,3510235208101552823,coupled_z1.5_center,TRAINING_COUPLED,zoom,0.0,0.0,1.5,0.023933673644180975,0.02022851074034751,0.940411550782511,0.1319176551465921,0.8170731707317073,91,0.8611634373664856,,,,0.15152396179921304,-0.06143767955189528,-0.4054651081081644,True,0.8999373257113831,574d43df01d30cbe,1c82fdc93d8946b7
POST,validation-01047ad7504d2860c11fd4ec8883f9dc,0,3510235208101552823,coupled_z1.5_center,TRAINING_COUPLED,zoom,0.0,0.0,1.5,0.09097556581207059,0.03965763769627095,0.9320176346060204,4.862929051684919,0.971830985915493,74,0.8546964526176453,,,,0.17363650241804374,-0.07040354322445565,-0.4054651081081644,True,0.8912009000769285,15429391aa54f573,1c82fdc93d8946b7
PRE,validation-01047ad7504d2860c11fd4ec8883f9dc,1,17780906670611502526,coupled_z1.1_left_edge,TRAINING_COUPLED,shift,-0.2100000000000002,0.0,1.1,-0.07209005691438097,0.07648236240264646,0.9060654572542174,0.5336849111818165,0.9529411764705882,89,0.8640207052230835,0.6859026302228796,True,,0.5505367193237187,,,,0.8326519727698581,44b4e8eeb4d2f201,84f0c76e164a2ff3
MID,validation-01047ad7504d2860c11fd4ec8883f9dc,1,17780906670611502526,coupled_z1.1_left_edge,TRAINING_COUPLED,shift,-0.2100000000000002,0.0,1.1,-0.054816905194379664,0.07085788063965086,0.8825232052843043,5.795649244094171,0.9659090909090909,92,0.86734938621521,0.6118883391134002,True,,0.46926236650474035,,,,0.832900146590848,cea1f3cc92919344,84f0c76e164a2ff3
POST,validation-01047ad7504d2860c11fd4ec8883f9dc,1,17780906670611502526,coupled_z1.1_left_edge,TRAINING_COUPLED,shift,-0.2100000000000002,0.0,1.1,-0.03556319037452668,-0.007598120804939476,0.9671959802274099,0.2252607318890269,0.8023255813953488,99,0.88228440284729,0.9779293487889772,True,,0.19048756268143005,,,,0.8930138158217946,438fab72c18bdc97,84f0c76e164a2ff3
PRE,validation-01047ad7504d2860c11fd4ec8883f9dc,1,17780906670611502526,coupled_z1.1_right_edge,TRAINING_COUPLED,shift,0.2100000000000002,0.0,1.1,0.03643947760511286,0.04375563629709982,0.9750112110176676,0.2624749337129685,0.9195402298850575,96,0.8737673759460449,0.6399402606441204,True,,0.2982676131555482,,,,0.8452627566604958,b5d994aec5ba478c,84f0c76e164a2ff3
MID,validation-01047ad7504d2860c11fd4ec8883f9dc,1,17780906670611502526,coupled_z1.1_right_edge,TRAINING_COUPLED,shift,0.2100000000000002,0.0,1.1,0.00018702987027156837,-0.005572740651913488,0.9918657047447426,-0.08107850784722426,0.9142857142857143,126,0.9017301201820374,0.03354267450737454,True,,0.029206981444349394,,,,0.9019628763189832,d6a17dda167a9d79,84f0c76e164a2ff3
POST,validation-01047ad7504d2860c11fd4ec8883f9dc,1,17780906670611502526,coupled_z1.1_right_edge,TRAINING_COUPLED,shift,0.2100000000000002,0.0,1.1,-0.010049317962120927,-0.024557838960294995,0.9869310575467211,-0.20203029433619388,0.8173076923076923,116,0.8951643705368042,-0.3787274130199339,False,,0.13898989812582838,,,,0.9147366183673078,896d6cc166f97f0c,84f0c76e164a2ff3
PRE,validation-01047ad7504d2860c11fd4ec8883f9dc,1,17780906670611502526,coupled_z1.225_left_edge,TRAINING_COUPLED,shift,-0.5006250000000003,0.0,1.225,0.0002598619978350786,-0.000836493756597256,1.0032542715035482,0.04348670668968411,0.958904109589041,155,0.9359038472175598,-0.2966704603295209,False,,0.0021433447010101954,,,,0.945288595275446,fe93853747b1d046,84f0c76e164a2ff3
MID,validation-01047ad7504d2860c11fd4ec8883f9dc,1,17780906670611502526,coupled_z1.225_left_edge,TRAINING_COUPLED,shift,-0.5006250000000003,0.0,1.225,-0.00900961648184083,0.0005407325954125686,0.9961452572980477,1.631226215278491,0.8157894736842105,123,0.909061074256897,0.9982038143497632,True,,0.02208567283956736,,,,0.8831956912982984,4ed222220c2863ba,84f0c76e164a2ff3
POST,validation-01047ad7504d2860c11fd4ec8883f9dc,1,17780906670611502526,coupled_z1.225_left_edge,TRAINING_COUPLED,shift,-0.5006250000000003,0.0,1.225,-0.11201580978151938,0.00605770194427737,0.9166803763968099,3.0161127846955673,0.9882352941176471,94,0.8770468831062317,0.9985409309039502,True,,0.2744966233565751,,,,0.9076681027007686,88025d3bd5c2015a,84f0c76e164a2ff3
PRE,validation-01047ad7504d2860c11fd4ec8883f9dc,1,17780906670611502526,coupled_z1.225_right_edge,TRAINING_COUPLED,shift,0.5006250000000003,0.0,1.225,0.0011071111837191866,0.0028783223754400844,0.9978960441760165,-0.3294518871076034,0.9072164948453608,118,0.9038814902305603,0.35899719039085953,True,,0.0075461206252945955,,,,0.8958535728358354,3c057e292406c14f,84f0c76e164a2ff3
MID,validation-01047ad7504d2860c11fd4ec8883f9dc,1,17780906670611502526,coupled_z1.225_right_edge,TRAINING_COUPLED,shift,0.5006250000000003,0.0,1.225,0.007513088422450825,-0.009736079521210472,0.9729960304906328,-1.9895340363600515,0.7659574468085106,104,0.8781424164772034,0.6109257175489436,True,,0.030092179777511493,,,,0.8737924619780661,59ce7ed099d1c16b,84f0c76e164a2ff3
POST,validation-01047ad7504d2860c11fd4ec8883f9dc,1,17780906670611502526,coupled_z1.225_right_edge,TRAINING_COUPLED,shift,0.5006250000000003,0.0,1.225,0.00710258907037023,-0.09269644287129043,0.9091724639522981,-3.102169313538148,0.978021978021978,98,0.8792548775672913,0.07639808810695405,True,,0.22748761296545938,,,,0.913662651457505,5621320c9e6262f5,84f0c76e164a2ff3
PRE,validation-01047ad7504d2860c11fd4ec8883f9dc,1,17780906670611502526,coupled_z1.4142_left_edge,TRAINING_COUPLED,shift,-1.0000000000000004,0.0,1.4142135623730951,-0.04572329655024641,-0.0065600224983929645,0.9674636581279764,0.7163502755827053,0.8415841584158416,111,0.902431309223175,0.989864076937004,True,,0.06532463153514446,,,,0.9096949696531734,b473f374c4df3506,84f0c76e164a2ff3
MID,validation-01047ad7504d2860c11fd4ec8883f9dc,1,17780906670611502526,coupled_z1.4142_left_edge,TRAINING_COUPLED,shift,-1.0000000000000004,0.0,1.4142135623730951,-0.0173645693562592,3.4150170837327076e-05,0.9930720279937056,0.6986213914025966,0.6697247706422018,118,0.8915936946868896,0.9999980660521423,True,,0.024557256978844522,,,,0.8898107343790416,ce03d9d9cf62e485,84f0c76e164a2ff3
POST,validation-01047ad7504d2860c11fd4ec8883f9dc,1,17780906670611502526,coupled_z1.4142_left_edge,TRAINING_COUPLED,shift,-1.0000000000000004,0.0,1.4142135623730951,-0.12152357733613132,-0.07555857301567705,0.8793874181280461,1.0592885276318524,1.0,82,0.874714195728302,0.8492324005012084,True,,0.20237133099693777,,,,0.9134014093988481,8824298c35460449,84f0c76e164a2ff3
PRE,validation-01047ad7504d2860c11fd4ec8883f9dc,1,17780906670611502526,coupled_z1.4142_right_edge,TRAINING_COUPLED,shift,1.0000000000000004,0.0,1.4142135623730951,0.041450172904344565,-0.012195019408138982,0.9749044704610418,-0.7119231832765078,0.9223300970873787,111,0.8938131928443909,0.9593417399057586,True,,0.06110376964091406,,,,0.9404204487791193,a3b418f1984925bb,84f0c76e164a2ff3
MID,validation-01047ad7504d2860c11fd4ec8883f9dc,1,17780906670611502526,coupled_z1.4142_right_edge,TRAINING_COUPLED,shift,1.0000000000000004,0.0,1.4142135623730951,0.005663886689730724,-0.0007611949201253715,0.9907213486295503,-0.565117883638621,0.8873239436619719,155,0.9226800799369812,0.9910895899727759,True,,0.00808195893834329,,,,0.9374392591371257,e6a75ebdcbcd6284,84f0c76e164a2ff3
POST,validation-01047ad7504d2860c11fd4ec8883f9dc,1,17780906670611502526,coupled_z1.4142_right_edge,TRAINING_COUPLED,shift,1.0000000000000004,0.0,1.4142135623730951,-0.0375885673456447,-0.09256034296584585,0.9193706871251168,-2.050053751612412,0.967032967032967,95,0.8606881499290466,-0.37625613918751993,False,,0.14128211128839396,,,,0.8959758157692314,854789f558348994,84f0c76e164a2ff3
PRE,validation-01047ad7504d2860c11fd4ec8883f9dc,1,17780906670611502526,coupled_z1.5_left_edge,TRAINING_COUPLED,shift,-1.25,0.0,1.5,-0.1477287387157743,0.043849747270647305,0.8352123341585024,0.7623944649316812,0.9425287356321839,96,0.8839219212532043,0.9586596517542828,True,,0.18491910672692677,,,,0.9027459025373967,ec0f1d55d5e979c9,84f0c76e164a2ff3
MID,validation-01047ad7504d2860c11fd4ec8883f9dc,1,17780906670611502526,coupled_z1.5_left_edge,TRAINING_COUPLED,shift,-1.25,0.0,1.5,-0.0027814327338086323,0.0036952277132758643,1.0006372745224417,0.9500537932050149,0.6511627906976745,102,0.8877527117729187,0.6013845227709768,True,,0.005550058495561678,,,,0.8657302856436655,f878f5006221e4a9,84f0c76e164a2ff3
POST,validation-01047ad7504d2860c11fd4ec8883f9dc,1,17780906670611502526,coupled_z1.5_left_edge,TRAINING_COUPLED,shift,-1.25,0.0,1.5,-0.03893719301591013,-0.010215630853265835,0.6246567470409201,-6.169439804488678,0.9659090909090909,89,0.8660615086555481,0.9672637924093047,True,,0.04830598641691679,,,,0.8648773786197678,323029e09ac3f797,84f0c76e164a2ff3
PRE,validation-01047ad7504d2860c11fd4ec8883f9dc,1,17780906670611502526,coupled_z1.5_right_edge,TRAINING_COUPLED,shift,1.25,0.0,1.5,0.032458405494514814,-0.001907739163109233,0.9876309605519453,-0.2720771433719206,0.7553191489361702,103,0.8785628080368042,0.9982772184181594,True,,0.03901730488621128,,,,0.9475690722456038,0076a7106f7d31c9,84f0c76e164a2ff3
MID,validation-01047ad7504d2860c11fd4ec8883f9dc,1,17780906670611502526,coupled_z1.5_right_edge,TRAINING_COUPLED,shift,1.25,0.0,1.5,0.018986223283164294,0.0007394389565049259,0.9785142165398864,-0.3106389237832873,0.7350427350427351,128,0.8999741077423096,0.9992424630561606,True,,0.022800740341513834,,,,0.9482449293127113,b6f5b583bb8469a3,84f0c76e164a2ff3
POST,validation-01047ad7504d2860c11fd4ec8883f9dc,1,17780906670611502526,coupled_z1.5_right_edge,TRAINING_COUPLED,shift,1.25,0.0,1.5,0.015244705995714912,-0.09934157947241337,0.9095909158300167,-2.4732532555441344,0.9642857142857143,93,0.8707121014595032,0.15168185553502905,True,,0.12060537583821143,,,,0.8782048603653817,8d750446290b580d,84f0c76e164a2ff3
PRE,validation-01047ad7504d2860c11fd4ec8883f9dc,1,17780906670611502526,legacy_center_z1,EXTRAPOLATION,identity,0.0,0.0,1.0,0.0,0.0,1.0,0.0,1.0,256,1.0,,,,,,,,1.0,e92686166c4f9fcd,84f0c76e164a2ff3
MID,validation-01047ad7504d2860c11fd4ec8883f9dc,1,17780906670611502526,legacy_center_z1,EXTRAPOLATION,identity,0.0,0.0,1.0,0.0,0.0,1.0,0.0,1.0,256,1.0,,,,,,,,1.0,aedf03660517206b,84f0c76e164a2ff3
POST,validation-01047ad7504d2860c11fd4ec8883f9dc,1,17780906670611502526,legacy_center_z1,EXTRAPOLATION,identity,0.0,0.0,1.0,0.0,0.0,1.0,0.0,1.0,256,1.0,,,,,,,,1.0,12654354178c2325,84f0c76e164a2ff3
PRE,validation-01047ad7504d2860c11fd4ec8883f9dc,1,17780906670611502526,coupled_z1.1_center,TRAINING_COUPLED,zoom,0.0,0.0,1.1,-0.062283400826366964,-0.0046484855879296684,0.8069756847826114,1.6323072382751211,0.9444444444444444,97,0.876289427280426,,,,2.2501451784826916,-0.21446174154702016,-0.09531017980432493,True,0.8345263004294633,600cfbe09085fcf7,84f0c76e164a2ff3
MID,validation-01047ad7504d2860c11fd4ec8883f9dc,1,17780906670611502526,coupled_z1.1_center,TRAINING_COUPLED,zoom,0.0,0.0,1.1,0.001613903285847637,0.003107616085071027,0.9986784516062381,0.026879993178077006,0.922077922077922,170,0.9338041543960571,,,,0.013874933524161002,-0.0013224224089608409,-0.09531017980432493,True,0.9449475374777129,a9144de7a185e5b6,84f0c76e164a2ff3
POST,validation-01047ad7504d2860c11fd4ec8883f9dc,1,17780906670611502526,coupled_z1.1_center,TRAINING_COUPLED,zoom,0.0,0.0,1.1,-0.009654775819480918,0.0037539153140599413,0.9938489546748914,-0.4955100096247312,0.9051094890510949,154,0.9278936982154846,,,,0.06473643164233772,-0.006170040939721599,-0.09531017980432493,True,0.9164462585972036,91f715b2a62cb0a2,84f0c76e164a2ff3
PRE,validation-01047ad7504d2860c11fd4ec8883f9dc,1,17780906670611502526,coupled_z1.225_center,TRAINING_COUPLED,zoom,0.0,0.0,1.225,-0.0014993224364997226,-2.577687229242398e-05,0.9965325313107097,0.3591698137889006,0.917910447761194,145,0.9279352426528931,,,,0.01711579701518274,-0.003473494291937219,-0.20294084399669038,True,0.9546732902517308,9bfa5f55eb440b2f,84f0c76e164a2ff3
MID,validation-01047ad7504d2860c11fd4ec8883f9dc,1,17780906670611502526,coupled_z1.225_center,TRAINING_COUPLED,zoom,0.0,0.0,1.225,0.008435759686981847,0.00010674513491529258,0.9926845107420968,-0.16621548530712738,0.7698412698412699,136,0.9077316522598267,,,,0.03617989619324487,-0.007342378669169759,-0.20294084399669038,True,0.8956082463255508,6dd924051f626399,84f0c76e164a2ff3
POST,validation-01047ad7504d2860c11fd4ec8883f9dc,1,17780906670611502526,coupled_z1.225_center,TRAINING_COUPLED,zoom,0.0,0.0,1.225,-0.0018647328459303059,-0.0010972970896659696,0.9971174996147124,-0.17753243768583046,0.9782608695652174,156,0.9182714819908142,,,,0.014224158791073294,-0.0028866627902033575,-0.20294084399669038,True,0.928547850673206,15b3a06354e0db62,84f0c76e164a2ff3
PRE,validation-01047ad7504d2860c11fd4ec8883f9dc,1,17780906670611502526,coupled_z1.4142_center,TRAINING_COUPLED,zoom,0.0,0.0,1.4142135623730951,-0.004629629629629628,-0.0048947208967658196,0.9927846256617916,0.12162070361002451,0.8272727272727273,122,0.9055701494216919,,,,0.02089464186242732,-0.007241531047875651,-0.3465735902799727,True,0.9256229400625509,3bec62496c48317e,84f0c76e164a2ff3
MID,validation-01047ad7504d2860c11fd4ec8883f9dc,1,17780906670611502526,coupled_z1.4142_center,TRAINING_COUPLED,zoom,0.0,0.0,1.4142135623730951,0.023145790071699993,0.0030443129726127893,0.9698987031923585,-0.08077744348231165,0.8333333333333334,134,0.9023093581199646,,,,0.08818803132627163,-0.030563642636468664,-0.3465735902799727,True,0.8846185207358096,bca8c43c22ff713f,84f0c76e164a2ff3
POST,validation-01047ad7504d2860c11fd4ec8883f9dc,1,17780906670611502526,coupled_z1.4142_center,TRAINING_COUPLED,zoom,0.0,0.0,1.4142135623730951,0.025166527041536057,-0.1076542857693104,0.8798010832869452,-2.8296647037133282,0.956989247311828,100,0.8697934746742249,,,,0.3695014345354331,-0.12805943878054535,-0.3465735902799727,True,0.894549667834341,1421cf6e1f8512b8,84f0c76e164a2ff3
PRE,validation-01047ad7504d2860c11fd4ec8883f9dc,1,17780906670611502526,coupled_z1.5_center,TRAINING_COUPLED,zoom,0.0,0.0,1.5,-0.0020586832004584124,-0.012425650029479526,1.0046842532565767,-0.18810315768254068,0.7962962962962963,122,0.9028796553611755,,,,-0.011525816130430988,0.004673316283360026,-0.4054651081081644,False,0.928629279135729,85cda4230757d382,84f0c76e164a2ff3
MID,validation-01047ad7504d2860c11fd4ec8883f9dc,1,17780906670611502526,coupled_z1.5_center,TRAINING_COUPLED,zoom,0.0,0.0,1.5,0.016993232963111508,0.001680377091430485,0.9728959575116444,-0.5907033986760666,0.7787610619469026,127,0.9027007222175598,,,,0.06776941233963822,-0.027478132100718183,-0.4054651081081644,True,0.8923934037910958,e8cf6047707d3d11,84f0c76e164a2ff3
POST,validation-01047ad7504d2860c11fd4ec8883f9dc,1,17780906670611502526,coupled_z1.5_center,TRAINING_COUPLED,zoom,0.0,0.0,1.5,-0.008084937955161034,-0.1079826402852948,0.8572954253016689,-2.2066430565763113,0.9230769230769231,98,0.8539260029792786,,,,0.3797434018424703,-0.15397269948141934,-0.4054651081081644,True,0.8920166299363926,bcb471be3f3893b0,84f0c76e164a2ff3
PRE,validation-01047ad7504d2860c11fd4ec8883f9dc,2,7226753088340254255,coupled_z1.1_left_edge,TRAINING_COUPLED,shift,-0.2100000000000002,0.0,1.1,-0.10975883640913356,0.03625211135439472,0.8937208052782853,-1.7373323837894834,0.9591836734693877,106,0.8839201331138611,0.9495470161547853,True,,0.6054752724469458,,,,0.8689567446699988,41104994b62c655f,f86e360f7d9f76d5
MID,validation-01047ad7504d2860c11fd4ec8883f9dc,2,7226753088340254255,coupled_z1.1_left_edge,TRAINING_COUPLED,shift,-0.2100000000000002,0.0,1.1,-0.03380576734354951,0.011079867139729738,0.8280486389169448,-9.182208686663916,0.9642857142857143,90,0.8662484884262085,0.9502627472386875,True,,0.1863461757612714,,,,0.8504209518424112,9374062fccb3129c,f86e360f7d9f76d5
POST,validation-01047ad7504d2860c11fd4ec8883f9dc,2,7226753088340254255,coupled_z1.1_left_edge,TRAINING_COUPLED,shift,-0.2100000000000002,0.0,1.1,-0.011526621084245792,-0.004599761653116902,0.9910714031517992,0.07669105694493619,0.8292682926829268,135,0.9230417609214783,0.9287788730577324,True,,0.06500744228651233,,,,0.9244486689558321,ab728426b80c93d2,f86e360f7d9f76d5
PRE,validation-01047ad7504d2860c11fd4ec8883f9dc,2,7226753088340254255,coupled_z1.1_right_edge,TRAINING_COUPLED,shift,0.2100000000000002,0.0,1.1,0.007264640899173058,0.014034567007095822,1.004239915546485,-0.2021091637730738,0.832,138,0.9155024886131287,0.45969158253203124,True,,0.0827791552723633,,,,0.9479781954266007,7a92049f7eef0e4e,f86e360f7d9f76d5
MID,validation-01047ad7504d2860c11fd4ec8883f9dc,2,7226753088340254255,coupled_z1.1_right_edge,TRAINING_COUPLED,shift,0.2100000000000002,0.0,1.1,0.008734450354271603,-0.013049707068256311,0.976373086534908,-0.7469697701403255,0.7058823529411765,118,0.9018287658691406,0.5562267008945606,True,,0.08225402110191143,,,,0.9144918271587184,491b7061d269697a,f86e360f7d9f76d5
POST,validation-01047ad7504d2860c11fd4ec8883f9dc,2,7226753088340254255,coupled_z1.1_right_edge,TRAINING_COUPLED,shift,0.2100000000000002,0.0,1.1,0.011620495439503668,0.0025571650341691954,0.9984946608074572,0.024885225942224337,0.7628865979381443,111,0.9055392146110535,0.9766328949214236,True,,0.06232563137664165,,,,0.9206963777532906,67cc86c9fa122ee3,f86e360f7d9f76d5
PRE,validation-01047ad7504d2860c11fd4ec8883f9dc,2,7226753088340254255,coupled_z1.225_left_edge,TRAINING_COUPLED,shift,-0.5006250000000003,0.0,1.225,-0.010193216774887492,-0.009468320170196609,0.9889600893815395,-0.36810229410977685,0.8407079646017699,128,0.924964189529419,0.7326791370738004,True,,0.034042464262763215,,,,0.9199831390351559,569847893a9bb888,f86e360f7d9f76d5
MID,validation-01047ad7504d2860c11fd4ec8883f9dc,2,7226753088340254255,coupled_z1.225_left_edge,TRAINING_COUPLED,shift,-0.5006250000000003,0.0,1.225,-0.011759268094851838,-0.0031633188606327023,0.9888613264227294,-0.5172450807176652,0.8095238095238095,104,0.8928423523902893,0.9656701180308663,True,,0.02979717244071675,,,,0.8531031012526563,934b0a22585ccf6f,f86e360f7d9f76d5
POST,validation-01047ad7504d2860c11fd4ec8883f9dc,2,7226753088340254255,coupled_z1.225_left_edge,TRAINING_COUPLED,shift,-0.5006250000000003,0.0,1.225,-0.015100362958861774,-0.003095256927416995,0.9924603285426087,-0.1283623660620689,0.7844827586206896,131,0.8993285894393921,0.9796314673014841,True,,0.03771796165090156,,,,0.9181767702093478,af6664729152b115,f86e360f7d9f76d5
PRE,validation-01047ad7504d2860c11fd4ec8883f9dc,2,7226753088340254255,coupled_z1.225_right_edge,TRAINING_COUPLED,shift,0.5006250000000003,0.0,1.225,0.0037399515009248693,-0.0009924892357130038,0.9970918546369686,-0.10072053041840055,0.9583333333333334,160,0.9294050335884094,0.9665450796413326,True,,0.009468199737285918,,,,0.9584136605253172,75b31db169b7dbf3,f86e360f7d9f76d5
MID,validation-01047ad7504d2860c11fd4ec8883f9dc,2,7226753088340254255,coupled_z1.225_right_edge,TRAINING_COUPLED,shift,0.5006250000000003,0.0,1.225,0.002805891665724301,5.30080289494507e-05,0.9998846340953496,-0.41310177866425185,0.9568345323741008,155,0.9371692538261414,0.9998215989482603,True,,0.006867077353528212,,,,0.9547450542440403,69181ff4db20c016,f86e360f7d9f76d5
POST,validation-01047ad7504d2860c11fd4ec8883f9dc,2,7226753088340254255,coupled_z1.225_right_edge,TRAINING_COUPLED,shift,0.5006250000000003,0.0,1.225,-0.000818372762240796,-0.007666313589958652,0.9941533784832631,-0.7684150712294661,0.7906976744186046,102,0.9144234657287598,-0.10614611451827295,False,,0.018865599916494186,,,,0.8878380060187043,67783a6f32b511b5,f86e360f7d9f76d5
PRE,validation-01047ad7504d2860c11fd4ec8883f9dc,2,7226753088340254255,coupled_z1.4142_left_edge,TRAINING_COUPLED,shift,-1.0000000000000004,0.0,1.4142135623730951,-0.12619373656259442,0.010893415975186616,0.8958107592220332,2.3665965284469306,0.975609756097561,86,0.8397796750068665,0.9962948680966925,True,,0.17912858878045076,,,,0.8462476730338216,1ea701221b7b21c9,f86e360f7d9f76d5
MID,validation-01047ad7504d2860c11fd4ec8883f9dc,2,7226753088340254255,coupled_z1.4142_left_edge,TRAINING_COUPLED,shift,-1.0000000000000004,0.0,1.4142135623730951,-0.09328137371338088,0.05622030878859854,0.7419009729388456,2.3912260928964484,1.0,87,0.8600472807884216,0.8564725545411843,True,,0.15402686650153463,,,,0.8455602526656277,e1533b94ddc80f0c,f86e360f7d9f76d5
POST,validation-01047ad7504d2860c11fd4ec8883f9dc,2,7226753088340254255,coupled_z1.4142_left_edge,TRAINING_COUPLED,shift,-1.0000000000000004,0.0,1.4142135623730951,-0.1872428170623993,0.1065705044942069,0.8027966459254778,-1.3242883415838405,1.0,92,0.8821387887001038,0.8690924043045181,True,,0.3046872001565306,,,,0.9132574304026255,b7548f922323c871,f86e360f7d9f76d5
PRE,validation-01047ad7504d2860c11fd4ec8883f9dc,2,7226753088340254255,coupled_z1.4142_right_edge,TRAINING_COUPLED,shift,1.0000000000000004,0.0,1.4142135623730951,-0.0008810636490036161,-0.003758400278078139,0.9905022742246747,-0.8393048842786437,0.8775510204081632,116,0.9265156388282776,-0.2282376308819958,False,,0.005459275740215617,,,,0.9306967854490509,2e2942c907dacdd5,f86e360f7d9f76d5
MID,validation-01047ad7504d2860c11fd4ec8883f9dc,2,7226753088340254255,coupled_z1.4142_right_edge,TRAINING_COUPLED,shift,1.0000000000000004,0.0,1.4142135623730951,-1.3877787807814457e-17,-6.938893903907228e-18,1.0000000000000002,5.178842476079107e-15,1.0,169,0.9369003176689148,0.0,False,,2.1942709178604373e-17,,,,0.9313312768926844,45e02cc8b7fa3248,f86e360f7d9f76d5
POST,validation-01047ad7504d2860c11fd4ec8883f9dc,2,7226753088340254255,coupled_z1.4142_right_edge,TRAINING_COUPLED,shift,1.0000000000000004,0.0,1.4142135623730951,-0.010297783554861871,-0.0009416412331368015,0.9896027411768846,1.19500600743374,0.7619047619047619,119,0.9026990532875061,-0.9958452939073994,False,,0.01462402368397473,,,,0.9206456135155021,4a30a6850d4f947d,f86e360f7d9f76d5
PRE,validation-01047ad7504d2860c11fd4ec8883f9dc,2,7226753088340254255,coupled_z1.5_left_edge,TRAINING_COUPLED,shift,-1.25,0.0,1.5,-0.21817551079755224,-0.0012841058514135376,0.7967233180394141,-2.530351494712379,1.0,77,0.8586497902870178,0.9999826799753309,True,,0.2618151476004379,,,,0.8706525564185018,5b94eb6bb83a50b7,f86e360f7d9f76d5
MID,validation-01047ad7504d2860c11fd4ec8883f9dc,2,7226753088340254255,coupled_z1.5_left_edge,TRAINING_COUPLED,shift,-1.25,0.0,1.5,-0.0681241592523541,-0.006576023253801563,0.838574542920854,-5.095401546886988,0.9367088607594937,85,0.8561578989028931,0.9953732910264413,True,,0.08212897798080457,,,,0.8385314941397864,31875fc94165e933,f86e360f7d9f76d5
POST,validation-01047ad7504d2860c11fd4ec8883f9dc,2,7226753088340254255,coupled_z1.5_left_edge,TRAINING_COUPLED,shift,-1.25,0.0,1.5,-0.10794035796300011,0.0747413555648037,0.6905522804903883,7.956202521114974,1.0,90,0.8773161768913269,0.8221443681485276,True,,0.15754949443504038,,,,0.8816527128210787,927f42b9c13e1505,f86e360f7d9f76d5
PRE,validation-01047ad7504d2860c11fd4ec8883f9dc,2,7226753088340254255,coupled_z1.5_right_edge,TRAINING_COUPLED,shift,1.25,0.0,1.5,-0.009357438350315717,0.0063578941598680105,0.9687453138034965,0.0034124739843946596,0.75,105,0.916617751121521,-0.8271386910036727,False,,0.013575626604484303,,,,0.9292585169375803,18253ed179bf25b5,f86e360f7d9f76d5
MID,validation-01047ad7504d2860c11fd4ec8883f9dc,2,7226753088340254255,coupled_z1.5_right_edge,TRAINING_COUPLED,shift,1.25,0.0,1.5,0.002979654532344417,7.384435089716722e-05,0.9977033187562524,-0.07198304500156942,0.9765625,153,0.9258496761322021,0.9996930459963167,True,,0.0035766833146370774,,,,0.927296161650684,4a051fc6fcc6f8c3,f86e360f7d9f76d5
POST,validation-01047ad7504d2860c11fd4ec8883f9dc,2,7226753088340254255,coupled_z1.5_right_edge,TRAINING_COUPLED,shift,1.25,0.0,1.5,-0.0027360582906628267,-0.005750001733396584,0.992603478075438,1.5588706368548855,0.864,138,0.9204021692276001,-0.429672701150049,False,,0.00764132778132928,,,,0.904353022574474,d69ecc8a86c696ee,f86e360f7d9f76d5
PRE,validation-01047ad7504d2860c11fd4ec8883f9dc,2,7226753088340254255,legacy_center_z1,EXTRAPOLATION,identity,0.0,0.0,1.0,0.0,0.0,1.0,0.0,1.0,256,1.0,,,,,,,,1.0,95d0208dacd62fb6,f86e360f7d9f76d5
MID,validation-01047ad7504d2860c11fd4ec8883f9dc,2,7226753088340254255,legacy_center_z1,EXTRAPOLATION,identity,0.0,0.0,1.0,0.0,0.0,1.0,0.0,1.0,256,1.0,,,,,,,,1.0,a891f3dd3f5a1a4a,f86e360f7d9f76d5
POST,validation-01047ad7504d2860c11fd4ec8883f9dc,2,7226753088340254255,legacy_center_z1,EXTRAPOLATION,identity,0.0,0.0,1.0,0.0,0.0,1.0,0.0,1.0,256,1.0,,,,,,,,1.0,d7a9733d88de8a41,f86e360f7d9f76d5
PRE,validation-01047ad7504d2860c11fd4ec8883f9dc,2,7226753088340254255,coupled_z1.1_center,TRAINING_COUPLED,zoom,0.0,0.0,1.1,-5.551115123125783e-17,7.37257477290143e-18,1.0,3.6295048750807425e-15,1.0,184,0.9516506791114807,,,,-0.0,0.0,-0.09531017980432493,False,0.9597088098516403,29f492335b5b4fd2,f86e360f7d9f76d5
MID,validation-01047ad7504d2860c11fd4ec8883f9dc,2,7226753088340254255,coupled_z1.1_center,TRAINING_COUPLED,zoom,0.0,0.0,1.1,1.734723475976807e-18,0.0,1.0,3.621106790766182e-15,1.0,203,0.9551783800125122,,,,-0.0,0.0,-0.09531017980432493,False,0.9644569712220289,b545f5043cbd9855,f86e360f7d9f76d5
POST,validation-01047ad7504d2860c11fd4ec8883f9dc,2,7226753088340254255,coupled_z1.1_center,TRAINING_COUPLED,zoom,0.0,0.0,1.1,0.0,0.0,1.0,2.9618425863705657e-15,1.0,222,0.9646592736244202,,,,-0.0,0.0,-0.09531017980432493,False,0.9618538663551884,4b0d2f8c3fbb153c,f86e360f7d9f76d5
PRE,validation-01047ad7504d2860c11fd4ec8883f9dc,2,7226753088340254255,coupled_z1.225_center,TRAINING_COUPLED,zoom,0.0,0.0,1.225,-0.006821638934803975,0.005780611685290274,0.9816948308881434,-0.04919094032290891,0.8870967741935484,138,0.9275513887405396,,,,0.09103530567647646,-0.01847478176748083,-0.20294084399669038,True,0.9307047683411332,a4e38d41a0c19156,f86e360f7d9f76d5
MID,validation-01047ad7504d2860c11fd4ec8883f9dc,2,7226753088340254255,coupled_z1.225_center,TRAINING_COUPLED,zoom,0.0,0.0,1.225,2.0816681711721685e-17,1.3877787807814457e-17,1.0,1.4015632342703138e-14,1.0,171,0.9432476758956909,,,,-0.0,0.0,-0.20294084399669038,False,0.956002709626357,c3d326fd4849e8f8,f86e360f7d9f76d5
POST,validation-01047ad7504d2860c11fd4ec8883f9dc,2,7226753088340254255,coupled_z1.225_center,TRAINING_COUPLED,zoom,0.0,0.0,1.225,-0.0003437949795004041,-0.0006522762036290375,0.9986266493222105,-0.19569377842069782,0.9821428571428571,177,0.9425455927848816,,,,0.006771897470606304,-0.001374294588143896,-0.20294084399669038,True,0.9440200328817463,568200925f1f8143,f86e360f7d9f76d5
PRE,validation-01047ad7504d2860c11fd4ec8883f9dc,2,7226753088340254255,coupled_z1.4142_center,TRAINING_COUPLED,zoom,0.0,0.0,1.4142135623730951,-0.031065629714229992,0.014189450202463899,0.9611917219047513,-0.730876037599244,0.8064516129032258,112,0.9014216065406799,,,,0.11420774264855153,-0.039581387407479664,-0.3465735902799727,True,0.9127361774435452,275a59a074efe139,f86e360f7d9f76d5
MID,validation-01047ad7504d2860c11fd4ec8883f9dc,2,7226753088340254255,coupled_z1.4142_center,TRAINING_COUPLED,zoom,0.0,0.0,1.4142135623730951,-0.01446488353202463,0.003552907121426252,0.966613877514986,-1.1781912064614926,0.8440366972477065,122,0.9181662797927856,,,,0.0979767748796372,-0.0339561626340885,-0.3465735902799727,True,0.9332990646352971,15a13bc7c7c9142a,f86e360f7d9f76d5
POST,validation-01047ad7504d2860c11fd4ec8883f9dc,2,7226753088340254255,coupled_z1.4142_center,TRAINING_COUPLED,zoom,0.0,0.0,1.4142135623730951,-0.012954697441198648,-0.004314347031428169,0.958829562171311,0.08724616580968274,0.8080808080808081,115,0.8918430209159851,,,,0.1213074094717389,-0.04204194442818332,-0.3465735902799727,True,0.9037836904774579,b8e694babb7e6903,f86e360f7d9f76d5
PRE,validation-01047ad7504d2860c11fd4ec8883f9dc,2,7226753088340254255,coupled_z1.5_center,TRAINING_COUPLED,zoom,0.0,0.0,1.5,-0.04631056838597139,0.01672188663524883,0.9508491592077397,-0.31833537452896155,0.8775510204081632,116,0.8953043818473816,,,,0.12430130442718253,-0.050399841837553416,-0.4054651081081644,True,0.9136393614783307,6751f4b66b4202f8,f86e360f7d9f76d5
MID,validation-01047ad7504d2860c11fd4ec8883f9dc,2,7226753088340254255,coupled_z1.5_center,TRAINING_COUPLED,zoom,0.0,0.0,1.5,-0.010295703654467941,0.010168224116359259,0.9578418377171454,0.05866533187283304,0.8247422680412371,115,0.9098370671272278,,,,0.10623012956849426,-0.043072610969833836,-0.4054651081081644,True,0.9287741141771395,1e84ae6da049a2a9,f86e360f7d9f76d5
POST,validation-01047ad7504d2860c11fd4ec8883f9dc,2,7226753088340254255,coupled_z1.5_center,TRAINING_COUPLED,zoom,0.0,0.0,1.5,-0.03451413510715076,0.001776693545856755,0.9492409739172419,-0.30396777171626843,0.84,115,0.891539454460144,,,,0.1284761315346223,-0.05209258856200438,-0.4054651081081644,True,0.9053043239936925,298c40046a84bea5,f86e360f7d9f76d5
PRE,validation-01c4c1afda1dab09856b32fa6dee288d,0,5816155069893062477,coupled_z1.1_left_edge,TRAINING_COUPLED,shift,-0.2100000000000002,0.0,1.1,-6.938893903907228e-18,-2.0816681711721685e-17,1.0000000000000002,-2.0777716968364474e-14,1.0,196,0.9537138938903809,0.0,True,,1.149380004593562e-16,,,,0.9813548315369109,c0c0dd1c2beb5754,6b2128093ea70e1f
MID,validation-01c4c1afda1dab09856b32fa6dee288d,0,5816155069893062477,coupled_z1.1_left_edge,TRAINING_COUPLED,shift,-0.2100000000000002,0.0,1.1,-2.7755575615628914e-17,-3.122502256758253e-17,1.0000000000000002,-1.3162038365875201e-14,1.0,191,0.9514824748039246,0.0,True,,2.1883543318503461e-16,,,,0.9673402905454498,7597a0be9c3ee907,6b2128093ea70e1f
POST,validation-01c4c1afda1dab09856b32fa6dee288d,0,5816155069893062477,coupled_z1.1_left_edge,TRAINING_COUPLED,shift,-0.2100000000000002,0.0,1.1,-1.3877787807814457e-17,-2.7755575615628914e-17,1.0,-1.435142611023345e-14,1.0,155,0.9371659755706787,0.0,True,,1.6254687908166658e-16,,,,0.969039198044666,41089bfc6512078f,6b2128093ea70e1f
PRE,validation-01c4c1afda1dab09856b32fa6dee288d,0,5816155069893062477,coupled_z1.1_right_edge,TRAINING_COUPLED,shift,0.2100000000000002,0.0,1.1,-0.058823739195586006,0.014554482281257164,1.011574070700085,0.3167335928907546,0.9690721649484536,110,0.8932653665542603,-0.9707277227893548,False,,0.31741583237711096,,,,0.9289950132360705,7a7146ff4118afaf,6b2128093ea70e1f
MID,validation-01c4c1afda1dab09856b32fa6dee288d,0,5816155069893062477,coupled_z1.1_right_edge,TRAINING_COUPLED,shift,0.2100000000000002,0.0,1.1,0.0028402883189455747,0.0912785412739525,0.9140387057412003,-5.742540112833103,1.0,93,0.8637140989303589,0.0311016611617862,True,,0.47835710896731193,,,,0.9257106780996601,79ff9a521a69773e,6b2128093ea70e1f
POST,validation-01c4c1afda1dab09856b32fa6dee288d,0,5816155069893062477,coupled_z1.1_right_edge,TRAINING_COUPLED,shift,0.2100000000000002,0.0,1.1,-0.010051643000823934,0.08365451704608717,0.8447110154560655,-4.055808243074741,0.9878048780487805,84,0.8662565350532532,-0.11929850136702737,False,,0.44134220238350863,,,,0.9221431520146628,cbfa4128abac91dc,6b2128093ea70e1f
PRE,validation-01c4c1afda1dab09856b32fa6dee288d,0,5816155069893062477,coupled_z1.225_left_edge,TRAINING_COUPLED,shift,-0.5006250000000003,0.0,1.225,-0.25278731617843087,0.03157603112480844,0.8041034950187743,-2.1624381426976216,1.0,109,0.8927344679832458,0.9922886869087955,True,,0.6233626747229045,,,,0.923505544661552,42bcdc6d2bbf35bf,6b2128093ea70e1f
MID,validation-01c4c1afda1dab09856b32fa6dee288d,0,5816155069893062477,coupled_z1.225_left_edge,TRAINING_COUPLED,shift,-0.5006250000000003,0.0,1.225,-0.09712356531649852,-0.028272670002760264,0.8614283550919459,-2.0667683361355675,0.9479166666666666,102,0.8913483619689941,0.9601461181119656,True,,0.24752031066395877,,,,0.9202770590772962,9382413d640e2957,6b2128093ea70e1f
POST,validation-01c4c1afda1dab09856b32fa6dee288d,0,5816155069893062477,coupled_z1.225_left_edge,TRAINING_COUPLED,shift,-0.5006250000000003,0.0,1.225,-0.25561752064637067,-0.03346775669202649,0.7443802748450709,0.2081345433739029,0.970873786407767,108,0.896952748298645,0.9915374405898636,True,,0.6308194210626806,,,,0.912831956912079,daf1070e11efaadd,6b2128093ea70e1f
PRE,validation-01c4c1afda1dab09856b32fa6dee288d,0,5816155069893062477,coupled_z1.225_right_edge,TRAINING_COUPLED,shift,0.5006250000000003,0.0,1.225,-0.046979817219347075,0.008265609406027184,0.9892732190655071,1.0673137294509427,0.9690721649484536,110,0.8828321695327759,-0.9848729303622856,False,,0.11672252588876603,,,,0.9107136077105003,aaff3edb4da95ca5,6b2128093ea70e1f
MID,validation-01c4c1afda1dab09856b32fa6dee288d,0,5816155069893062477,coupled_z1.225_right_edge,TRAINING_COUPLED,shift,0.5006250000000003,0.0,1.225,0.05243172953304767,0.0848619748068826,0.8574511075283688,-7.471746463861299,0.9901960784313726,106,0.8621107339859009,0.5256160934342791,True,,0.24408949278452843,,,,0.9303817707518436,b4fe20d649884115,6b2128093ea70e1f
POST,validation-01c4c1afda1dab09856b32fa6dee288d,0,5816155069893062477,coupled_z1.225_right_edge,TRAINING_COUPLED,shift,0.5006250000000003,0.0,1.225,0.034376393687502366,0.0826644752749763,0.875701270686543,-4.080532062002513,0.968421052631579,107,0.8729590773582458,0.38397631399400944,True,,0.2190682476851087,,,,0.9411055340350158,9c03d71709b80fa1,6b2128093ea70e1f
PRE,validation-01c4c1afda1dab09856b32fa6dee288d,0,5816155069893062477,coupled_z1.4142_left_edge,TRAINING_COUPLED,shift,-1.0000000000000004,0.0,1.4142135623730951,-0.19336468647583857,-0.019110145300188255,0.8325361964625966,-0.34312211461167136,1.0,98,0.8820924758911133,0.9951518460296552,True,,0.2747911921051824,,,,0.9146367311468514,de99797cf1752eba,6b2128093ea70e1f
MID,validation-01c4c1afda1dab09856b32fa6dee288d,0,5816155069893062477,coupled_z1.4142_left_edge,TRAINING_COUPLED,shift,-1.0000000000000004,0.0,1.4142135623730951,-0.135089178173628,0.004639297314027243,0.8384686138835552,-5.381179383639119,1.0,110,0.8817703723907471,0.9994108181572342,True,,0.1911575744729679,,,,0.9149923920622258,5fd737fedfa78916,6b2128093ea70e1f
POST,validation-01c4c1afda1dab09856b32fa6dee288d,0,5816155069893062477,coupled_z1.4142_left_edge,TRAINING_COUPLED,shift,-1.0000000000000004,0.0,1.4142135623730951,-0.1431311744301522,-0.04292743882636996,0.7416117000935902,-7.236214889341567,0.9896907216494846,99,0.8943012952804565,0.9578482254539106,True,,0.2113258057973345,,,,0.922961821908245,1d5b298c1a1265bf,6b2128093ea70e1f
PRE,validation-01c4c1afda1dab09856b32fa6dee288d,0,5816155069893062477,coupled_z1.4142_right_edge,TRAINING_COUPLED,shift,1.0000000000000004,0.0,1.4142135623730951,0.042508273186612516,0.09291325651629642,0.8472500862846061,-6.317514425793886,0.9523809523809523,98,0.8844810128211975,0.41603208166390604,True,,0.1444979344196364,,,,0.9108052796596289,bb273d1cde1326a0,6b2128093ea70e1f
MID,validation-01c4c1afda1dab09856b32fa6dee288d,0,5816155069893062477,coupled_z1.4142_right_edge,TRAINING_COUPLED,shift,1.0000000000000004,0.0,1.4142135623730951,0.03831971781966892,0.08737533274058604,0.9317392914876278,-6.685514384337238,0.9270833333333334,104,0.8788870573043823,0.4016369126360695,True,,0.1349284962141591,,,,0.9275986042491929,b477ad1659c7c01a,6b2128093ea70e1f
POST,validation-01c4c1afda1dab09856b32fa6dee288d,0,5816155069893062477,coupled_z1.4142_right_edge,TRAINING_COUPLED,shift,1.0000000000000004,0.0,1.4142135623730951,0.002575213394952272,0.01745778212708393,0.9775838768272571,-1.296753575816287,0.8611111111111112,125,0.919349193572998,0.14593175913252188,True,,0.02495619685874723,,,,0.9378118440871211,d87772075a2f4af4,6b2128093ea70e1f
PRE,validation-01c4c1afda1dab09856b32fa6dee288d,0,5816155069893062477,coupled_z1.5_left_edge,TRAINING_COUPLED,shift,-1.25,0.0,1.5,-0.18530605783245657,0.01467215173058832,0.8355816379807296,-0.22035145953797766,1.0,106,0.8662248849868774,0.996880088731547,True,,0.2230632068100162,,,,0.8947141107737482,4c2aef91569d9110,6b2128093ea70e1f
MID,validation-01c4c1afda1dab09856b32fa6dee288d,0,5816155069893062477,coupled_z1.5_left_edge,TRAINING_COUPLED,shift,-1.25,0.0,1.5,-0.07715267347024721,-0.012248726083355562,0.8207555959073175,-6.4375872591751255,0.9787234042553191,96,0.8784182071685791,0.9876310290212024,True,,0.09374270901009418,,,,0.9239875078192054,c9b6598d832e9a4b,6b2128093ea70e1f
POST,validation-01c4c1afda1dab09856b32fa6dee288d,0,5816155069893062477,coupled_z1.5_left_edge,TRAINING_COUPLED,shift,-1.25,0.0,1.5,-0.11810657137546182,-0.059455428578067265,0.6471162618865128,1.34798003343548,1.0,108,0.8945010304450989,0.8932073635685215,True,,0.1586729928905198,,,,0.9163030286187341,04b57f1036328d01,6b2128093ea70e1f
PRE,validation-01c4c1afda1dab09856b32fa6dee288d,0,5816155069893062477,coupled_z1.5_right_edge,TRAINING_COUPLED,shift,1.25,0.0,1.5,0.03213633959270035,0.13230759058450148,0.8457943323036294,-6.450989907879045,0.9733333333333334,82,0.8343625664710999,0.23602851132307764,True,,0.16338537787121138,,,,0.874879002570231,7975a325cb810f2e,6b2128093ea70e1f
MID,validation-01c4c1afda1dab09856b32fa6dee288d,0,5816155069893062477,coupled_z1.5_right_edge,TRAINING_COUPLED,shift,1.25,0.0,1.5,0.12190680378888753,0.02320283172349799,0.8287974741469861,-9.00126630016429,0.9885057471264368,91,0.817061185836792,0.9823644951818564,True,,0.14891434417951901,,,,0.8750267550356433,03efa314e0343fb6,6b2128093ea70e1f
POST,validation-01c4c1afda1dab09856b32fa6dee288d,0,5816155069893062477,coupled_z1.5_right_edge,TRAINING_COUPLED,shift,1.25,0.0,1.5,0.09459661577342568,-0.018704524105951366,0.7608295308159493,-3.3403667860218746,1.0,81,0.8342121243476868,0.9810067126762484,True,,0.11571372291329127,,,,0.9127668686361048,caac1a6592467aae,6b2128093ea70e1f
PRE,validation-01c4c1afda1dab09856b32fa6dee288d,0,5816155069893062477,legacy_center_z1,EXTRAPOLATION,identity,0.0,0.0,1.0,0.0,0.0,1.0,0.0,1.0,256,1.0,,,,,,,,1.0,72774dc6f5663129,6b2128093ea70e1f
MID,validation-01c4c1afda1dab09856b32fa6dee288d,0,5816155069893062477,legacy_center_z1,EXTRAPOLATION,identity,0.0,0.0,1.0,0.0,0.0,1.0,0.0,1.0,256,1.0,,,,,,,,1.0,da3c4ff8ae9b3323,6b2128093ea70e1f
POST,validation-01c4c1afda1dab09856b32fa6dee288d,0,5816155069893062477,legacy_center_z1,EXTRAPOLATION,identity,0.0,0.0,1.0,0.0,0.0,1.0,0.0,1.0,256,1.0,,,,,,,,1.0,bddbb8f43bc14359,6b2128093ea70e1f
PRE,validation-01c4c1afda1dab09856b32fa6dee288d,0,5816155069893062477,coupled_z1.1_center,TRAINING_COUPLED,zoom,0.0,0.0,1.1,2.7755575615628914e-17,3.469446951953614e-18,1.0,-7.551955488746178e-16,1.0,190,0.9527229070663452,,,,-0.0,0.0,-0.09531017980432493,False,0.9773720502843619,53106647ab3092c9,6b2128093ea70e1f
MID,validation-01c4c1afda1dab09856b32fa6dee288d,0,5816155069893062477,coupled_z1.1_center,TRAINING_COUPLED,zoom,0.0,0.0,1.1,-0.0038438565516348555,-0.002682469041814812,0.9948325916390593,-0.2021577687332141,0.9067796610169492,152,0.9284361600875854,,,,0.05435731627743745,-0.005180805588083122,-0.09531017980432493,True,0.9579378937436237,b6c8351bdb2d9b5b,6b2128093ea70e1f
POST,validation-01c4c1afda1dab09856b32fa6dee288d,0,5816155069893062477,coupled_z1.1_center,TRAINING_COUPLED,zoom,0.0,0.0,1.1,-0.00015356318398229707,0.0046945431099497115,0.9935722135798385,0.19971679229714198,0.918918918918919,161,0.936528205871582,,,,0.06765839290109533,-0.0064485335926750586,-0.09531017980432493,True,0.9681573491180603,f66b71821333ba11,6b2128093ea70e1f
PRE,validation-01c4c1afda1dab09856b32fa6dee288d,0,5816155069893062477,coupled_z1.225_center,TRAINING_COUPLED,zoom,0.0,0.0,1.225,-0.003986456356257911,-0.001738612605627637,0.9937867127933413,-0.061108515751870304,0.9577464788732394,166,0.938323438167572,,,,0.03071175758333682,-0.00623267000458413,-0.20294084399669038,True,0.9671331644048555,f440f58887ed4731,6b2128093ea70e1f
MID,validation-01c4c1afda1dab09856b32fa6dee288d,0,5816155069893062477,coupled_z1.225_center,TRAINING_COUPLED,zoom,0.0,0.0,1.225,-0.1198205374223797,-0.010564858989838818,0.8586446306304168,3.40841930216103,0.9904761904761905,110,0.8818945288658142,,,,0.7509584607989763,-0.15240014384099979,-0.20294084399669038,True,0.9234794928708077,b19eb9bbd7e376b7,6b2128093ea70e1f
POST,validation-01c4c1afda1dab09856b32fa6dee288d,0,5816155069893062477,coupled_z1.225_center,TRAINING_COUPLED,zoom,0.0,0.0,1.225,-0.06451534975904213,0.029156523955986127,0.8923585217412537,1.4451014068088242,0.8857142857142857,113,0.8935418128967285,,,,0.5611847014546402,-0.1138872969512354,-0.20294084399669038,True,0.9348961672115613,33e11e2bbe9866f8,6b2128093ea70e1f
PRE,validation-01c4c1afda1dab09856b32fa6dee288d,0,5816155069893062477,coupled_z1.4142_center,TRAINING_COUPLED,zoom,0.0,0.0,1.4142135623730951,-0.2647657845170073,0.16760770984029505,0.7308594612020822,-10.715469184214905,0.9782608695652174,94,0.8636241555213928,,,,0.9046681629723959,-0.3135340932533307,-0.3465735902799727,True,0.9103689193716481,2d487cd24487c41b,6b2128093ea70e1f
MID,validation-01c4c1afda1dab09856b32fa6dee288d,0,5816155069893062477,coupled_z1.4142_center,TRAINING_COUPLED,zoom,0.0,0.0,1.4142135623730951,-0.18205866204233928,0.053805939742962244,0.7298273265511365,-8.430234636467029,1.0,98,0.860297679901123,,,,0.9087458497229315,-0.3149473117905009,-0.3465735902799727,True,0.9450299143781747,4dea0183e11bc38c,6b2128093ea70e1f
POST,validation-01c4c1afda1dab09856b32fa6dee288d,0,5816155069893062477,coupled_z1.4142_center,TRAINING_COUPLED,zoom,0.0,0.0,1.4142135623730951,-0.1010886019787269,0.0580346350911535,0.6794754079731662,-4.547248301121613,1.0,87,0.8645827174186707,,,,1.1150135158605818,-0.3864342374024971,-0.3465735902799727,True,0.9207202697649653,ba15c3f1b9cad2b5,6b2128093ea70e1f
PRE,validation-01c4c1afda1dab09856b32fa6dee288d,0,5816155069893062477,coupled_z1.5_center,TRAINING_COUPLED,zoom,0.0,0.0,1.5,-0.17277182222680346,0.16281524334724876,0.7066487202998963,-17.725753467054666,1.0,93,0.863457202911377,,,,0.85635382469476,-0.3472215961087009,-0.4054651081081644,True,0.9181877325875955,336226fea4595748,6b2128093ea70e1f
MID,validation-01c4c1afda1dab09856b32fa6dee288d,0,5816155069893062477,coupled_z1.5_center,TRAINING_COUPLED,zoom,0.0,0.0,1.5,-0.2363230086700512,0.012699727032477915,0.7787066223270883,-6.053645778236391,0.9893617021276596,95,0.8700519800186157,,,,0.6168740715213553,-0.2501209120985299,-0.4054651081081644,True,0.9282000618090921,d430b64f7825cba7,6b2128093ea70e1f
POST,validation-01c4c1afda1dab09856b32fa6dee288d,0,5816155069893062477,coupled_z1.5_center,TRAINING_COUPLED,zoom,0.0,0.0,1.5,-0.25481943108010585,0.020274286344318798,0.743825266392612,-12.237915125674688,1.0,84,0.8738257884979248,,,,0.7299003608776545,-0.2959491287314464,-0.4054651081081644,True,0.9147982546557729,782ae00219e6af9e,6b2128093ea70e1f
PRE,validation-01c4c1afda1dab09856b32fa6dee288d,1,11420464585453030022,coupled_z1.1_left_edge,TRAINING_COUPLED,shift,-0.2100000000000002,0.0,1.1,-0.01768795894249031,0.003500411637387277,0.9778937537578836,0.8550625639657935,0.8,143,0.9278987050056458,0.9809752119380203,True,,0.09444806795711444,,,,0.9580913186063722,0acce8b49e380174,eda515eeaa5908c6
MID,validation-01c4c1afda1dab09856b32fa6dee288d,1,11420464585453030022,coupled_z1.1_left_edge,TRAINING_COUPLED,shift,-0.2100000000000002,0.0,1.1,2.7755575615628914e-17,-1.3877787807814457e-17,1.0,5.51237355571747e-17,1.0,164,0.9331735968589783,0.0,False,,1.6254687908166658e-16,,,,0.9409853184801061,79eb82a6dcb746b3,eda515eeaa5908c6
POST,validation-01c4c1afda1dab09856b32fa6dee288d,1,11420464585453030022,coupled_z1.1_left_edge,TRAINING_COUPLED,shift,-0.2100000000000002,0.0,1.1,-0.01852130388737741,-0.0033732676611827953,0.9824453031426547,-0.8543743209677145,0.7927927927927928,126,0.9155743718147278,0.9838160362747039,True,,0.09861229141593662,,,,0.9401972889890805,afc0e8b0398d835d,eda515eeaa5908c6
PRE,validation-01c4c1afda1dab09856b32fa6dee288d,1,11420464585453030022,coupled_z1.1_right_edge,TRAINING_COUPLED,shift,0.2100000000000002,0.0,1.1,0.010079701720066503,-0.11973514570272834,0.8360331591314796,14.573819425758677,1.0,107,0.8819841146469116,0.0838865966535562,True,,0.6294025468341701,,,,0.8972967801858024,08242a68a7a9db55,eda515eeaa5908c6
MID,validation-01c4c1afda1dab09856b32fa6dee288d,1,11420464585453030022,coupled_z1.1_right_edge,TRAINING_COUPLED,shift,0.2100000000000002,0.0,1.1,-0.08946433010017842,-0.12294919720382838,0.8621649469963626,8.488384964701998,0.925531914893617,97,0.8760961294174194,-0.5883726960519668,False,,0.7964725158143487,,,,0.9213262796392764,bfe4c358af7ba209,eda515eeaa5908c6
POST,validation-01c4c1afda1dab09856b32fa6dee288d,1,11420464585453030022,coupled_z1.1_right_edge,TRAINING_COUPLED,shift,0.2100000000000002,0.0,1.1,-0.03400676416048541,-0.08849829315576531,0.8498850796341373,9.61478051557443,0.9690721649484536,101,0.8759078979492188,-0.3586938439006489,False,,0.49660921822668164,,,,0.8930126428595195,7b5a7abac564d86b,eda515eeaa5908c6
PRE,validation-01c4c1afda1dab09856b32fa6dee288d,1,11420464585453030022,coupled_z1.225_left_edge,TRAINING_COUPLED,shift,-0.5006250000000003,0.0,1.225,-0.044680291993202684,-0.016386497807749433,0.9839892634463347,0.994562254226717,0.8090909090909091,124,0.898470401763916,0.9388510210512958,True,,0.11645090686409343,,,,0.930714901131349,ffbf12f7143a09a4,eda515eeaa5908c6
MID,validation-01c4c1afda1dab09856b32fa6dee288d,1,11420464585453030022,coupled_z1.225_left_edge,TRAINING_COUPLED,shift,-0.5006250000000003,0.0,1.225,-0.07839070166447946,-0.03175143006035339,0.939296285795001,-1.688801226176769,0.9380530973451328,128,0.8898489475250244,0.9268568959904775,True,,0.20695476086236037,,,,0.9334026575079166,2b72d28af86508b0,eda515eeaa5908c6
POST,validation-01c4c1afda1dab09856b32fa6dee288d,1,11420464585453030022,coupled_z1.225_left_edge,TRAINING_COUPLED,shift,-0.5006250000000003,0.0,1.225,-0.08268946049629806,-0.024657603854518158,0.9308512121587947,1.2396883520831992,0.9215686274509803,110,0.8926286101341248,0.9583009799672609,True,,0.211140614606006,,,,0.9235500051697797,bb241acc2ac99310,eda515eeaa5908c6
PRE,validation-01c4c1afda1dab09856b32fa6dee288d,1,11420464585453030022,coupled_z1.225_right_edge,TRAINING_COUPLED,shift,0.5006250000000003,0.0,1.225,0.015997756355144888,-0.003523548564233675,1.0013190119506579,0.10457826159097387,0.6382978723404256,119,0.9136504530906677,0.9765926579416117,True,,0.040083826948774,,,,0.9245986893524634,aff0f2030c196bcc,eda515eeaa5908c6
MID,validation-01c4c1afda1dab09856b32fa6dee288d,1,11420464585453030022,coupled_z1.225_right_edge,TRAINING_COUPLED,shift,0.5006250000000003,0.0,1.225,0.0006762716501263755,0.01179937785366586,1.002492120510601,1.109530296402809,0.7373737373737373,129,0.8947477340698242,0.05722027381063054,True,,0.028919768046469077,,,,0.9271246747439575,5aada8c2bdab7664,eda515eeaa5908c6
POST,validation-01c4c1afda1dab09856b32fa6dee288d,1,11420464585453030022,coupled_z1.225_right_edge,TRAINING_COUPLED,shift,0.5006250000000003,0.0,1.225,-0.005093185756294652,-0.028167737183430852,1.003455986452288,1.1659106720499297,0.7551020408163265,120,0.9038195013999939,-0.17793099909156265,False,,0.07004247015482142,,,,0.9155964851370237,a32fb2fb059f81b3,eda515eeaa5908c6
PRE,validation-01c4c1afda1dab09856b32fa6dee288d,1,11420464585453030022,coupled_z1.4142_left_edge,TRAINING_COUPLED,shift,-1.0000000000000004,0.0,1.4142135623730951,-0.05150395783503306,-0.013341624270566343,0.9754665013779795,-1.1688405367604062,0.9166666666666666,112,0.886539876461029,0.9680482625029763,True,,0.07524169868962058,,,,0.9220391511907893,e1e60e48c23b1548,eda515eeaa5908c6
MID,validation-01c4c1afda1dab09856b32fa6dee288d,1,11420464585453030022,coupled_z1.4142_left_edge,TRAINING_COUPLED,shift,-1.0000000000000004,0.0,1.4142135623730951,-0.08754588546637365,-0.10239121560094912,0.9033908251114368,3.388838721284948,0.970873786407767,108,0.8825617432594299,0.6498579641467596,True,,0.19051636724613163,,,,0.9347950816145131,02448ba66d58321c,eda515eeaa5908c6
POST,validation-01c4c1afda1dab09856b32fa6dee288d,1,11420464585453030022,coupled_z1.4142_left_edge,TRAINING_COUPLED,shift,-1.0000000000000004,0.0,1.4142135623730951,0.05689098731179967,-0.07439929862115975,0.7765335686540036,12.053097309237481,0.9891304347826086,93,0.8742231130599976,-0.6074326309024719,False,,0.1324525580925627,,,,0.9032233895783566,bc45fbfda19b002d,eda515eeaa5908c6
PRE,validation-01c4c1afda1dab09856b32fa6dee288d,1,11420464585453030022,coupled_z1.4142_right_edge,TRAINING_COUPLED,shift,1.0000000000000004,0.0,1.4142135623730951,0.010960160910491408,-0.05493865754094021,0.9842123526268027,5.531034951957297,0.9885057471264368,91,0.8723251223564148,0.1956428956714437,True,,0.07922602122515769,,,,0.8934214115133887,4ea7154a2d5fd7be,eda515eeaa5908c6
MID,validation-01c4c1afda1dab09856b32fa6dee288d,1,11420464585453030022,coupled_z1.4142_right_edge,TRAINING_COUPLED,shift,1.0000000000000004,0.0,1.4142135623730951,0.09419079065819598,0.009046175313151045,0.8217598982272087,6.26657979007663,0.9894736842105263,96,0.873393714427948,0.9954197272366581,True,,0.13381882029529596,,,,0.9130992889395165,e1acff69c02ab718,eda515eeaa5908c6
POST,validation-01c4c1afda1dab09856b32fa6dee288d,1,11420464585453030022,coupled_z1.4142_right_edge,TRAINING_COUPLED,shift,1.0000000000000004,0.0,1.4142135623730951,0.0010909192574368146,-0.049192015209125535,0.8154260340702116,9.316397885732265,0.9903846153846154,106,0.876552939414978,0.022171303412208337,True,,0.06958512003526447,,,,0.8960281014433483,9bca91e50eeca203,eda515eeaa5908c6
PRE,validation-01c4c1afda1dab09856b32fa6dee288d,1,11420464585453030022,coupled_z1.5_left_edge,TRAINING_COUPLED,shift,-1.25,0.0,1.5,0.022281504236005053,0.03713149447872588,0.912934876717309,1.45949103566356,0.8333333333333334,94,0.8600983023643494,-0.5145400307084484,False,,0.051964479897999336,,,,0.8710689467820127,75482fc8b5ef1905,eda515eeaa5908c6
MID,validation-01c4c1afda1dab09856b32fa6dee288d,1,11420464585453030022,coupled_z1.5_left_edge,TRAINING_COUPLED,shift,-1.25,0.0,1.5,-0.04488853525437235,-0.010556485253324102,0.9556263915548076,-0.595312724206985,0.8956521739130435,125,0.8920339345932007,0.9734438648664144,True,,0.055335745848310545,,,,0.9390876293172982,5e52ba127a3c2b4a,eda515eeaa5908c6
POST,validation-01c4c1afda1dab09856b32fa6dee288d,1,11420464585453030022,coupled_z1.5_left_edge,TRAINING_COUPLED,shift,-1.25,0.0,1.5,-0.04519369127577323,0.003959304082672907,0.8903101648843454,-0.1329520958477274,0.8648648648648649,81,0.8556545972824097,0.9961844169033895,True,,0.05444015044731709,,,,0.8978245258322319,1d3db9fac3f89720,eda515eeaa5908c6
PRE,validation-01c4c1afda1dab09856b32fa6dee288d,1,11420464585453030022,coupled_z1.5_right_edge,TRAINING_COUPLED,shift,1.25,0.0,1.5,-0.021630738908108557,-0.12777512645927805,0.920398776774694,-2.9324491540695248,0.9879518072289156,86,0.8331367373466492,-0.16691273496420328,False,,0.15551172111017603,,,,0.870130658148849,b9f834001e081bb7,eda515eeaa5908c6
MID,validation-01c4c1afda1dab09856b32fa6dee288d,1,11420464585453030022,coupled_z1.5_right_edge,TRAINING_COUPLED,shift,1.25,0.0,1.5,-0.008638193693162956,-0.020613806649599935,0.5818024923867364,23.120783260847276,1.0,93,0.8378956913948059,-0.3864867237393055,False,,0.026820668847168497,,,,0.8676858465475613,46740c72ab3aae06,eda515eeaa5908c6
POST,validation-01c4c1afda1dab09856b32fa6dee288d,1,11420464585453030022,coupled_z1.5_right_edge,TRAINING_COUPLED,shift,1.25,0.0,1.5,0.047774445485785695,-0.13929022180568573,0.4869248872503018,10.100942984423911,1.0,102,0.8591942191123962,0.32443247374972406,True,,0.17670652360990546,,,,0.9108155263433321,c12b61bb167822e5,eda515eeaa5908c6
PRE,validation-01c4c1afda1dab09856b32fa6dee288d,1,11420464585453030022,legacy_center_z1,EXTRAPOLATION,identity,0.0,0.0,1.0,0.0,0.0,1.0,0.0,1.0,256,1.0,,,,,,,,1.0,429014d62652e265,eda515eeaa5908c6
MID,validation-01c4c1afda1dab09856b32fa6dee288d,1,11420464585453030022,legacy_center_z1,EXTRAPOLATION,identity,0.0,0.0,1.0,0.0,0.0,1.0,0.0,1.0,256,1.0,,,,,,,,1.0,166f0fc63a650d8a,eda515eeaa5908c6
POST,validation-01c4c1afda1dab09856b32fa6dee288d,1,11420464585453030022,legacy_center_z1,EXTRAPOLATION,identity,0.0,0.0,1.0,0.0,0.0,1.0,0.0,1.0,256,1.0,,,,,,,,1.0,8bc873eaf2b5d308,eda515eeaa5908c6
PRE,validation-01c4c1afda1dab09856b32fa6dee288d,1,11420464585453030022,coupled_z1.1_center,TRAINING_COUPLED,zoom,0.0,0.0,1.1,-0.002355534850761426,0.011192276273399485,0.9793760467010488,-0.02581431132165168,0.8151260504201681,144,0.9189469814300537,,,,0.21865027609134405,-0.02083959712853129,-0.09531017980432493,True,0.9549959897985444,719b4ec9da4c1648,eda515eeaa5908c6
MID,validation-01c4c1afda1dab09856b32fa6dee288d,1,11420464585453030022,coupled_z1.1_center,TRAINING_COUPLED,zoom,0.0,0.0,1.1,-6.938893903907228e-18,6.938893903907228e-18,1.0,-4.8310200470829984e-15,1.0,173,0.9366366863250732,,,,-0.0,0.0,-0.09531017980432493,False,0.9588882923116631,2d3b284738f152eb,eda515eeaa5908c6
POST,validation-01c4c1afda1dab09856b32fa6dee288d,1,11420464585453030022,coupled_z1.1_center,TRAINING_COUPLED,zoom,0.0,0.0,1.1,-0.004558386511614929,0.01878867636687921,0.9746793089188424,-0.33841591448811337,0.7785714285714286,153,0.9145371913909912,,,,0.26908747911699,-0.025646776017732846,-0.09531017980432493,True,0.9366783499708344,24df59009b9063ed,eda515eeaa5908c6
PRE,validation-01c4c1afda1dab09856b32fa6dee288d,1,11420464585453030022,coupled_z1.225_center,TRAINING_COUPLED,zoom,0.0,0.0,1.225,-0.02356338479853818,-0.017441317207774226,0.8337943667355924,6.432528816251248,0.9117647058823529,105,0.8816694021224976,,,,0.8956721875813319,-0.1817684696921175,-0.20294084399669038,True,0.9246551394453338,391c745ffb01aee1,eda515eeaa5908c6
MID,validation-01c4c1afda1dab09856b32fa6dee288d,1,11420464585453030022,coupled_z1.225_center,TRAINING_COUPLED,zoom,0.0,0.0,1.225,-0.07851070482867673,-0.04236935842142473,0.9157984383014052,3.7890230445948316,0.9134615384615384,113,0.8808456063270569,,,,0.4334217908618375,-0.08795898404405833,-0.20294084399669038,True,0.9149464914161647,e5d5f4f989e8ce16,eda515eeaa5908c6
POST,validation-01c4c1afda1dab09856b32fa6dee288d,1,11420464585453030022,coupled_z1.225_center,TRAINING_COUPLED,zoom,0.0,0.0,1.225,-0.07025075236121675,-0.049187892451395834,0.8644179691165305,4.393411611003395,0.9479166666666666,100,0.8787588477134705,,,,0.7179376203014594,-0.1456988666009536,-0.20294084399669038,True,0.9232110335347381,e56e716403e1a34e,eda515eeaa5908c6
PRE,validation-01c4c1afda1dab09856b32fa6dee288d,1,11420464585453030022,coupled_z1.4142_center,TRAINING_COUPLED,zoom,0.0,0.0,1.4142135623730951,0.029027692480979184,-0.05024961046553726,0.8560796272910142,9.268809454876916,0.9387755102040817,103,0.8767267465591431,,,,0.4483662027015993,-0.15539188463049128,-0.3465735902799727,True,0.923556506632835,7e6ef261797a52f6,eda515eeaa5908c6
MID,validation-01c4c1afda1dab09856b32fa6dee288d,1,11420464585453030022,coupled_z1.4142_center,TRAINING_COUPLED,zoom,0.0,0.0,1.4142135623730951,-0.1251526533935312,-0.07339667678188143,0.911111169818155,5.707351226254504,0.9759036144578314,93,0.8795577883720398,,,,0.26860199750434666,-0.09309035863145368,-0.3465735902799727,True,0.9209852218618719,715fc28279a93acf,eda515eeaa5908c6
POST,validation-01c4c1afda1dab09856b32fa6dee288d,1,11420464585453030022,coupled_z1.4142_center,TRAINING_COUPLED,zoom,0.0,0.0,1.4142135623730951,-0.05100383775411992,-0.11073026036144756,0.77801923652557,11.257080835024357,1.0,104,0.8769702911376953,,,,0.7242445372002441,-0.2510040294981458,-0.3465735902799727,True,0.9091160297384707,b75f55b24c8ee306,eda515eeaa5908c6
PRE,validation-01c4c1afda1dab09856b32fa6dee288d,1,11420464585453030022,coupled_z1.5_center,TRAINING_COUPLED,zoom,0.0,0.0,1.5,0.031094718833999065,-0.034027658788378545,0.9005950576322836,7.8380112664575154,0.9270833333333334,103,0.8741061687469482,,,,0.2582208848483816,-0.10469955899083491,-0.4054651081081644,True,0.9106862491769178,49e8007345211838,eda515eeaa5908c6
MID,validation-01c4c1afda1dab09856b32fa6dee288d,1,11420464585453030022,coupled_z1.5_center,TRAINING_COUPLED,zoom,0.0,0.0,1.5,-0.02502233597771484,-0.06785846611003303,0.834255018238319,6.804958651687697,0.9591836734693877,102,0.8698827624320984,,,,0.4469340085638546,-0.18121614609955858,-0.4054651081081644,True,0.9188056588163723,a09a1019db6fe0d2,eda515eeaa5908c6
POST,validation-01c4c1afda1dab09856b32fa6dee288d,1,11420464585453030022,coupled_z1.5_center,TRAINING_COUPLED,zoom,0.0,0.0,1.5,-0.06911359471243232,-0.13398504436078784,0.8461251330731268,7.723782182470167,0.9777777777777777,94,0.8720362186431885,,,,0.41208975948480864,-0.1670880188797754,-0.4054651081081644,True,0.8962520484614888,205d4d8cd03463c5,eda515eeaa5908c6
PRE,validation-01c4c1afda1dab09856b32fa6dee288d,2,4582060504101313643,coupled_z1.1_left_edge,TRAINING_COUPLED,shift,-0.2100000000000002,0.0,1.1,-4.163336342344337e-17,6.938893903907228e-18,1.0,-6.98409155443764e-16,1.0,178,0.9467211961746216,0.0,True,,2.2108765821162737e-16,,,,0.9736638069143094,ed1e332a201f52f2,783e9ce4cbd83a5e
MID,validation-01c4c1afda1dab09856b32fa6dee288d,2,4582060504101313643,coupled_z1.1_left_edge,TRAINING_COUPLED,shift,-0.2100000000000002,0.0,1.1,0.0015062038038784475,-0.004546169983544374,0.9947957939492589,0.25382996099172234,0.9494949494949495,143,0.9237754344940186,-0.3145009425001518,False,,0.02508621723467061,,,,0.9648090579982324,d0c91aa8dbef59be,783e9ce4cbd83a5e
POST,validation-01c4c1afda1dab09856b32fa6dee288d,2,4582060504101313643,coupled_z1.1_left_edge,TRAINING_COUPLED,shift,-0.2100000000000002,0.0,1.1,-0.0029079662585496796,0.004817357912540288,1.005761693056178,0.7750717343880503,0.9019607843137255,135,0.9155689477920532,0.5167874115968851,True,,0.02947479728696061,,,,0.9554319977750759,1cdf0d989099e9fa,783e9ce4cbd83a5e
PRE,validation-01c4c1afda1dab09856b32fa6dee288d,2,4582060504101313643,coupled_z1.1_right_edge,TRAINING_COUPLED,shift,0.2100000000000002,0.0,1.1,0.018385857450934212,0.011258404160852463,0.9780022440192584,-0.9578913878452155,0.784,134,0.9082421660423279,0.8528150148381841,True,,0.11292820912271415,,,,0.9444568753233047,3bb7cfb6a0bdbf34,783e9ce4cbd83a5e
MID,validation-01c4c1afda1dab09856b32fa6dee288d,2,4582060504101313643,coupled_z1.1_right_edge,TRAINING_COUPLED,shift,0.2100000000000002,0.0,1.1,-0.012604916042181419,0.007707654228039491,0.9973196632213482,0.32832115976507814,0.7063492063492064,139,0.9157392382621765,-0.8531417672841554,False,,0.07739130025706661,,,,0.9498068064326567,d8e5b54509d35d34,783e9ce4cbd83a5e
POST,validation-01c4c1afda1dab09856b32fa6dee288d,2,4582060504101313643,coupled_z1.1_right_edge,TRAINING_COUPLED,shift,0.2100000000000002,0.0,1.1,0.0025044935387083245,0.007210066946185756,0.9899889814189625,-0.38991976851369015,0.7258064516129032,135,0.9075568318367004,0.3281283803847994,True,,0.039980618727830756,,,,0.934148848055859,770d5a1f919e8b79,783e9ce4cbd83a5e
PRE,validation-01c4c1afda1dab09856b32fa6dee288d,2,4582060504101313643,coupled_z1.225_left_edge,TRAINING_COUPLED,shift,-0.5006250000000003,0.0,1.225,-0.007318858469191225,0.013086529631902655,0.9846835874564994,0.9371840461492499,0.8435374149659864,161,0.9324424266815186,0.4881159853320848,True,,0.03668967573941841,,,,0.971085190772039,a35483ea36d930dd,783e9ce4cbd83a5e
MID,validation-01c4c1afda1dab09856b32fa6dee288d,2,4582060504101313643,coupled_z1.225_left_edge,TRAINING_COUPLED,shift,-0.5006250000000003,0.0,1.225,-0.012928507828151685,-0.0010267492765452246,0.9993046751400259,0.11912141100612761,0.7711864406779662,142,0.9147726893424988,0.9968612726911923,True,,0.03173490726802011,,,,0.9545291635103911,8354847e802fd4b6,783e9ce4cbd83a5e
POST,validation-01c4c1afda1dab09856b32fa6dee288d,2,4582060504101313643,coupled_z1.225_left_edge,TRAINING_COUPLED,shift,-0.5006250000000003,0.0,1.225,-0.027351414061566992,-0.005145747199648193,0.9851499556010428,0.5303104288944894,0.7844827586206896,133,0.9141719341278076,0.9827590385088759,True,,0.06810143961113145,,,,0.9392815828313971,f394e34468b46686,783e9ce4cbd83a5e
PRE,validation-01c4c1afda1dab09856b32fa6dee288d,2,4582060504101313643,coupled_z1.225_right_edge,TRAINING_COUPLED,shift,0.5006250000000003,0.0,1.225,0.032800365854394775,0.020904312372841446,0.9857482410569924,-0.020118679624497936,0.8303571428571429,124,0.9148041605949402,0.8432961920912098,True,,0.0951748286991548,,,,0.9492502778312177,d619168683023f5e,783e9ce4cbd83a5e
MID,validation-01c4c1afda1dab09856b32fa6dee288d,2,4582060504101313643,coupled_z1.225_right_edge,TRAINING_COUPLED,shift,0.5006250000000003,0.0,1.225,0.0067525349157492795,-0.00232047620368063,0.9995825774718352,0.04895452849557922,0.9272727272727272,152,0.9180610775947571,0.9457170642731455,True,,0.01747145879166205,,,,0.9653877595288494,d45f5318b7850c21,783e9ce4cbd83a5e
POST,validation-01c4c1afda1dab09856b32fa6dee288d,2,4582060504101313643,coupled_z1.225_right_edge,TRAINING_COUPLED,shift,0.5006250000000003,0.0,1.225,0.0035334609534798944,0.0044856296218597595,0.9991037052482052,-0.19501748034673902,0.7019230769230769,129,0.8978239893913269,0.6187996693653547,True,,0.013972489071723907,,,,0.90774863408407,5030ebfa5e6a46f5,783e9ce4cbd83a5e
PRE,validation-01c4c1afda1dab09856b32fa6dee288d,2,4582060504101313643,coupled_z1.4142_left_edge,TRAINING_COUPLED,shift,-1.0000000000000004,0.0,1.4142135623730951,-0.014803063849443632,0.032630056307292876,0.9326606605030482,2.6875398956404593,0.9363636363636364,121,0.8983999490737915,0.41313715468599727,True,,0.050672502877750325,,,,0.9101353287687737,7df43184f8078114,783e9ce4cbd83a5e
MID,validation-01c4c1afda1dab09856b32fa6dee288d,2,4582060504101313643,coupled_z1.4142_left_edge,TRAINING_COUPLED,shift,-1.0000000000000004,0.0,1.4142135623730951,0.003791567350735445,0.03164877768734373,0.9738388943197069,3.429755133587123,0.9482758620689655,126,0.9110305905342102,-0.11895081136530425,False,,0.04507817902440311,,,,0.9462006027928193,adbca5574e2674b5,783e9ce4cbd83a5e
POST,validation-01c4c1afda1dab09856b32fa6dee288d,2,4582060504101313643,coupled_z1.4142_left_edge,TRAINING_COUPLED,shift,-1.0000000000000004,0.0,1.4142135623730951,0.0014600205243309183,0.017135731040270108,0.9497611616039583,5.352001146722924,0.9896907216494846,104,0.8785069584846497,-0.0848956849288191,False,,0.024321387222604875,,,,0.9082073514576027,2e3f685f855d8df2,783e9ce4cbd83a5e
PRE,validation-01c4c1afda1dab09856b32fa6dee288d,2,4582060504101313643,coupled_z1.4142_right_edge,TRAINING_COUPLED,shift,1.0000000000000004,0.0,1.4142135623730951,0.05211294551072211,0.09703659275467186,0.6569382628279635,-0.04282531896230254,1.0,87,0.8653021454811096,0.47313157943116446,True,,0.15576815735726937,,,,0.8925087451925888,481441d97d685473,783e9ce4cbd83a5e
MID,validation-01c4c1afda1dab09856b32fa6dee288d,2,4582060504101313643,coupled_z1.4142_right_edge,TRAINING_COUPLED,shift,1.0000000000000004,0.0,1.4142135623730951,0.01860006854009602,0.012820911498658757,0.9982152626018816,1.0359335776997733,0.6982758620689655,131,0.9181269407272339,0.8233518281909662,True,,0.031948030341562836,,,,0.9434706535014405,004667bd938bc662,783e9ce4cbd83a5e
POST,validation-01c4c1afda1dab09856b32fa6dee288d,2,4582060504101313643,coupled_z1.4142_right_edge,TRAINING_COUPLED,shift,1.0000000000000004,0.0,1.4142135623730951,0.005253059547481814,0.004778680709325772,0.9924685208183682,1.3410938770653245,0.6818181818181818,107,0.8982393741607666,0.7397177062676165,True,,0.010042950157306574,,,,0.9036913514128231,5fc5f6f727ce7d3d,783e9ce4cbd83a5e
PRE,validation-01c4c1afda1dab09856b32fa6dee288d,2,4582060504101313643,coupled_z1.5_left_edge,TRAINING_COUPLED,shift,-1.25,0.0,1.5,-0.027316718909612132,0.03899286276238177,0.9290596001712536,4.116429308156552,0.9252336448598131,116,0.8853040337562561,0.5737684169034855,True,,0.05713117300463459,,,,0.8725767655707674,fae735138173ef76,783e9ce4cbd83a5e
MID,validation-01c4c1afda1dab09856b32fa6dee288d,2,4582060504101313643,coupled_z1.5_left_edge,TRAINING_COUPLED,shift,-1.25,0.0,1.5,0.002813543025684956,0.03299625511257677,0.9559583673534988,4.59914617679472,0.9279279279279279,122,0.8977515697479248,-0.08496025395065411,False,,0.039739189488070155,,,,0.9417661989778519,08425d2a5f24b0db,783e9ce4cbd83a5e
POST,validation-01c4c1afda1dab09856b32fa6dee288d,2,4582060504101313643,coupled_z1.5_left_edge,TRAINING_COUPLED,shift,-1.25,0.0,1.5,0.006957628635685196,0.021288897041026288,0.9306141549037301,7.168241218972159,0.9801980198019802,108,0.877409815788269,-0.3106499875967054,False,,0.02687640333407644,,,,0.9097567796698055,548c6d82edfc3289,783e9ce4cbd83a5e
PRE,validation-01c4c1afda1dab09856b32fa6dee288d,2,4582060504101313643,coupled_z1.5_right_edge,TRAINING_COUPLED,shift,1.25,0.0,1.5,-0.10970119151048782,0.06131572959331429,0.7664317223616902,-2.4706910964788547,1.0,76,0.8249232172966003,-0.8729024022836582,False,,0.1508088756164864,,,,0.7307886320815308,e6f6c736253db138,783e9ce4cbd83a5e
MID,validation-01c4c1afda1dab09856b32fa6dee288d,2,4582060504101313643,coupled_z1.5_right_edge,TRAINING_COUPLED,shift,1.25,0.0,1.5,0.058828600692782396,0.017249432546361358,0.9186746601589325,3.0230286155802903,0.9550561797752809,96,0.8509399890899658,0.9595996263856701,True,,0.07356643217531296,,,,0.8641219058100825,495de5ff18e435ce,783e9ce4cbd83a5e
POST,validation-01c4c1afda1dab09856b32fa6dee288d,2,4582060504101313643,coupled_z1.5_right_edge,TRAINING_COUPLED,shift,1.25,0.0,1.5,0.045205302734695536,0.01714518064160861,0.9539036804754225,4.255370909121441,0.9369369369369369,123,0.8877344727516174,0.9350088997836069,True,,0.05801694860106968,,,,0.8839822869270887,924fc227d5f230cc,783e9ce4cbd83a5e
PRE,validation-01c4c1afda1dab09856b32fa6dee288d,2,4582060504101313643,legacy_center_z1,EXTRAPOLATION,identity,0.0,0.0,1.0,0.0,0.0,1.0,0.0,1.0,256,1.0,,,,,,,,1.0,ee1d7337913eb009,783e9ce4cbd83a5e
MID,validation-01c4c1afda1dab09856b32fa6dee288d,2,4582060504101313643,legacy_center_z1,EXTRAPOLATION,identity,0.0,0.0,1.0,0.0,0.0,1.0,0.0,1.0,256,1.0,,,,,,,,1.0,5d0fc8901ba11dc4,783e9ce4cbd83a5e
POST,validation-01c4c1afda1dab09856b32fa6dee288d,2,4582060504101313643,legacy_center_z1,EXTRAPOLATION,identity,0.0,0.0,1.0,0.0,0.0,1.0,0.0,1.0,256,1.0,,,,,,,,1.0,e018fcb2802dd908,783e9ce4cbd83a5e
PRE,validation-01c4c1afda1dab09856b32fa6dee288d,2,4582060504101313643,coupled_z1.1_center,TRAINING_COUPLED,zoom,0.0,0.0,1.1,-0.01103663449769035,0.02383472035133688,0.9666113370212438,1.7139076149313497,0.9044117647058824,149,0.9200162887573242,,,,0.3562976268407252,-0.033958790878043786,-0.09531017980432493,True,0.9662717580785625,31760979eb5f00a8,783e9ce4cbd83a5e
MID,validation-01c4c1afda1dab09856b32fa6dee288d,2,4582060504101313643,coupled_z1.1_center,TRAINING_COUPLED,zoom,0.0,0.0,1.1,0.0026016909331117305,0.026197460535813986,0.9824584611777339,1.2722659092961242,0.8449612403100775,148,0.9258701205253601,,,,0.18568021661831488,-0.017697214831997595,-0.09531017980432493,True,0.9631791070903573,a502b7a42b26ab52,783e9ce4cbd83a5e
POST,validation-01c4c1afda1dab09856b32fa6dee288d,2,4582060504101313643,coupled_z1.1_center,TRAINING_COUPLED,zoom,0.0,0.0,1.1,0.0008248772189916945,2.5840861637288493e-06,0.9993908041227288,0.0652695618643418,0.9924242424242424,163,0.9336449503898621,,,,0.006393666591823007,-0.0006093815124755562,-0.09531017980432493,True,0.9489224553098725,78b428894596d193,783e9ce4cbd83a5e
PRE,validation-01c4c1afda1dab09856b32fa6dee288d,2,4582060504101313643,coupled_z1.225_center,TRAINING_COUPLED,zoom,0.0,0.0,1.225,-0.003845630274979585,0.06747049517775083,0.9364607902197252,4.703351226508719,0.9719626168224299,117,0.8931939601898193,,,,0.3234815875746114,-0.06564762639978095,-0.20294084399669038,True,0.937987208365456,c83796604fbb0352,783e9ce4cbd83a5e
MID,validation-01c4c1afda1dab09856b32fa6dee288d,2,4582060504101313643,coupled_z1.225_center,TRAINING_COUPLED,zoom,0.0,0.0,1.225,0.004689981563544665,0.053339039194127,0.9651406095820803,4.623607703889295,0.963963963963964,121,0.9026678204536438,,,,0.17483655900648984,-0.03548147884625421,-0.20294084399669038,True,0.9631230765195532,60aa5009433e1af0,783e9ce4cbd83a5e
POST,validation-01c4c1afda1dab09856b32fa6dee288d,2,4582060504101313643,coupled_z1.225_center,TRAINING_COUPLED,zoom,0.0,0.0,1.225,0.0039576416349573484,0.07719451024646223,0.853402388956542,7.791984479107254,0.978021978021978,94,0.8698399066925049,,,,0.781134569909405,-0.1585241088924064,-0.20294084399669038,True,0.9207761883726449,f5452cd054a2d099,783e9ce4cbd83a5e
PRE,validation-01c4c1afda1dab09856b32fa6dee288d,2,4582060504101313643,coupled_z1.4142_center,TRAINING_COUPLED,zoom,0.0,0.0,1.4142135623730951,-0.024081151115173595,0.08856861437620281,0.8944217105384056,10.68417254287145,0.9537037037037037,117,0.8853466510772705,,,,0.3219457747140618,-0.11157790301811966,-0.3465735902799727,True,0.9255906299099387,7c05ed282e1367cc,783e9ce4cbd83a5e
MID,validation-01c4c1afda1dab09856b32fa6dee288d,2,4582060504101313643,coupled_z1.4142_center,TRAINING_COUPLED,zoom,0.0,0.0,1.4142135623730951,-0.00732740891315764,0.08007505126615483,0.8488760901940946,7.2997629551809355,0.9247311827956989,102,0.8804975152015686,,,,0.47274822970664937,-0.16384205126793472,-0.3465735902799727,True,0.94883060150234,9d372135a0a81592,783e9ce4cbd83a5e
POST,validation-01c4c1afda1dab09856b32fa6dee288d,2,4582060504101313643,coupled_z1.4142_center,TRAINING_COUPLED,zoom,0.0,0.0,1.4142135623730951,0.07212699029984883,0.11169952292632931,0.7933642594167538,11.135151241333636,0.9791666666666666,99,0.8643808960914612,,,,0.6678893769702383,-0.2314728192864296,-0.3465735902799727,True,0.9304276663310561,c01e4b8fb50f3cc9,783e9ce4cbd83a5e
PRE,validation-01c4c1afda1dab09856b32fa6dee288d,2,4582060504101313643,coupled_z1.5_center,TRAINING_COUPLED,zoom,0.0,0.0,1.5,-0.010296998768018352,0.11916448734883774,0.8808482743704915,13.120057854866095,0.9528301886792453,114,0.8795089721679688,,,,0.31289964321028796,-0.12686988766126547,-0.4054651081081644,True,0.9273049192005015,1dfd96da52eb75d8,783e9ce4cbd83a5e
MID,validation-01c4c1afda1dab09856b32fa6dee288d,2,4582060504101313643,coupled_z1.5_center,TRAINING_COUPLED,zoom,0.0,0.0,1.5,-0.014184328000994312,0.0735315021434257,0.9114038101719063,7.914641531240679,0.8725490196078431,112,0.8767431974411011,,,,0.22879704747836838,-0.09276921959064545,-0.4054651081081644,True,0.9323529560767003,49087aba52b3f40c,783e9ce4cbd83a5e
POST,validation-01c4c1afda1dab09856b32fa6dee288d,2,4582060504101313643,coupled_z1.5_center,TRAINING_COUPLED,zoom,0.0,0.0,1.5,0.05124223149204978,0.06596481292819836,0.8590201659194271,5.505891151278393,0.925531914893617,101,0.8805742859840393,,,,0.37478658013566685,-0.15196288123219737,-0.4054651081081644,True,0.9196300006344658,8acf1ac8b8ff2b57,783e9ce4cbd83a5e
PRE,validation-05488b333eb13225dc09f2651b9113e1,0,1996984751267353937,coupled_z1.1_left_edge,TRAINING_COUPLED,shift,-0.2100000000000002,0.0,1.1,-0.031440064350130165,-0.00914003314696693,0.9453785237069862,0.7970797468760321,0.8163265306122449,112,0.8806217908859253,0.9602458023256059,True,,0.17150405753675446,,,,0.932177432514995,c4f05231fab8c63e,f9c0cfa4309d2ab7
MID,validation-05488b333eb13225dc09f2651b9113e1,0,1996984751267353937,coupled_z1.1_left_edge,TRAINING_COUPLED,shift,-0.2100000000000002,0.0,1.1,-0.00908920044791256,-0.007644576807144074,0.9727139470854609,-1.124477849217865,0.7280701754385965,130,0.8712355494499207,0.7653046173297732,True,,0.06221064983172614,,,,0.9405944276555225,5596113dcbca5e57,f9c0cfa4309d2ab7
POST,validation-05488b333eb13225dc09f2651b9113e1,0,1996984751267353937,coupled_z1.1_left_edge,TRAINING_COUPLED,shift,-0.2100000000000002,0.0,1.1,-0.013996011364878165,0.004195033329690736,0.9904045323032116,0.03685615644033209,0.8206896551724138,156,0.9223722815513611,0.9578972722369504,True,,0.07653476273630905,,,,0.9746714219245356,a83b2366c45b8514,f9c0cfa4309d2ab7
PRE,validation-05488b333eb13225dc09f2651b9113e1,0,1996984751267353937,coupled_z1.1_right_edge,TRAINING_COUPLED,shift,0.2100000000000002,0.0,1.1,-0.001639258950874356,0.018214704489378196,0.8832808187676743,-6.461041320799998,0.8818181818181818,121,0.8813802003860474,-0.08963420350636188,False,,0.09579595920112303,,,,0.9464464251453442,ec8f40fdd74a1c47,f9c0cfa4309d2ab7
MID,validation-05488b333eb13225dc09f2651b9113e1,0,1996984751267353937,coupled_z1.1_right_edge,TRAINING_COUPLED,shift,0.2100000000000002,0.0,1.1,0.01837495034256826,0.03511290603453436,0.8563871088621121,-0.6620443090374907,0.9181818181818182,116,0.8748220205307007,0.4636599705225627,True,,0.20758690850203065,,,,0.9659668782920046,dc5eb478d8ac919f,f9c0cfa4309d2ab7
POST,validation-05488b333eb13225dc09f2651b9113e1,0,1996984751267353937,coupled_z1.1_right_edge,TRAINING_COUPLED,shift,0.2100000000000002,0.0,1.1,0.05451480743526646,0.002806268473609666,0.9934577050049687,2.0963309292904193,0.9426229508196722,135,0.8964435458183289,0.9986776773878276,True,,0.2859318473522406,,,,0.9525415273025958,7fc5b50ef7286682,f9c0cfa4309d2ab7
PRE,validation-05488b333eb13225dc09f2651b9113e1,0,1996984751267353937,coupled_z1.225_left_edge,TRAINING_COUPLED,shift,-0.5006250000000003,0.0,1.225,-0.03279447776271707,-0.07593675673256442,0.573755755950562,-7.702612727550936,1.0,107,0.8672960996627808,0.39647275494075473,True,,0.2024001947492085,,,,0.9313915453673173,d09e11d0f93692c1,f9c0cfa4309d2ab7
MID,validation-05488b333eb13225dc09f2651b9113e1,0,1996984751267353937,coupled_z1.225_left_edge,TRAINING_COUPLED,shift,-0.5006250000000003,0.0,1.225,-0.09087648579399007,-0.04986522357661942,0.6412539213323107,-0.507546522584146,1.0,97,0.8704299926757812,0.8766914574171257,True,,0.25364616767186293,,,,0.9373462162810856,9b3d573cd0c34f91,f9c0cfa4309d2ab7
POST,validation-05488b333eb13225dc09f2651b9113e1,0,1996984751267353937,coupled_z1.225_left_edge,TRAINING_COUPLED,shift,-0.5006250000000003,0.0,1.225,-0.21673824700251174,-0.07235409459267333,0.7472660064802484,-0.15806443974845275,0.99,103,0.8562549948692322,0.948541389977003,True,,0.5591171650898197,,,,0.9255041435652147,aeab9812f0229727,f9c0cfa4309d2ab7
PRE,validation-05488b333eb13225dc09f2651b9113e1,0,1996984751267353937,coupled_z1.225_right_edge,TRAINING_COUPLED,shift,0.5006250000000003,0.0,1.225,0.13955973261066906,0.014588929380975363,0.7448558498008869,-8.81197886023501,0.967741935483871,95,0.8505479693412781,0.9945805534854255,True,,0.34335527232806284,,,,0.9296641433630058,6e72f6b4c8d96701,f9c0cfa4309d2ab7
MID,validation-05488b333eb13225dc09f2651b9113e1,0,1996984751267353937,coupled_z1.225_right_edge,TRAINING_COUPLED,shift,0.5006250000000003,0.0,1.225,0.12154251695181435,-0.01619732581664327,0.8387426130165163,-3.326318222461421,0.9595959595959596,108,0.8554187417030334,0.9912368122097552,True,,0.3000366850822572,,,,0.9394822048514275,c7ceaab6bad47c41,f9c0cfa4309d2ab7
POST,validation-05488b333eb13225dc09f2651b9113e1,0,1996984751267353937,coupled_z1.225_right_edge,TRAINING_COUPLED,shift,0.5006250000000003,0.0,1.225,0.04200915539339704,0.028421119346812497,0.7279933208977661,1.5947843083914828,0.978494623655914,94,0.8366613388061523,0.8282544858390809,True,,0.1241091235163818,,,,0.9230048152193358,fd7b632472dd1805,f9c0cfa4309d2ab7
PRE,validation-05488b333eb13225dc09f2651b9113e1,0,1996984751267353937,coupled_z1.4142_left_edge,TRAINING_COUPLED,shift,-1.0000000000000004,0.0,1.4142135623730951,-0.16206366103397157,-0.05700051248009411,0.7381043809800728,-5.631345141824016,1.0,85,0.8497815132141113,0.9433522718925184,True,,0.24295550477701625,,,,0.8702066540709376,d3053fa9e62e4478,f9c0cfa4309d2ab7
MID,validation-05488b333eb13225dc09f2651b9113e1,0,1996984751267353937,coupled_z1.4142_left_edge,TRAINING_COUPLED,shift,-1.0000000000000004,0.0,1.4142135623730951,-0.19003727170338094,-0.10537980916676361,0.5617191622779022,1.7876952990680985,1.0,93,0.8578194379806519,0.8745408043617845,True,,0.307307887358877,,,,0.8903601700273295,336818851d09522a,f9c0cfa4309d2ab7
POST,validation-05488b333eb13225dc09f2651b9113e1,0,1996984751267353937,coupled_z1.4142_left_edge,TRAINING_COUPLED,shift,-1.0000000000000004,0.0,1.4142135623730951,-0.2001220554131576,-0.05375727246836731,0.7698309319598791,-4.701781072488889,0.9888888888888889,92,0.855778157711029,0.9657630892180471,True,,0.293048396706159,,,,0.8329914212218537,f9856566dcf0cdb7,f9c0cfa4309d2ab7
PRE,validation-05488b333eb13225dc09f2651b9113e1,0,1996984751267353937,coupled_z1.4142_right_edge,TRAINING_COUPLED,shift,1.0000000000000004,0.0,1.4142135623730951,0.05260878884510094,-0.053187516921873595,0.5032217816578005,-4.175276078597048,1.0,91,0.8408483266830444,0.7032282367974952,True,,0.10579788863737313,,,,0.8566066793663661,ddc9ef36e7058a58,f9c0cfa4309d2ab7
MID,validation-05488b333eb13225dc09f2651b9113e1,0,1996984751267353937,coupled_z1.4142_right_edge,TRAINING_COUPLED,shift,1.0000000000000004,0.0,1.4142135623730951,0.18044633440237628,-0.013166582362943685,0.8108532316996758,4.046920671401153,0.9900990099009901,106,0.8665552139282227,0.9973485097800091,True,,0.25586808511564846,,,,0.9435725740867447,27077d3281a53f19,f9c0cfa4309d2ab7
POST,validation-05488b333eb13225dc09f2651b9113e1,0,1996984751267353937,coupled_z1.4142_right_edge,TRAINING_COUPLED,shift,1.0000000000000004,0.0,1.4142135623730951,0.07431822132277167,-0.06996340464099922,0.6425851927460022,-3.038039724813169,1.0,87,0.8449128866195679,0.7281176289491167,True,,0.14434733118101392,,,,0.8150680065146878,1afeb6da313d72c7,f9c0cfa4309d2ab7
PRE,validation-05488b333eb13225dc09f2651b9113e1,0,1996984751267353937,coupled_z1.5_left_edge,TRAINING_COUPLED,shift,-1.25,0.0,1.5,-0.1741131818426372,-0.01538181074039062,0.6971375929456384,-2.1605733052551113,1.0,78,0.8337466716766357,0.9961203857167958,True,,0.209749565620407,,,,0.8621001243582687,7fd5c2d1c1912c0b,f9c0cfa4309d2ab7
MID,validation-05488b333eb13225dc09f2651b9113e1,0,1996984751267353937,coupled_z1.5_left_edge,TRAINING_COUPLED,shift,-1.25,0.0,1.5,-0.14070310406488978,-0.03712036593284273,0.7267523552635535,5.56105836346202,1.0,95,0.8600322604179382,0.966916665794975,True,,0.17462076190160217,,,,0.8855431011634018,025a65c69d5a9094,f9c0cfa4309d2ab7
POST,validation-05488b333eb13225dc09f2651b9113e1,0,1996984751267353937,coupled_z1.5_left_edge,TRAINING_COUPLED,shift,-1.25,0.0,1.5,-0.0037272989385407265,-0.07840008685313989,0.7504019786928232,4.354097256029879,1.0,79,0.8522611260414124,0.04748838824316887,True,,0.09418636621814358,,,,0.8488723039618585,28765a7c6bbaecd7,f9c0cfa4309d2ab7
PRE,validation-05488b333eb13225dc09f2651b9113e1,0,1996984751267353937,coupled_z1.5_right_edge,TRAINING_COUPLED,shift,1.25,0.0,1.5,0.042607695524885005,-0.09048597811970327,0.4674228235818629,-0.3449262744466728,1.0,82,0.8263410925865173,0.42601033341205813,True,,0.12001876625793918,,,,0.8530008968105253,75379259fd833544,f9c0cfa4309d2ab7
MID,validation-05488b333eb13225dc09f2651b9113e1,0,1996984751267353937,coupled_z1.5_right_edge,TRAINING_COUPLED,shift,1.25,0.0,1.5,0.16364291891466926,0.02487605275312755,0.8469728713304757,4.258285426438259,0.9795918367346939,103,0.8481184840202332,0.9886423047821917,True,,0.198627452766592,,,,0.9293811875203607,1470fafd4a2e7b2c,f9c0cfa4309d2ab7
POST,validation-05488b333eb13225dc09f2651b9113e1,0,1996984751267353937,coupled_z1.5_right_edge,TRAINING_COUPLED,shift,1.25,0.0,1.5,0.0981162521631316,-0.08710375738448381,0.6019969829927252,-7.262891858612969,1.0,87,0.8381955623626709,0.7478280887586388,True,,0.15744193667574505,,,,0.8267197012893038,94896f83632e227c,f9c0cfa4309d2ab7
PRE,validation-05488b333eb13225dc09f2651b9113e1,0,1996984751267353937,legacy_center_z1,EXTRAPOLATION,identity,0.0,0.0,1.0,0.0,0.0,1.0,0.0,1.0,256,1.0,,,,,,,,1.0,af060267bf615fb8,f9c0cfa4309d2ab7
MID,validation-05488b333eb13225dc09f2651b9113e1,0,1996984751267353937,legacy_center_z1,EXTRAPOLATION,identity,0.0,0.0,1.0,0.0,0.0,1.0,0.0,1.0,256,1.0,,,,,,,,1.0,1fa6af6aa53615a0,f9c0cfa4309d2ab7
POST,validation-05488b333eb13225dc09f2651b9113e1,0,1996984751267353937,legacy_center_z1,EXTRAPOLATION,identity,0.0,0.0,1.0,0.0,0.0,1.0,0.0,1.0,256,1.0,,,,,,,,1.0,5aa37a2c56e4c30f,f9c0cfa4309d2ab7
PRE,validation-05488b333eb13225dc09f2651b9113e1,0,1996984751267353937,coupled_z1.1_center,TRAINING_COUPLED,zoom,0.0,0.0,1.1,-0.001994056284893131,-0.0004987910015063768,0.9954859961642656,0.16707617947023629,0.9037037037037037,156,0.9218894839286804,,,,0.047468410236685396,-0.004524222714683944,-0.09531017980432493,True,0.9717102084495591,641d82a3d28b2f45,f9c0cfa4309d2ab7
MID,validation-05488b333eb13225dc09f2651b9113e1,0,1996984751267353937,coupled_z1.1_center,TRAINING_COUPLED,zoom,0.0,0.0,1.1,-0.0011370595633280745,0.00010649314545749244,0.9992208575414564,0.05629180237066666,0.9931972789115646,169,0.9163294434547424,,,,0.008177994726106055,-0.0007794461477839891,-0.09531017980432493,True,0.9725621326295028,ccf013a48da052ee,f9c0cfa4309d2ab7
POST,validation-05488b333eb13225dc09f2651b9113e1,0,1996984751267353937,coupled_z1.1_center,TRAINING_COUPLED,zoom,0.0,0.0,1.1,-3.469446951953614e-18,-3.469446951953614e-18,1.0000000000000002,-3.893945516586893e-15,1.0,208,0.9630630016326904,,,,-2.3297050260622366e-15,2.2204460492503128e-16,-0.09531017980432493,False,0.9818374503744232,f321ff8ec0b80c38,f9c0cfa4309d2ab7
PRE,validation-05488b333eb13225dc09f2651b9113e1,0,1996984751267353937,coupled_z1.225_center,TRAINING_COUPLED,zoom,0.0,0.0,1.225,-0.08349964949606795,0.0020133900060086973,0.8718343783753066,2.4792021041770314,0.8938053097345132,123,0.8877488970756531,,,,0.6758413115242701,-0.13715580616856551,-0.20294084399669038,True,0.9516945481290836,172824b6c0768460,f9c0cfa4309d2ab7
MID,validation-05488b333eb13225dc09f2651b9113e1,0,1996984751267353937,coupled_z1.225_center,TRAINING_COUPLED,zoom,0.0,0.0,1.225,-0.00444086190414808,3.943927090724331e-05,0.9893418443795473,0.39639717668044605,0.8769230769230769,150,0.9117951393127441,,,,0.052800414048928004,-0.010715360590464157,-0.20294084399669038,True,0.9730537517689125,5e013b0cd68e104a,f9c0cfa4309d2ab7
POST,validation-05488b333eb13225dc09f2651b9113e1,0,1996984751267353937,coupled_z1.225_center,TRAINING_COUPLED,zoom,0.0,0.0,1.225,-0.0012384368648639503,0.0049975012754995204,0.9896318356939398,-0.2953384507808618,0.8727272727272727,171,0.9366119503974915,,,,0.05135628664670473,-0.010422288156618218,-0.20294084399669038,True,0.9672146439542634,b9214d623443eb1d,f9c0cfa4309d2ab7
PRE,validation-05488b333eb13225dc09f2651b9113e1,0,1996984751267353937,coupled_z1.4142_center,TRAINING_COUPLED,zoom,0.0,0.0,1.4142135623730951,-0.006270262142616141,0.033412364857926626,0.865257462010536,-4.523570220362798,0.96,110,0.8709889650344849,,,,0.4175972331812601,-0.14472817239461225,-0.3465735902799727,True,0.9618694231656203,e018b9a34591c3c5,f9c0cfa4309d2ab7
MID,validation-05488b333eb13225dc09f2651b9113e1,0,1996984751267353937,coupled_z1.4142_center,TRAINING_COUPLED,zoom,0.0,0.0,1.4142135623730951,0.012220777676090522,0.02043741389165131,0.9454980520007994,0.23174659732571615,0.8677685950413223,131,0.8975517749786377,,,,0.16170721815586517,-0.05604345117046498,-0.3465735902799727,True,0.9707068187409957,758583aec0e3483d,f9c0cfa4309d2ab7
POST,validation-05488b333eb13225dc09f2651b9113e1,0,1996984751267353937,coupled_z1.4142_center,TRAINING_COUPLED,zoom,0.0,0.0,1.4142135623730951,-0.002818931383507693,-0.0013615963187007564,0.9793108657725778,-0.14822644416472236,0.8562091503267973,160,0.9230388402938843,,,,0.060322406135144,-0.020906152868583508,-0.3465735902799727,True,0.9734724148187687,6d448e65cb7f8f03,f9c0cfa4309d2ab7
PRE,validation-05488b333eb13225dc09f2651b9113e1,0,1996984751267353937,coupled_z1.5_center,TRAINING_COUPLED,zoom,0.0,0.0,1.5,0.06228045020003782,0.057427681094255424,0.8569566881328655,-5.56881017977141,0.9696969696969697,109,0.8700115084648132,,,,0.38071808772044774,-0.15436790059630495,-0.4054651081081644,True,0.9481546940609635,c03a12905ec24936,f9c0cfa4309d2ab7
MID,validation-05488b333eb13225dc09f2651b9113e1,0,1996984751267353937,coupled_z1.5_center,TRAINING_COUPLED,zoom,0.0,0.0,1.5,0.05235993311051994,0.05747292271129593,0.8350188335626503,-4.7964100384926045,0.9901960784313726,107,0.8532863259315491,,,,0.4446769786481766,-0.18030099922079484,-0.4054651081081644,True,0.9589571332300332,6ae6255bf2ccb19d,f9c0cfa4309d2ab7
POST,validation-05488b333eb13225dc09f2651b9113e1,0,1996984751267353937,coupled_z1.5_center,TRAINING_COUPLED,zoom,0.0,0.0,1.5,0.008013326268794373,0.01056560635101146,0.975048457150498,-0.1776945949970153,0.803030303030303,141,0.915651261806488,,,,0.06231882613928648,-0.025268109577739693,-0.4054651081081644,True,0.9626748561849503,833f75f87d161172,f9c0cfa4309d2ab7
PRE,validation-05488b333eb13225dc09f2651b9113e1,1,8046464505037052283,coupled_z1.1_left_edge,TRAINING_COUPLED,shift,-0.2100000000000002,0.0,1.1,0.013502078335193363,0.04544812849591352,0.914499499453301,-3.6513693170563295,0.9361702127659575,101,0.843763530254364,-0.28478562923647927,False,,0.24834529893157925,,,,0.9548748731603609,1bdf43770f4cc2d9,98313f99aa7e7c4f
MID,validation-05488b333eb13225dc09f2651b9113e1,1,8046464505037052283,coupled_z1.1_left_edge,TRAINING_COUPLED,shift,-0.2100000000000002,0.0,1.1,0.024083686400818816,0.04355711415305187,0.9510713785614024,-2.586144970924514,0.7981651376146789,123,0.8693402409553528,-0.4838807921404262,False,,0.26071016888395293,,,,0.9691096525843974,b7361431b97236be,98313f99aa7e7c4f
POST,validation-05488b333eb13225dc09f2651b9113e1,1,8046464505037052283,coupled_z1.1_left_edge,TRAINING_COUPLED,shift,-0.2100000000000002,0.0,1.1,0.021168533076319607,0.05156571335531929,0.9487310874536036,-2.885118079644426,0.7980769230769231,117,0.8654965758323669,-0.37976162788669116,False,,0.2919799794180241,,,,0.9537225961675643,c42550de9068957d,98313f99aa7e7c4f
PRE,validation-05488b333eb13225dc09f2651b9113e1,1,8046464505037052283,coupled_z1.1_right_edge,TRAINING_COUPLED,shift,0.2100000000000002,0.0,1.1,0.11359487897874489,0.012355438056918994,0.9626315644675497,-1.4672516343173363,0.944954128440367,119,0.8854754567146301,0.9941367807764997,True,,0.5985301078575251,,,,0.9359598717656237,1e09ecd1178434c8,98313f99aa7e7c4f
MID,validation-05488b333eb13225dc09f2651b9113e1,1,8046464505037052283,coupled_z1.1_right_edge,TRAINING_COUPLED,shift,0.2100000000000002,0.0,1.1,0.05465252191437686,-0.00562395382877777,1.0066893739692695,1.2191498723235836,0.8272727272727273,134,0.9024284482002258,0.9947470823016761,True,,0.28778683532291166,,,,0.9055005851677295,6d24ee9704314ff7,98313f99aa7e7c4f
POST,validation-05488b333eb13225dc09f2651b9113e1,1,8046464505037052283,coupled_z1.1_right_edge,TRAINING_COUPLED,shift,0.2100000000000002,0.0,1.1,0.09803763042955949,0.034614111920575244,1.0172337638182896,3.0813176766197037,0.963302752293578,118,0.9097728133201599,0.9429523064997185,True,,0.5445985354101225,,,,0.9509881109578703,6d5e31b2d2e58626,98313f99aa7e7c4f
PRE,validation-05488b333eb13225dc09f2651b9113e1,1,8046464505037052283,coupled_z1.225_left_edge,TRAINING_COUPLED,shift,-0.5006250000000003,0.0,1.225,-0.28958433662412714,0.16571905851191904,0.7565176262797468,1.0060989886347342,0.9894736842105263,98,0.8411793112754822,0.8679301467741127,True,,0.8164204026185118,,,,0.9265983017194902,2104e94da0e413c5,98313f99aa7e7c4f
MID,validation-05488b333eb13225dc09f2651b9113e1,1,8046464505037052283,coupled_z1.225_left_edge,TRAINING_COUPLED,shift,-0.5006250000000003,0.0,1.225,-0.11575407229122782,0.09941316253197992,0.8793476183731812,-3.183345682380653,1.0,106,0.846684992313385,0.7586235192914829,True,,0.3733649374527137,,,,0.9629846811284924,3a9c7d06816d2ece,98313f99aa7e7c4f
POST,validation-05488b333eb13225dc09f2651b9113e1,1,8046464505037052283,coupled_z1.225_left_edge,TRAINING_COUPLED,shift,-0.5006250000000003,0.0,1.225,-0.1537990517899636,0.09155282018754111,0.8085829663141879,1.5543993970156598,0.9622641509433962,108,0.8649424910545349,0.8592787263153755,True,,0.43796877984501115,,,,0.9454250899201172,b5829f0503f384bf,98313f99aa7e7c4f
PRE,validation-05488b333eb13225dc09f2651b9113e1,1,8046464505037052283,coupled_z1.225_right_edge,TRAINING_COUPLED,shift,0.5006250000000003,0.0,1.225,0.14084043919703737,0.019490450356887453,0.8363359744449121,-5.653816655654462,0.9595959595959596,101,0.8583992719650269,0.9905599289769653,True,,0.34791261041560634,,,,0.9488384784643127,7e31c2d78887119a,98313f99aa7e7c4f
MID,validation-05488b333eb13225dc09f2651b9113e1,1,8046464505037052283,coupled_z1.225_right_edge,TRAINING_COUPLED,shift,0.5006250000000003,0.0,1.225,0.22710351660213768,0.0674627428461582,0.7759091897578717,-3.880207878125672,0.9901960784313726,105,0.8692110180854797,0.9585991920265742,True,,0.5797094177289671,,,,0.9182657550722569,7b05ecec8cbcc90e,98313f99aa7e7c4f
POST,validation-05488b333eb13225dc09f2651b9113e1,1,8046464505037052283,coupled_z1.225_right_edge,TRAINING_COUPLED,shift,0.5006250000000003,0.0,1.225,0.28590843053279535,-0.040073834868786476,0.8259638714135297,-0.965658113182086,0.9611650485436893,107,0.8705750703811646,0.9903195448154852,True,,0.7064398123012533,,,,0.9414162635793808,0207de759dd90e8f,98313f99aa7e7c4f
PRE,validation-05488b333eb13225dc09f2651b9113e1,1,8046464505037052283,coupled_z1.4142_left_edge,TRAINING_COUPLED,shift,-1.0000000000000004,0.0,1.4142135623730951,-0.17049400403558754,0.09544841228612212,0.7589726847419453,-10.222195273267323,1.0,92,0.8341532945632935,0.8725676011570489,True,,0.27632808333583636,,,,0.8965277671804999,8d71c3481f298e88,98313f99aa7e7c4f
MID,validation-05488b333eb13225dc09f2651b9113e1,1,8046464505037052283,coupled_z1.4142_left_edge,TRAINING_COUPLED,shift,-1.0000000000000004,0.0,1.4142135623730951,-0.13015360712455154,0.10815551935890863,0.7640504324693923,-0.1940305574183091,0.989247311827957,96,0.8400172591209412,0.7691093085465335,True,,0.23932228402439817,,,,0.9495993256559412,705559ae566ee3c9,98313f99aa7e7c4f
POST,validation-05488b333eb13225dc09f2651b9113e1,1,8046464505037052283,coupled_z1.4142_left_edge,TRAINING_COUPLED,shift,-1.0000000000000004,0.0,1.4142135623730951,-0.20986690606814315,0.1640133168310941,0.6466431154021932,-2.157664881755657,1.0,95,0.8542129397392273,0.7879245560084578,True,,0.37668152691777074,,,,0.891097598736444,73bd6efc6851192e,98313f99aa7e7c4f
PRE,validation-05488b333eb13225dc09f2651b9113e1,1,8046464505037052283,coupled_z1.4142_right_edge,TRAINING_COUPLED,shift,1.0000000000000004,0.0,1.4142135623730951,0.08370626786621571,-0.016480862299911195,0.5868670881519776,-13.2325297543783,1.0,97,0.8332023024559021,0.9811632410121586,True,,0.1206512171694864,,,,0.9309856973894229,7cd0a94b27e9060b,98313f99aa7e7c4f
MID,validation-05488b333eb13225dc09f2651b9113e1,1,8046464505037052283,coupled_z1.4142_right_edge,TRAINING_COUPLED,shift,1.0000000000000004,0.0,1.4142135623730951,0.08513595798679259,-0.028257989349664687,0.6891698186861211,-14.117065151040025,1.0,88,0.8558250665664673,0.9490860678913239,True,,0.12685933394444943,,,,0.9241713240239513,6aa12d0e247ebc53,98313f99aa7e7c4f
POST,validation-05488b333eb13225dc09f2651b9113e1,1,8046464505037052283,coupled_z1.4142_right_edge,TRAINING_COUPLED,shift,1.0000000000000004,0.0,1.4142135623730951,0.1835976550227072,-0.08658778669560996,0.7707269495900356,-4.358090061416552,0.9791666666666666,97,0.8711017966270447,0.9044598759682433,True,,0.28707331375340833,,,,0.9654706120481372,e413ea9d89b461bc,98313f99aa7e7c4f
PRE,validation-05488b333eb13225dc09f2651b9113e1,1,8046464505037052283,coupled_z1.5_left_edge,TRAINING_COUPLED,shift,-1.25,0.0,1.5,-0.15854752136188496,0.10499060265480889,0.824329034162709,-13.407603796203732,1.0,100,0.82669997215271,0.8337640879702674,True,,0.2281904778319572,,,,0.8772681951514054,88310a178fbf87ba,98313f99aa7e7c4f
MID,validation-05488b333eb13225dc09f2651b9113e1,1,8046464505037052283,coupled_z1.5_left_edge,TRAINING_COUPLED,shift,-1.25,0.0,1.5,-0.06328795676210167,0.07352753213627583,0.786543117625752,-1.9597157502326823,1.0,90,0.8338083624839783,0.6523608354822219,True,,0.11641647380233058,,,,0.9407324194898734,a3640b3d10428597,98313f99aa7e7c4f
POST,validation-05488b333eb13225dc09f2651b9113e1,1,8046464505037052283,coupled_z1.5_left_edge,TRAINING_COUPLED,shift,-1.25,0.0,1.5,-0.19303060955952497,0.2049487647619987,0.7203217453235197,-6.782874873326867,1.0,89,0.8422673940658569,0.6856239251047753,True,,0.33784808695969076,,,,0.8711044788351884,42681c4a47e4abf9,98313f99aa7e7c4f
PRE,validation-05488b333eb13225dc09f2651b9113e1,1,8046464505037052283,coupled_z1.5_right_edge,TRAINING_COUPLED,shift,1.25,0.0,1.5,0.04211519912264474,-0.0019137641711371202,0.7045020259824621,-4.865412029815647,1.0,93,0.8275587558746338,0.9989691459220854,True,,0.05059039025583369,,,,0.9006854236525483,9327f8ca9a770926,98313f99aa7e7c4f
MID,validation-05488b333eb13225dc09f2651b9113e1,1,8046464505037052283,coupled_z1.5_right_edge,TRAINING_COUPLED,shift,1.25,0.0,1.5,0.1630105056132934,0.019358382665247593,0.8172127276854899,-5.2437111554825435,1.0,103,0.8256555795669556,0.993022291989433,True,,0.19698712537724547,,,,0.897539317606982,4ff1a34a40ddd278,98313f99aa7e7c4f
POST,validation-05488b333eb13225dc09f2651b9113e1,1,8046464505037052283,coupled_z1.5_right_edge,TRAINING_COUPLED,shift,1.25,0.0,1.5,0.361758034250968,-0.024789716990095256,0.8466984374896915,1.1929161046609662,0.9139784946236559,97,0.8585026264190674,0.997660351884706,True,,0.43512768677199326,,,,0.950273513792995,6e0f03e1efd1f18a,98313f99aa7e7c4f
PRE,validation-05488b333eb13225dc09f2651b9113e1,1,8046464505037052283,legacy_center_z1,EXTRAPOLATION,identity,0.0,0.0,1.0,0.0,0.0,1.0,0.0,1.0,256,1.0,,,,,,,,1.0,73315bd3b35521d3,98313f99aa7e7c4f
MID,validation-05488b333eb13225dc09f2651b9113e1,1,8046464505037052283,legacy_center_z1,EXTRAPOLATION,identity,0.0,0.0,1.0,0.0,0.0,1.0,0.0,1.0,256,1.0,,,,,,,,1.0,507c6059ac78ccd3,98313f99aa7e7c4f
POST,validation-05488b333eb13225dc09f2651b9113e1,1,8046464505037052283,legacy_center_z1,EXTRAPOLATION,identity,0.0,0.0,1.0,0.0,0.0,1.0,0.0,1.0,256,1.0,,,,,,,,1.0,114627488fa745f6,98313f99aa7e7c4f
PRE,validation-05488b333eb13225dc09f2651b9113e1,1,8046464505037052283,coupled_z1.1_center,TRAINING_COUPLED,zoom,0.0,0.0,1.1,4.7704895589362195e-18,-1.3877787807814457e-17,1.0,7.691097095259474e-15,1.0,163,0.9422264099121094,,,,-0.0,0.0,-0.09531017980432493,False,0.9778789877881761,6daf80542df74d1d,98313f99aa7e7c4f
MID,validation-05488b333eb13225dc09f2651b9113e1,1,8046464505037052283,coupled_z1.1_center,TRAINING_COUPLED,zoom,0.0,0.0,1.1,0.0,2.6020852139652106e-18,0.9999999999999998,-1.699068917313719e-15,1.0,231,0.9742355942726135,,,,2.3297050260622374e-15,-2.2204460492503136e-16,-0.09531017980432493,True,0.994410634039838,3d1d3f3bd7bc5c4e,98313f99aa7e7c4f
POST,validation-05488b333eb13225dc09f2651b9113e1,1,8046464505037052283,coupled_z1.1_center,TRAINING_COUPLED,zoom,0.0,0.0,1.1,5.551115123125783e-17,1.3877787807814457e-17,0.9999999999999999,2.938696895643773e-15,1.0,175,0.946765661239624,,,,1.1648525130311185e-15,-1.1102230246251565e-16,-0.09531017980432493,True,0.9798623323430752,31b9d54d58871868,98313f99aa7e7c4f
PRE,validation-05488b333eb13225dc09f2651b9113e1,1,8046464505037052283,coupled_z1.225_center,TRAINING_COUPLED,zoom,0.0,0.0,1.225,0.0761099258416873,0.12223728032033335,0.7729555767355568,-3.6027143269985276,1.0,104,0.8316901326179504,,,,1.2690087200864548,-0.25753370069350495,-0.20294084399669038,True,0.9481651752084057,b3a7afdd80025ba5,98313f99aa7e7c4f
MID,validation-05488b333eb13225dc09f2651b9113e1,1,8046464505037052283,coupled_z1.225_center,TRAINING_COUPLED,zoom,0.0,0.0,1.225,0.0,0.0,1.0,-2.687154135723178e-15,1.0,203,0.956886351108551,,,,-0.0,0.0,-0.20294084399669038,False,0.9819921255101873,36ec0ac069282284,98313f99aa7e7c4f
POST,validation-05488b333eb13225dc09f2651b9113e1,1,8046464505037052283,coupled_z1.225_center,TRAINING_COUPLED,zoom,0.0,0.0,1.225,-1.3877787807814457e-17,-1.3877787807814457e-17,1.0,8.73916210385409e-16,1.0,172,0.9373388886451721,,,,-0.0,0.0,-0.20294084399669038,False,0.9721502661695295,cd185c28099b7815,98313f99aa7e7c4f
PRE,validation-05488b333eb13225dc09f2651b9113e1,1,8046464505037052283,coupled_z1.4142_center,TRAINING_COUPLED,zoom,0.0,0.0,1.4142135623730951,0.09669533102007798,0.13073809711726275,0.6995275057183291,0.8013890337855745,1.0,92,0.8250662684440613,,,,1.0310946180017992,-0.35735016367924055,-0.3465735902799727,True,0.9240115284910498,eef34d5d50842d45,98313f99aa7e7c4f
MID,validation-05488b333eb13225dc09f2651b9113e1,1,8046464505037052283,coupled_z1.4142_center,TRAINING_COUPLED,zoom,0.0,0.0,1.4142135623730951,0.012951609962932722,0.05214972587756314,0.9338797382436324,2.6123667020427845,0.926829268292683,136,0.8973041772842407,,,,0.1973826363940757,-0.06840760895402122,-0.3465735902799727,True,0.954028010367393,6c2bc83977eda49d,98313f99aa7e7c4f
POST,validation-05488b333eb13225dc09f2651b9113e1,1,8046464505037052283,coupled_z1.4142_center,TRAINING_COUPLED,zoom,0.0,0.0,1.4142135623730951,0.011659630073430433,0.00870824528368705,0.9827115220513515,0.07003529083376096,0.8604651162790697,146,0.9229754209518433,,,,0.05032024735762701,-0.0174396687905091,-0.3465735902799727,True,0.9641163945188417,d7251223d328f0b9,98313f99aa7e7c4f
PRE,validation-05488b333eb13225dc09f2651b9113e1,1,8046464505037052283,coupled_z1.5_center,TRAINING_COUPLED,zoom,0.0,0.0,1.5,0.12338728018144829,0.15227179130990648,0.6828640445620079,-0.4760269657594448,1.0,90,0.8157826662063599,,,,0.940794874517513,-0.38145949550385033,-0.4054651081081644,True,0.9277502298345824,19b5ad8f8d654018,98313f99aa7e7c4f
MID,validation-05488b333eb13225dc09f2651b9113e1,1,8046464505037052283,coupled_z1.5_center,TRAINING_COUPLED,zoom,0.0,0.0,1.5,0.03504182627309596,0.05328096834159533,0.9202455504134103,3.1028371644229864,0.9174311926605505,119,0.8598276972770691,,,,0.20498617579142092,-0.08311474192794767,-0.4054651081081644,True,0.9257436350421967,e6bf4042ab489ed1,98313f99aa7e7c4f
POST,validation-05488b333eb13225dc09f2651b9113e1,1,8046464505037052283,coupled_z1.5_center,TRAINING_COUPLED,zoom,0.0,0.0,1.5,0.007147218360103895,0.010432636017708826,0.9856176987017474,-0.0649785363261228,0.8260869565217391,139,0.9151301383972168,,,,0.0357286700821905,-0.014486729077436311,-0.4054651081081644,True,0.9717768413877808,de94195099894bb5,98313f99aa7e7c4f
PRE,validation-05488b333eb13225dc09f2651b9113e1,2,17667958761844236865,coupled_z1.1_left_edge,TRAINING_COUPLED,shift,-0.2100000000000002,0.0,1.1,-0.1629187980832879,-0.03631311046468867,0.7185294118983635,-0.6452991553795734,0.9809523809523809,110,0.8626750707626343,0.9760486602299404,True,,0.8743254462420409,,,,0.9670150279989108,7d45cc3135b1ea78,c97870f5f1d5d77a
MID,validation-05488b333eb13225dc09f2651b9113e1,2,17667958761844236865,coupled_z1.1_left_edge,TRAINING_COUPLED,shift,-0.2100000000000002,0.0,1.1,-0.05664025670945161,0.014079463243874046,0.9582931190418706,-2.9814112887373265,0.9272727272727272,123,0.8808075189590454,0.9704665718537605,True,,0.3057158974171761,,,,0.9547978639593112,f3805ebc4c605704,c97870f5f1d5d77a
POST,validation-05488b333eb13225dc09f2651b9113e1,2,17667958761844236865,coupled_z1.1_left_edge,TRAINING_COUPLED,shift,-0.2100000000000002,0.0,1.1,-0.04911256218084899,-0.02689775291276866,0.9585429930208148,-1.6006941950027331,0.9210526315789473,125,0.893925666809082,0.8770753638700252,True,,0.29331148572110544,,,,0.9599308347651202,d9a481c0d9fc5553,c97870f5f1d5d77a
PRE,validation-05488b333eb13225dc09f2651b9113e1,2,17667958761844236865,coupled_z1.1_right_edge,TRAINING_COUPLED,shift,0.2100000000000002,0.0,1.1,-0.017054183733005754,-0.06253701575331819,0.5963379293041793,-1.086578421908727,1.0,92,0.8515858054161072,-0.2630977908808864,False,,0.33953701509673007,,,,0.9381146990119791,988d2fdab79655f2,c97870f5f1d5d77a
MID,validation-05488b333eb13225dc09f2651b9113e1,2,17667958761844236865,coupled_z1.1_right_edge,TRAINING_COUPLED,shift,0.2100000000000002,0.0,1.1,0.12279037517905589,0.08751987392439518,0.9611430188772752,6.51755399288134,0.9587628865979382,111,0.874282717704773,0.8143212944649995,True,,0.7898450941401016,,,,0.9334207733514973,d95f6f88892cd27e,c97870f5f1d5d77a
POST,validation-05488b333eb13225dc09f2651b9113e1,2,17667958761844236865,coupled_z1.1_right_edge,TRAINING_COUPLED,shift,0.2100000000000002,0.0,1.1,0.05357910614820348,-0.010472086046506027,0.9283455815143179,0.6884537714036507,0.8297872340425532,105,0.8505709767341614,0.9814298545390252,True,,0.2859628321386221,,,,0.9446420073499769,670a28e324e6214c,c97870f5f1d5d77a
PRE,validation-05488b333eb13225dc09f2651b9113e1,2,17667958761844236865,coupled_z1.225_left_edge,TRAINING_COUPLED,shift,-0.5006250000000003,0.0,1.225,-0.10056850597879714,-0.007893350838715096,0.8693715168909484,6.092536649240212,0.9797979797979798,107,0.8751125335693359,0.9969340297038812,True,,0.24684204347382435,,,,0.9592798327960812,606926d2b341e0a7,c97870f5f1d5d77a
MID,validation-05488b333eb13225dc09f2651b9113e1,2,17667958761844236865,coupled_z1.225_left_edge,TRAINING_COUPLED,shift,-0.5006250000000003,0.0,1.225,-0.13830057755623815,0.034880304228668106,0.9120652999766498,-3.961125826664084,0.9826086956521739,127,0.8900119066238403,0.9696369982611216,True,,0.3490104016926262,,,,0.9576603174200017,7b11290bf5ea72d7,c97870f5f1d5d77a
POST,validation-05488b333eb13225dc09f2651b9113e1,2,17667958761844236865,coupled_z1.225_left_edge,TRAINING_COUPLED,shift,-0.5006250000000003,0.0,1.225,-0.1700304552631811,-0.02163194781366054,0.8943326074192933,1.8705901945563541,1.0,109,0.8840083479881287,0.9920039695549883,True,,0.4194081475213067,,,,0.9485577344884922,e34bde47f4832bd0,c97870f5f1d5d77a
PRE,validation-05488b333eb13225dc09f2651b9113e1,2,17667958761844236865,coupled_z1.225_right_edge,TRAINING_COUPLED,shift,0.5006250000000003,0.0,1.225,-0.06375380724975561,0.00024491963815683653,0.6537229784364184,2.021849297799278,1.0,93,0.8705156445503235,-0.9999926209165076,False,,0.15600297663305326,,,,0.9120569229116855,a6e2584bac9607f8,c97870f5f1d5d77a
MID,validation-05488b333eb13225dc09f2651b9113e1,2,17667958761844236865,coupled_z1.225_right_edge,TRAINING_COUPLED,shift,0.5006250000000003,0.0,1.225,0.2570049262627559,0.0003706635904262706,0.775783500057421,-3.583773379856061,0.9666666666666667,94,0.8483982682228088,0.9999989599594722,True,,0.6288766284269749,,,,0.9102114439001517,a9c360258ff04d60,c97870f5f1d5d77a
POST,validation-05488b333eb13225dc09f2651b9113e1,2,17667958761844236865,coupled_z1.225_right_edge,TRAINING_COUPLED,shift,0.5006250000000003,0.0,1.225,-0.08030184632219833,-0.038821441667976304,0.5780480997729278,-1.0362462598172626,1.0,86,0.848702073097229,-0.9003099302380739,False,,0.21825140376870192,,,,0.9461009502401427,2ef5b11f969955d1,c97870f5f1d5d77a
PRE,validation-05488b333eb13225dc09f2651b9113e1,2,17667958761844236865,coupled_z1.4142_left_edge,TRAINING_COUPLED,shift,-1.0000000000000004,0.0,1.4142135623730951,-0.16547899249004036,0.007848468919162362,0.7349832292672552,8.234384178775292,1.0,83,0.8582977652549744,0.9988771488052475,True,,0.23428570344728197,,,,0.9425892829885593,18a797a441e6d7a4,c97870f5f1d5d77a
MID,validation-05488b333eb13225dc09f2651b9113e1,2,17667958761844236865,coupled_z1.4142_left_edge,TRAINING_COUPLED,shift,-1.0000000000000004,0.0,1.4142135623730951,-0.16697661083287743,0.04028704249259999,0.8605430888726765,3.1612170011939638,0.9910714285714286,118,0.871533989906311,0.9721056499278606,True,,0.24291658798046187,,,,0.9442483749528249,bd6c8cb8a4f18848,c97870f5f1d5d77a
POST,validation-05488b333eb13225dc09f2651b9113e1,2,17667958761844236865,coupled_z1.4142_left_edge,TRAINING_COUPLED,shift,-1.0000000000000004,0.0,1.4142135623730951,-0.22371561009011498,-0.06912552493788694,0.8043414698949045,-3.1462831683934405,0.9761904761904762,86,0.8511550426483154,0.9554302735046275,True,,0.3311404910183312,,,,0.9436537027349572,806806815f7acc45,c97870f5f1d5d77a
PRE,validation-05488b333eb13225dc09f2651b9113e1,2,17667958761844236865,coupled_z1.4142_right_edge,TRAINING_COUPLED,shift,1.0000000000000004,0.0,1.4142135623730951,-0.0003187810568898719,-0.021326477591259475,0.7210219018282984,2.844345482284486,1.0,79,0.8440831899642944,-0.014945996047118505,False,,0.030163563045924265,,,,0.8841740419959551,5cd79dc47ed070e5,c97870f5f1d5d77a
MID,validation-05488b333eb13225dc09f2651b9113e1,2,17667958761844236865,coupled_z1.4142_right_edge,TRAINING_COUPLED,shift,1.0000000000000004,0.0,1.4142135623730951,0.058284907544558326,0.018858170742071828,0.725152934284327,-2.32094770897677,1.0,91,0.857127845287323,0.9514383563529701,True,,0.08663441638534704,,,,0.9336001237383164,74bae66b1e76290a,c97870f5f1d5d77a
POST,validation-05488b333eb13225dc09f2651b9113e1,2,17667958761844236865,coupled_z1.4142_right_edge,TRAINING_COUPLED,shift,1.0000000000000004,0.0,1.4142135623730951,-0.012036851334514223,-0.039005787805319624,0.7090812507795669,-2.2309289428649834,1.0,82,0.8490932583808899,-0.29487057882933904,False,,0.057729321360341944,,,,0.9586833715429255,1e9fef953d240fbf,c97870f5f1d5d77a
PRE,validation-05488b333eb13225dc09f2651b9113e1,2,17667958761844236865,coupled_z1.5_left_edge,TRAINING_COUPLED,shift,-1.25,0.0,1.5,-0.18216610010287604,0.015990983435463912,0.7865547502485023,8.712617151046775,1.0,74,0.8627354502677917,0.9961692472130416,True,,0.21943994028483288,,,,0.9186753582155672,8e7fd4baba7665c0,c97870f5f1d5d77a
MID,validation-05488b333eb13225dc09f2651b9113e1,2,17667958761844236865,coupled_z1.5_left_edge,TRAINING_COUPLED,shift,-1.25,0.0,1.5,-0.12262077241257274,0.04338737861930141,0.9141569645976966,2.056649017596467,1.0,86,0.8510606288909912,0.9427259238443795,True,,0.156084523796356,,,,0.9418302178373454,874634671c133d2f,c97870f5f1d5d77a
POST,validation-05488b333eb13225dc09f2651b9113e1,2,17667958761844236865,coupled_z1.5_left_edge,TRAINING_COUPLED,shift,-1.25,0.0,1.5,-0.282531675933837,-0.007289979327427146,0.8806281598137832,-2.3264318895533704,1.0,92,0.8717121481895447,0.9996672856549023,True,,0.3391508514726019,,,,0.9505359500956537,5b6da0ac22fe6d9a,c97870f5f1d5d77a
PRE,validation-05488b333eb13225dc09f2651b9113e1,2,17667958761844236865,coupled_z1.5_right_edge,TRAINING_COUPLED,shift,1.25,0.0,1.5,-0.1665945089351949,-0.056434274005822085,0.6443987477734332,9.079281147088501,1.0,68,0.8425661325454712,-0.9471323070964285,False,,0.2110723171652053,,,,0.8707592410293002,7c34a2074057f2d7,c97870f5f1d5d77a
MID,validation-05488b333eb13225dc09f2651b9113e1,2,17667958761844236865,coupled_z1.5_right_edge,TRAINING_COUPLED,shift,1.25,0.0,1.5,0.15994776432068408,0.04067613490887373,0.6214518968066027,-7.9849335287146825,1.0,79,0.8331781029701233,0.9691519627469197,True,,0.19804666818133143,,,,0.8976713418951594,e87d339bd4538248,c97870f5f1d5d77a
POST,validation-05488b333eb13225dc09f2651b9113e1,2,17667958761844236865,coupled_z1.5_right_edge,TRAINING_COUPLED,shift,1.25,0.0,1.5,-0.11044982957039395,-0.07088024148194887,0.6487842837327396,2.7562868729916414,1.0,87,0.8348783254623413,-0.8416053004052219,False,,0.157484506596435,,,,0.90819960832505,de4b8e2e96ae3539,c97870f5f1d5d77a
PRE,validation-05488b333eb13225dc09f2651b9113e1,2,17667958761844236865,legacy_center_z1,EXTRAPOLATION,identity,0.0,0.0,1.0,0.0,0.0,1.0,0.0,1.0,256,1.0,,,,,,,,1.0,51e28a06fec176cd,c97870f5f1d5d77a
MID,validation-05488b333eb13225dc09f2651b9113e1,2,17667958761844236865,legacy_center_z1,EXTRAPOLATION,identity,0.0,0.0,1.0,0.0,0.0,1.0,0.0,1.0,256,1.0,,,,,,,,1.0,de1d2d79af3134ad,c97870f5f1d5d77a
POST,validation-05488b333eb13225dc09f2651b9113e1,2,17667958761844236865,legacy_center_z1,EXTRAPOLATION,identity,0.0,0.0,1.0,0.0,0.0,1.0,0.0,1.0,256,1.0,,,,,,,,1.0,f7e193eea4229285,c97870f5f1d5d77a
PRE,validation-05488b333eb13225dc09f2651b9113e1,2,17667958761844236865,coupled_z1.1_center,TRAINING_COUPLED,zoom,0.0,0.0,1.1,0.016106165483442264,0.033693505544091035,0.9711464103844584,2.951245798157368,0.8114754098360656,138,0.88921719789505,,,,0.3071869030502224,-0.02927803896325043,-0.09531017980432493,True,0.9503233432760271,93ee78ebf9543654,c97870f5f1d5d77a
MID,validation-05488b333eb13225dc09f2651b9113e1,2,17667958761844236865,coupled_z1.1_center,TRAINING_COUPLED,zoom,0.0,0.0,1.1,-0.08962856079679511,0.10486206778247534,0.6049022454137606,0.09998904287488634,0.9891304347826086,93,0.8418651819229126,,,,5.274236318375756,-0.5026884118348941,-0.09531017980432493,True,0.9611482620229646,33541a886f2e2f25,c97870f5f1d5d77a
POST,validation-05488b333eb13225dc09f2651b9113e1,2,17667958761844236865,coupled_z1.1_center,TRAINING_COUPLED,zoom,0.0,0.0,1.1,0.039358742377431616,0.011902669779336107,0.9173118849991612,0.2892807337599428,0.898876404494382,97,0.8403233885765076,,,,0.9055459786749878,-0.08630775004859648,-0.09531017980432493,True,0.9635590910901923,5bf88ba02252f3b8,c97870f5f1d5d77a
PRE,validation-05488b333eb13225dc09f2651b9113e1,2,17667958761844236865,coupled_z1.225_center,TRAINING_COUPLED,zoom,0.0,0.0,1.225,0.001888682325435237,0.06795265290988398,0.9172902150697597,4.669318479505874,0.9894736842105263,105,0.8591769933700562,,,,0.42540166840040394,-0.08633137362277819,-0.20294084399669038,True,0.9503130287109068,84dd0b609c2e3c86,c97870f5f1d5d77a
MID,validation-05488b333eb13225dc09f2651b9113e1,2,17667958761844236865,coupled_z1.225_center,TRAINING_COUPLED,zoom,0.0,0.0,1.225,-0.0656887019170467,0.06645444191915394,0.468536035708732,-6.356926730823728,1.0,94,0.8405664563179016,,,,3.7357795903956372,-0.7581422630605009,-0.20294084399669038,True,0.9603064060201578,2b63008ace2a927c,c97870f5f1d5d77a
POST,validation-05488b333eb13225dc09f2651b9113e1,2,17667958761844236865,coupled_z1.225_center,TRAINING_COUPLED,zoom,0.0,0.0,1.225,0.09870877052832105,0.03535582423097213,0.9014948111471067,5.122148331416013,1.0,74,0.81670081615448,,,,0.510991233268578,-0.1037009921544349,-0.20294084399669038,True,0.9503526687612566,3633d62ea71a70a5,c97870f5f1d5d77a
PRE,validation-05488b333eb13225dc09f2651b9113e1,2,17667958761844236865,coupled_z1.4142_center,TRAINING_COUPLED,zoom,0.0,0.0,1.4142135623730951,0.035042365464432915,0.06407887749319865,0.8128862663943108,4.619662415999569,0.9545454545454546,92,0.8261617422103882,,,,0.5977491614030633,-0.20716407295430256,-0.3465735902799727,True,0.9428921307847686,76821f6a1bb8d630,c97870f5f1d5d77a
MID,validation-05488b333eb13225dc09f2651b9113e1,2,17667958761844236865,coupled_z1.4142_center,TRAINING_COUPLED,zoom,0.0,0.0,1.4142135623730951,-0.15758690991562344,0.10639743492527437,0.423901588402648,-3.092105080977058,1.0,97,0.8020427823066711,,,,2.476397445116427,-0.8582539535141517,-0.3465735902799727,True,0.9529585242261893,46b007439d82e17b,c97870f5f1d5d77a
POST,validation-05488b333eb13225dc09f2651b9113e1,2,17667958761844236865,coupled_z1.4142_center,TRAINING_COUPLED,zoom,0.0,0.0,1.4142135623730951,-0.07791328556395713,0.04030981839681487,0.7251859376373656,2.4761311887142945,1.0,65,0.7987116575241089,,,,0.9271542907896724,-0.32132719130245857,-0.3465735902799727,True,0.9274736003552699,98b44b84332faddb,c97870f5f1d5d77a
PRE,validation-05488b333eb13225dc09f2651b9113e1,2,17667958761844236865,coupled_z1.5_center,TRAINING_COUPLED,zoom,0.0,0.0,1.5,-0.021141764957167374,0.08884766956130422,0.814113463783732,0.24166382159913108,0.9880952380952381,87,0.8255367875099182,,,,0.5072089513580748,-0.20565553229583047,-0.4054651081081644,True,0.9289454775410827,686e9480a08fd782,c97870f5f1d5d77a
MID,validation-05488b333eb13225dc09f2651b9113e1,2,17667958761844236865,coupled_z1.5_center,TRAINING_COUPLED,zoom,0.0,0.0,1.5,-0.12246476557489319,0.09485710558641608,0.3689582892306947,2.9373269172536594,1.0,91,0.8114071488380432,,,,2.459081333282109,-0.9970716786459992,-0.4054651081081644,True,0.9444150924673173,705d66143ac54293,c97870f5f1d5d77a
POST,validation-05488b333eb13225dc09f2651b9113e1,2,17667958761844236865,coupled_z1.5_center,TRAINING_COUPLED,zoom,0.0,0.0,1.5,0.022344151295820763,0.0002101330842867316,0.7290963175137821,1.1413235005246882,1.0,66,0.7996261119842529,,,,0.7792271803245194,-0.3159494329111014,-0.4054651081081644,True,0.9238234758367836,4202164281ffcf25,c97870f5f1d5d77a
PRE,validation-01af6f4ad855ede9227b416213d1eab6,0,7825864079854012917,coupled_z1.1_left_edge,TRAINING_COUPLED,shift,-0.2100000000000002,0.0,1.1,-0.002486853562148311,-2.560531243901709e-05,0.9975919645369706,0.08127315785133395,0.9695121951219512,176,0.9440427422523499,0.999946995533736,True,,0.01302706626698752,,,,0.9069994036545865,391c95fab119f05f,465d41f5e3cf9a1d
MID,validation-01af6f4ad855ede9227b416213d1eab6,0,7825864079854012917,coupled_z1.1_left_edge,TRAINING_COUPLED,shift,-0.2100000000000002,0.0,1.1,0.001242490118274417,0.002796344565548659,0.9897924510714637,0.3304038285799548,0.9246575342465754,162,0.9369900822639465,-0.40604849245725766,False,,0.016028335732480727,,,,0.9283717785315503,72d4b8994bcda08a,465d41f5e3cf9a1d
POST,validation-01af6f4ad855ede9227b416213d1eab6,0,7825864079854012917,coupled_z1.1_left_edge,TRAINING_COUPLED,shift,-0.2100000000000002,0.0,1.1,-0.005525868828626712,-0.0003291017525384188,0.9907554469142766,0.8722824058571544,0.934640522875817,164,0.9452486634254456,0.9982312109930446,True,,0.02899631553433871,,,,0.9057863242362412,e37b5e32b108408e,465d41f5e3cf9a1d
PRE,validation-01af6f4ad855ede9227b416213d1eab6,0,7825864079854012917,coupled_z1.1_right_edge,TRAINING_COUPLED,shift,0.2100000000000002,0.0,1.1,0.008500183697734504,0.0069980509872239124,0.9912816374826849,-1.2829788780281934,0.8515625,139,0.9210255742073059,0.7720238358700834,True,,0.057672794103144735,,,,0.910969013628586,396d9617211fc0e2,465d41f5e3cf9a1d
MID,validation-01af6f4ad855ede9227b416213d1eab6,0,7825864079854012917,coupled_z1.1_right_edge,TRAINING_COUPLED,shift,0.2100000000000002,0.0,1.1,0.008820227339356654,0.0014328642626795784,0.9844241458378287,-0.24159910031338752,0.8709677419354839,169,0.9325875639915466,0.9870602217243409,True,,0.04680686120387659,,,,0.9305456239300973,e933aaf247f56c37,465d41f5e3cf9a1d
POST,validation-01af6f4ad855ede9227b416213d1eab6,0,7825864079854012917,coupled_z1.1_right_edge,TRAINING_COUPLED,shift,0.2100000000000002,0.0,1.1,0.02304819122340676,0.005691231641321068,0.9705765343891821,0.8168723218015156,0.8832116788321168,151,0.9196237921714783,0.9708403040525848,True,,0.12435476788864193,,,,0.9088119864454717,1d30f9636eb92ae2,465d41f5e3cf9a1d
PRE,validation-01af6f4ad855ede9227b416213d1eab6,0,7825864079854012917,coupled_z1.225_left_edge,TRAINING_COUPLED,shift,-0.5006250000000003,0.0,1.225,-0.01107691079948922,-0.0010440934342868455,0.980115447349565,0.29595239174682364,0.8596491228070176,126,0.9022101759910583,0.9955870476946584,True,,0.027224692031788508,,,,0.8583270311347007,61e6d0037c3e1d5f,465d41f5e3cf9a1d
MID,validation-01af6f4ad855ede9227b416213d1eab6,0,7825864079854012917,coupled_z1.225_left_edge,TRAINING_COUPLED,shift,-0.5006250000000003,0.0,1.225,0.0010823007164860454,0.010568386348689958,0.9701967375969304,-0.5631561667253837,0.8345864661654135,147,0.9203941822052002,-0.10187643934524351,False,,0.02599547416328257,,,,0.9028961004543873,e68a645ffc2f956c,465d41f5e3cf9a1d
POST,validation-01af6f4ad855ede9227b416213d1eab6,0,7825864079854012917,coupled_z1.225_left_edge,TRAINING_COUPLED,shift,-0.5006250000000003,0.0,1.225,0.003639239809357691,-0.0032689563126040364,0.9898652703593489,1.331668569493739,0.856,142,0.924162745475769,-0.7439402196968155,False,,0.011970056242230407,,,,0.8796219825735831,e08d00873812c63f,465d41f5e3cf9a1d
PRE,validation-01af6f4ad855ede9227b416213d1eab6,0,7825864079854012917,coupled_z1.225_right_edge,TRAINING_COUPLED,shift,0.5006250000000003,0.0,1.225,0.006655478082666408,0.009791323489355866,0.9861820511812733,-1.086169782526424,0.8203125,140,0.9082605838775635,0.562158576295123,True,,0.0289696982852455,,,,0.8552890419951469,a022b8959191dde2,465d41f5e3cf9a1d
MID,validation-01af6f4ad855ede9227b416213d1eab6,0,7825864079854012917,coupled_z1.225_right_edge,TRAINING_COUPLED,shift,0.5006250000000003,0.0,1.225,0.0009606838297448739,0.00435842791258512,0.9867125262486708,-0.7731996897767421,0.8951048951048951,157,0.9253042340278625,0.21525280300268074,True,,0.010920819276647198,,,,0.9122355528009086,b331aca7407a59f5,465d41f5e3cf9a1d
POST,validation-01af6f4ad855ede9227b416213d1eab6,0,7825864079854012917,coupled_z1.225_right_edge,TRAINING_COUPLED,shift,0.5006250000000003,0.0,1.225,0.021033833709049793,0.005159695546042904,0.9608655158631884,-0.6639402672957353,0.8767123287671232,158,0.9160655736923218,0.9712060010824214,True,,0.05299447988159119,,,,0.8913400173178342,bd955450be41a9cd,465d41f5e3cf9a1d
PRE,validation-01af6f4ad855ede9227b416213d1eab6,0,7825864079854012917,coupled_z1.4142_left_edge,TRAINING_COUPLED,shift,-1.0000000000000004,0.0,1.4142135623730951,-0.07044335810083796,-0.007988896984690505,0.8720469244146902,0.06707703189218366,0.9259259259259259,88,0.8546373248100281,0.9936305964817651,True,,0.1002605523179968,,,,0.8090834617606655,ab3c9f9a898cc3c3,465d41f5e3cf9a1d
MID,validation-01af6f4ad855ede9227b416213d1eab6,0,7825864079854012917,coupled_z1.4142_left_edge,TRAINING_COUPLED,shift,-1.0000000000000004,0.0,1.4142135623730951,-0.0029254654504560773,0.0006606897413469967,0.9719381377823524,-0.06833374934039385,0.859375,145,0.9122915267944336,0.9754337822561563,True,,0.004241428777224329,,,,0.8910714919004764,671839372e8f46aa,465d41f5e3cf9a1d
POST,validation-01af6f4ad855ede9227b416213d1eab6,0,7825864079854012917,coupled_z1.4142_left_edge,TRAINING_COUPLED,shift,-1.0000000000000004,0.0,1.4142135623730951,-0.018497624306439954,-0.015336248586161727,0.9601191785320731,-0.13778522936026355,0.8699186991869918,132,0.9029801487922668,0.7698243089748429,True,,0.03398124852558379,,,,0.8630790114394139,9782a247e032dbf9,465d41f5e3cf9a1d
PRE,validation-01af6f4ad855ede9227b416213d1eab6,0,7825864079854012917,coupled_z1.4142_right_edge,TRAINING_COUPLED,shift,1.0000000000000004,0.0,1.4142135623730951,0.023521551514131475,-0.016613617438754835,0.9433180944353008,-0.29148972645660254,0.8037383177570093,116,0.8807714581489563,0.8168014556522285,True,,0.040725315714755086,,,,0.7862946987144236,611fc1246e7fc02e,465d41f5e3cf9a1d
MID,validation-01af6f4ad855ede9227b416213d1eab6,0,7825864079854012917,coupled_z1.4142_right_edge,TRAINING_COUPLED,shift,1.0000000000000004,0.0,1.4142135623730951,0.008453198506728918,0.009794093794586095,0.981820091086772,-1.1186747958675665,0.8562091503267973,162,0.9184070825576782,0.6533835532321175,True,,0.01829649355758167,,,,0.9267965555181771,43ee259ffc936528,465d41f5e3cf9a1d
POST,validation-01af6f4ad855ede9227b416213d1eab6,0,7825864079854012917,coupled_z1.4142_right_edge,TRAINING_COUPLED,shift,1.0000000000000004,0.0,1.4142135623730951,0.0068798376617261875,0.008603461972404882,0.9757288890630337,-0.8687505401594121,0.8923076923076924,138,0.9064778685569763,0.6245327466104187,True,,0.015578942464899397,,,,0.9006335735312038,4c777e2f42828c91,465d41f5e3cf9a1d
PRE,validation-01af6f4ad855ede9227b416213d1eab6,0,7825864079854012917,coupled_z1.5_left_edge,TRAINING_COUPLED,shift,-1.25,0.0,1.5,0.008995817986932268,-0.06960436217886579,0.7262359432526312,8.928406397813292,0.9295774647887324,75,0.8368786573410034,-0.1281760945326386,False,,0.08421992902417016,,,,0.7145619222253522,b96c704675ba97c8,465d41f5e3cf9a1d
MID,validation-01af6f4ad855ede9227b416213d1eab6,0,7825864079854012917,coupled_z1.5_left_edge,TRAINING_COUPLED,shift,-1.25,0.0,1.5,-0.009464001758219126,0.0022772814831095306,0.9553395838436933,-1.2671835861397995,0.8482142857142857,123,0.8996918201446533,0.9722490958559682,True,,0.011680959290030896,,,,0.8476994542887946,6da4921e8d34fda2,465d41f5e3cf9a1d
POST,validation-01af6f4ad855ede9227b416213d1eab6,0,7825864079854012917,coupled_z1.5_left_edge,TRAINING_COUPLED,shift,-1.25,0.0,1.5,-0.01845977284528952,-0.018643452177083422,0.9511920201828966,1.1826911320013498,0.9081632653061225,108,0.8961704969406128,0.7035976309127295,True,,0.03148351620314342,,,,0.8512428402892183,ccd12a20785a6465,465d41f5e3cf9a1d
PRE,validation-01af6f4ad855ede9227b416213d1eab6,0,7825864079854012917,coupled_z1.5_right_edge,TRAINING_COUPLED,shift,1.25,0.0,1.5,0.0374939728174065,-0.0064588795467558704,0.929823865082855,2.4168281477957776,0.8695652173913043,101,0.8786234259605408,0.9854847437345607,True,,0.04565546820031487,,,,0.7794563770286395,5984a579581c9427,465d41f5e3cf9a1d
MID,validation-01af6f4ad855ede9227b416213d1eab6,0,7825864079854012917,coupled_z1.5_right_edge,TRAINING_COUPLED,shift,1.25,0.0,1.5,0.0006253269683494378,0.001168911849332946,0.9897505927107905,0.26839869266116057,0.835820895522388,145,0.9008181095123291,0.47170799813868547,True,,0.0015907984691822955,,,,0.9015782416798541,36d49bc156ca1b71,465d41f5e3cf9a1d
POST,validation-01af6f4ad855ede9227b416213d1eab6,0,7825864079854012917,coupled_z1.5_right_edge,TRAINING_COUPLED,shift,1.25,0.0,1.5,0.0020542056016573246,0.0056538328220413015,0.990449032163537,-0.08104761554460155,0.9026548672566371,133,0.8988792896270752,0.3414885154965994,True,,0.007218534766571361,,,,0.8977089524260126,48fb99cb2bf84def,465d41f5e3cf9a1d
PRE,validation-01af6f4ad855ede9227b416213d1eab6,0,7825864079854012917,legacy_center_z1,EXTRAPOLATION,identity,0.0,0.0,1.0,0.0,0.0,1.0,0.0,1.0,256,1.0,,,,,,,,1.0,cc24ba800dd46697,465d41f5e3cf9a1d
MID,validation-01af6f4ad855ede9227b416213d1eab6,0,7825864079854012917,legacy_center_z1,EXTRAPOLATION,identity,0.0,0.0,1.0,0.0,0.0,1.0,0.0,1.0,256,1.0,,,,,,,,1.0,7804a7ac79580dde,465d41f5e3cf9a1d
POST,validation-01af6f4ad855ede9227b416213d1eab6,0,7825864079854012917,legacy_center_z1,EXTRAPOLATION,identity,0.0,0.0,1.0,0.0,0.0,1.0,0.0,1.0,256,1.0,,,,,,,,1.0,11630b73a0b4b498,465d41f5e3cf9a1d
PRE,validation-01af6f4ad855ede9227b416213d1eab6,0,7825864079854012917,coupled_z1.1_center,TRAINING_COUPLED,zoom,0.0,0.0,1.1,8.673617379884035e-19,-6.938893903907228e-18,1.0,-1.9065777654357928e-16,1.0,209,0.9679772853851318,,,,-0.0,0.0,-0.09531017980432493,False,0.9265481917195362,433a35a81938daae,465d41f5e3cf9a1d
MID,validation-01af6f4ad855ede9227b416213d1eab6,0,7825864079854012917,coupled_z1.1_center,TRAINING_COUPLED,zoom,0.0,0.0,1.1,8.750466052217382e-05,-0.0006218344889382735,0.9989682599294334,0.02508037989008239,0.9947643979057592,200,0.963420569896698,,,,0.010830665547452758,-0.0010322726807282297,-0.09531017980432493,True,0.9727237208311201,2d034a3af4e32333,465d41f5e3cf9a1d
POST,validation-01af6f4ad855ede9227b416213d1eab6,0,7825864079854012917,coupled_z1.1_center,TRAINING_COUPLED,zoom,0.0,0.0,1.1,0.0019148002906480134,-0.00019953530250094859,0.9967114738541472,-0.1639510339926017,0.9671361502347418,221,0.9711295366287231,,,,0.034560266684209785,-0.0032939452317574556,-0.09531017980432493,True,0.9658595323552963,efe0abd56314b32b,465d41f5e3cf9a1d
PRE,validation-01af6f4ad855ede9227b416213d1eab6,0,7825864079854012917,coupled_z1.225_center,TRAINING_COUPLED,zoom,0.0,0.0,1.225,0.0,0.0,1.0,3.442233420936437e-15,1.0,175,0.9502891302108765,,,,-0.0,0.0,-0.20294084399669038,False,0.8858360052099905,95cd35d244d422d1,465d41f5e3cf9a1d
MID,validation-01af6f4ad855ede9227b416213d1eab6,0,7825864079854012917,coupled_z1.225_center,TRAINING_COUPLED,zoom,0.0,0.0,1.225,0.0012988994005317875,4.839416544479003e-06,0.9999024375651314,-0.001153589623236491,0.9895833333333334,203,0.9622077941894531,,,,0.00048076667304138465,-9.756719439249949e-05,-0.20294084399669038,True,0.965392229877474,c9bd53695e5b0216,465d41f5e3cf9a1d
POST,validation-01af6f4ad855ede9227b416213d1eab6,0,7825864079854012917,coupled_z1.225_center,TRAINING_COUPLED,zoom,0.0,0.0,1.225,-0.005003279106847686,0.00037636588818688865,0.9945691383953584,0.3529992445302515,0.9574468085106383,198,0.9580264687538147,,,,0.026833742472851353,-0.005445662345030291,-0.20294084399669038,True,0.9487705796214737,acd6b48e3d0cb1a0,465d41f5e3cf9a1d
PRE,validation-01af6f4ad855ede9227b416213d1eab6,0,7825864079854012917,coupled_z1.4142_center,TRAINING_COUPLED,zoom,0.0,0.0,1.4142135623730951,0.006196820509431128,-0.0018706213577168104,0.9982902743389942,-0.020533401584901863,0.9078014184397163,150,0.9174607396125793,,,,0.004937447508956121,-0.0017111889099978306,-0.3465735902799727,True,0.8992947876024068,c053fa1308b9921f,465d41f5e3cf9a1d
MID,validation-01af6f4ad855ede9227b416213d1eab6,0,7825864079854012917,coupled_z1.4142_center,TRAINING_COUPLED,zoom,0.0,0.0,1.4142135623730951,-0.0014727661229433572,0.006323107252102545,0.994198697777441,-0.135926087090112,0.9386503067484663,172,0.9462997913360596,,,,0.016787762556387312,-0.005818195141934843,-0.3465735902799727,True,0.9476404158845256,3e998baa15a55b7f,465d41f5e3cf9a1d
POST,validation-01af6f4ad855ede9227b416213d1eab6,0,7825864079854012917,coupled_z1.4142_center,TRAINING_COUPLED,zoom,0.0,0.0,1.4142135623730951,0.0005787530829585077,-0.00014307568536145454,0.9979894118832899,0.06783599153630504,0.9836956521739131,189,0.9506610035896301,,,,0.005807170883123126,-0.0020126120623333017,-0.3465735902799727,True,0.9357261619395294,8cbbd16b59d03150,465d41f5e3cf9a1d
PRE,validation-01af6f4ad855ede9227b416213d1eab6,0,7825864079854012917,coupled_z1.5_center,TRAINING_COUPLED,zoom,0.0,0.0,1.5,0.012213422044616569,-0.029157053988917957,0.9522805992155534,-0.1944549825727061,0.8220338983050848,128,0.9017438888549805,,,,0.12059124094089124,-0.04889554054499617,-0.4054651081081644,True,0.8796555995932365,3f0e76d6697fc105,465d41f5e3cf9a1d
MID,validation-01af6f4ad855ede9227b416213d1eab6,0,7825864079854012917,coupled_z1.5_center,TRAINING_COUPLED,zoom,0.0,0.0,1.5,-2.7518250103472923e-06,0.004000603200042269,1.0010354354176056,-0.02808086989754475,0.9423076923076923,167,0.939834475517273,,,,-0.0025523767727744376,0.001034899724105755,-0.4054651081081644,False,0.9531348915767015,90af5919940ffce4,465d41f5e3cf9a1d
POST,validation-01af6f4ad855ede9227b416213d1eab6,0,7825864079854012917,coupled_z1.5_center,TRAINING_COUPLED,zoom,0.0,0.0,1.5,-0.0007078398416637864,0.0005555139891764149,0.9986045524721879,0.023005779972068787,0.9781420765027322,194,0.9474172592163086,,,,0.0034440005897198415,-0.0013964220714353375,-0.4054651081081644,True,0.9459220170965271,3ff6f1db55938dd5,465d41f5e3cf9a1d
PRE,validation-01af6f4ad855ede9227b416213d1eab6,1,14831493375548145465,coupled_z1.1_left_edge,TRAINING_COUPLED,shift,-0.2100000000000002,0.0,1.1,-0.015882394683675402,-0.00623194636923749,0.9507745017836845,-0.43427930698949113,0.8714285714285714,149,0.9201673269271851,0.9309023338526003,True,,0.08936866190061603,,,,0.9197949171057085,57e4f73983296e2e,4f0f8a43f27b0cc9
MID,validation-01af6f4ad855ede9227b416213d1eab6,1,14831493375548145465,coupled_z1.1_left_edge,TRAINING_COUPLED,shift,-0.2100000000000002,0.0,1.1,-0.010699443746221546,-0.006174305413475328,1.0028659938888618,-0.027772270024765903,0.8888888888888888,161,0.9470685720443726,0.8661312896009771,True,,0.06470693991370045,,,,0.9399240016927856,6f05f649fb8c514f,4f0f8a43f27b0cc9
POST,validation-01af6f4ad855ede9227b416213d1eab6,1,14831493375548145465,coupled_z1.1_left_edge,TRAINING_COUPLED,shift,-0.2100000000000002,0.0,1.1,-0.007312437358874666,-0.006714787400407943,1.0006430656306662,0.35393367162756023,0.8625954198473282,147,0.9440772533416748,0.7365658320776648,True,,0.05200247095380157,,,,0.9261184334745682,038ddcf1acca4981,4f0f8a43f27b0cc9
PRE,validation-01af6f4ad855ede9227b416213d1eab6,1,14831493375548145465,coupled_z1.1_right_edge,TRAINING_COUPLED,shift,0.2100000000000002,0.0,1.1,0.004589525577437727,-0.0032834272093902692,0.9822404064391194,0.36461817838211147,0.8518518518518519,144,0.9262644648551941,0.8132978558273632,True,,0.029559123853242827,,,,0.910592317580266,664ad78b85a71574,4f0f8a43f27b0cc9
MID,validation-01af6f4ad855ede9227b416213d1eab6,1,14831493375548145465,coupled_z1.1_right_edge,TRAINING_COUPLED,shift,0.2100000000000002,0.0,1.1,0.0069882929280599415,-0.0030655295082944417,0.9948252251725479,-0.12435340775779091,0.9375,159,0.9357902407646179,0.9157646476838648,True,,0.03997243612356136,,,,0.9499631524076498,63d0b1d86cf34d1d,4f0f8a43f27b0cc9
POST,validation-01af6f4ad855ede9227b416213d1eab6,1,14831493375548145465,coupled_z1.1_right_edge,TRAINING_COUPLED,shift,0.2100000000000002,0.0,1.1,0.0017991551985855614,0.003103782168027879,0.9959972518220263,-0.5520612183534563,0.9565217391304348,158,0.928918182849884,0.501501474324892,True,,0.018791861533870528,,,,0.9164848277848633,50c7f7c2971fcdde,4f0f8a43f27b0cc9
PRE,validation-01af6f4ad855ede9227b416213d1eab6,1,14831493375548145465,coupled_z1.225_left_edge,TRAINING_COUPLED,shift,-0.5006250000000003,0.0,1.225,-0.008942002412377997,0.002215245812999116,0.9350014401627986,-1.2783055799130867,0.8316831683168316,108,0.883028507232666,0.9706576258318995,True,,0.022541990737198602,,,,0.881905012243403,99c774241a91d3c5,4f0f8a43f27b0cc9
MID,validation-01af6f4ad855ede9227b416213d1eab6,1,14831493375548145465,coupled_z1.225_left_edge,TRAINING_COUPLED,shift,-0.5006250000000003,0.0,1.225,-0.0019663095399035917,-0.023094807579649476,0.9136152861370695,3.0243063753639463,0.8198198198198198,124,0.9066498875617981,0.08483384014427697,True,,0.05671609417879029,,,,0.8671507239333064,695c4c0386e42eee,4f0f8a43f27b0cc9
POST,validation-01af6f4ad855ede9227b416213d1eab6,1,14831493375548145465,coupled_z1.225_left_edge,TRAINING_COUPLED,shift,-0.5006250000000003,0.0,1.225,-0.023260499877314007,-0.016749621718149352,0.9804136439431267,0.44652503858207576,0.8247422680412371,111,0.9123666882514954,0.8115002314063857,True,,0.07013809256465627,,,,0.8524045260185138,24f1ada91b9f4320,4f0f8a43f27b0cc9
PRE,validation-01af6f4ad855ede9227b416213d1eab6,1,14831493375548145465,coupled_z1.225_right_edge,TRAINING_COUPLED,shift,0.5006250000000003,0.0,1.225,0.010859328824414052,-0.002777782973343001,0.9761245206850984,1.139010064429612,0.8666666666666667,120,0.8944618105888367,0.9688066640479371,True,,0.027427701960092553,,,,0.8648025393477374,771e8cda30cf7d01,4f0f8a43f27b0cc9
MID,validation-01af6f4ad855ede9227b416213d1eab6,1,14831493375548145465,coupled_z1.225_right_edge,TRAINING_COUPLED,shift,0.5006250000000003,0.0,1.225,0.00512479754142614,0.004827858299763302,0.9834005254344996,-0.018631356784222772,0.8135593220338984,135,0.9185008406639099,0.7278795519402199,True,,0.01722823349015906,,,,0.918328225611722,0633b5c6ad4e636d,4f0f8a43f27b0cc9
POST,validation-01af6f4ad855ede9227b416213d1eab6,1,14831493375548145465,coupled_z1.225_right_edge,TRAINING_COUPLED,shift,0.5006250000000003,0.0,1.225,0.01371553072505996,0.005249801808364804,0.9693039150846093,-0.33043248789040247,0.8205128205128205,128,0.9101924896240234,0.9339239303066454,True,,0.03593558084131868,,,,0.8893697857847856,76c5cfd1b7d332de,4f0f8a43f27b0cc9
PRE,validation-01af6f4ad855ede9227b416213d1eab6,1,14831493375548145465,coupled_z1.4142_left_edge,TRAINING_COUPLED,shift,-1.0000000000000004,0.0,1.4142135623730951,-0.03881092866933287,-0.030733655344636592,0.8116376222387954,3.497416212796119,0.8780487804878049,89,0.85573810338974,0.7839638641227898,True,,0.07001208117202275,,,,0.8491805791846366,90bbfec233aa2c35,4f0f8a43f27b0cc9
MID,validation-01af6f4ad855ede9227b416213d1eab6,1,14831493375548145465,coupled_z1.4142_left_edge,TRAINING_COUPLED,shift,-1.0000000000000004,0.0,1.4142135623730951,0.15413238569559073,0.0011022752550128717,0.6219352299985434,6.356356072460112,0.96,102,0.8867239356040955,-0.9999744291115942,False,,0.2179816842349473,,,,0.8337796330443626,89ac67d6371f1c12,4f0f8a43f27b0cc9
POST,validation-01af6f4ad855ede9227b416213d1eab6,1,14831493375548145465,coupled_z1.4142_left_edge,TRAINING_COUPLED,shift,-1.0000000000000004,0.0,1.4142135623730951,0.04934870706291006,-0.06309340023157083,0.8532411995729777,-2.073806437350855,0.9166666666666666,94,0.8947604298591614,-0.6160857486591188,False,,0.1132790540352636,,,,0.8202321315080227,de03d72d67ecb907,4f0f8a43f27b0cc9
PRE,validation-01af6f4ad855ede9227b416213d1eab6,1,14831493375548145465,coupled_z1.4142_right_edge,TRAINING_COUPLED,shift,1.0000000000000004,0.0,1.4142135623730951,0.0024624595312710273,-0.00038287650170515386,0.9843419446824226,-1.8854004180698836,0.7857142857142857,110,0.8698757290840149,0.9881269950347306,True,,0.0035242875474925427,,,,0.8736836910239065,8299f26b9206643a,4f0f8a43f27b0cc9
MID,validation-01af6f4ad855ede9227b416213d1eab6,1,14831493375548145465,coupled_z1.4142_right_edge,TRAINING_COUPLED,shift,1.0000000000000004,0.0,1.4142135623730951,0.017781937807421724,0.005718554456447339,0.9702017863161083,0.2337169203596471,0.8429752066115702,135,0.9133014678955078,0.9519828272761423,True,,0.026415873154539776,,,,0.9098151814708173,ec5e98607eebd2d7,4f0f8a43f27b0cc9
POST,validation-01af6f4ad855ede9227b416213d1eab6,1,14831493375548145465,coupled_z1.4142_right_edge,TRAINING_COUPLED,shift,1.0000000000000004,0.0,1.4142135623730951,0.01134984047015851,0.0092596275846107,0.968868686937639,-1.7864104333214903,0.8292682926829268,133,0.9152865409851074,0.774846722390978,True,,0.02071519160923843,,,,0.8655557792707633,64e7034c949dca93,4f0f8a43f27b0cc9
PRE,validation-01af6f4ad855ede9227b416213d1eab6,1,14831493375548145465,coupled_z1.5_left_edge,TRAINING_COUPLED,shift,-1.25,0.0,1.5,-0.06735095574914021,-0.03219584992243354,0.813450414794737,-4.325185290525244,0.88,82,0.8483692407608032,0.9022149020062282,True,,0.08958081574351023,,,,0.8354927701337054,eaa877b335cd3d1d,4f0f8a43f27b0cc9
MID,validation-01af6f4ad855ede9227b416213d1eab6,1,14831493375548145465,coupled_z1.5_left_edge,TRAINING_COUPLED,shift,-1.25,0.0,1.5,0.1575277890830069,0.006949137670309635,0.5863483781291873,13.52573364658173,1.0,90,0.8759404420852661,-0.9990284074216762,False,,0.1892171889146104,,,,0.8319648504248882,d49609c6570ff441,4f0f8a43f27b0cc9
POST,validation-01af6f4ad855ede9227b416213d1eab6,1,14831493375548145465,coupled_z1.5_left_edge,TRAINING_COUPLED,shift,-1.25,0.0,1.5,0.006507529805480028,-0.04528472076971345,0.9488976132397704,1.095671809705014,0.7317073170731707,90,0.8859477639198303,-0.1422413815638072,False,,0.054899886942311495,,,,0.829801132070256,56430208425f4e4a,4f0f8a43f27b0cc9
PRE,validation-01af6f4ad855ede9227b416213d1eab6,1,14831493375548145465,coupled_z1.5_right_edge,TRAINING_COUPLED,shift,1.25,0.0,1.5,0.01799149828883781,-0.0075436907404883916,0.9599795807756702,2.2359390520740243,0.8390804597701149,98,0.8598337769508362,0.9222150581021268,True,,0.023410806140715296,,,,0.8603988802662161,be08f2d247efcb0d,4f0f8a43f27b0cc9
MID,validation-01af6f4ad855ede9227b416213d1eab6,1,14831493375548145465,coupled_z1.5_right_edge,TRAINING_COUPLED,shift,1.25,0.0,1.5,0.030917930117158654,-0.012616201451843275,0.9552791866280939,2.4646050658198346,0.8691588785046729,121,0.8899496793746948,0.9258828636171587,True,,0.04007150104745663,,,,0.8928259015074383,140596eac82de50a,4f0f8a43f27b0cc9
POST,validation-01af6f4ad855ede9227b416213d1eab6,1,14831493375548145465,coupled_z1.5_right_edge,TRAINING_COUPLED,shift,1.25,0.0,1.5,0.08066592776306619,0.0028061177537023266,0.8871666453807325,-6.977246918051806,0.9122807017543859,123,0.9031116366386414,0.9993954842978675,True,,0.09685766529378226,,,,0.8634402074471547,f8578b223fe7895e,4f0f8a43f27b0cc9
PRE,validation-01af6f4ad855ede9227b416213d1eab6,1,14831493375548145465,legacy_center_z1,EXTRAPOLATION,identity,0.0,0.0,1.0,0.0,0.0,1.0,0.0,1.0,256,1.0,,,,,,,,1.0,c38e6efab362097e,4f0f8a43f27b0cc9
MID,validation-01af6f4ad855ede9227b416213d1eab6,1,14831493375548145465,legacy_center_z1,EXTRAPOLATION,identity,0.0,0.0,1.0,0.0,0.0,1.0,0.0,1.0,256,1.0,,,,,,,,1.0,15292503ad7b8377,4f0f8a43f27b0cc9
POST,validation-01af6f4ad855ede9227b416213d1eab6,1,14831493375548145465,legacy_center_z1,EXTRAPOLATION,identity,0.0,0.0,1.0,0.0,0.0,1.0,0.0,1.0,256,1.0,,,,,,,,1.0,2c60ff4cbb936ca8,4f0f8a43f27b0cc9
PRE,validation-01af6f4ad855ede9227b416213d1eab6,1,14831493375548145465,coupled_z1.1_center,TRAINING_COUPLED,zoom,0.0,0.0,1.1,-0.0201808474763815,-0.003925617929573778,0.9516193647064792,1.5807875820294637,0.9044585987261147,165,0.9416278004646301,,,,0.5203027759857031,-0.04959015113188676,-0.09531017980432493,True,0.9341862719271702,693c7df26a1d420b,4f0f8a43f27b0cc9
MID,validation-01af6f4ad855ede9227b416213d1eab6,1,14831493375548145465,coupled_z1.1_center,TRAINING_COUPLED,zoom,0.0,0.0,1.1,0.0017738086470518322,-0.0007059177928619119,0.9831981462903617,0.015975069248302748,0.85625,174,0.9395394921302795,,,,0.1777838018034189,-0.016944606116180323,-0.09531017980432493,True,0.9464841453116098,a6710b78fe1e3d21,4f0f8a43f27b0cc9
POST,validation-01af6f4ad855ede9227b416213d1eab6,1,14831493375548145465,coupled_z1.1_center,TRAINING_COUPLED,zoom,0.0,0.0,1.1,-0.00953415193725149,-0.00732909635340898,0.9687862529575478,0.7231779083512607,0.903448275862069,154,0.9407752752304077,,,,0.3327165752083792,-0.03171127660698982,-0.09531017980432493,True,0.9342417716970637,4e4845bf69b8f7ae,4f0f8a43f27b0cc9
PRE,validation-01af6f4ad855ede9227b416213d1eab6,1,14831493375548145465,coupled_z1.225_center,TRAINING_COUPLED,zoom,0.0,0.0,1.225,-0.01146713388956495,0.006931628159445244,0.964415875787396,1.0738202720794914,0.8840579710144928,148,0.9250645041465759,,,,0.17853809153723713,-0.036232670982125265,-0.20294084399669038,True,0.9337875207526597,5e411e93232ccf6b,4f0f8a43f27b0cc9
MID,validation-01af6f4ad855ede9227b416213d1eab6,1,14831493375548145465,coupled_z1.225_center,TRAINING_COUPLED,zoom,0.0,0.0,1.225,-0.0005404464494179056,-0.000997217219053579,0.9962086148509802,0.1542669229267736,0.9595375722543352,180,0.956811249256134,,,,0.018717723811774056,-0.0037985906680583757,-0.20294084399669038,True,0.9569442868223157,593c9ef124278a78,4f0f8a43f27b0cc9
POST,validation-01af6f4ad855ede9227b416213d1eab6,1,14831493375548145465,coupled_z1.225_center,TRAINING_COUPLED,zoom,0.0,0.0,1.225,0.0009555663303354306,-0.00011479312861836094,0.9969841004536011,-0.009616371316782939,0.9805194805194806,165,0.9454942941665649,,,,0.01488343340127994,-0.003020456536024283,-0.20294084399669038,True,0.9251849651327417,56475cd543af23c8,4f0f8a43f27b0cc9
PRE,validation-01af6f4ad855ede9227b416213d1eab6,1,14831493375548145465,coupled_z1.4142_center,TRAINING_COUPLED,zoom,0.0,0.0,1.4142135623730951,-0.009730446699699385,-0.015508958256722508,0.9536247332351799,-0.810676132763378,0.8557692307692307,114,0.8853909969329834,,,,0.13701288165401374,-0.04748504630943654,-0.3465735902799727,True,0.8811410594657825,ec3a9bd6819b945b,4f0f8a43f27b0cc9
MID,validation-01af6f4ad855ede9227b416213d1eab6,1,14831493375548145465,coupled_z1.4142_center,TRAINING_COUPLED,zoom,0.0,0.0,1.4142135623730951,0.0018966800810844772,-0.00030259677615462194,0.9927215829863647,-0.07489158898785772,0.9281437125748503,175,0.9481664896011353,,,,0.021077872425670417,-0.007305033922027833,-0.3465735902799727,True,0.9454694357784732,e3d233f9c9b45338,4f0f8a43f27b0cc9
POST,validation-01af6f4ad855ede9227b416213d1eab6,1,14831493375548145465,coupled_z1.4142_center,TRAINING_COUPLED,zoom,0.0,0.0,1.4142135623730951,-0.000566852946683332,-0.003654594959966978,0.9865493418741487,-0.3398563989626655,0.9315068493150684,157,0.9309037327766418,,,,0.03907377262726235,-0.013541937665213635,-0.3465735902799727,True,0.9031689167013672,f06f83e4dc2f68cd,4f0f8a43f27b0cc9
PRE,validation-01af6f4ad855ede9227b416213d1eab6,1,14831493375548145465,coupled_z1.5_center,TRAINING_COUPLED,zoom,0.0,0.0,1.5,-0.005771693137799558,-0.013158908608001424,0.9435708243684665,-1.9343159882992385,0.8350515463917526,105,0.8662341833114624,,,,0.14325240385901483,-0.05808385141744988,-0.4054651081081644,True,0.8750319480887245,5a71ce000dd1dd7b,4f0f8a43f27b0cc9
MID,validation-01af6f4ad855ede9227b416213d1eab6,1,14831493375548145465,coupled_z1.5_center,TRAINING_COUPLED,zoom,0.0,0.0,1.5,0.002017751214792071,-0.003451223381504359,0.9805781848151083,-0.2019839808797485,0.9022556390977443,145,0.9374337196350098,,,,0.0483713552474386,-0.019612896784741117,-0.4054651081081644,True,0.9094046300285681,89353915e23cc43b,4f0f8a43f27b0cc9
POST,validation-01af6f4ad855ede9227b416213d1eab6,1,14831493375548145465,coupled_z1.5_center,TRAINING_COUPLED,zoom,0.0,0.0,1.5,0.0053912626883122,-0.010347793398169935,0.9785489743496166,-0.9298960429425239,0.9020979020979021,154,0.9324394464492798,,,,0.0534804167631513,-0.02168444296454083,-0.4054651081081644,True,0.9147950410833747,180a281a26b26a3a,4f0f8a43f27b0cc9
PRE,validation-01af6f4ad855ede9227b416213d1eab6,2,17783167335599952417,coupled_z1.1_left_edge,TRAINING_COUPLED,shift,-0.2100000000000002,0.0,1.1,-0.008629580693762358,-0.006217635596839688,0.999973497989512,0.03534604699421247,0.8316831683168316,118,0.9158236980438232,0.8113409221071637,True,,0.05571340516030749,,,,0.8637986183157865,9707eb55bc62205e,bdef8c33e677464a
MID,validation-01af6f4ad855ede9227b416213d1eab6,2,17783167335599952417,coupled_z1.1_left_edge,TRAINING_COUPLED,shift,-0.2100000000000002,0.0,1.1,-0.008291992059988443,-0.006032244250175654,1.0018501163879339,0.6935961584231869,0.875968992248062,144,0.9365808963775635,0.8086570030189741,True,,0.0537115785053582,,,,0.9012243092780823,b6b2082671fac195,bdef8c33e677464a
POST,validation-01af6f4ad855ede9227b416213d1eab6,2,17783167335599952417,coupled_z1.1_left_edge,TRAINING_COUPLED,shift,-0.2100000000000002,0.0,1.1,-0.01335476671927404,-0.0034837600488261886,1.0056377964332333,0.6421750822234378,0.8976377952755905,142,0.9329188466072083,0.9676189025862897,True,,0.07229451568647359,,,,0.9096120542047497,5cfe6c35cb3a351d,bdef8c33e677464a
PRE,validation-01af6f4ad855ede9227b416213d1eab6,2,17783167335599952417,coupled_z1.1_right_edge,TRAINING_COUPLED,shift,0.2100000000000002,0.0,1.1,0.004101963261688227,0.0011061405184107746,0.9884280728021978,0.005393532474230326,0.9,135,0.9275192022323608,0.9655113423918514,True,,0.02225398424442236,,,,0.9011349795886827,a0760aa38523d236,bdef8c33e677464a
MID,validation-01af6f4ad855ede9227b416213d1eab6,2,17783167335599952417,coupled_z1.1_right_edge,TRAINING_COUPLED,shift,0.2100000000000002,0.0,1.1,0.0007551290374279429,0.0012440615077047787,0.9943104392199739,-0.08405265760501515,0.9290780141843972,156,0.9296947121620178,0.518880717322251,True,,0.007623019450933568,,,,0.9431095685418693,4652d253c63c6e0a,bdef8c33e677464a
POST,validation-01af6f4ad855ede9227b416213d1eab6,2,17783167335599952417,coupled_z1.1_right_edge,TRAINING_COUPLED,shift,0.2100000000000002,0.0,1.1,-0.0037592135166398533,0.003172898821383205,0.9966241827581206,-0.4490182110174468,0.9319727891156463,159,0.9437766671180725,-0.7641850265499158,False,,0.02576747478084853,,,,0.9150040099018013,91e3dbeb1bb5a57b,bdef8c33e677464a
PRE,validation-01af6f4ad855ede9227b416213d1eab6,2,17783167335599952417,coupled_z1.225_left_edge,TRAINING_COUPLED,shift,-0.5006250000000003,0.0,1.225,0.026751975821440628,-0.06387479191246584,0.6320092336751001,10.62550571515561,0.9888888888888889,91,0.8826503753662109,-0.3863063037905054,False,,0.16945236066304925,,,,0.8859661749572343,6759ca1dd252c608,bdef8c33e677464a
MID,validation-01af6f4ad855ede9227b416213d1eab6,2,17783167335599952417,coupled_z1.225_left_edge,TRAINING_COUPLED,shift,-0.5006250000000003,0.0,1.225,-0.03843088683644187,0.010783753287900525,0.9714223619179571,4.338008561835737,0.8543689320388349,124,0.9155135154724121,0.9628135747439088,True,,0.09767012800184499,,,,0.8820181488981963,8bdff1a56eb6acd9,bdef8c33e677464a
POST,validation-01af6f4ad855ede9227b416213d1eab6,2,17783167335599952417,coupled_z1.225_left_edge,TRAINING_COUPLED,shift,-0.5006250000000003,0.0,1.225,-0.020932790608363998,0.008177291628042482,1.0029490805107295,1.4706332007624996,0.801980198019802,119,0.9089809656143188,0.9314510109075478,True,,0.05499087954938944,,,,0.882959776100216,8eac43f8534c762b,bdef8c33e677464a
PRE,validation-01af6f4ad855ede9227b416213d1eab6,2,17783167335599952417,coupled_z1.225_right_edge,TRAINING_COUPLED,shift,0.5006250000000003,0.0,1.225,0.007444715630754328,0.0051278098182954875,0.979814636589342,-2.5535768365654827,0.8936170212765957,107,0.8985828757286072,0.8235474990698682,True,,0.022119892699686037,,,,0.8715615272513256,83d288d5bea28c80,bdef8c33e677464a
MID,validation-01af6f4ad855ede9227b416213d1eab6,2,17783167335599952417,coupled_z1.225_right_edge,TRAINING_COUPLED,shift,0.5006250000000003,0.0,1.225,0.0026178187849936196,0.00038102961867225726,0.994783476523542,-0.06258108303016131,0.9432624113475178,154,0.9306216835975647,0.9895726508186465,True,,0.00647314671722942,,,,0.9161382267548357,18806324dd23b169,bdef8c33e677464a
POST,validation-01af6f4ad855ede9227b416213d1eab6,2,17783167335599952417,coupled_z1.225_right_edge,TRAINING_COUPLED,shift,0.5006250000000003,0.0,1.225,0.002118739304875994,0.0007143733323987135,0.9883572877457953,-0.2107687080527847,0.8768115942028986,148,0.9295970797538757,0.9475872524430661,True,,0.0054711909003185505,,,,0.9087085073407448,0b15cbe5df056169,bdef8c33e677464a
PRE,validation-01af6f4ad855ede9227b416213d1eab6,2,17783167335599952417,coupled_z1.4142_left_edge,TRAINING_COUPLED,shift,-1.0000000000000004,0.0,1.4142135623730951,0.004952270108861845,-0.08096594248900801,0.7089101950005041,11.762746573410743,0.9493670886075949,81,0.8744200468063354,-0.06105076161322931,False,,0.11471712010301231,,,,0.8669153451910886,5466f374c09333a5,bdef8c33e677464a
MID,validation-01af6f4ad855ede9227b416213d1eab6,2,17783167335599952417,coupled_z1.4142_left_edge,TRAINING_COUPLED,shift,-1.0000000000000004,0.0,1.4142135623730951,-0.0379101692959234,-0.007936729976324455,0.9670389694948384,4.155103412682839,0.8222222222222222,105,0.9075841903686523,0.9787800452177678,True,,0.054775407232856954,,,,0.8838302493086558,abf89aa2caca2145,bdef8c33e677464a
POST,validation-01af6f4ad855ede9227b416213d1eab6,2,17783167335599952417,coupled_z1.4142_left_edge,TRAINING_COUPLED,shift,-1.0000000000000004,0.0,1.4142135623730951,-0.06826468990304253,-0.05192801963583054,0.8978930202720432,8.411133415424299,0.8969072164948454,104,0.8939225673675537,0.7958989482401523,True,,0.12129787393732633,,,,0.9029874205580264,6a2332a1299fca65,bdef8c33e677464a
PRE,validation-01af6f4ad855ede9227b416213d1eab6,2,17783167335599952417,coupled_z1.4142_right_edge,TRAINING_COUPLED,shift,1.0000000000000004,0.0,1.4142135623730951,0.047953801770049806,-0.012260579618490667,0.9127216892283387,-3.1516848269286837,0.8780487804878049,92,0.8758531808853149,0.9688350613344732,True,,0.06999841307890599,,,,0.835957934614653,ac5d216d9c190975,bdef8c33e677464a
MID,validation-01af6f4ad855ede9227b416213d1eab6,2,17783167335599952417,coupled_z1.4142_right_edge,TRAINING_COUPLED,shift,1.0000000000000004,0.0,1.4142135623730951,-0.0023178162363582666,-0.0064918114196857585,0.9854338329423747,-0.0019295081409464263,0.8288288288288288,122,0.9128122329711914,-0.3362478975107991,False,,0.00974842424336245,,,,0.9091087579718081,5962586610d98b57,bdef8c33e677464a
POST,validation-01af6f4ad855ede9227b416213d1eab6,2,17783167335599952417,coupled_z1.4142_right_edge,TRAINING_COUPLED,shift,1.0000000000000004,0.0,1.4142135623730951,0.0017659238613548511,0.0032024397654020747,0.9894008149548518,-0.4773326648518447,0.8780487804878049,133,0.9103682637214661,0.48288039043156833,True,,0.005171867657844874,,,,0.9092232530837059,e3d727ec9a62a9f5,bdef8c33e677464a
PRE,validation-01af6f4ad855ede9227b416213d1eab6,2,17783167335599952417,coupled_z1.5_left_edge,TRAINING_COUPLED,shift,-1.25,0.0,1.5,-0.03606979930499214,-0.10827732957763728,0.5718479314528506,12.291817619502,1.0,79,0.8687440752983093,0.31604919207315124,True,,0.13695260184533933,,,,0.8334115644334306,55f22ddc21bd6f91,bdef8c33e677464a
MID,validation-01af6f4ad855ede9227b416213d1eab6,2,17783167335599952417,coupled_z1.5_left_edge,TRAINING_COUPLED,shift,-1.25,0.0,1.5,-0.0653645156120542,-0.021678809879469973,0.8960399469498426,5.287225336975667,0.8924731182795699,105,0.8959503769874573,0.9491586353145431,True,,0.08263889282017094,,,,0.9007102251043848,d7b0c8639fc061df,bdef8c33e677464a
POST,validation-01af6f4ad855ede9227b416213d1eab6,2,17783167335599952417,coupled_z1.5_left_edge,TRAINING_COUPLED,shift,-1.25,0.0,1.5,-0.05549378041412198,-0.014727630311244626,0.9561676270655254,4.883319310851384,0.8876404494382022,99,0.8832175731658936,0.9665408736285938,True,,0.06889779657796823,,,,0.9045056643778377,f023c2fdb21f9ee5,bdef8c33e677464a
PRE,validation-01af6f4ad855ede9227b416213d1eab6,2,17783167335599952417,coupled_z1.5_right_edge,TRAINING_COUPLED,shift,1.25,0.0,1.5,0.0349255444330273,-0.02526579435844742,0.8607671999378209,-3.695121910991586,0.8505747126436781,94,0.8572801351547241,0.8102188264150068,True,,0.051727572789081,,,,0.823876002296101,70a1bd65d18cd3da,bdef8c33e677464a
MID,validation-01af6f4ad855ede9227b416213d1eab6,2,17783167335599952417,coupled_z1.5_right_edge,TRAINING_COUPLED,shift,1.25,0.0,1.5,0.025112195198674622,0.00019955279203519305,0.9764561061633673,-0.16381384693487683,0.8380952380952381,118,0.8997309803962708,0.9999684284172614,True,,0.030135585665105793,,,,0.9096353650083981,62c3452f4a7b09fb,bdef8c33e677464a
POST,validation-01af6f4ad855ede9227b416213d1eab6,2,17783167335599952417,coupled_z1.5_right_edge,TRAINING_COUPLED,shift,1.25,0.0,1.5,0.01151696313885718,-0.010636980061975207,0.9641555792020904,0.47656667347143933,0.85,130,0.9023137092590332,0.7346146687257915,True,,0.018813068066749254,,,,0.9250349313053098,d588ae22eac866db,bdef8c33e677464a
PRE,validation-01af6f4ad855ede9227b416213d1eab6,2,17783167335599952417,legacy_center_z1,EXTRAPOLATION,identity,0.0,0.0,1.0,0.0,0.0,1.0,0.0,1.0,256,1.0,,,,,,,,1.0,4de28877d71c8bb2,bdef8c33e677464a
MID,validation-01af6f4ad855ede9227b416213d1eab6,2,17783167335599952417,legacy_center_z1,EXTRAPOLATION,identity,0.0,0.0,1.0,0.0,0.0,1.0,0.0,1.0,256,1.0,,,,,,,,1.0,3350b6f8b7cefe61,bdef8c33e677464a
POST,validation-01af6f4ad855ede9227b416213d1eab6,2,17783167335599952417,legacy_center_z1,EXTRAPOLATION,identity,0.0,0.0,1.0,0.0,0.0,1.0,0.0,1.0,256,1.0,,,,,,,,1.0,3dba32874c3b7d17,bdef8c33e677464a
PRE,validation-01af6f4ad855ede9227b416213d1eab6,2,17783167335599952417,coupled_z1.1_center,TRAINING_COUPLED,zoom,0.0,0.0,1.1,6.938893903907228e-18,2.7755575615628914e-17,1.0000000000000002,2.1477451361822196e-15,1.0,196,0.9604708552360535,,,,-2.3297050260622366e-15,2.2204460492503128e-16,-0.09531017980432493,False,0.9387765526762157,90f5807eef17a71a,bdef8c33e677464a
MID,validation-01af6f4ad855ede9227b416213d1eab6,2,17783167335599952417,coupled_z1.1_center,TRAINING_COUPLED,zoom,0.0,0.0,1.1,8.673617379884035e-19,-1.3877787807814457e-17,0.9999999999999999,5.272678466037078e-16,1.0,199,0.9524426460266113,,,,1.1648525130311185e-15,-1.1102230246251565e-16,-0.09531017980432493,True,0.9434370994558436,2a2c88d95b41e57f,bdef8c33e677464a
POST,validation-01af6f4ad855ede9227b416213d1eab6,2,17783167335599952417,coupled_z1.1_center,TRAINING_COUPLED,zoom,0.0,0.0,1.1,0.0017711350762930067,-0.0009203352460378025,0.9962362375977188,0.030878915129266958,0.9695121951219512,179,0.9461749196052551,,,,0.03956411777234038,-0.0037708631786812497,-0.09531017980432493,True,0.9313679851722922,6f2e94b08e4cd02b,bdef8c33e677464a
PRE,validation-01af6f4ad855ede9227b416213d1eab6,2,17783167335599952417,coupled_z1.225_center,TRAINING_COUPLED,zoom,0.0,0.0,1.225,0.00023370878745038182,-0.0017752814564651132,0.9921977126583348,-0.12368923963835445,0.9666666666666667,164,0.9293677806854248,,,,0.03859688511574143,-0.007832884441031862,-0.20294084399669038,True,0.9211586211721481,cd5b4a1b4cd24cfb,bdef8c33e677464a
MID,validation-01af6f4ad855ede9227b416213d1eab6,2,17783167335599952417,coupled_z1.225_center,TRAINING_COUPLED,zoom,0.0,0.0,1.225,-1.734723475976807e-18,-6.938893903907228e-18,1.0,-4.530026477901537e-15,1.0,211,0.9647831320762634,,,,-0.0,0.0,-0.20294084399669038,False,0.9548665881147372,01a2e931d83ea2f6,bdef8c33e677464a
POST,validation-01af6f4ad855ede9227b416213d1eab6,2,17783167335599952417,coupled_z1.225_center,TRAINING_COUPLED,zoom,0.0,0.0,1.225,0.0024648424262961738,0.0003362419518807176,0.9857091738893253,-0.23163977223112342,0.9148936170212766,156,0.9352605938911438,,,,0.07092669514649955,-0.014393923374926582,-0.20294084399669038,True,0.927786043617518,7c73517ffe2004a0,bdef8c33e677464a
PRE,validation-01af6f4ad855ede9227b416213d1eab6,2,17783167335599952417,coupled_z1.4142_center,TRAINING_COUPLED,zoom,0.0,0.0,1.4142135623730951,0.004180515561818397,-0.016488481803700522,0.9845686742361769,-1.2386129947269224,0.8629032258064516,133,0.8854593634605408,,,,0.044872512869801394,-0.01555162789017135,-0.3465735902799727,True,0.8975796103468502,6958df2c1fd5518b,bdef8c33e677464a
MID,validation-01af6f4ad855ede9227b416213d1eab6,2,17783167335599952417,coupled_z1.4142_center,TRAINING_COUPLED,zoom,0.0,0.0,1.4142135623730951,1.3877787807814457e-17,-6.938893903907228e-18,1.0,-1.1128808216947977e-14,1.0,208,0.9484382271766663,,,,-0.0,0.0,-0.3465735902799727,False,0.9526522727391893,ba01e30ebc6623d6,bdef8c33e677464a
POST,validation-01af6f4ad855ede9227b416213d1eab6,2,17783167335599952417,coupled_z1.4142_center,TRAINING_COUPLED,zoom,0.0,0.0,1.4142135623730951,-0.001989985400712019,-0.00021898931946821854,0.9961170988542654,0.1642942682867735,0.975,179,0.9408769011497498,,,,0.01122549232420185,-0.00389045917745891,-0.3465735902799727,True,0.940843399812437,01e8f8cde204fd8e,bdef8c33e677464a
PRE,validation-01af6f4ad855ede9227b416213d1eab6,2,17783167335599952417,coupled_z1.5_center,TRAINING_COUPLED,zoom,0.0,0.0,1.5,-0.008954546396846147,-0.01777110463087407,0.9630401051386434,-1.6517001075160531,0.8541666666666666,106,0.8586362600326538,,,,0.09288153593460977,-0.0376602220089789,-0.4054651081081644,True,0.8658145666113778,cf302a6f3e5e6869,bdef8c33e677464a
MID,validation-01af6f4ad855ede9227b416213d1eab6,2,17783167335599952417,coupled_z1.5_center,TRAINING_COUPLED,zoom,0.0,0.0,1.5,1.3877787807814457e-17,0.0,1.0,-7.184546102991682e-15,1.0,179,0.9403567910194397,,,,-0.0,0.0,-0.4054651081081644,False,0.9257467389097492,0637dbc622910968,bdef8c33e677464a
POST,validation-01af6f4ad855ede9227b416213d1eab6,2,17783167335599952417,coupled_z1.5_center,TRAINING_COUPLED,zoom,0.0,0.0,1.5,-0.005317066412885034,0.0008196704854377124,0.9962433250990053,0.5004546639920077,0.9305555555555556,152,0.9332305788993835,,,,0.009282547008326243,-0.0037637489262501178,-0.4054651081081644,True,0.929308767872642,cebd47623b22fe67,bdef8c33e677464a
PRE,validation-0237628dbff2df5bbf4f2d14ff71df39,0,4829568351509423655,coupled_z1.1_left_edge,TRAINING_COUPLED,shift,-0.2100000000000002,0.0,1.1,0.0,6.938893903907228e-18,1.0,-7.331763286404226e-17,1.0,172,0.9457951188087463,0.0,False,,3.63465871157045e-17,,,,0.9512050718777844,ef5f46f0049752da,c3ed8a684ad1071a
MID,validation-0237628dbff2df5bbf4f2d14ff71df39,0,4829568351509423655,coupled_z1.1_left_edge,TRAINING_COUPLED,shift,-0.2100000000000002,0.0,1.1,-0.0030367166057904404,-0.0023435680531111737,0.9924849529594051,0.21171302724202773,0.9389312977099237,152,0.9300568103790283,0.7916614427764124,True,,0.020092693556893085,,,,0.9290569936095715,5d5ae133c93dcc0d,c3ed8a684ad1071a
POST,validation-0237628dbff2df5bbf4f2d14ff71df39,0,4829568351509423655,coupled_z1.1_left_edge,TRAINING_COUPLED,shift,-0.2100000000000002,0.0,1.1,-0.0009631394815861755,-0.018653007866944817,0.9538000969927714,-0.07687083612346346,0.8103448275862069,129,0.9150234460830688,0.05156584526969708,True,,0.0978363935336854,,,,0.891887366770806,6decff3f656957c7,c3ed8a684ad1071a
PRE,validation-0237628dbff2df5bbf4f2d14ff71df39,0,4829568351509423655,coupled_z1.1_right_edge,TRAINING_COUPLED,shift,0.2100000000000002,0.0,1.1,6.938893903907228e-18,-6.938893903907228e-18,1.0,-7.843606712948079e-15,1.0,188,0.9525331258773804,0.0,True,,5.14018364450045e-17,,,,0.9678030014028407,b1cf15abb4a3ae4f,c3ed8a684ad1071a
MID,validation-0237628dbff2df5bbf4f2d14ff71df39,0,4829568351509423655,coupled_z1.1_right_edge,TRAINING_COUPLED,shift,0.2100000000000002,0.0,1.1,0.0015637766943373162,0.0008766468860183091,0.9972115098633725,0.06101205899815895,0.9832402234636871,191,0.946799635887146,0.8722843108472421,True,,0.009390529131680847,,,,0.9586918876206624,28e074f3418fec85,c3ed8a684ad1071a
POST,validation-0237628dbff2df5bbf4f2d14ff71df39,0,4829568351509423655,coupled_z1.1_right_edge,TRAINING_COUPLED,shift,0.2100000000000002,0.0,1.1,-0.0026571774619444447,0.0013690201805390129,0.9931785518793055,0.262428519764634,0.9264705882352942,153,0.9314686059951782,-0.8889512386474491,False,,0.015657268903715917,,,,0.9469205705466678,d17b865f1a81380f,c3ed8a684ad1071a
PRE,validation-0237628dbff2df5bbf4f2d14ff71df39,0,4829568351509423655,coupled_z1.225_left_edge,TRAINING_COUPLED,shift,-0.5006250000000003,0.0,1.225,-0.023551167751554143,-0.004466217070670778,0.977789791706864,0.015015332353720505,0.8314606741573034,105,0.907131016254425,0.9824894545481133,True,,0.05865541386899682,,,,0.929275810717607,2657d71730bfc4c4,c3ed8a684ad1071a
MID,validation-0237628dbff2df5bbf4f2d14ff71df39,0,4829568351509423655,coupled_z1.225_left_edge,TRAINING_COUPLED,shift,-0.5006250000000003,0.0,1.225,-0.033258472047602225,-0.017577434717868778,0.9783330901997996,-2.0240937264699963,0.8378378378378378,96,0.9027554392814636,0.8841173808769967,True,,0.09204833131840466,,,,0.93059431679088,6096db7178d16597,c3ed8a684ad1071a
POST,validation-0237628dbff2df5bbf4f2d14ff71df39,0,4829568351509423655,coupled_z1.225_left_edge,TRAINING_COUPLED,shift,-0.5006250000000003,0.0,1.225,-0.016402118959467173,-0.006107596160352648,0.7593938364869107,7.361537979997158,0.9102564102564102,82,0.8906816840171814,0.9371381241493629,True,,0.04282722219115074,,,,0.8763955757844968,fc68f986c2cd6753,c3ed8a684ad1071a
PRE,validation-0237628dbff2df5bbf4f2d14ff71df39,0,4829568351509423655,coupled_z1.225_right_edge,TRAINING_COUPLED,shift,0.5006250000000003,0.0,1.225,-6.938893903907228e-18,1.3877787807814457e-17,1.0,-7.367661449398957e-15,1.0,165,0.9330210089683533,0.0,False,,3.796634628873792e-17,,,,0.9568658471097914,61eb370bf3c7a601,c3ed8a684ad1071a
MID,validation-0237628dbff2df5bbf4f2d14ff71df39,0,4829568351509423655,coupled_z1.225_right_edge,TRAINING_COUPLED,shift,0.5006250000000003,0.0,1.225,0.0034554442206604016,-0.0004663251406078067,0.9941650864050506,-0.0020228703392628266,0.9137931034482759,136,0.9218297600746155,0.9910162702170938,True,,0.008531917691184282,,,,0.9390134738690372,15cb504ce75c52c5,c3ed8a684ad1071a
POST,validation-0237628dbff2df5bbf4f2d14ff71df39,0,4829568351509423655,coupled_z1.225_right_edge,TRAINING_COUPLED,shift,0.5006250000000003,0.0,1.225,0.03018056105603571,0.0022214733333191933,0.862741756012053,1.7966496280816435,0.8333333333333334,111,0.9055359959602356,0.9973020290717881,True,,0.07404984633645817,,,,0.9004599452009733,da71879da5d30ca3,c3ed8a684ad1071a
PRE,validation-0237628dbff2df5bbf4f2d14ff71df39,0,4829568351509423655,coupled_z1.4142_left_edge,TRAINING_COUPLED,shift,-1.0000000000000004,0.0,1.4142135623730951,-0.01776560862077574,-0.001364935356661507,0.9844691068305301,0.31975414040894434,0.8461538461538461,105,0.907352864742279,0.9970615622560538,True,,0.025198408608261183,,,,0.8811597157207092,8925ad4d099af470,c3ed8a684ad1071a
MID,validation-0237628dbff2df5bbf4f2d14ff71df39,0,4829568351509423655,coupled_z1.4142_left_edge,TRAINING_COUPLED,shift,-1.0000000000000004,0.0,1.4142135623730951,-0.0024308979150243493,-8.016830849361112e-05,0.9937278121853399,-0.28632445154494657,0.9081632653061225,121,0.9215503931045532,0.9994566390952402,True,,0.0034396777846061252,,,,0.9353796128107992,215103a3979eccc9,c3ed8a684ad1071a
POST,validation-0237628dbff2df5bbf4f2d14ff71df39,0,4829568351509423655,coupled_z1.4142_left_edge,TRAINING_COUPLED,shift,-1.0000000000000004,0.0,1.4142135623730951,-0.055251904619690914,0.006020925929179244,0.8458400394079416,1.113115791401852,0.9010989010989011,98,0.8885546326637268,0.9941148838168058,True,,0.07860056632299901,,,,0.8814179897299534,5c0401d02ba3785e,c3ed8a684ad1071a
PRE,validation-0237628dbff2df5bbf4f2d14ff71df39,0,4829568351509423655,coupled_z1.4142_right_edge,TRAINING_COUPLED,shift,1.0000000000000004,0.0,1.4142135623730951,-0.01902900459478736,-0.01350709023211593,0.9677204729350464,-0.29373774904448163,0.8369565217391305,108,0.9009080529212952,-0.8154538397157802,False,,0.03300134853023311,,,,0.9172026514997846,2bfe3aef865dd04f,c3ed8a684ad1071a
MID,validation-0237628dbff2df5bbf4f2d14ff71df39,0,4829568351509423655,coupled_z1.4142_right_edge,TRAINING_COUPLED,shift,1.0000000000000004,0.0,1.4142135623730951,-0.04836210549134372,0.017749810320533646,0.9339948504211131,-2.0102426858589486,0.8631578947368421,109,0.9091513156890869,-0.9387693728991948,False,,0.07285532257798025,,,,0.9351000708451541,a07dac9ede452ed6,c3ed8a684ad1071a
POST,validation-0237628dbff2df5bbf4f2d14ff71df39,0,4829568351509423655,coupled_z1.4142_right_edge,TRAINING_COUPLED,shift,1.0000000000000004,0.0,1.4142135623730951,0.02237224096297826,-0.06677772081396904,0.8500248081358027,0.28954159201561325,0.8604651162790697,94,0.893627405166626,0.3176714833062032,True,,0.0995969995814528,,,,0.9020001888266126,586c5d6297256b95,c3ed8a684ad1071a
PRE,validation-0237628dbff2df5bbf4f2d14ff71df39,0,4829568351509423655,coupled_z1.5_left_edge,TRAINING_COUPLED,shift,-1.25,0.0,1.5,-0.023609261192087866,-0.012048161164945318,0.9719730372926437,-0.19051512557969097,0.8617021276595744,108,0.8978606462478638,0.8907218546878569,True,,0.031806913999153086,,,,0.8690413236609351,91f2d53e265638c4,c3ed8a684ad1071a
MID,validation-0237628dbff2df5bbf4f2d14ff71df39,0,4829568351509423655,coupled_z1.5_left_edge,TRAINING_COUPLED,shift,-1.25,0.0,1.5,-0.006522403398504918,-0.01702227979986176,0.8772571409042561,-3.880918468013012,0.845360824742268,105,0.9016548991203308,0.35780190178450244,True,,0.021874909100971344,,,,0.9357193035735434,cb90a2dd95156571,c3ed8a684ad1071a
POST,validation-0237628dbff2df5bbf4f2d14ff71df39,0,4829568351509423655,coupled_z1.5_left_edge,TRAINING_COUPLED,shift,-1.25,0.0,1.5,-0.008638211382113833,0.03414213695618287,0.9109503116985852,1.6576212289804628,0.7027027027027027,84,0.8924567699432373,0.24527863353433255,True,,0.042261543571150285,,,,0.9045889916762003,ed25e0b666813bd7,c3ed8a684ad1071a
PRE,validation-0237628dbff2df5bbf4f2d14ff71df39,0,4829568351509423655,coupled_z1.5_right_edge,TRAINING_COUPLED,shift,1.25,0.0,1.5,-0.0742777979651163,-0.022259265988372086,0.9448123214966447,-2.761536741241235,0.8941176470588236,98,0.8838971853256226,-0.9579116902205359,False,,0.09304966049243993,,,,0.8876785039892856,a0418db663123593,c3ed8a684ad1071a
MID,validation-0237628dbff2df5bbf4f2d14ff71df39,0,4829568351509423655,coupled_z1.5_right_edge,TRAINING_COUPLED,shift,1.25,0.0,1.5,-0.044525587794511455,0.045986168095717775,0.8186544796527506,-3.67428227350625,0.9270833333333334,101,0.9009351134300232,-0.6956056988412237,False,,0.07681177057838907,,,,0.9188886784173215,3cdbfc146a71806c,c3ed8a684ad1071a
POST,validation-0237628dbff2df5bbf4f2d14ff71df39,0,4829568351509423655,coupled_z1.5_right_edge,TRAINING_COUPLED,shift,1.25,0.0,1.5,-0.08791625150548346,0.029628040741150774,0.7190227320204944,0.06522911181809937,1.0,85,0.8899073004722595,-0.9476348834062898,False,,0.11132927212007623,,,,0.8962306976309397,9b2d0f9bd80a7940,c3ed8a684ad1071a
PRE,validation-0237628dbff2df5bbf4f2d14ff71df39,0,4829568351509423655,legacy_center_z1,EXTRAPOLATION,identity,0.0,0.0,1.0,0.0,0.0,1.0,0.0,1.0,256,1.0,,,,,,,,1.0,e57be81bdef84c85,c3ed8a684ad1071a
MID,validation-0237628dbff2df5bbf4f2d14ff71df39,0,4829568351509423655,legacy_center_z1,EXTRAPOLATION,identity,0.0,0.0,1.0,0.0,0.0,1.0,0.0,1.0,256,1.0,,,,,,,,1.0,9a82b112f3f3e62c,c3ed8a684ad1071a
POST,validation-0237628dbff2df5bbf4f2d14ff71df39,0,4829568351509423655,legacy_center_z1,EXTRAPOLATION,identity,0.0,0.0,1.0,0.0,0.0,1.0,0.0,1.0,256,1.0,,,,,,,,1.0,796eacb51c58b766,c3ed8a684ad1071a
PRE,validation-0237628dbff2df5bbf4f2d14ff71df39,0,4829568351509423655,coupled_z1.1_center,TRAINING_COUPLED,zoom,0.0,0.0,1.1,-0.001078643620360406,0.0006765915233293007,0.9971800602182802,0.0015187119022466841,0.9834710743801653,141,0.9269858002662659,,,,0.02962876901843394,-0.002823923302527751,-0.09531017980432493,True,0.9421131576357694,0deae284f41211c5,c3ed8a684ad1071a
MID,validation-0237628dbff2df5bbf4f2d14ff71df39,0,4829568351509423655,coupled_z1.1_center,TRAINING_COUPLED,zoom,0.0,0.0,1.1,0.053351636468496215,0.01120476282020455,0.9329027713912614,-1.7358833996388228,0.8625,93,0.8982905149459839,,,,0.7287185317998571,-0.06945429429258806,-0.09531017980432493,True,0.9033083204389505,40d8172021a58bcc,c3ed8a684ad1071a
POST,validation-0237628dbff2df5bbf4f2d14ff71df39,0,4829568351509423655,coupled_z1.1_center,TRAINING_COUPLED,zoom,0.0,0.0,1.1,0.016017311217550758,0.02531081840222324,0.9378765683687664,1.4715323473633812,0.9090909090909091,132,0.9274734854698181,,,,0.6729284216180969,-0.06413692885986139,-0.09531017980432493,True,0.9295946317660234,cb697ee946bafe67,c3ed8a684ad1071a
PRE,validation-0237628dbff2df5bbf4f2d14ff71df39,0,4829568351509423655,coupled_z1.225_center,TRAINING_COUPLED,zoom,0.0,0.0,1.225,0.001143289869942013,0.0038863551646761557,0.9975152888852842,-0.5343149130702527,0.9203539823008849,131,0.9219120144844055,,,,0.012258760155383368,-0.0024878031322865,-0.20294084399669038,True,0.9412631988515977,fee224df7236c76c,c3ed8a684ad1071a
MID,validation-0237628dbff2df5bbf4f2d14ff71df39,0,4829568351509423655,coupled_z1.225_center,TRAINING_COUPLED,zoom,0.0,0.0,1.225,0.0005999226519804376,0.003061164108828257,0.9943905804119765,-0.6328419952226635,0.9130434782608695,135,0.917458176612854,,,,0.02771847871772625,-0.005625211465279665,-0.20294084399669038,True,0.940290559581274,a3edaac677aa2ea3,c3ed8a684ad1071a
POST,validation-0237628dbff2df5bbf4f2d14ff71df39,0,4829568351509423655,coupled_z1.225_center,TRAINING_COUPLED,zoom,0.0,0.0,1.225,-0.040487940103737116,-0.010531408270865013,0.8942890188467609,0.2019722758731604,0.8444444444444444,103,0.9057759642601013,,,,0.5505361392697119,-0.11172626875407482,-0.20294084399669038,True,0.9163668751707449,9b25a6bdedcd8c37,c3ed8a684ad1071a
PRE,validation-0237628dbff2df5bbf4f2d14ff71df39,0,4829568351509423655,coupled_z1.4142_center,TRAINING_COUPLED,zoom,0.0,0.0,1.4142135623730951,0.012991463165771058,0.010168525950615584,0.970592005166216,0.765376031605549,0.8214285714285714,128,0.9031726121902466,,,,0.08612623663119999,-0.029849079046577482,-0.3465735902799727,True,0.9220633506765681,20d19ddd4a0207b5,c3ed8a684ad1071a
MID,validation-0237628dbff2df5bbf4f2d14ff71df39,0,4829568351509423655,coupled_z1.4142_center,TRAINING_COUPLED,zoom,0.0,0.0,1.4142135623730951,-0.026846190305297578,-0.026596971492992887,0.6578242714877657,-4.951497021020134,0.9478260869565217,119,0.8962774872779846,,,,1.2084517103419459,-0.4188174479331818,-0.3465735902799727,True,0.919268836887017,2efed8ccbeb5395c,c3ed8a684ad1071a
POST,validation-0237628dbff2df5bbf4f2d14ff71df39,0,4829568351509423655,coupled_z1.4142_center,TRAINING_COUPLED,zoom,0.0,0.0,1.4142135623730951,0.05461471273291923,0.06779422788605696,0.6961817659988301,9.518739649969163,1.0,89,0.8870389461517334,,,,1.0449281331756868,-0.3621444946992472,-0.3465735902799727,True,0.8970346450796693,4b920190af28546e,c3ed8a684ad1071a
PRE,validation-0237628dbff2df5bbf4f2d14ff71df39,0,4829568351509423655,coupled_z1.5_center,TRAINING_COUPLED,zoom,0.0,0.0,1.5,-0.03848726012396835,0.026044799954035698,0.9471157961574349,0.8861499721787427,0.8352941176470589,97,0.8957188129425049,,,,0.13400392624505136,-0.05433391644186823,-0.4054651081081644,True,0.8810958266249428,b52aa86048dcfc61,c3ed8a684ad1071a
MID,validation-0237628dbff2df5bbf4f2d14ff71df39,0,4829568351509423655,coupled_z1.5_center,TRAINING_COUPLED,zoom,0.0,0.0,1.5,0.007060062639877747,0.03679815440603067,0.7741218023341336,-1.67077835240876,0.9222222222222223,94,0.8934785723686218,,,,0.631437934601003,-0.2560260504165917,-0.4054651081081644,True,0.9167084594608271,9ac2c752e3d02293,c3ed8a684ad1071a
POST,validation-0237628dbff2df5bbf4f2d14ff71df39,0,4829568351509423655,coupled_z1.5_center,TRAINING_COUPLED,zoom,0.0,0.0,1.5,-0.04296033684432665,0.057795809462923536,0.7306775023633603,2.1405422737904023,0.9195402298850575,90,0.8840948343276978,,,,0.7738843208469957,-0.31378308981544045,-0.4054651081081644,True,0.9041626453390615,9b718f95e49c0c33,c3ed8a684ad1071a
PRE,validation-0237628dbff2df5bbf4f2d14ff71df39,1,3331494539704842454,coupled_z1.1_left_edge,TRAINING_COUPLED,shift,-0.2100000000000002,0.0,1.1,0.0030668171596214787,0.0031517191584571336,0.9966895427148512,0.006890376722139878,0.96,142,0.9320938587188721,-0.6973876192741115,False,,0.023034937668535246,,,,0.9381656609862996,d159b874a18db41b,6d2d3f3355204299
MID,validation-0237628dbff2df5bbf4f2d14ff71df39,1,3331494539704842454,coupled_z1.1_left_edge,TRAINING_COUPLED,shift,-0.2100000000000002,0.0,1.1,-0.0010407040483064508,0.0018408372125060003,1.0018732915878792,-0.2094918338974192,0.9552238805970149,150,0.9210144877433777,0.4921399855183239,True,,0.011076740493776284,,,,0.9473277330389085,d213515de284dd52,6d2d3f3355204299
POST,validation-0237628dbff2df5bbf4f2d14ff71df39,1,3331494539704842454,coupled_z1.1_left_edge,TRAINING_COUPLED,shift,-0.2100000000000002,0.0,1.1,-0.009937933162441855,0.0006842779834804885,0.9975765132254916,-0.04618572761693719,0.9395973154362416,167,0.9324490427970886,0.997637878766768,True,,0.052179093692464325,,,,0.9727847576131629,5adfaf22dd267584,6d2d3f3355204299
PRE,validation-0237628dbff2df5bbf4f2d14ff71df39,1,3331494539704842454,coupled_z1.1_right_edge,TRAINING_COUPLED,shift,0.2100000000000002,0.0,1.1,0.0,1.474514954580286e-17,1.0,-6.633682731456134e-15,1.0,161,0.9329604506492615,0.0,False,,7.723649762087207e-17,,,,0.93639564134955,0f439e1c65db6c7c,6d2d3f3355204299
MID,validation-0237628dbff2df5bbf4f2d14ff71df39,1,3331494539704842454,coupled_z1.1_right_edge,TRAINING_COUPLED,shift,0.2100000000000002,0.0,1.1,-2.7755575615628914e-17,-1.3877787807814457e-17,1.0,6.080768673590698e-15,1.0,157,0.9341225624084473,0.0,False,,1.6254687908166658e-16,,,,0.9513167142858528,516f541b00bc5f5b,6d2d3f3355204299
POST,validation-0237628dbff2df5bbf4f2d14ff71df39,1,3331494539704842454,coupled_z1.1_right_edge,TRAINING_COUPLED,shift,0.2100000000000002,0.0,1.1,0.0023787404489271358,-0.000732869570516298,0.9968374784735758,-0.10591903956995373,0.9492753623188406,155,0.9324478507041931,0.9556717277517734,True,,0.01303802197987043,,,,0.9510840773572947,a71bcd6b38722306,6d2d3f3355204299
PRE,validation-0237628dbff2df5bbf4f2d14ff71df39,1,3331494539704842454,coupled_z1.225_left_edge,TRAINING_COUPLED,shift,-0.5006250000000003,0.0,1.225,-2.6914073714176534e-05,0.0021600269416778943,0.9992442938070448,-0.20133245183611434,0.9453125,143,0.9221169948577881,0.01245909676390243,True,,0.005285869459413937,,,,0.9318298060783251,a0a20b5c1fbd0241,6d2d3f3355204299
MID,validation-0237628dbff2df5bbf4f2d14ff71df39,1,3331494539704842454,coupled_z1.225_left_edge,TRAINING_COUPLED,shift,-0.5006250000000003,0.0,1.225,0.015908400674359353,-0.006184718893277666,0.9722744946878317,-0.0909092882186612,0.8333333333333334,132,0.9049960970878601,-0.9320419009108498,False,,0.041765207073641106,,,,0.9436223473314355,aa1520c763a06f0d,6d2d3f3355204299
POST,validation-0237628dbff2df5bbf4f2d14ff71df39,1,3331494539704842454,coupled_z1.225_left_edge,TRAINING_COUPLED,shift,-0.5006250000000003,0.0,1.225,-0.006584918276497639,-0.002846758685455461,0.996204141489061,0.2608981186428537,0.8620689655172413,133,0.9236049652099609,0.9178963133335155,True,,0.017554170772953823,,,,0.9639794187511602,aea05984b7ecd9d1,6d2d3f3355204299
PRE,validation-0237628dbff2df5bbf4f2d14ff71df39,1,3331494539704842454,coupled_z1.225_right_edge,TRAINING_COUPLED,shift,0.5006250000000003,0.0,1.225,-1.3877787807814457e-17,4.163336342344337e-17,1.0,-1.139134624887802e-14,1.0,170,0.9358412623405457,0.0,False,,1.0738504367057319e-16,,,,0.9396319389333865,d10514489837078e,6d2d3f3355204299
MID,validation-0237628dbff2df5bbf4f2d14ff71df39,1,3331494539704842454,coupled_z1.225_right_edge,TRAINING_COUPLED,shift,0.5006250000000003,0.0,1.225,0.0,1.734723475976807e-18,1.0000000000000002,-9.508879292052117e-16,1.0,158,0.9369786977767944,0.0,False,,4.2447665579457425e-18,,,,0.9443004727354143,7ed6e5380fa37b29,6d2d3f3355204299
POST,validation-0237628dbff2df5bbf4f2d14ff71df39,1,3331494539704842454,coupled_z1.225_right_edge,TRAINING_COUPLED,shift,0.5006250000000003,0.0,1.225,-1.3877787807814457e-17,1.3877787807814457e-17,1.0,-6.110160229492624e-16,1.0,179,0.9422522187232971,0.0,False,,4.802405148283704e-17,,,,0.9619916654810623,99e85aad08ea503d,6d2d3f3355204299
PRE,validation-0237628dbff2df5bbf4f2d14ff71df39,1,3331494539704842454,coupled_z1.4142_left_edge,TRAINING_COUPLED,shift,-1.0000000000000004,0.0,1.4142135623730951,-0.008775153028398208,0.007532996287179815,0.9912788122759151,-0.02610006121142215,0.8505747126436781,102,0.9075366854667664,0.7587677589539756,True,,0.016355387108501655,,,,0.9074165821066364,cd3b2b519094f9b2,6d2d3f3355204299
MID,validation-0237628dbff2df5bbf4f2d14ff71df39,1,3331494539704842454,coupled_z1.4142_left_edge,TRAINING_COUPLED,shift,-1.0000000000000004,0.0,1.4142135623730951,0.0012551694968356425,-0.0011102669340184272,1.0007652217594718,0.05085725685092921,0.897196261682243,126,0.9063893556594849,-0.7490188650620663,False,,0.002369870515687014,,,,0.9431686997404203,ed9bf8eb33388891,6d2d3f3355204299
POST,validation-0237628dbff2df5bbf4f2d14ff71df39,1,3331494539704842454,coupled_z1.4142_left_edge,TRAINING_COUPLED,shift,-1.0000000000000004,0.0,1.4142135623730951,0.011519667914259665,0.004282922253730115,0.9919803838845483,0.9364650529277875,0.8383838383838383,120,0.9019088745117188,-0.9373139874333111,False,,0.01738080388741097,,,,0.9316998720159749,46f2fe4f7b5a76bf,6d2d3f3355204299
PRE,validation-0237628dbff2df5bbf4f2d14ff71df39,1,3331494539704842454,coupled_z1.4142_right_edge,TRAINING_COUPLED,shift,1.0000000000000004,0.0,1.4142135623730951,-0.005231159807589536,-0.0016101015499732536,0.9980826747221976,0.06644825595051469,0.9,105,0.8985363245010376,-0.9557526126449183,False,,0.007740472845216426,,,,0.8934699296942359,12280d1f75c3152e,6d2d3f3355204299
MID,validation-0237628dbff2df5bbf4f2d14ff71df39,1,3331494539704842454,coupled_z1.4142_right_edge,TRAINING_COUPLED,shift,1.0000000000000004,0.0,1.4142135623730951,-6.938893903907228e-18,0.0,1.0,4.189957552189449e-15,1.0,132,0.9218583703041077,0.0,False,,9.81307786677359e-18,,,,0.950814363407994,554e0bbd77018d31,6d2d3f3355204299
POST,validation-0237628dbff2df5bbf4f2d14ff71df39,1,3331494539704842454,coupled_z1.4142_right_edge,TRAINING_COUPLED,shift,1.0000000000000004,0.0,1.4142135623730951,-0.005351778095123119,-0.0020759383509028687,0.9889918983312446,-0.10725617061493829,0.9117647058823529,150,0.9227433204650879,-0.9323167273487825,False,,0.0081180106942759,,,,0.9359863400449929,00790ab0cc4382a9,6d2d3f3355204299
PRE,validation-0237628dbff2df5bbf4f2d14ff71df39,1,3331494539704842454,coupled_z1.5_left_edge,TRAINING_COUPLED,shift,-1.25,0.0,1.5,0.01807471611279396,-0.0003985304447078897,0.9983154974556354,0.7199756910697697,0.7848101265822784,98,0.8784967660903931,-0.9997570080739846,False,,0.021694931026988117,,,,0.8766906261435324,284bc0f12d0e9d49,6d2d3f3355204299
MID,validation-0237628dbff2df5bbf4f2d14ff71df39,1,3331494539704842454,coupled_z1.5_left_edge,TRAINING_COUPLED,shift,-1.25,0.0,1.5,0.011862012831561798,0.005090491238149905,0.9821711338391125,-1.2221120745550087,0.819047619047619,126,0.8939610719680786,-0.9189549863242262,False,,0.015489785254322201,,,,0.9415069818487288,21131199a2159651,6d2d3f3355204299
POST,validation-0237628dbff2df5bbf4f2d14ff71df39,1,3331494539704842454,coupled_z1.5_left_edge,TRAINING_COUPLED,shift,-1.25,0.0,1.5,0.010308802850845816,0.008994907304295197,0.9492366595387216,-0.2720811244975629,0.8434782608695652,129,0.9040524959564209,-0.753492224745078,False,,0.016417639112487416,,,,0.9291312652299212,2d3442960248769f,6d2d3f3355204299
PRE,validation-0237628dbff2df5bbf4f2d14ff71df39,1,3331494539704842454,coupled_z1.5_right_edge,TRAINING_COUPLED,shift,1.25,0.0,1.5,0.014590217064803207,-0.0024129290310340923,0.9815277686062935,-0.28645897603146847,0.8536585365853658,93,0.8923047184944153,0.9865990146406383,True,,0.017746075372597453,,,,0.8504375397628934,e66cb5cec046e3ee,6d2d3f3355204299
MID,validation-0237628dbff2df5bbf4f2d14ff71df39,1,3331494539704842454,coupled_z1.5_right_edge,TRAINING_COUPLED,shift,1.25,0.0,1.5,0.002935153441271876,0.0010522759690698262,1.0044193139814706,0.005805101348598569,0.9107142857142857,125,0.9143427014350891,0.9413341925370581,True,,0.0037416936047737054,,,,0.9248476624479581,bffb823e6961a7fa,6d2d3f3355204299
POST,validation-0237628dbff2df5bbf4f2d14ff71df39,1,3331494539704842454,coupled_z1.5_right_edge,TRAINING_COUPLED,shift,1.25,0.0,1.5,0.00033619891291179066,0.00029779163565234884,0.9936132673879154,-0.07161968708944794,0.8617886178861789,138,0.9186254143714905,0.748571097311431,True,,0.0005389450592805377,,,,0.9126230478277616,1ae572294d669cb1,6d2d3f3355204299
PRE,validation-0237628dbff2df5bbf4f2d14ff71df39,1,3331494539704842454,legacy_center_z1,EXTRAPOLATION,identity,0.0,0.0,1.0,0.0,0.0,1.0,0.0,1.0,256,1.0,,,,,,,,1.0,7e0c812271a7ce97,6d2d3f3355204299
MID,validation-0237628dbff2df5bbf4f2d14ff71df39,1,3331494539704842454,legacy_center_z1,EXTRAPOLATION,identity,0.0,0.0,1.0,0.0,0.0,1.0,0.0,1.0,256,1.0,,,,,,,,1.0,563db259a6084781,6d2d3f3355204299
POST,validation-0237628dbff2df5bbf4f2d14ff71df39,1,3331494539704842454,legacy_center_z1,EXTRAPOLATION,identity,0.0,0.0,1.0,0.0,0.0,1.0,0.0,1.0,256,1.0,,,,,,,,1.0,bd5dd4083e997b50,6d2d3f3355204299
PRE,validation-0237628dbff2df5bbf4f2d14ff71df39,1,3331494539704842454,coupled_z1.1_center,TRAINING_COUPLED,zoom,0.0,0.0,1.1,0.0010285680293498911,-0.001051785926737065,0.9992827248429349,0.1314885801008851,0.9708029197080292,151,0.9411214590072632,,,,0.007528393330478261,-0.0007175325219655637,-0.09531017980432493,True,0.9564905140682737,110f34aaa8823fa6,6d2d3f3355204299
MID,validation-0237628dbff2df5bbf4f2d14ff71df39,1,3331494539704842454,coupled_z1.1_center,TRAINING_COUPLED,zoom,0.0,0.0,1.1,0.0019148038318413906,-0.0008933336392109251,0.9974257986648822,-0.0009710138086203908,0.9777777777777777,149,0.9283542633056641,,,,0.02704349413314653,-0.0025775202883674023,-0.09531017980432493,True,0.9616101980199734,1792861209bba11c,6d2d3f3355204299
POST,validation-0237628dbff2df5bbf4f2d14ff71df39,1,3331494539704842454,coupled_z1.1_center,TRAINING_COUPLED,zoom,0.0,0.0,1.1,-1.3877787807814457e-17,-2.7755575615628914e-17,0.9999999999999999,2.5983021541580226e-16,1.0,187,0.9497551918029785,,,,1.1648525130311185e-15,-1.1102230246251565e-16,-0.09531017980432493,True,0.9578859806051211,0b5bc5f2537c1ba4,6d2d3f3355204299
PRE,validation-0237628dbff2df5bbf4f2d14ff71df39,1,3331494539704842454,coupled_z1.225_center,TRAINING_COUPLED,zoom,0.0,0.0,1.225,0.0035952012486982,0.0022132895259049518,0.9985082616830157,-0.24599889421610294,0.916030534351145,147,0.9318341016769409,,,,0.007356094697057299,-0.0014928520663403866,-0.20294084399669038,True,0.9366403818121126,a53d0c0425845be4,6d2d3f3355204299
MID,validation-0237628dbff2df5bbf4f2d14ff71df39,1,3331494539704842454,coupled_z1.225_center,TRAINING_COUPLED,zoom,0.0,0.0,1.225,-4.163336342344337e-17,1.3877787807814457e-17,1.0,-7.003698012102374e-15,1.0,162,0.9288350939750671,,,,-0.0,0.0,-0.20294084399669038,False,0.9587008357038447,fcbedf45c290c066,6d2d3f3355204299
POST,validation-0237628dbff2df5bbf4f2d14ff71df39,1,3331494539704842454,coupled_z1.225_center,TRAINING_COUPLED,zoom,0.0,0.0,1.225,-0.0032322246996160167,-0.0011321839424924957,0.9943421365411116,0.03488211440679767,0.9375,157,0.9224135279655457,,,,0.027958540459541836,-0.005673929797775036,-0.20294084399669038,True,0.9342572689047053,4f985969ee4a4cb4,6d2d3f3355204299
PRE,validation-0237628dbff2df5bbf4f2d14ff71df39,1,3331494539704842454,coupled_z1.4142_center,TRAINING_COUPLED,zoom,0.0,0.0,1.4142135623730951,0.0021778969825301253,-0.0025327061247792104,0.9971941476654392,0.2237267833633371,0.9509803921568627,119,0.9192399978637695,,,,0.00810735784799513,-0.0028097961170641854,-0.3465735902799727,True,0.9376891814275652,755e275c80ac2430,6d2d3f3355204299
MID,validation-0237628dbff2df5bbf4f2d14ff71df39,1,3331494539704842454,coupled_z1.4142_center,TRAINING_COUPLED,zoom,0.0,0.0,1.4142135623730951,0.0029917030103180364,-0.002094025901499864,0.9995822928031185,0.08619911506762963,0.937007874015748,143,0.9145156741142273,,,,0.001205499993512268,-0.00041779446083403053,-0.3465735902799727,True,0.9454127517579133,843da26b9eb46a10,6d2d3f3355204299
POST,validation-0237628dbff2df5bbf4f2d14ff71df39,1,3331494539704842454,coupled_z1.4142_center,TRAINING_COUPLED,zoom,0.0,0.0,1.4142135623730951,0.006587053288317379,0.001872686038013896,0.9977670641543465,0.22647668985898992,0.9,138,0.9161850214004517,,,,0.0064500949494175185,-0.0022354325642663484,-0.3465735902799727,True,0.9408958554258473,ac022996d9076216,6d2d3f3355204299
PRE,validation-0237628dbff2df5bbf4f2d14ff71df39,1,3331494539704842454,coupled_z1.5_center,TRAINING_COUPLED,zoom,0.0,0.0,1.5,-0.0012391197681607957,-0.0005596643036395454,0.9905216543380035,-0.03355583366859508,0.9148936170212766,109,0.9089617729187012,,,,0.02348796694165597,-0.00952355105523953,-0.4054651081081644,True,0.9183918931007865,04ea238cec275605,6d2d3f3355204299
MID,validation-0237628dbff2df5bbf4f2d14ff71df39,1,3331494539704842454,coupled_z1.5_center,TRAINING_COUPLED,zoom,0.0,0.0,1.5,0.008906817128023187,-0.0007817045330372101,0.9950419020283516,-0.1145323971273917,0.925,139,0.9074155688285828,,,,0.012258589011857576,-0.004970430118946388,-0.4054651081081644,True,0.9398670196523804,dcce747b8a531d98,6d2d3f3355204299
POST,validation-0237628dbff2df5bbf4f2d14ff71df39,1,3331494539704842454,coupled_z1.5_center,TRAINING_COUPLED,zoom,0.0,0.0,1.5,-0.0035119868978534807,0.0007424302159477897,0.9938774276681699,-0.11037176011830115,0.9069767441860465,142,0.9172747135162354,,,,0.01514653668438522,-0.0061413921341985315,-0.4054651081081644,True,0.9260367155065812,13b1aae3e4a18dac,6d2d3f3355204299
PRE,validation-0237628dbff2df5bbf4f2d14ff71df39,2,232387407149739552,coupled_z1.1_left_edge,TRAINING_COUPLED,shift,-0.2100000000000002,0.0,1.1,-0.0007873577802420262,0.00021595850815690765,1.0002963306315498,0.4424317080396228,0.935064935064935,167,0.9388137459754944,0.9643820632018436,True,,0.004276577894045113,,,,0.9632281639106276,0da6039360b49466,e1c754fef34e41f3
MID,validation-0237628dbff2df5bbf4f2d14ff71df39,2,232387407149739552,coupled_z1.1_left_edge,TRAINING_COUPLED,shift,-0.2100000000000002,0.0,1.1,1.3877787807814457e-17,0.0,1.0,-3.088490083927436e-15,1.0,191,0.9499666690826416,0.0,False,,7.2693174231409e-17,,,,0.9598936438550886,47883a6f376d634c,e1c754fef34e41f3
POST,validation-0237628dbff2df5bbf4f2d14ff71df39,2,232387407149739552,coupled_z1.1_left_edge,TRAINING_COUPLED,shift,-0.2100000000000002,0.0,1.1,-2.7755575615628914e-17,2.7755575615628914e-17,1.0,2.1131556931650324e-15,1.0,162,0.9382514357566833,0.0,True,,2.05607345780018e-16,,,,0.9401637208745116,d958a3d3ee2a0d85,e1c754fef34e41f3
PRE,validation-0237628dbff2df5bbf4f2d14ff71df39,2,232387407149739552,coupled_z1.1_right_edge,TRAINING_COUPLED,shift,0.2100000000000002,0.0,1.1,0.0017702319191406483,-0.0008566720677016179,0.9998123777548162,0.042511645182189146,0.9513888888888888,156,0.9328742623329163,0.9001376695647765,True,,0.010301361308165845,,,,0.9544917290787366,38cc335410716eef,e1c754fef34e41f3
MID,validation-0237628dbff2df5bbf4f2d14ff71df39,2,232387407149739552,coupled_z1.1_right_edge,TRAINING_COUPLED,shift,0.2100000000000002,0.0,1.1,0.0,6.938893903907228e-18,1.0000000000000002,-2.3200408538559947e-15,1.0,208,0.9581876993179321,0.0,False,,3.63465871157045e-17,,,,0.968098998068795,3641a0d16995f11d,e1c754fef34e41f3
POST,validation-0237628dbff2df5bbf4f2d14ff71df39,2,232387407149739552,coupled_z1.1_right_edge,TRAINING_COUPLED,shift,0.2100000000000002,0.0,1.1,2.7755575615628914e-17,0.0,1.0,-7.741535592861956e-15,1.0,201,0.95267254114151,0.0,True,,1.45386348462818e-16,,,,0.9736534937403892,38ccf6805f0a9e7c,e1c754fef34e41f3
PRE,validation-0237628dbff2df5bbf4f2d14ff71df39,2,232387407149739552,coupled_z1.225_left_edge,TRAINING_COUPLED,shift,-0.5006250000000003,0.0,1.225,0.003625469736947311,0.000890572707855029,1.0010451999780787,0.02157405120434155,0.927536231884058,152,0.9242996573448181,-0.9711298158511168,False,,0.009135042056438574,,,,0.9464115468499463,d87c94ee1bba9986,e1c754fef34e41f3
MID,validation-0237628dbff2df5bbf4f2d14ff71df39,2,232387407149739552,coupled_z1.225_left_edge,TRAINING_COUPLED,shift,-0.5006250000000003,0.0,1.225,2.7755575615628914e-17,6.071532165918825e-18,1.0,2.1043460466529502e-15,1.0,197,0.9538537263870239,0.0,False,,6.952222716522164e-17,,,,0.9716057181348621,c4cccf253782f9e8,e1c754fef34e41f3
POST,validation-0237628dbff2df5bbf4f2d14ff71df39,2,232387407149739552,coupled_z1.225_left_edge,TRAINING_COUPLED,shift,-0.5006250000000003,0.0,1.225,-2.7755575615628914e-17,6.938893903907228e-18,1.0,1.1303734466536286e-15,1.0,199,0.9502235054969788,0.0,True,,7.000648349799922e-17,,,,0.9620816662399287,e34d3aa10c598c97,e1c754fef34e41f3
PRE,validation-0237628dbff2df5bbf4f2d14ff71df39,2,232387407149739552,coupled_z1.225_right_edge,TRAINING_COUPLED,shift,0.5006250000000003,0.0,1.225,0.0002197683611160385,-0.0011327922282633879,0.9998342051335275,0.16120197349787696,0.8898305084745762,129,0.9110179543495178,0.19045479638896412,True,,0.002823558626164527,,,,0.9474041399235955,fea354d2ec49abc5,e1c754fef34e41f3
MID,validation-0237628dbff2df5bbf4f2d14ff71df39,2,232387407149739552,coupled_z1.225_right_edge,TRAINING_COUPLED,shift,0.5006250000000003,0.0,1.225,0.0,-6.938893903907228e-18,0.9999999999999999,-8.402864066741384e-15,1.0,177,0.9448235034942627,0.0,False,,1.697906623178297e-17,,,,0.9540390968313213,c868307e38870d93,e1c754fef34e41f3
POST,validation-0237628dbff2df5bbf4f2d14ff71df39,2,232387407149739552,coupled_z1.225_right_edge,TRAINING_COUPLED,shift,0.5006250000000003,0.0,1.225,0.0,6.938893903907228e-18,1.0,-1.2791000127699883e-16,1.0,185,0.9476349949836731,0.0,False,,1.697906623178297e-17,,,,0.9505773753262418,5ce93e4f03a49e73,e1c754fef34e41f3
PRE,validation-0237628dbff2df5bbf4f2d14ff71df39,2,232387407149739552,coupled_z1.4142_left_edge,TRAINING_COUPLED,shift,-1.0000000000000004,0.0,1.4142135623730951,-0.00281555610904596,-0.0004875676132919185,0.9807008751256725,0.27016527156161296,0.8055555555555556,124,0.9013550877571106,0.985335221470149,True,,0.004041058866365892,,,,0.9351556858503817,eec7df8c1cc4a1ce,e1c754fef34e41f3
MID,validation-0237628dbff2df5bbf4f2d14ff71df39,2,232387407149739552,coupled_z1.4142_left_edge,TRAINING_COUPLED,shift,-1.0000000000000004,0.0,1.4142135623730951,0.004134563711344963,-2.6407662262313558e-05,1.000798555984323,-0.03979554155890508,0.9675324675324676,167,0.9355762004852295,-0.9999796030826282,False,,0.005847275339471672,,,,0.9430035352697478,76941ea971e47d6d,e1c754fef34e41f3
POST,validation-0237628dbff2df5bbf4f2d14ff71df39,2,232387407149739552,coupled_z1.4142_left_edge,TRAINING_COUPLED,shift,-1.0000000000000004,0.0,1.4142135623730951,-4.98327353405173e-05,-0.0014841488568803824,0.9969197833594697,-0.04817905681440786,0.9588235294117647,185,0.93260258436203,0.03355773129170145,True,,0.0021000862510339247,,,,0.9692406636014225,046912c682a53fb3,e1c754fef34e41f3
PRE,validation-0237628dbff2df5bbf4f2d14ff71df39,2,232387407149739552,coupled_z1.4142_right_edge,TRAINING_COUPLED,shift,1.0000000000000004,0.0,1.4142135623730951,0.019329749622834184,-0.004226289348430223,0.9965026372933546,0.5174008528132086,0.865979381443299,113,0.895659863948822,0.9769220987865254,True,,0.027982163681106318,,,,0.8935072954590503,0ab99d819513b524,e1c754fef34e41f3
MID,validation-0237628dbff2df5bbf4f2d14ff71df39,2,232387407149739552,coupled_z1.4142_right_edge,TRAINING_COUPLED,shift,1.0000000000000004,0.0,1.4142135623730951,-0.0027874260880955265,-0.00019454502077018154,0.9925318664973334,-0.06859134192460901,0.9426751592356688,167,0.9318715929985046,-0.9975732753448082,False,,0.003951605233750455,,,,0.9573440500898385,31447cd187752abb,e1c754fef34e41f3
POST,validation-0237628dbff2df5bbf4f2d14ff71df39,2,232387407149739552,coupled_z1.4142_right_edge,TRAINING_COUPLED,shift,1.0000000000000004,0.0,1.4142135623730951,-0.0008567452853565777,-6.349812263854726e-05,0.9990188204538062,-0.061245663072683074,0.9379310344827586,169,0.9281811118125916,-0.9972647069780779,False,,0.0012149440279777032,,,,0.957129354133764,81fda494b2d0a1c2,e1c754fef34e41f3
PRE,validation-0237628dbff2df5bbf4f2d14ff71df39,2,232387407149739552,coupled_z1.5_left_edge,TRAINING_COUPLED,shift,-1.25,0.0,1.5,0.0697843895487684,-0.017659449252846113,0.9578518706810152,-1.07820860385909,0.8686868686868687,110,0.887570858001709,-0.9694411077605182,False,,0.08638097434363465,,,,0.9093349521946726,20dfe238d712072f,e1c754fef34e41f3
MID,validation-0237628dbff2df5bbf4f2d14ff71df39,2,232387407149739552,coupled_z1.5_left_edge,TRAINING_COUPLED,shift,-1.25,0.0,1.5,0.0040660359985540545,-0.002180511127631929,0.9972471860431844,-0.13245018554217355,0.9538461538461539,148,0.9226944446563721,-0.8812744074110768,False,,0.005536576525953592,,,,0.9462830488334909,3343be1e7b82a8ff,e1c754fef34e41f3
POST,validation-0237628dbff2df5bbf4f2d14ff71df39,2,232387407149739552,coupled_z1.5_left_edge,TRAINING_COUPLED,shift,-1.25,0.0,1.5,0.0017555543474321233,-0.001729645763111137,0.9973464030896896,0.0283040421145646,0.9361702127659575,155,0.9221992492675781,-0.7123436501178274,False,,0.0029573720711124655,,,,0.9500356286775881,f8ec8d9ca3972338,e1c754fef34e41f3
PRE,validation-0237628dbff2df5bbf4f2d14ff71df39,2,232387407149739552,coupled_z1.5_right_edge,TRAINING_COUPLED,shift,1.25,0.0,1.5,0.014716922164871984,-0.007373362459484251,0.9845125498601938,0.25800964677908617,0.7954545454545454,103,0.8880615234375,0.8940647895076653,True,,0.01975282642132001,,,,0.8324733872687472,b0a66432dc652102,e1c754fef34e41f3
MID,validation-0237628dbff2df5bbf4f2d14ff71df39,2,232387407149739552,coupled_z1.5_right_edge,TRAINING_COUPLED,shift,1.25,0.0,1.5,-0.0010463822471176998,-0.007182558389429279,0.9960397816907738,-0.3545224080914891,0.9224137931034483,133,0.91293865442276,-0.1441619809927841,False,,0.008710054396356396,,,,0.9329550266256539,4733902da3803e60,e1c754fef34e41f3
POST,validation-0237628dbff2df5bbf4f2d14ff71df39,2,232387407149739552,coupled_z1.5_right_edge,TRAINING_COUPLED,shift,1.25,0.0,1.5,0.0010478655268478382,-0.005755888948275181,1.003371012333605,-0.34169383960239136,0.9047619047619048,143,0.917420506477356,0.17910718841453138,True,,0.007020592769561182,,,,0.9613047838201446,4d246ca038bbb0d1,e1c754fef34e41f3
PRE,validation-0237628dbff2df5bbf4f2d14ff71df39,2,232387407149739552,legacy_center_z1,EXTRAPOLATION,identity,0.0,0.0,1.0,0.0,0.0,1.0,0.0,1.0,256,1.0,,,,,,,,1.0,3b07bcc2255e140f,e1c754fef34e41f3
MID,validation-0237628dbff2df5bbf4f2d14ff71df39,2,232387407149739552,legacy_center_z1,EXTRAPOLATION,identity,0.0,0.0,1.0,0.0,0.0,1.0,0.0,1.0,256,1.0,,,,,,,,1.0,1c0a680161868f57,e1c754fef34e41f3
POST,validation-0237628dbff2df5bbf4f2d14ff71df39,2,232387407149739552,legacy_center_z1,EXTRAPOLATION,identity,0.0,0.0,1.0,0.0,0.0,1.0,0.0,1.0,256,1.0,,,,,,,,1.0,00e8e5bcb9ecb133,e1c754fef34e41f3
PRE,validation-0237628dbff2df5bbf4f2d14ff71df39,2,232387407149739552,coupled_z1.1_center,TRAINING_COUPLED,zoom,0.0,0.0,1.1,0.003955481380449481,0.0030892593473146185,0.9972855431223353,0.34816612389514795,0.9591836734693877,162,0.9378942847251892,,,,0.02851896515014303,-0.002718147696293409,-0.09531017980432493,True,0.9558834407250526,89d9f25031d2e8c4,e1c754fef34e41f3
MID,validation-0237628dbff2df5bbf4f2d14ff71df39,2,232387407149739552,coupled_z1.1_center,TRAINING_COUPLED,zoom,0.0,0.0,1.1,0.013689740029789413,-0.0007921201811372756,0.976447723836618,-0.9545725143978225,0.9090909090909091,151,0.9245225787162781,,,,0.2500684015583224,-0.023834064315903836,-0.09531017980432493,True,0.9523305353714794,6cc977d4c63c6e19,e1c754fef34e41f3
POST,validation-0237628dbff2df5bbf4f2d14ff71df39,2,232387407149739552,coupled_z1.1_center,TRAINING_COUPLED,zoom,0.0,0.0,1.1,0.0014134026622814252,5.567183052092306e-05,0.9927592409666386,0.11584875279008519,0.9624060150375939,147,0.9359714388847351,,,,0.07624684557407106,-0.00726710056117731,-0.09531017980432493,True,0.9549704763266119,32d27cd824395ef5,e1c754fef34e41f3
PRE,validation-0237628dbff2df5bbf4f2d14ff71df39,2,232387407149739552,coupled_z1.225_center,TRAINING_COUPLED,zoom,0.0,0.0,1.225,0.0006456742358255385,0.006884117209587648,0.9672456348661096,-0.4774844882568639,0.8778625954198473,145,0.9236240983009338,,,,0.16410101430675303,-0.033302798344125424,-0.20294084399669038,True,0.9462313023934024,c346e0897d936feb,e1c754fef34e41f3
MID,validation-0237628dbff2df5bbf4f2d14ff71df39,2,232387407149739552,coupled_z1.225_center,TRAINING_COUPLED,zoom,0.0,0.0,1.225,-0.0019398006387462627,-0.0022809865994994905,0.9866356184090889,-0.2949304014665022,0.9312977099236641,148,0.9258462190628052,,,,0.06629758894719469,-0.013454488655889342,-0.20294084399669038,True,0.9469679594030447,cccfc999e4bc496e,e1c754fef34e41f3
POST,validation-0237628dbff2df5bbf4f2d14ff71df39,2,232387407149739552,coupled_z1.225_center,TRAINING_COUPLED,zoom,0.0,0.0,1.225,-0.0067952607939578274,-0.005082980480325905,0.9992978717765981,-0.3690313113078824,0.9158878504672897,125,0.9240782260894775,,,,0.0034609830974907593,-0.0007023748308630544,-0.20294084399669038,True,0.9377466999132018,fe837d146205199d,e1c754fef34e41f3
PRE,validation-0237628dbff2df5bbf4f2d14ff71df39,2,232387407149739552,coupled_z1.4142_center,TRAINING_COUPLED,zoom,0.0,0.0,1.4142135623730951,-0.0017893509992204792,0.010768362229208295,0.9687063266092204,-1.0570561903767088,0.8990825688073395,126,0.9138022065162659,,,,0.09173746191960756,-0.03179378154065067,-0.3465735902799727,True,0.9425472582895426,ae361953014cb531,e1c754fef34e41f3
MID,validation-0237628dbff2df5bbf4f2d14ff71df39,2,232387407149739552,coupled_z1.4142_center,TRAINING_COUPLED,zoom,0.0,0.0,1.4142135623730951,0.0029346409196343154,-0.0034646830290676056,0.9957765303777352,-0.040884581229451274,0.9420289855072463,157,0.9190465807914734,,,,0.012212164402972315,-0.004232413662227394,-0.3465735902799727,True,0.9609220027913974,6acc1f332ee13e5c,e1c754fef34e41f3
POST,validation-0237628dbff2df5bbf4f2d14ff71df39,2,232387407149739552,coupled_z1.4142_center,TRAINING_COUPLED,zoom,0.0,0.0,1.4142135623730951,0.000380611455108358,-0.0011785990712074451,1.0020741860068205,0.19950097801867792,0.9302325581395349,144,0.9154870510101318,,,,-0.005978637469997268,0.0020720378529593257,-0.3465735902799727,False,0.949638602115075,6bb71a5c3d396387,e1c754fef34e41f3
PRE,validation-0237628dbff2df5bbf4f2d14ff71df39,2,232387407149739552,coupled_z1.5_center,TRAINING_COUPLED,zoom,0.0,0.0,1.5,0.002183421343232725,0.0021070612525404403,0.9765560812713281,-0.8722830805155701,0.8105263157894737,112,0.9145292639732361,,,,0.05850836223063701,-0.023723099417076877,-0.4054651081081644,True,0.9266040877454604,c9e317c1152ee214,e1c754fef34e41f3
MID,validation-0237628dbff2df5bbf4f2d14ff71df39,2,232387407149739552,coupled_z1.5_center,TRAINING_COUPLED,zoom,0.0,0.0,1.5,0.005228549297492842,-0.0026586691519937256,0.9753312494094528,0.0002311758539064464,0.8507462686567164,151,0.9158165454864502,,,,0.06160363049821707,-0.024978122699814996,-0.4054651081081644,True,0.9328482747068613,e3c70f5eadf89b12,e1c754fef34e41f3
POST,validation-0237628dbff2df5bbf4f2d14ff71df39,2,232387407149739552,coupled_z1.5_center,TRAINING_COUPLED,zoom,0.0,0.0,1.5,-0.0022415237126661965,-0.002901268264959664,0.9988808987107762,-0.21575560224887488,0.937007874015748,146,0.9183316230773926,,,,0.002761588921600124,-0.0011197279506469035,-0.4054651081081644,True,0.9498087137814032,9f3e3f6e1e412dbe,e1c754fef34e41f3
PRE,validation-06d9514822e9abec634ec50b9dacf8c8,0,4890825084480356091,coupled_z1.1_left_edge,TRAINING_COUPLED,shift,-0.2100000000000002,0.0,1.1,-0.00033569261105892423,2.2285851485573382e-05,0.9979944487772655,-0.01771435094662644,0.9867549668874173,166,0.9431917071342468,0.9978035803993737,True,,0.0017622605035856143,,,,0.9702628254880739,7d4c66ce184127fa,70cd6e94550dea93
MID,validation-06d9514822e9abec634ec50b9dacf8c8,0,4890825084480356091,coupled_z1.1_left_edge,TRAINING_COUPLED,shift,-0.2100000000000002,0.0,1.1,5.551115123125783e-17,-1.7564075194265172e-17,1.0,-4.895963310127536e-15,1.0,172,0.9406665563583374,0.0,False,,3.0498062927312425e-16,,,,0.9580436323897576,02e8f4bd65cf0a0d,70cd6e94550dea93
POST,validation-06d9514822e9abec634ec50b9dacf8c8,0,4890825084480356091,coupled_z1.1_left_edge,TRAINING_COUPLED,shift,-0.2100000000000002,0.0,1.1,-0.0009043657741881483,-0.0029716705108735614,0.9962128445939542,-0.13547212430611053,0.9647887323943662,157,0.9228469133377075,0.29114520796848703,True,,0.016270760835588448,,,,0.939904510973944,6fe951259e04cf45,70cd6e94550dea93
PRE,validation-06d9514822e9abec634ec50b9dacf8c8,0,4890825084480356091,coupled_z1.1_right_edge,TRAINING_COUPLED,shift,0.2100000000000002,0.0,1.1,0.0022129162137840414,0.00303029638979474,0.9999151392641697,0.36531809365322543,0.9047619047619048,125,0.9028446674346924,0.5897505522973847,True,,0.01965486224708019,,,,0.9662950634946696,920fa6ca4bda8ae0,70cd6e94550dea93
MID,validation-06d9514822e9abec634ec50b9dacf8c8,0,4890825084480356091,coupled_z1.1_right_edge,TRAINING_COUPLED,shift,0.2100000000000002,0.0,1.1,0.001906996785764295,0.005206877610596211,0.994704681820862,0.10185080785079335,0.9345794392523364,124,0.9072878360748291,0.34390622180605135,True,,0.029045798359450117,,,,0.9410995244970447,10f8b990988c0cf7,70cd6e94550dea93
POST,validation-06d9514822e9abec634ec50b9dacf8c8,0,4890825084480356091,coupled_z1.1_right_edge,TRAINING_COUPLED,shift,0.2100000000000002,0.0,1.1,0.014512132531454724,0.005750813520627646,0.975428679722992,0.05253898392383252,0.7647058823529411,112,0.8962678909301758,0.9296656317661806,True,,0.0817669597376606,,,,0.9279220104208249,5e3bfaf9c8dc56d8,70cd6e94550dea93
PRE,validation-06d9514822e9abec634ec50b9dacf8c8,0,4890825084480356091,coupled_z1.225_left_edge,TRAINING_COUPLED,shift,-0.5006250000000003,0.0,1.225,-0.004383496564829781,-0.0021232275983043697,0.9914098100917783,-0.4764682207779409,0.9153846153846154,142,0.9190080761909485,0.8999836230690093,True,,0.011918171181005244,,,,0.9582370519628478,ee2eb3501d9c8957,70cd6e94550dea93
MID,validation-06d9514822e9abec634ec50b9dacf8c8,0,4890825084480356091,coupled_z1.225_left_edge,TRAINING_COUPLED,shift,-0.5006250000000003,0.0,1.225,-0.004290310575177064,-0.0029731142298928676,0.993610074741189,-0.16796607650241538,0.9241379310344827,160,0.9262880086898804,0.8219321651655258,True,,0.01277251174292808,,,,0.9337754806136974,15ccdd65663d30f5,70cd6e94550dea93
POST,validation-06d9514822e9abec634ec50b9dacf8c8,0,4890825084480356091,coupled_z1.225_left_edge,TRAINING_COUPLED,shift,-0.5006250000000003,0.0,1.225,-0.014292073663565275,0.0035924573739424467,0.9822326010016498,-0.27451456437989347,0.8740157480314961,144,0.9194068908691406,0.9698313318368746,True,,0.036059739966986006,,,,0.932495530395501,ff0689f4735c6655,70cd6e94550dea93
PRE,validation-06d9514822e9abec634ec50b9dacf8c8,0,4890825084480356091,coupled_z1.225_right_edge,TRAINING_COUPLED,shift,0.5006250000000003,0.0,1.225,0.008255355711544551,-0.002956115955405514,0.9821103895364253,0.20815826650352162,0.7920792079207921,120,0.8817072510719299,0.9414607476005322,True,,0.021456413424929526,,,,0.9544236659994118,e461369e9056287a,70cd6e94550dea93
MID,validation-06d9514822e9abec634ec50b9dacf8c8,0,4890825084480356091,coupled_z1.225_right_edge,TRAINING_COUPLED,shift,0.5006250000000003,0.0,1.225,0.0003564408614401826,0.0014368020738377008,0.9986840365156915,0.028764087726928553,0.968421052631579,115,0.9000673890113831,0.2407806997731794,True,,0.00362234129465902,,,,0.9321481585493302,307d752e73f707ec,70cd6e94550dea93
POST,validation-06d9514822e9abec634ec50b9dacf8c8,0,4890825084480356091,coupled_z1.225_right_edge,TRAINING_COUPLED,shift,0.5006250000000003,0.0,1.225,0.010091533941659653,0.022535839314469244,0.955941705515622,0.19914997959696412,0.8469387755102041,112,0.8815115690231323,0.4086937344442234,True,,0.06042028378273773,,,,0.9290471630711303,67426f658aec819c,70cd6e94550dea93
PRE,validation-06d9514822e9abec634ec50b9dacf8c8,0,4890825084480356091,coupled_z1.4142_left_edge,TRAINING_COUPLED,shift,-1.0000000000000004,0.0,1.4142135623730951,-0.06954048196501365,0.08415681923731877,0.729914524585833,3.7675212658750867,0.9886363636363636,89,0.8717348575592041,0.6369883237839375,True,,0.1543907306548494,,,,0.9347476959219168,090f9573430e21c8,70cd6e94550dea93
MID,validation-06d9514822e9abec634ec50b9dacf8c8,0,4890825084480356091,coupled_z1.4142_left_edge,TRAINING_COUPLED,shift,-1.0000000000000004,0.0,1.4142135623730951,-0.11117054914110944,0.09715242672881809,0.8743544566539526,2.5316441141068253,0.9029126213592233,110,0.8880517482757568,0.7529854025773332,True,,0.20879408524014362,,,,0.9133741259565755,521e45e5cb343289,70cd6e94550dea93
POST,validation-06d9514822e9abec634ec50b9dacf8c8,0,4890825084480356091,coupled_z1.4142_left_edge,TRAINING_COUPLED,shift,-1.0000000000000004,0.0,1.4142135623730951,-0.034813532469071734,0.01568333374001743,0.9767208264530067,-0.1767779916954387,0.8691588785046729,125,0.9012923836708069,0.9117524235949197,True,,0.05399905555055347,,,,0.911699950694126,5cbd25ba12b46760,70cd6e94550dea93
PRE,validation-06d9514822e9abec634ec50b9dacf8c8,0,4890825084480356091,coupled_z1.4142_right_edge,TRAINING_COUPLED,shift,1.0000000000000004,0.0,1.4142135623730951,0.18059134032246854,0.05862220814437691,0.7963264733708078,-10.12171088519244,0.987012987012987,80,0.8246530294418335,0.9511423486695559,True,,0.268513669995359,,,,0.8978929519644341,2d2ea85d51655e70,70cd6e94550dea93
MID,validation-06d9514822e9abec634ec50b9dacf8c8,0,4890825084480356091,coupled_z1.4142_right_edge,TRAINING_COUPLED,shift,1.0000000000000004,0.0,1.4142135623730951,0.1404852854267193,0.09375629759281945,0.8084682142976556,-7.599987867926156,0.9897959183673469,106,0.8869300484657288,0.8317784575733278,True,,0.23885710690594947,,,,0.915279388426819,b0eedaf532e0c003,70cd6e94550dea93
POST,validation-06d9514822e9abec634ec50b9dacf8c8,0,4890825084480356091,coupled_z1.4142_right_edge,TRAINING_COUPLED,shift,1.0000000000000004,0.0,1.4142135623730951,0.1215970563324516,0.08075026025209715,0.8302914874383129,-4.680196829790524,0.8888888888888888,100,0.8813757300376892,0.8330432078307346,True,,0.20642891580153597,,,,0.8905693292608892,106adb6a9d88a2a5,70cd6e94550dea93
PRE,validation-06d9514822e9abec634ec50b9dacf8c8,0,4890825084480356091,coupled_z1.5_left_edge,TRAINING_COUPLED,shift,-1.25,0.0,1.5,-0.0839985677604852,0.055030584840075523,0.847004389435401,3.095265835381431,0.9090909090909091,84,0.8412777185440063,0.8364746392861712,True,,0.12050369082007881,,,,0.9142431616773998,7071ab5d4754f8a7,70cd6e94550dea93
MID,validation-06d9514822e9abec634ec50b9dacf8c8,0,4890825084480356091,coupled_z1.5_left_edge,TRAINING_COUPLED,shift,-1.25,0.0,1.5,-0.06744280799877758,0.04227213484394596,0.9287337823342156,0.6057008540914938,0.8645833333333334,116,0.8796601295471191,0.8473178796373064,True,,0.09551476670356059,,,,0.9233690454574558,88d2f2d96a593a66,70cd6e94550dea93
POST,validation-06d9514822e9abec634ec50b9dacf8c8,0,4890825084480356091,coupled_z1.5_left_edge,TRAINING_COUPLED,shift,-1.25,0.0,1.5,-0.10983129574097775,0.0682948182942941,0.8697456720056203,-1.150536121872246,0.8921568627450981,110,0.8996285200119019,0.8492114399745118,True,,0.15519992864427992,,,,0.9083079099646068,094ec59a1aa0c2cd,70cd6e94550dea93
PRE,validation-06d9514822e9abec634ec50b9dacf8c8,0,4890825084480356091,coupled_z1.5_right_edge,TRAINING_COUPLED,shift,1.25,0.0,1.5,0.14608543493163026,0.039528087455352336,0.8297274865296147,-6.95357271813039,0.9827586206896551,62,0.8034273982048035,0.965287564606212,True,,0.1816065267432309,,,,0.8818362951269867,49cc1a660cd61a61,70cd6e94550dea93
MID,validation-06d9514822e9abec634ec50b9dacf8c8,0,4890825084480356091,coupled_z1.5_right_edge,TRAINING_COUPLED,shift,1.25,0.0,1.5,0.07136698052715063,0.1039489892342479,0.8764087966631855,-8.038617596016012,0.9418604651162791,95,0.8709018230438232,0.5660012083537337,True,,0.15130776289481532,,,,0.9070435762396324,49445ba99b6b325e,70cd6e94550dea93
POST,validation-06d9514822e9abec634ec50b9dacf8c8,0,4890825084480356091,coupled_z1.5_right_edge,TRAINING_COUPLED,shift,1.25,0.0,1.5,0.12061578208819967,0.17376494598979725,0.8075769921740545,-7.2483407723391,0.9879518072289156,87,0.844312310218811,0.5702225472999737,True,,0.25382885890844387,,,,0.8814920186987645,6fa7e6fc394c8242,70cd6e94550dea93
PRE,validation-06d9514822e9abec634ec50b9dacf8c8,0,4890825084480356091,legacy_center_z1,EXTRAPOLATION,identity,0.0,0.0,1.0,0.0,0.0,1.0,0.0,1.0,256,1.0,,,,,,,,1.0,d8e20f97f1903437,70cd6e94550dea93
MID,validation-06d9514822e9abec634ec50b9dacf8c8,0,4890825084480356091,legacy_center_z1,EXTRAPOLATION,identity,0.0,0.0,1.0,0.0,0.0,1.0,0.0,1.0,256,1.0,,,,,,,,1.0,93638c97f81a3935,70cd6e94550dea93
POST,validation-06d9514822e9abec634ec50b9dacf8c8,0,4890825084480356091,legacy_center_z1,EXTRAPOLATION,identity,0.0,0.0,1.0,0.0,0.0,1.0,0.0,1.0,256,1.0,,,,,,,,1.0,8dc283a872fab374,70cd6e94550dea93
PRE,validation-06d9514822e9abec634ec50b9dacf8c8,0,4890825084480356091,coupled_z1.1_center,TRAINING_COUPLED,zoom,0.0,0.0,1.1,2.7755575615628914e-17,-1.3877787807814457e-17,1.0000000000000002,-4.660977844176341e-15,1.0,199,0.9631286263465881,,,,-2.3297050260622366e-15,2.2204460492503128e-16,-0.09531017980432493,False,0.9852795004834812,cf05fe3c88b57218,70cd6e94550dea93
MID,validation-06d9514822e9abec634ec50b9dacf8c8,0,4890825084480356091,coupled_z1.1_center,TRAINING_COUPLED,zoom,0.0,0.0,1.1,2.7755575615628914e-17,0.0,1.0,1.7048898097134867e-15,1.0,206,0.9655518531799316,,,,-0.0,0.0,-0.09531017980432493,False,0.9850143781303079,482d78e675ff2aa4,70cd6e94550dea93
POST,validation-06d9514822e9abec634ec50b9dacf8c8,0,4890825084480356091,coupled_z1.1_center,TRAINING_COUPLED,zoom,0.0,0.0,1.1,0.0008004325251663447,3.386903519202525e-05,0.9993842546116976,0.06234412158409349,0.9936305732484076,177,0.9405051469802856,,,,0.006462426559397292,-0.0006159350373484008,-0.09531017980432493,True,0.9320716857900835,be58244dc1f2b4d3,70cd6e94550dea93
PRE,validation-06d9514822e9abec634ec50b9dacf8c8,0,4890825084480356091,coupled_z1.225_center,TRAINING_COUPLED,zoom,0.0,0.0,1.225,0.0,1.3877787807814457e-17,1.0,4.0985504986116666e-15,1.0,178,0.9422937631607056,,,,-0.0,0.0,-0.20294084399669038,False,0.9754619583753105,701b4e599642eb6a,70cd6e94550dea93
MID,validation-06d9514822e9abec634ec50b9dacf8c8,0,4890825084480356091,coupled_z1.225_center,TRAINING_COUPLED,zoom,0.0,0.0,1.225,1.3877787807814457e-17,1.3877787807814457e-17,0.9999999999999999,-1.1742903354200999e-16,1.0,189,0.9499815106391907,,,,5.470673141791321e-16,-1.1102230246251565e-16,-0.20294084399669038,True,0.9573140144338571,e205c4531c5e213f,70cd6e94550dea93
POST,validation-06d9514822e9abec634ec50b9dacf8c8,0,4890825084480356091,coupled_z1.225_center,TRAINING_COUPLED,zoom,0.0,0.0,1.225,0.0030143542548429873,0.0003826427114988207,0.9943057955536067,-0.02828050481878941,0.9453125,146,0.9282118678092957,,,,0.028138634505483495,-0.005710478235457215,-0.20294084399669038,True,0.9346461892118644,a640a61912490470,70cd6e94550dea93
PRE,validation-06d9514822e9abec634ec50b9dacf8c8,0,4890825084480356091,coupled_z1.4142_center,TRAINING_COUPLED,zoom,0.0,0.0,1.4142135623730951,1.3877787807814457e-17,1.3877787807814457e-17,1.0000000000000002,5.178944738418516e-15,1.0,147,0.9183984994888306,,,,-6.406853007629834e-16,2.2204460492503128e-16,-0.3465735902799727,False,0.9590924382200186,bbed7564a8b18cde,70cd6e94550dea93
MID,validation-06d9514822e9abec634ec50b9dacf8c8,0,4890825084480356091,coupled_z1.4142_center,TRAINING_COUPLED,zoom,0.0,0.0,1.4142135623730951,-0.00013517475263152834,0.0059091636401125,0.9975599527019863,0.5031865338314975,0.8773584905660378,124,0.9035703539848328,,,,0.0070490918331969155,-0.0024430290648442894,-0.3465735902799727,True,0.942043900488865,78221a22c44f15d9,70cd6e94550dea93
POST,validation-06d9514822e9abec634ec50b9dacf8c8,0,4890825084480356091,coupled_z1.4142_center,TRAINING_COUPLED,zoom,0.0,0.0,1.4142135623730951,0.012091246760842549,0.0110611134578361,0.9711052201117788,0.9015595628509152,0.8549618320610687,144,0.9090155363082886,,,,0.08460094697331415,-0.029320453933627075,-0.3465735902799727,True,0.9302983283987278,c315290c168c2ec5,70cd6e94550dea93
PRE,validation-06d9514822e9abec634ec50b9dacf8c8,0,4890825084480356091,coupled_z1.5_center,TRAINING_COUPLED,zoom,0.0,0.0,1.5,-0.007235875300280338,-0.0015908758154339897,0.9914355132570738,0.14854230761079895,0.7553191489361702,110,0.8873675465583801,,,,0.021213595312639496,-0.008601372716802223,-0.4054651081081644,True,0.9500703811636007,ebc4443a5822c18c,70cd6e94550dea93
MID,validation-06d9514822e9abec634ec50b9dacf8c8,0,4890825084480356091,coupled_z1.5_center,TRAINING_COUPLED,zoom,0.0,0.0,1.5,0.0010542025400751692,0.0048649098606288466,0.9946912963759624,0.3942791810676544,0.8585858585858586,115,0.9022760987281799,,,,0.01312775071058086,-0.0053228448610827,-0.4054651081081644,True,0.9394905567159794,6c5a964629495600,70cd6e94550dea93
POST,validation-06d9514822e9abec634ec50b9dacf8c8,0,4890825084480356091,coupled_z1.5_center,TRAINING_COUPLED,zoom,0.0,0.0,1.5,0.010290923666327985,0.007621482303153449,0.9731200311106363,1.3738647202871779,0.8347107438016529,133,0.906200110912323,,,,0.06720144835712803,-0.027247842523148144,-0.4054651081081644,True,0.9083762168875192,1e7c34023f3aaecb,70cd6e94550dea93
PRE,validation-06d9514822e9abec634ec50b9dacf8c8,1,11094768185984724793,coupled_z1.1_left_edge,TRAINING_COUPLED,shift,-0.2100000000000002,0.0,1.1,0.0,-1.3877787807814457e-17,0.9999999999999998,-6.089248301131025e-17,1.0,189,0.9362007975578308,0.0,False,,7.2693174231409e-17,,,,0.984097897057616,0ff1306debb83fbc,6721e32df5831f8b
MID,validation-06d9514822e9abec634ec50b9dacf8c8,1,11094768185984724793,coupled_z1.1_left_edge,TRAINING_COUPLED,shift,-0.2100000000000002,0.0,1.1,-1.734723475976807e-18,1.3010426069826053e-18,1.0000000000000002,8.099165645760832e-15,1.0,206,0.9457096457481384,0.0,True,,1.1358308473657658e-17,,,,0.9794557094564179,4d13492539b143cd,6721e32df5831f8b
POST,validation-06d9514822e9abec634ec50b9dacf8c8,1,11094768185984724793,coupled_z1.1_left_edge,TRAINING_COUPLED,shift,-0.2100000000000002,0.0,1.1,4.163336342344337e-17,-6.938893903907228e-18,1.0,-1.1872183123019765e-14,1.0,185,0.9386404752731323,0.0,False,,2.2108765821162737e-16,,,,0.9856590628614105,df9e99b5c2cda320,6721e32df5831f8b
PRE,validation-06d9514822e9abec634ec50b9dacf8c8,1,11094768185984724793,coupled_z1.1_right_edge,TRAINING_COUPLED,shift,0.2100000000000002,0.0,1.1,0.0,-6.938893903907228e-18,1.0,2.590729110776751e-15,1.0,185,0.9453989267349243,0.0,False,,3.63465871157045e-17,,,,0.9869773387899065,5dcacdc22773b097,6721e32df5831f8b
MID,validation-06d9514822e9abec634ec50b9dacf8c8,1,11094768185984724793,coupled_z1.1_right_edge,TRAINING_COUPLED,shift,0.2100000000000002,0.0,1.1,0.0,2.0816681711721685e-17,1.0,-5.630406602274824e-15,1.0,168,0.9267321825027466,0.0,False,,1.0903976134711351e-16,,,,0.9698476195325689,b5d9f859e598935f,6721e32df5831f8b
POST,validation-06d9514822e9abec634ec50b9dacf8c8,1,11094768185984724793,coupled_z1.1_right_edge,TRAINING_COUPLED,shift,0.2100000000000002,0.0,1.1,-2.7755575615628914e-17,0.0,1.0000000000000002,-1.1065227823721012e-15,1.0,183,0.9435176253318787,0.0,False,,1.45386348462818e-16,,,,0.987239421934163,85cdae3718634fa7,6721e32df5831f8b
PRE,validation-06d9514822e9abec634ec50b9dacf8c8,1,11094768185984724793,coupled_z1.225_left_edge,TRAINING_COUPLED,shift,-0.5006250000000003,0.0,1.225,-0.1295276679508924,-0.021713079446023298,0.8511059055504704,3.923700047726767,0.9444444444444444,96,0.8684986233711243,0.9862389815248319,True,,0.3213689675191254,,,,0.9529386134697572,79982b0e6279bd7b,6721e32df5831f8b
MID,validation-06d9514822e9abec634ec50b9dacf8c8,1,11094768185984724793,coupled_z1.225_left_edge,TRAINING_COUPLED,shift,-0.5006250000000003,0.0,1.225,-0.2442553526875305,-0.022515158603171187,0.7555827869819786,6.2580768490033325,1.0,100,0.8700202107429504,0.9957784208003267,True,,0.6002123599477047,,,,0.9469532903367694,cebfa04c61d1b8b9,6721e32df5831f8b
POST,validation-06d9514822e9abec634ec50b9dacf8c8,1,11094768185984724793,coupled_z1.225_left_edge,TRAINING_COUPLED,shift,-0.5006250000000003,0.0,1.225,-0.19819043915873313,0.013298346591640836,0.7211005425934203,10.71667656442911,1.0,93,0.8511941432952881,0.997756446439981,True,,0.4860508565932449,,,,0.9655932167516361,7daa88fc67f0b443,6721e32df5831f8b
PRE,validation-06d9514822e9abec634ec50b9dacf8c8,1,11094768185984724793,coupled_z1.225_right_edge,TRAINING_COUPLED,shift,0.5006250000000003,0.0,1.225,0.0012941301886513767,-0.00564723051360849,0.9981808917700477,0.25725475647537627,0.8769230769230769,141,0.8971225619316101,0.2233717605994347,True,,0.014176638204242824,,,,0.9631560400900794,f6193bcc2464ede9,6721e32df5831f8b
MID,validation-06d9514822e9abec634ec50b9dacf8c8,1,11094768185984724793,coupled_z1.225_right_edge,TRAINING_COUPLED,shift,0.5006250000000003,0.0,1.225,0.0054405527080141625,-0.0018219256641960752,0.9959797372721048,0.00037447193940721654,0.9477611940298507,146,0.9198926091194153,0.9482427426888724,True,,0.014039351569043587,,,,0.973460493889103,92b493027a079c5b,6721e32df5831f8b
POST,validation-06d9514822e9abec634ec50b9dacf8c8,1,11094768185984724793,coupled_z1.225_right_edge,TRAINING_COUPLED,shift,0.5006250000000003,0.0,1.225,-0.0004662701390348578,0.004014675524340254,1.0020163154382153,-0.18688148947844152,0.9304347826086956,139,0.8896125555038452,-0.11536595596605811,False,,0.00988970845689964,,,,0.9445226755444306,0a9e3aa615b24bee,6721e32df5831f8b
PRE,validation-06d9514822e9abec634ec50b9dacf8c8,1,11094768185984724793,coupled_z1.4142_left_edge,TRAINING_COUPLED,shift,-1.0000000000000004,0.0,1.4142135623730951,-0.04135605065864712,-0.025505103985768163,0.9576152999351174,1.9385843784802017,0.84,89,0.8364225029945374,0.8511505841809398,True,,0.06871438358022915,,,,0.8918370540036018,52ee42eb292ede6b,6721e32df5831f8b
MID,validation-06d9514822e9abec634ec50b9dacf8c8,1,11094768185984724793,coupled_z1.4142_left_edge,TRAINING_COUPLED,shift,-1.0000000000000004,0.0,1.4142135623730951,-0.20365870237081876,-0.05578625576758499,0.8002106399959888,8.787192363725618,1.0,109,0.8697407841682434,0.9644711376322851,True,,0.2986267683377768,,,,0.9217398166647276,6b45935d4ac1e405,6721e32df5831f8b
POST,validation-06d9514822e9abec634ec50b9dacf8c8,1,11094768185984724793,coupled_z1.4142_left_edge,TRAINING_COUPLED,shift,-1.0000000000000004,0.0,1.4142135623730951,-0.20684063976311437,-0.014006336812488224,0.7790371054750874,7.999240990863013,1.0,87,0.8456196188926697,0.9977151538560813,True,,0.29318672455798295,,,,0.9320402700915714,0c1f9e67a4fd4015,6721e32df5831f8b
PRE,validation-06d9514822e9abec634ec50b9dacf8c8,1,11094768185984724793,coupled_z1.4142_right_edge,TRAINING_COUPLED,shift,1.0000000000000004,0.0,1.4142135623730951,0.12337336194694296,-0.025409798639331488,0.8813171654885014,-1.672946643280093,0.925,87,0.7887125015258789,0.9794423004571831,True,,0.17813839734870612,,,,0.8879149489343198,03650358bb96fa13,6721e32df5831f8b
MID,validation-06d9514822e9abec634ec50b9dacf8c8,1,11094768185984724793,coupled_z1.4142_right_edge,TRAINING_COUPLED,shift,1.0000000000000004,0.0,1.4142135623730951,0.13535140501640675,0.011325613684087854,0.8472756401628685,-5.270641823807995,0.9902912621359223,107,0.8761257529258728,0.9965174715581421,True,,0.19208473320509653,,,,0.9431109428396329,0e29f10b9b90c1ae,6721e32df5831f8b
POST,validation-06d9514822e9abec634ec50b9dacf8c8,1,11094768185984724793,coupled_z1.4142_right_edge,TRAINING_COUPLED,shift,1.0000000000000004,0.0,1.4142135623730951,0.15124403640435088,0.0017472042483733796,0.8424731438732054,-3.4494611146509073,1.0,109,0.8718236684799194,0.9999332797853835,True,,0.21390563933924758,,,,0.9440044164648151,d6fa0b7a4e3dbc85,6721e32df5831f8b
PRE,validation-06d9514822e9abec634ec50b9dacf8c8,1,11094768185984724793,coupled_z1.5_left_edge,TRAINING_COUPLED,shift,-1.25,0.0,1.5,0.016666278763052954,-0.032100317046553584,0.9485254388441421,-1.8104518355508494,0.8088235294117647,78,0.8267490863800049,-0.46078927859130836,False,,0.04340277746075416,,,,0.862488380818004,f5ee94e7b2bcd864,6721e32df5831f8b
MID,validation-06d9514822e9abec634ec50b9dacf8c8,1,11094768185984724793,coupled_z1.5_left_edge,TRAINING_COUPLED,shift,-1.25,0.0,1.5,-0.15289931530062167,-0.042992620815284766,0.8158104246944141,6.8673364700858075,0.9787234042553191,100,0.852836549282074,0.9626678593336552,True,,0.19059447823090447,,,,0.9049937668429962,e3b218a93a1f93a7,6721e32df5831f8b
POST,validation-06d9514822e9abec634ec50b9dacf8c8,1,11094768185984724793,coupled_z1.5_left_edge,TRAINING_COUPLED,shift,-1.25,0.0,1.5,-0.11218435755011738,-0.030622981035710303,0.7220471255950237,0.6389798585955424,1.0,88,0.8380237817764282,0.9647043189396133,True,,0.13954662212637864,,,,0.9269040139789866,23ceed9c9a33014a,6721e32df5831f8b
PRE,validation-06d9514822e9abec634ec50b9dacf8c8,1,11094768185984724793,coupled_z1.5_right_edge,TRAINING_COUPLED,shift,1.25,0.0,1.5,0.11833330111538556,-0.03887538419902975,0.9035404343140401,-3.644960924857938,0.9245283018867925,58,0.7534136176109314,0.9500449803211318,True,,0.14946656661361035,,,,0.6694427531618787,8952936de8b323c6,6721e32df5831f8b
MID,validation-06d9514822e9abec634ec50b9dacf8c8,1,11094768185984724793,coupled_z1.5_right_edge,TRAINING_COUPLED,shift,1.25,0.0,1.5,0.15863628537161725,-0.0049833458017171095,0.8302465824733662,-4.262092372409796,0.9787234042553191,101,0.8560646176338196,0.9995069559587054,True,,0.1904574463535462,,,,0.9402667844445115,58fea1ee5186c4e2,6721e32df5831f8b
POST,validation-06d9514822e9abec634ec50b9dacf8c8,1,11094768185984724793,coupled_z1.5_right_edge,TRAINING_COUPLED,shift,1.25,0.0,1.5,0.18338816402088812,0.010623542711134665,0.7990003274152162,-6.175988453504662,1.0,117,0.8568544983863831,0.9983263110041249,True,,0.2204347360156061,,,,0.9430585571448244,7f45d716e7e9c5af,6721e32df5831f8b
PRE,validation-06d9514822e9abec634ec50b9dacf8c8,1,11094768185984724793,legacy_center_z1,EXTRAPOLATION,identity,0.0,0.0,1.0,0.0,0.0,1.0,0.0,1.0,256,1.0,,,,,,,,1.0,1402801d931dea57,6721e32df5831f8b
MID,validation-06d9514822e9abec634ec50b9dacf8c8,1,11094768185984724793,legacy_center_z1,EXTRAPOLATION,identity,0.0,0.0,1.0,0.0,0.0,1.0,0.0,1.0,256,1.0,,,,,,,,1.0,a9e30d63b1a33fdd,6721e32df5831f8b
POST,validation-06d9514822e9abec634ec50b9dacf8c8,1,11094768185984724793,legacy_center_z1,EXTRAPOLATION,identity,0.0,0.0,1.0,0.0,0.0,1.0,0.0,1.0,256,1.0,,,,,,,,1.0,87815f2f493e3ddc,6721e32df5831f8b
PRE,validation-06d9514822e9abec634ec50b9dacf8c8,1,11094768185984724793,coupled_z1.1_center,TRAINING_COUPLED,zoom,0.0,0.0,1.1,6.938893903907228e-18,-3.469446951953614e-18,0.9999999999999998,-6.179238963716419e-15,1.0,226,0.9682915806770325,,,,2.3297050260622374e-15,-2.2204460492503136e-16,-0.09531017980432493,True,0.9900470370072381,b8a797b0f558be6a,6721e32df5831f8b
MID,validation-06d9514822e9abec634ec50b9dacf8c8,1,11094768185984724793,coupled_z1.1_center,TRAINING_COUPLED,zoom,0.0,0.0,1.1,-1.0408340855860843e-17,6.938893903907228e-18,1.0,8.586241424311249e-15,1.0,242,0.9754003286361694,,,,-0.0,0.0,-0.09531017980432493,False,0.9931545257558427,0608a8ec29ddece8,6721e32df5831f8b
POST,validation-06d9514822e9abec634ec50b9dacf8c8,1,11094768185984724793,coupled_z1.1_center,TRAINING_COUPLED,zoom,0.0,0.0,1.1,-3.469446951953614e-18,0.0,1.0,6.861221075281365e-16,1.0,202,0.9467827677726746,,,,-0.0,0.0,-0.09531017980432493,False,0.9559971663940625,c7f617bd85fd503f,6721e32df5831f8b
PRE,validation-06d9514822e9abec634ec50b9dacf8c8,1,11094768185984724793,coupled_z1.225_center,TRAINING_COUPLED,zoom,0.0,0.0,1.225,-3.469446951953614e-18,8.673617379884035e-19,1.0,-2.6766685371531797e-16,1.0,205,0.9350908398628235,,,,-0.0,0.0,-0.20294084399669038,False,0.9799250948374661,963a113b226c6920,6721e32df5831f8b
MID,validation-06d9514822e9abec634ec50b9dacf8c8,1,11094768185984724793,coupled_z1.225_center,TRAINING_COUPLED,zoom,0.0,0.0,1.225,-2.7755575615628914e-17,0.0,1.0000000000000002,-4.6076229497861445e-15,1.0,190,0.9421409368515015,,,,-1.0941346283582641e-15,2.2204460492503128e-16,-0.20294084399669038,False,0.9826626777639098,9f7413483449e5b7,6721e32df5831f8b
POST,validation-06d9514822e9abec634ec50b9dacf8c8,1,11094768185984724793,coupled_z1.225_center,TRAINING_COUPLED,zoom,0.0,0.0,1.225,-3.312559626071805e-05,-0.0006308863559543743,0.9986819801528225,-0.0050487737458229705,0.9793103448275862,162,0.9286116361618042,,,,0.006498884962378401,-0.001318889199302472,-0.20294084399669038,True,0.9553281068792325,fa3134fcb67f477d,6721e32df5831f8b
PRE,validation-06d9514822e9abec634ec50b9dacf8c8,1,11094768185984724793,coupled_z1.4142_center,TRAINING_COUPLED,zoom,0.0,0.0,1.4142135623730951,-0.0016529222146964007,-0.00697371328388291,0.9949049878196256,-0.09834940496565225,0.9158878504672897,137,0.8991313576698303,,,,0.014738676444906604,-0.005108036011486146,-0.3465735902799727,True,0.9546673270852155,59d4b9434b25dc72,6721e32df5831f8b
MID,validation-06d9514822e9abec634ec50b9dacf8c8,1,11094768185984724793,coupled_z1.4142_center,TRAINING_COUPLED,zoom,0.0,0.0,1.4142135623730951,0.002606652230283224,-0.004409705939146573,0.9967110606207251,0.17712800382963606,0.9523809523809523,146,0.8995880484580994,,,,0.009505513175475037,-0.0032943598286779676,-0.3465735902799727,True,0.9455141392647193,3eb2d03c638d7fe7,6721e32df5831f8b
POST,validation-06d9514822e9abec634ec50b9dacf8c8,1,11094768185984724793,coupled_z1.4142_center,TRAINING_COUPLED,zoom,0.0,0.0,1.4142135623730951,-0.0072345474925867275,-0.004128936626930722,1.0002128781998183,0.006821829586632197,0.8925619834710744,145,0.908481776714325,,,,-0.0006141712768636907,0.0002128555444694844,-0.3465735902799727,False,0.9586591695930413,0b12ea979cf07b49,6721e32df5831f8b
PRE,validation-06d9514822e9abec634ec50b9dacf8c8,1,11094768185984724793,coupled_z1.5_center,TRAINING_COUPLED,zoom,0.0,0.0,1.5,-0.00707735766249612,-0.0024003414314830995,0.9985793216709817,0.02475477309790418,0.8636363636363636,131,0.8891193866729736,,,,0.0035063151449115995,-0.0014216884492928759,-0.4054651081081644,True,0.9517949194776387,d6770acc0555ac80,6721e32df5831f8b
MID,validation-06d9514822e9abec634ec50b9dacf8c8,1,11094768185984724793,coupled_z1.5_center,TRAINING_COUPLED,zoom,0.0,0.0,1.5,0.005217273579986581,-0.004355957499069904,0.992124716606595,0.18084079267465836,0.9126984126984127,142,0.8856169581413269,,,,0.019499722801971608,-0.007906457213980657,-0.4054651081081644,True,0.9386900663366466,772dd1a65f2eaace,6721e32df5831f8b
POST,validation-06d9514822e9abec634ec50b9dacf8c8,1,11094768185984724793,coupled_z1.5_center,TRAINING_COUPLED,zoom,0.0,0.0,1.5,0.0056997766010259895,-0.009452051960946534,0.98743823858501,0.2078829879560678,0.84,117,0.8857229948043823,,,,0.031177349456291064,-0.012641327367821076,-0.4054651081081644,True,0.8812539506697158,829f828283a61cc0,6721e32df5831f8b
PRE,validation-06d9514822e9abec634ec50b9dacf8c8,2,4781591115393160821,coupled_z1.1_left_edge,TRAINING_COUPLED,shift,-0.2100000000000002,0.0,1.1,-0.01752601395224545,0.010266984374047675,0.995954685458969,0.46140837891888714,0.8074074074074075,152,0.9098790884017944,0.8628458361873225,True,,0.1063955185876829,,,,0.9608553051938938,0209160b89fd19b0,4e39cae4a947820d
MID,validation-06d9514822e9abec634ec50b9dacf8c8,2,4781591115393160821,coupled_z1.1_left_edge,TRAINING_COUPLED,shift,-0.2100000000000002,0.0,1.1,-0.011015940823093304,-0.0008475728495990764,1.0017842307100464,0.21902431889010326,0.8840579710144928,155,0.9095949530601501,0.9970531505356046,True,,0.05787309042675413,,,,0.9553807947257021,a1ab566f7ed48ec8,4e39cae4a947820d
POST,validation-06d9514822e9abec634ec50b9dacf8c8,2,4781591115393160821,coupled_z1.1_left_edge,TRAINING_COUPLED,shift,-0.2100000000000002,0.0,1.1,-0.008440412948229475,0.0010627024712351885,1.0005773622532212,0.55751840035862,0.9111111111111111,154,0.8952738046646118,0.9921667912158675,True,,0.04456074042780196,,,,0.955490884511164,8a22d7c0692b4d4a,4e39cae4a947820d
PRE,validation-06d9514822e9abec634ec50b9dacf8c8,2,4781591115393160821,coupled_z1.1_right_edge,TRAINING_COUPLED,shift,0.2100000000000002,0.0,1.1,0.0,-3.469446951953614e-18,0.9999999999999998,2.544094880953898e-15,1.0,198,0.9455114603042603,0.0,False,,1.817329355785225e-17,,,,0.9804111742473365,f3dc61adc3ba0bc5,4e39cae4a947820d
MID,validation-06d9514822e9abec634ec50b9dacf8c8,2,4781591115393160821,coupled_z1.1_right_edge,TRAINING_COUPLED,shift,0.2100000000000002,0.0,1.1,0.00014900432600203906,0.0009091973055683038,0.9992592303935753,-0.054927897353715664,0.9938271604938271,178,0.9414322972297668,0.1617280824552682,True,,0.004825994559512005,,,,0.9672094544412304,d84b1ab112d3565f,4e39cae4a947820d
POST,validation-06d9514822e9abec634ec50b9dacf8c8,2,4781591115393160821,coupled_z1.1_right_edge,TRAINING_COUPLED,shift,0.2100000000000002,0.0,1.1,1.3877787807814457e-17,-3.469446951953614e-18,1.0,3.0836918072969215e-15,1.0,192,0.9533457159996033,0.0,True,,7.493040890438181e-17,,,,0.9900006049861906,b9f4e5932ccc4ddb,4e39cae4a947820d
PRE,validation-06d9514822e9abec634ec50b9dacf8c8,2,4781591115393160821,coupled_z1.225_left_edge,TRAINING_COUPLED,shift,-0.5006250000000003,0.0,1.225,-0.10270854554323344,0.07169481586158412,0.8988024289272379,0.4252691362794908,0.948051948051948,84,0.8527802228927612,0.8199857233342371,True,,0.30649531716679884,,,,0.9472693769486835,3ec2a74b6b91e701,4e39cae4a947820d
MID,validation-06d9514822e9abec634ec50b9dacf8c8,2,4781591115393160821,coupled_z1.225_left_edge,TRAINING_COUPLED,shift,-0.5006250000000003,0.0,1.225,-0.04767491728019729,-0.03128281320586554,0.949516724965832,-0.7559275333110221,0.8571428571428571,95,0.8757500052452087,0.8360788902031502,True,,0.13952956657792998,,,,0.9307824290722158,c7863fcb4c472e61,4e39cae4a947820d
POST,validation-06d9514822e9abec634ec50b9dacf8c8,2,4781591115393160821,coupled_z1.225_left_edge,TRAINING_COUPLED,shift,-0.5006250000000003,0.0,1.225,-0.023042398607505434,-0.025525230052693776,0.8126650733705426,-2.3518121021619605,0.875,94,0.8679306507110596,0.6700836758630482,True,,0.0841438157183561,,,,0.941564735266503,b7a1449b7e591faa,4e39cae4a947820d
PRE,validation-06d9514822e9abec634ec50b9dacf8c8,2,4781591115393160821,coupled_z1.225_right_edge,TRAINING_COUPLED,shift,0.5006250000000003,0.0,1.225,2.7755575615628914e-17,-3.469446951953614e-18,1.0,5.952678128910338e-16,1.0,189,0.937538743019104,0.0,True,,6.844480414303325e-17,,,,0.9797062277784087,d93a5b482268308b,4e39cae4a947820d
MID,validation-06d9514822e9abec634ec50b9dacf8c8,2,4781591115393160821,coupled_z1.225_right_edge,TRAINING_COUPLED,shift,0.5006250000000003,0.0,1.225,-0.0012482901553178966,-0.003497416300440412,0.9943613657946286,-0.46568547305026153,0.8248175182481752,150,0.9198565483093262,-0.3361484123545807,False,,0.009086738625849735,,,,0.9644026139012833,4a77e5a4fadfbe4f,4e39cae4a947820d
POST,validation-06d9514822e9abec634ec50b9dacf8c8,2,4781591115393160821,coupled_z1.225_right_edge,TRAINING_COUPLED,shift,0.5006250000000003,0.0,1.225,0.0,6.938893903907228e-18,1.0,-2.707714898661872e-15,1.0,195,0.9501582980155945,0.0,False,,1.697906623178297e-17,,,,0.9852991682637815,61863cbe151a96fd,4e39cae4a947820d
PRE,validation-06d9514822e9abec634ec50b9dacf8c8,2,4781591115393160821,coupled_z1.4142_left_edge,TRAINING_COUPLED,shift,-1.0000000000000004,0.0,1.4142135623730951,-0.13473308994684924,0.06877279378871629,0.8620719653996731,4.381660839123759,0.9733333333333334,78,0.854056715965271,0.8906777655702616,True,,0.2139285053102136,,,,0.9388608932485728,7c88035af217f6c5,4e39cae4a947820d
MID,validation-06d9514822e9abec634ec50b9dacf8c8,2,4781591115393160821,coupled_z1.4142_left_edge,TRAINING_COUPLED,shift,-1.0000000000000004,0.0,1.4142135623730951,-0.08664265509597574,0.10474125443910257,0.9080251445630797,-6.8377241124672805,0.9878048780487805,87,0.8449031710624695,0.6373940878551605,True,,0.19223776977252421,,,,0.8967868624193559,d4f6fa5cda40906a,4e39cae4a947820d
POST,validation-06d9514822e9abec634ec50b9dacf8c8,2,4781591115393160821,coupled_z1.4142_left_edge,TRAINING_COUPLED,shift,-1.0000000000000004,0.0,1.4142135623730951,-0.17007158182894347,0.036921729129113096,0.755404255393087,2.2159014150162877,1.0,87,0.8407865762710571,0.9772363853483957,True,,0.24612012119159452,,,,0.9046113434193234,389279fb1deab7e9,4e39cae4a947820d
PRE,validation-06d9514822e9abec634ec50b9dacf8c8,2,4781591115393160821,coupled_z1.4142_right_edge,TRAINING_COUPLED,shift,1.0000000000000004,0.0,1.4142135623730951,-0.07419560942627274,-0.024785371784453697,0.8993667093802584,1.5639271566509383,0.8941176470588236,92,0.8389814496040344,-0.9484779159429837,False,,0.1106282343041739,,,,0.8614853024474112,2bbfc2a8d0f1e795,4e39cae4a947820d
MID,validation-06d9514822e9abec634ec50b9dacf8c8,2,4781591115393160821,coupled_z1.4142_right_edge,TRAINING_COUPLED,shift,1.0000000000000004,0.0,1.4142135623730951,0.14758237847102246,0.042130851843149145,0.779104703787225,-2.88171942753854,0.925531914893617,99,0.8730107545852661,0.961585095040073,True,,0.21705099452521973,,,,0.9188147138833582,c4fb0eb2f742d029,4e39cae4a947820d
POST,validation-06d9514822e9abec634ec50b9dacf8c8,2,4781591115393160821,coupled_z1.4142_right_edge,TRAINING_COUPLED,shift,1.0000000000000004,0.0,1.4142135623730951,0.10573419993839768,-0.00886942690486281,0.8659214091257437,0.6339697655113007,0.8666666666666667,115,0.8653964400291443,0.9965001811760572,True,,0.15005590804919178,,,,0.921619172191841,42aa83028395847b,4e39cae4a947820d
PRE,validation-06d9514822e9abec634ec50b9dacf8c8,2,4781591115393160821,coupled_z1.5_left_edge,TRAINING_COUPLED,shift,-1.25,0.0,1.5,-0.2418739342012228,0.08981434305203179,0.7350928193441603,2.556229598167205,0.9848484848484849,69,0.8143405914306641,0.937456321406904,True,,0.3096130608032186,,,,0.8641784191122949,59ceb0fc0778af69,4e39cae4a947820d
MID,validation-06d9514822e9abec634ec50b9dacf8c8,2,4781591115393160821,coupled_z1.5_left_edge,TRAINING_COUPLED,shift,-1.25,0.0,1.5,-0.07194296601786193,0.06367471054574825,0.9406957809186705,-1.8464884835027535,0.9873417721518988,88,0.856106162071228,0.7488268223083826,True,,0.11528908507073063,,,,0.9274653749138007,3c2129bcc48b55ba,4e39cae4a947820d
POST,validation-06d9514822e9abec634ec50b9dacf8c8,2,4781591115393160821,coupled_z1.5_left_edge,TRAINING_COUPLED,shift,-1.25,0.0,1.5,-0.11995940287328927,0.12573974149474593,0.8337862432629624,10.10866965790662,0.9620253164556962,82,0.8464952707290649,0.6902803273195639,True,,0.2085403244880701,,,,0.917661716658356,3f4899dd9e1d5b56,4e39cae4a947820d
PRE,validation-06d9514822e9abec634ec50b9dacf8c8,2,4781591115393160821,coupled_z1.5_right_edge,TRAINING_COUPLED,shift,1.25,0.0,1.5,-0.030671195854305652,-0.014514269420544929,0.9663160862847577,1.004905487138213,0.7317073170731707,91,0.8169899582862854,-0.9038995823043368,False,,0.04071849986923993,,,,0.7418567384388621,19349b3b3d2288a8,4e39cae4a947820d
MID,validation-06d9514822e9abec634ec50b9dacf8c8,2,4781591115393160821,coupled_z1.5_right_edge,TRAINING_COUPLED,shift,1.25,0.0,1.5,0.10199427622903294,0.023116363673680883,0.7784603020005326,-5.247528408434881,0.9662921348314607,91,0.8595777153968811,0.9752652507010288,True,,0.12549727511101,,,,0.9218344045769536,5477f5dc27b29b48,4e39cae4a947820d
POST,validation-06d9514822e9abec634ec50b9dacf8c8,2,4781591115393160821,coupled_z1.5_right_edge,TRAINING_COUPLED,shift,1.25,0.0,1.5,0.09647711673285288,0.0029768470853556855,0.9015594271728038,-1.9277638688272922,0.8913043478260869,105,0.8594430088996887,0.9995243095133343,True,,0.11582763818356101,,,,0.8553188270701948,0367c6ff29e0483c,4e39cae4a947820d
PRE,validation-06d9514822e9abec634ec50b9dacf8c8,2,4781591115393160821,legacy_center_z1,EXTRAPOLATION,identity,0.0,0.0,1.0,0.0,0.0,1.0,0.0,1.0,256,1.0,,,,,,,,1.0,36fbf9d4716f84fc,4e39cae4a947820d
MID,validation-06d9514822e9abec634ec50b9dacf8c8,2,4781591115393160821,legacy_center_z1,EXTRAPOLATION,identity,0.0,0.0,1.0,0.0,0.0,1.0,0.0,1.0,256,1.0,,,,,,,,1.0,cacdef49469e5741,4e39cae4a947820d
POST,validation-06d9514822e9abec634ec50b9dacf8c8,2,4781591115393160821,legacy_center_z1,EXTRAPOLATION,identity,0.0,0.0,1.0,0.0,0.0,1.0,0.0,1.0,256,1.0,,,,,,,,1.0,fcd73eec3443318f,4e39cae4a947820d
PRE,validation-06d9514822e9abec634ec50b9dacf8c8,2,4781591115393160821,coupled_z1.1_center,TRAINING_COUPLED,zoom,0.0,0.0,1.1,6.938893903907228e-18,6.938893903907228e-18,1.0,9.798565332658435e-16,1.0,231,0.9685648083686829,,,,-0.0,0.0,-0.09531017980432493,False,0.9916192884208352,f12af7c02e4e0d20,4e39cae4a947820d
MID,validation-06d9514822e9abec634ec50b9dacf8c8,2,4781591115393160821,coupled_z1.1_center,TRAINING_COUPLED,zoom,0.0,0.0,1.1,8.673617379884035e-19,0.0,1.0,-4.6128125649223655e-15,1.0,226,0.9646739959716797,,,,-0.0,0.0,-0.09531017980432493,False,0.986466584975518,058e15dfba345873,4e39cae4a947820d
POST,validation-06d9514822e9abec634ec50b9dacf8c8,2,4781591115393160821,coupled_z1.1_center,TRAINING_COUPLED,zoom,0.0,0.0,1.1,6.938893903907228e-18,2.7755575615628914e-17,1.0,1.5876201401507297e-15,1.0,220,0.9666849374771118,,,,-0.0,0.0,-0.09531017980432493,False,0.9657491425116622,d222b63f31acc4c2,4e39cae4a947820d
PRE,validation-06d9514822e9abec634ec50b9dacf8c8,2,4781591115393160821,coupled_z1.225_center,TRAINING_COUPLED,zoom,0.0,0.0,1.225,-1.3010426069826053e-18,0.0,0.9999999999999998,-3.973514076812399e-15,1.0,231,0.9638978838920593,,,,1.0941346283582645e-15,-2.2204460492503136e-16,-0.20294084399669038,True,0.9875751137723583,3c84bbff174085d6,4e39cae4a947820d
MID,validation-06d9514822e9abec634ec50b9dacf8c8,2,4781591115393160821,coupled_z1.225_center,TRAINING_COUPLED,zoom,0.0,0.0,1.225,-1.3877787807814457e-17,1.3877787807814457e-17,1.0,9.75849473449978e-16,1.0,197,0.9526479244232178,,,,-0.0,0.0,-0.20294084399669038,False,0.982797144817153,fd63759c9d76867f,4e39cae4a947820d
POST,validation-06d9514822e9abec634ec50b9dacf8c8,2,4781591115393160821,coupled_z1.225_center,TRAINING_COUPLED,zoom,0.0,0.0,1.225,0.0012440876737996043,0.0055275251630888325,0.9954563762536327,-0.009337632537137344,0.9361702127659575,166,0.9289758801460266,,,,0.022439925295303316,-0.004553977378651536,-0.20294084399669038,True,0.9742031678072706,2de740c7b61c3a51,4e39cae4a947820d
PRE,validation-06d9514822e9abec634ec50b9dacf8c8,2,4781591115393160821,coupled_z1.4142_center,TRAINING_COUPLED,zoom,0.0,0.0,1.4142135623730951,0.0,0.0,1.0,1.698697824724629e-15,1.0,193,0.9325906038284302,,,,-0.0,0.0,-0.3465735902799727,False,0.9747104629691905,e89a1dc4142aae82,4e39cae4a947820d
MID,validation-06d9514822e9abec634ec50b9dacf8c8,2,4781591115393160821,coupled_z1.4142_center,TRAINING_COUPLED,zoom,0.0,0.0,1.4142135623730951,-0.0005308030594366187,-0.001720470678185225,0.9977794911892724,0.16156400010726588,0.9805194805194806,168,0.9254508018493652,,,,0.006414158084676577,-0.0022229777960296746,-0.3465735902799727,True,0.9700191599132351,fd832e5178e895dc,4e39cae4a947820d
POST,validation-06d9514822e9abec634ec50b9dacf8c8,2,4781591115393160821,coupled_z1.4142_center,TRAINING_COUPLED,zoom,0.0,0.0,1.4142135623730951,-0.0019982917953638435,0.011394799896028332,0.9882332194240692,-0.570190933678508,0.84251968503937,142,0.9203262329101562,,,,0.03415308428999336,-0.011836557041517532,-0.3465735902799727,True,0.9399729931329026,69c7d0ded03a8dcb,4e39cae4a947820d
PRE,validation-06d9514822e9abec634ec50b9dacf8c8,2,4781591115393160821,coupled_z1.5_center,TRAINING_COUPLED,zoom,0.0,0.0,1.5,-0.0002878327256756394,0.0016766718632949262,0.9921519420552629,0.1397670243920127,0.925,147,0.9113898277282715,,,,0.019432044519282918,-0.007879016031773711,-0.4054651081081644,True,0.9663405418386332,c82840d5d9bd7768,4e39cae4a947820d
MID,validation-06d9514822e9abec634ec50b9dacf8c8,2,4781591115393160821,coupled_z1.5_center,TRAINING_COUPLED,zoom,0.0,0.0,1.5,0.00104887011371195,-0.001031415153798624,0.9983312516763472,0.06476291159947827,0.9852941176470589,158,0.9225513935089111,,,,0.004119077577032536,-0.0016701422350774132,-0.4054651081081644,True,0.9627342179687193,ec10f10a28dd4b2c,4e39cae4a947820d
POST,validation-06d9514822e9abec634ec50b9dacf8c8,2,4781591115393160821,coupled_z1.5_center,TRAINING_COUPLED,zoom,0.0,0.0,1.5,-0.0038466798878479536,0.010813444573616923,0.9899504729079173,-0.6887036606671862,0.872,140,0.9192587733268738,,,,0.024910563865232854,-0.010100364470651973,-0.4054651081081644,True,0.9472707447126864,cb8b246b253a7a1d,4e39cae4a947820d
PRE,validation-0935c8a53804e18556325604a0bb5d46,0,6320849675789975652,coupled_z1.1_left_edge,TRAINING_COUPLED,shift,-0.2100000000000002,0.0,1.1,-0.06937294451517081,0.02477864859608179,0.9490968336815748,4.143795186069585,0.9743589743589743,135,0.9249458312988281,0.9417307446500047,True,,0.3858662280658296,,,,0.9444087114568274,a2afb327826b7b54,c0259e51167e35b5
MID,validation-0935c8a53804e18556325604a0bb5d46,0,6320849675789975652,coupled_z1.1_left_edge,TRAINING_COUPLED,shift,-0.2100000000000002,0.0,1.1,-0.07685916384461833,0.008319262951129142,0.9590131055745129,2.1281122567278024,0.9180327868852459,137,0.9245477914810181,0.9941929895862464,True,,0.4049471524424515,,,,0.964067874196273,e623f8434ccbcd00,c0259e51167e35b5
POST,validation-0935c8a53804e18556325604a0bb5d46,0,6320849675789975652,coupled_z1.1_left_edge,TRAINING_COUPLED,shift,-0.2100000000000002,0.0,1.1,-0.05686488564976716,-0.003964666453117549,0.974119343519522,2.7386425290907597,0.8992805755395683,152,0.9297049641609192,0.9975783287686291,True,,0.2985867656900439,,,,0.9677802324285365,481e422f4bb0bb7b,c0259e51167e35b5
PRE,validation-0935c8a53804e18556325604a0bb5d46,0,6320849675789975652,coupled_z1.1_right_edge,TRAINING_COUPLED,shift,0.2100000000000002,0.0,1.1,0.0017395637360939215,0.0045696753858305295,0.9972724638614044,0.10358913683840786,0.8888888888888888,162,0.953595757484436,0.3557693940886565,True,,0.025612097791539012,,,,0.9656978208648825,ba132c13e637f7a7,c0259e51167e35b5
MID,validation-0935c8a53804e18556325604a0bb5d46,0,6320849675789975652,coupled_z1.1_right_edge,TRAINING_COUPLED,shift,0.2100000000000002,0.0,1.1,-0.014054448786290391,0.010818329877767485,0.9978573612192624,0.3330509375308651,0.7785714285714286,155,0.9460468888282776,-0.7924273407735191,False,,0.09290257598623085,,,,0.9639416315511143,cfc71195efa5eab9,c0259e51167e35b5
POST,validation-0935c8a53804e18556325604a0bb5d46,0,6320849675789975652,coupled_z1.1_right_edge,TRAINING_COUPLED,shift,0.2100000000000002,0.0,1.1,-0.0013138982519039083,-0.0015388413240033788,0.997577881898288,0.047703075347516694,0.9615384615384616,180,0.9580785036087036,-0.6493347648252902,False,,0.01059903848005898,,,,0.9830886721601191,c1f9ef5438cb87c1,c0259e51167e35b5
PRE,validation-0935c8a53804e18556325604a0bb5d46,0,6320849675789975652,coupled_z1.225_left_edge,TRAINING_COUPLED,shift,-0.5006250000000003,0.0,1.225,-0.11612959282574424,0.031590270503118176,0.8752320028113753,2.7321701232227236,0.8888888888888888,121,0.913668155670166,0.9649353850045037,True,,0.294488422705665,,,,0.9062495231619355,021aa5fb31499a57,c0259e51167e35b5
MID,validation-0935c8a53804e18556325604a0bb5d46,0,6320849675789975652,coupled_z1.225_left_edge,TRAINING_COUPLED,shift,-0.5006250000000003,0.0,1.225,-0.14714143768869187,-0.00946021533020426,0.8901908173886081,5.9832915488051,0.9736842105263158,128,0.9229857325553894,0.9979395684354181,True,,0.36078984704002043,,,,0.9433841705312831,c203e97b03afc121,c0259e51167e35b5
POST,validation-0935c8a53804e18556325604a0bb5d46,0,6320849675789975652,coupled_z1.225_left_edge,TRAINING_COUPLED,shift,-0.5006250000000003,0.0,1.225,-0.05229877223994528,0.019490667287967015,0.9553228352908623,2.5282712418726927,0.8839285714285714,126,0.9180595874786377,0.937042186423471,True,,0.1365701873434427,,,,0.9407761692991384,390d8ab1e5c05cfb,c0259e51167e35b5
PRE,validation-0935c8a53804e18556325604a0bb5d46,0,6320849675789975652,coupled_z1.225_right_edge,TRAINING_COUPLED,shift,0.5006250000000003,0.0,1.225,0.058790161359971976,0.020200189350987413,0.9684394911840606,-3.1484131338130257,0.8188976377952756,142,0.9262858629226685,0.9457307459824098,True,,0.15211102720657133,,,,0.9527768464541949,3b438a58b96b2a1b,c0259e51167e35b5
MID,validation-0935c8a53804e18556325604a0bb5d46,0,6320849675789975652,coupled_z1.225_right_edge,TRAINING_COUPLED,shift,0.5006250000000003,0.0,1.225,-0.030780484203545733,0.007254828565211549,0.9682948007365871,2.995240991182812,0.8640776699029126,115,0.9188239574432373,-0.9733299469269624,False,,0.07738181588085169,,,,0.9555353522291165,f9a6126e0f530139,c0259e51167e35b5
POST,validation-0935c8a53804e18556325604a0bb5d46,0,6320849675789975652,coupled_z1.225_right_edge,TRAINING_COUPLED,shift,0.5006250000000003,0.0,1.225,0.0023211780202159055,-0.0009503049566188526,1.0001910671588552,0.5171173489893454,0.8387096774193549,140,0.9300652742385864,0.9254446282619403,True,,0.006137359532395047,,,,0.9346376061430167,7f5ae0d8a2136b2e,c0259e51167e35b5
PRE,validation-0935c8a53804e18556325604a0bb5d46,0,6320849675789975652,coupled_z1.4142_left_edge,TRAINING_COUPLED,shift,-1.0000000000000004,0.0,1.4142135623730951,-0.10151856441231503,0.027594214204371602,0.7938415244753111,0.3097645726470947,0.9797979797979798,105,0.8985031843185425,0.964987072815206,True,,0.14877808694760186,,,,0.8756333589545076,9b43500e250230c2,c0259e51167e35b5
MID,validation-0935c8a53804e18556325604a0bb5d46,0,6320849675789975652,coupled_z1.4142_left_edge,TRAINING_COUPLED,shift,-1.0000000000000004,0.0,1.4142135623730951,-0.14326385479515769,0.03664863018565652,0.8476165561735193,6.068294428583719,0.9540229885057471,92,0.8938464522361755,0.9688031313282215,True,,0.20912988397286997,,,,0.8889548778525045,331ebf6ed575bc10,c0259e51167e35b5
POST,validation-0935c8a53804e18556325604a0bb5d46,0,6320849675789975652,coupled_z1.4142_left_edge,TRAINING_COUPLED,shift,-1.0000000000000004,0.0,1.4142135623730951,-0.12066568739421779,0.053269267816107836,0.8989293994375548,4.972795061247976,0.9468085106382979,105,0.8929538726806641,0.914821445893388,True,,0.18653591079458828,,,,0.8906861543646488,2de3cd6f7553cbe5,c0259e51167e35b5
PRE,validation-0935c8a53804e18556325604a0bb5d46,0,6320849675789975652,coupled_z1.4142_right_edge,TRAINING_COUPLED,shift,1.0000000000000004,0.0,1.4142135623730951,0.05177587412587411,0.04658636363636366,0.5986047673913443,-11.764335468372568,0.967391304347826,94,0.8889718651771545,0.7433792609334978,True,,0.09849903977560251,,,,0.9257079914624966,c15c2b1189e6db9d,c0259e51167e35b5
MID,validation-0935c8a53804e18556325604a0bb5d46,0,6320849675789975652,coupled_z1.4142_right_edge,TRAINING_COUPLED,shift,1.0000000000000004,0.0,1.4142135623730951,-0.018745927810006925,-0.016939890557445013,0.6317032274349091,15.485987946015092,1.0,105,0.8969162106513977,-0.741943453296474,False,,0.035731490356720505,,,,0.9499560594549216,6e37800ffce817a1,c0259e51167e35b5
POST,validation-0935c8a53804e18556325604a0bb5d46,0,6320849675789975652,coupled_z1.4142_right_edge,TRAINING_COUPLED,shift,1.0000000000000004,0.0,1.4142135623730951,0.025356594494759542,0.0045886275469710705,0.9719637657044747,-0.4608644326620431,0.7596153846153846,114,0.9063370823860168,0.9840175287663833,True,,0.03644207423120949,,,,0.9355511069288435,4d0b2c92e9e6be59,c0259e51167e35b5
PRE,validation-0935c8a53804e18556325604a0bb5d46,0,6320849675789975652,coupled_z1.5_left_edge,TRAINING_COUPLED,shift,-1.25,0.0,1.5,-0.16201932949994868,0.05170256186466781,0.7384465856854672,5.233558835006802,0.9772727272727273,91,0.8856492638587952,0.9526689777121368,True,,0.20408263515148747,,,,0.8261701957080564,6c7f2a6736e34bcf,c0259e51167e35b5
MID,validation-0935c8a53804e18556325604a0bb5d46,0,6320849675789975652,coupled_z1.5_left_edge,TRAINING_COUPLED,shift,-1.25,0.0,1.5,-0.17514494156485944,0.048429014295466796,0.7668159560300827,2.3327843797275536,0.978494623655914,97,0.8904445171356201,0.9638327946439271,True,,0.21806057134016574,,,,0.8508568317200278,51e8d866c39b511b,c0259e51167e35b5
POST,validation-0935c8a53804e18556325604a0bb5d46,0,6320849675789975652,coupled_z1.5_left_edge,TRAINING_COUPLED,shift,-1.25,0.0,1.5,-0.1479387094423051,0.03519439146754777,0.7175358991528448,-2.203395950317392,0.9795918367346939,103,0.8805612921714783,0.972849331933935,True,,0.18248093050180644,,,,0.8786064531071396,03653f9719554afb,c0259e51167e35b5
PRE,validation-0935c8a53804e18556325604a0bb5d46,0,6320849675789975652,coupled_z1.5_right_edge,TRAINING_COUPLED,shift,1.25,0.0,1.5,0.04003877815717722,0.09868370986526911,0.6680843539971759,-13.681739789055761,1.0,91,0.8611687421798706,0.3759621003948533,True,,0.12779621599520408,,,,0.8817483186712983,96e5d2246f8c2927,c0259e51167e35b5
MID,validation-0935c8a53804e18556325604a0bb5d46,0,6320849675789975652,coupled_z1.5_right_edge,TRAINING_COUPLED,shift,1.25,0.0,1.5,0.03232442532788041,0.004770836271329855,0.7394102400817395,11.13471211253043,0.9191919191919192,103,0.8987534642219543,0.9892830317741993,True,,0.03920951754571836,,,,0.943899393080721,6832a011d66acadb,c0259e51167e35b5
POST,validation-0935c8a53804e18556325604a0bb5d46,0,6320849675789975652,coupled_z1.5_right_edge,TRAINING_COUPLED,shift,1.25,0.0,1.5,0.09763142445472228,-0.03143132557942872,0.8872706174465872,-1.1552416837938941,0.9325842696629213,96,0.885563850402832,0.9518870179640643,True,,0.12307942763509667,,,,0.883969485758851,20ee89dadc2c4679,c0259e51167e35b5
PRE,validation-0935c8a53804e18556325604a0bb5d46,0,6320849675789975652,legacy_center_z1,EXTRAPOLATION,identity,0.0,0.0,1.0,0.0,0.0,1.0,0.0,1.0,256,1.0,,,,,,,,1.0,5eebe1a289db81dd,c0259e51167e35b5
MID,validation-0935c8a53804e18556325604a0bb5d46,0,6320849675789975652,legacy_center_z1,EXTRAPOLATION,identity,0.0,0.0,1.0,0.0,0.0,1.0,0.0,1.0,256,1.0,,,,,,,,1.0,e9a7fc2e69cccadd,c0259e51167e35b5
POST,validation-0935c8a53804e18556325604a0bb5d46,0,6320849675789975652,legacy_center_z1,EXTRAPOLATION,identity,0.0,0.0,1.0,0.0,0.0,1.0,0.0,1.0,256,1.0,,,,,,,,1.0,fac68c05705977b3,c0259e51167e35b5
PRE,validation-0935c8a53804e18556325604a0bb5d46,0,6320849675789975652,coupled_z1.1_center,TRAINING_COUPLED,zoom,0.0,0.0,1.1,0.0007961873273338986,0.008458202836510803,0.993682934726993,0.09916506660957303,0.9297297297297298,197,0.964397132396698,,,,0.066489249848622,-0.006337102358126848,-0.09531017980432493,True,0.9685463905324786,55ad0157ba6090e6,c0259e51167e35b5
MID,validation-0935c8a53804e18556325604a0bb5d46,0,6320849675789975652,coupled_z1.1_center,TRAINING_COUPLED,zoom,0.0,0.0,1.1,0.0001419952713536607,-0.00036268808145589054,0.9934513041473831,-0.10464622624744115,0.9329268292682927,178,0.9624015092849731,,,,0.06893526642716336,-0.006570232638031984,-0.09531017980432493,True,0.9735006674220762,688109e0a811b36d,c0259e51167e35b5
POST,validation-0935c8a53804e18556325604a0bb5d46,0,6320849675789975652,coupled_z1.1_center,TRAINING_COUPLED,zoom,0.0,0.0,1.1,0.0019272242793994532,0.006027701469611034,0.9888965634967372,-0.20812747690828423,0.903448275862069,154,0.9491149187088013,,,,0.11714949873944733,-0.011165539788843262,-0.09531017980432493,True,0.9421608448019142,314deda1ebc9ff76,c0259e51167e35b5
PRE,validation-0935c8a53804e18556325604a0bb5d46,0,6320849675789975652,coupled_z1.225_center,TRAINING_COUPLED,zoom,0.0,0.0,1.225,-0.0034950226668269274,0.021408423082408763,0.9427797652885703,-0.4233774963304601,0.8947368421052632,145,0.9381418228149414,,,,0.2903435767211432,-0.05892257050880663,-0.20294084399669038,True,0.9418490494390278,a3b8273215473fc4,c0259e51167e35b5
MID,validation-0935c8a53804e18556325604a0bb5d46,0,6320849675789975652,coupled_z1.225_center,TRAINING_COUPLED,zoom,0.0,0.0,1.225,-0.0010473312219990843,0.010916595859724994,0.9620202593591053,0.13442604514259818,0.8661417322834646,139,0.9444405436515808,,,,0.1907933767830552,-0.03871976891333177,-0.20294084399669038,True,0.9420323371877786,28feca90655978ed,c0259e51167e35b5
POST,validation-0935c8a53804e18556325604a0bb5d46,0,6320849675789975652,coupled_z1.225_center,TRAINING_COUPLED,zoom,0.0,0.0,1.225,0.05391884963692052,0.059556194449723536,0.7125445566650022,-1.3630477685344453,0.9537037037037037,111,0.9022815227508545,,,,1.6700080006070812,-0.3389128331244265,-0.20294084399669038,True,0.9377784095861122,7ef91babd239174c,c0259e51167e35b5
PRE,validation-0935c8a53804e18556325604a0bb5d46,0,6320849675789975652,coupled_z1.4142_center,TRAINING_COUPLED,zoom,0.0,0.0,1.4142135623730951,0.036230311543196246,0.0438847416432562,0.8974023048714115,3.5188848712652163,0.9326923076923077,116,0.9119482636451721,,,,0.3123464109543988,-0.10825101705552978,-0.3465735902799727,True,0.9248008087149437,82c06ac959ea54f5,c0259e51167e35b5
MID,validation-0935c8a53804e18556325604a0bb5d46,0,6320849675789975652,coupled_z1.4142_center,TRAINING_COUPLED,zoom,0.0,0.0,1.4142135623730951,-0.013734795362175027,0.10912588382087898,0.7530975328446972,1.7881159560629487,0.9166666666666666,93,0.8799726366996765,,,,0.8181827520404359,-0.2835605338798025,-0.3465735902799727,True,0.9110147953024337,113e744ccbbe1dc1,c0259e51167e35b5
POST,validation-0935c8a53804e18556325604a0bb5d46,0,6320849675789975652,coupled_z1.4142_center,TRAINING_COUPLED,zoom,0.0,0.0,1.4142135623730951,-0.06558784579164212,0.12861707867372957,0.7531617410841636,1.7862370745047258,0.8795180722891566,92,0.8606440424919128,,,,0.8179367574488756,-0.283475278651016,-0.3465735902799727,True,0.8658555746069831,c1d1ae30a06c2888,c0259e51167e35b5
PRE,validation-0935c8a53804e18556325604a0bb5d46,0,6320849675789975652,coupled_z1.5_center,TRAINING_COUPLED,zoom,0.0,0.0,1.5,0.0004432179593707834,0.056484950287957365,0.8791037966344031,4.552543977923776,0.9354838709677419,104,0.9120772480964661,,,,0.3177888819122561,-0.12885230336012563,-0.4054651081081644,True,0.9339576363554197,6447e0538d617615,c0259e51167e35b5
MID,validation-0935c8a53804e18556325604a0bb5d46,0,6320849675789975652,coupled_z1.5_center,TRAINING_COUPLED,zoom,0.0,0.0,1.5,-0.0636938679491871,0.1120436684266472,0.7052200416659788,5.903897660761466,0.9523809523809523,89,0.8665066957473755,,,,0.8613451615088152,-0.3492454090296161,-0.4054651081081644,True,0.8841361999502877,647e78792fa50f8a,c0259e51167e35b5
POST,validation-0935c8a53804e18556325604a0bb5d46,0,6320849675789975652,coupled_z1.5_center,TRAINING_COUPLED,zoom,0.0,0.0,1.5,-0.04405945494221193,0.14947550201895643,0.5390752887169974,-6.632254894211971,1.0,85,0.8509218096733093,,,,1.5239289972201102,-0.6179000356070186,-0.4054651081081644,True,0.877551011892336,7a09d71c04198e06,c0259e51167e35b5
PRE,validation-0935c8a53804e18556325604a0bb5d46,1,1046359820037473929,coupled_z1.1_left_edge,TRAINING_COUPLED,shift,-0.2100000000000002,0.0,1.1,-0.09933385579937304,-0.00958466108793837,0.8136912312951922,8.179464341052498,1.0,111,0.8962841629981995,0.995377155532462,True,,0.522736727606217,,,,0.9431219663087215,009542ac2feece94,93d2c61bb7ec7ce8
MID,validation-0935c8a53804e18556325604a0bb5d46,1,1046359820037473929,coupled_z1.1_left_edge,TRAINING_COUPLED,shift,-0.2100000000000002,0.0,1.1,-0.18550299736930748,0.01425695726510301,0.8713647123374325,-3.2712716374078505,0.9711538461538461,110,0.9032878279685974,0.9970596226780144,True,,0.9745479057063327,,,,0.952560901640893,b7d8e3fa039ce22d,93d2c61bb7ec7ce8
POST,validation-0935c8a53804e18556325604a0bb5d46,1,1046359820037473929,coupled_z1.1_left_edge,TRAINING_COUPLED,shift,-0.2100000000000002,0.0,1.1,-0.16286567132127533,0.03371772777786723,0.8742156867829705,-2.6377596988466654,0.9587628865979382,110,0.9066975116729736,0.9792349049702684,True,,0.8711963728419075,,,,0.938843846320167,50c87684a380f461,93d2c61bb7ec7ce8
PRE,validation-0935c8a53804e18556325604a0bb5d46,1,1046359820037473929,coupled_z1.1_right_edge,TRAINING_COUPLED,shift,0.2100000000000002,0.0,1.1,0.0002792361372820906,0.0013714896492573597,0.9986908450002754,-0.07112557362002503,0.99,133,0.9393356442451477,0.19950748970602286,True,,0.0073313812813878285,,,,0.985727547747553,7bada9da2211a0f6,93d2c61bb7ec7ce8
MID,validation-0935c8a53804e18556325604a0bb5d46,1,1046359820037473929,coupled_z1.1_right_edge,TRAINING_COUPLED,shift,0.2100000000000002,0.0,1.1,-0.02418407104773322,0.027504574565416294,0.6636056758385457,-2.707221945965859,0.95,103,0.8878976106643677,-0.6603207843785065,False,,0.1918438285930985,,,,0.9474057555189195,50a3905a29124cb2,93d2c61bb7ec7ce8
POST,validation-0935c8a53804e18556325604a0bb5d46,1,1046359820037473929,coupled_z1.1_right_edge,TRAINING_COUPLED,shift,0.2100000000000002,0.0,1.1,0.06796338994961532,0.029264482879781034,0.9431654641944697,-3.321649636359003,0.896551724137931,126,0.9139720797538757,0.9184717962655157,True,,0.3875989558766758,,,,0.9657928943624374,5c38dac6469feaa3,93d2c61bb7ec7ce8
PRE,validation-0935c8a53804e18556325604a0bb5d46,1,1046359820037473929,coupled_z1.225_left_edge,TRAINING_COUPLED,shift,-0.5006250000000003,0.0,1.225,-0.16321562130502928,0.046854634696290594,0.7152717130728395,3.978526448333714,1.0,97,0.8966482281684875,0.9611784723880065,True,,0.41550977248672966,,,,0.9359855017644048,7256453a0ce683d9,93d2c61bb7ec7ce8
MID,validation-0935c8a53804e18556325604a0bb5d46,1,1046359820037473929,coupled_z1.225_left_edge,TRAINING_COUPLED,shift,-0.5006250000000003,0.0,1.225,-0.25914080522974775,0.019789945625764027,0.7758827840683081,-0.27574710161215965,0.9595959595959596,104,0.9110355377197266,0.9970966923777734,True,,0.6359486995826527,,,,0.9526002378811989,154a89100646f081,93d2c61bb7ec7ce8
POST,validation-0935c8a53804e18556325604a0bb5d46,1,1046359820037473929,coupled_z1.225_left_edge,TRAINING_COUPLED,shift,-0.5006250000000003,0.0,1.225,-0.23286759386740716,0.017604368422280803,0.7685656653793033,-2.9601034178982943,0.970873786407767,109,0.8965852856636047,0.9971546471691398,True,,0.5714392846826353,,,,0.9528190465452111,a7d520044fec98b3,93d2c61bb7ec7ce8
PRE,validation-0935c8a53804e18556325604a0bb5d46,1,1046359820037473929,coupled_z1.225_right_edge,TRAINING_COUPLED,shift,0.5006250000000003,0.0,1.225,-0.05490493885873793,0.03175394138893552,0.9158213971525928,-6.19684538149796,0.979381443298969,105,0.8937293887138367,-0.8656526786607989,False,,0.1551998475322482,,,,0.9516983599473473,e10fecc586ddda90,93d2c61bb7ec7ce8
MID,validation-0935c8a53804e18556325604a0bb5d46,1,1046359820037473929,coupled_z1.225_right_edge,TRAINING_COUPLED,shift,0.5006250000000003,0.0,1.225,-0.0026223678315413085,0.029568492383512564,0.6342100862413216,-3.608778187788567,0.9896907216494846,98,0.8865470290184021,-0.0883411661155862,False,,0.07263635396307179,,,,0.9404801130285394,0286fe60916743fa,93d2c61bb7ec7ce8
POST,validation-0935c8a53804e18556325604a0bb5d46,1,1046359820037473929,coupled_z1.225_right_edge,TRAINING_COUPLED,shift,0.5006250000000003,0.0,1.225,0.2601814742426645,0.022413453993504313,0.7628804627419858,-0.6436327535145703,0.96875,102,0.8951495885848999,0.9963100045023294,True,,0.6390067328546604,,,,0.9380990266790545,da3340481b4b0d67,93d2c61bb7ec7ce8
PRE,validation-0935c8a53804e18556325604a0bb5d46,1,1046359820037473929,coupled_z1.4142_left_edge,TRAINING_COUPLED,shift,-1.0000000000000004,0.0,1.4142135623730951,-0.13216121173010106,0.021021847804230213,0.6979638656462115,4.976724343953631,0.9901960784313726,103,0.8962010741233826,0.9875847113723129,True,,0.18925381883107567,,,,0.9420666064054252,7c804ce45655ba5f,93d2c61bb7ec7ce8
MID,validation-0935c8a53804e18556325604a0bb5d46,1,1046359820037473929,coupled_z1.4142_left_edge,TRAINING_COUPLED,shift,-1.0000000000000004,0.0,1.4142135623730951,-0.1995009416094411,0.008450379121696012,0.7745506727520766,0.3363156781836782,0.8942307692307693,111,0.8992584943771362,0.9991041226048524,True,,0.282389924077875,,,,0.9480748176565226,80f11fea67dd8293,93d2c61bb7ec7ce8
POST,validation-0935c8a53804e18556325604a0bb5d46,1,1046359820037473929,coupled_z1.4142_left_edge,TRAINING_COUPLED,shift,-1.0000000000000004,0.0,1.4142135623730951,-0.016357237492285848,0.028348696901824188,0.5643294755325432,-1.1800463283942015,1.0,106,0.88018798828125,0.49977334437834553,True,,0.04628623627841299,,,,0.9426487684240451,cbe28b4f96f9b840,93d2c61bb7ec7ce8
PRE,validation-0935c8a53804e18556325604a0bb5d46,1,1046359820037473929,coupled_z1.4142_right_edge,TRAINING_COUPLED,shift,1.0000000000000004,0.0,1.4142135623730951,0.09015681205035975,0.06294383243405274,0.8233083908228245,-3.3973183411127184,0.9052631578947369,103,0.8778024315834045,0.8199402778130306,True,,0.15550033312227982,,,,0.9440665807754244,6bc6a30e46847dbc,93d2c61bb7ec7ce8
MID,validation-0935c8a53804e18556325604a0bb5d46,1,1046359820037473929,coupled_z1.4142_right_edge,TRAINING_COUPLED,shift,1.0000000000000004,0.0,1.4142135623730951,0.07541271452112054,0.017123507897592552,0.712149466683397,3.9664049816712597,0.9333333333333333,108,0.8990239500999451,0.9751768380535655,True,,0.10936445523261142,,,,0.9430117607107268,1c516c3a8149d2e1,93d2c61bb7ec7ce8
POST,validation-0935c8a53804e18556325604a0bb5d46,1,1046359820037473929,coupled_z1.4142_right_edge,TRAINING_COUPLED,shift,1.0000000000000004,0.0,1.4142135623730951,0.22981129690822102,0.031219995963788244,0.7290017727229823,-5.929556691825196,0.97,104,0.8735568523406982,0.990898103355647,True,,0.32798756175994676,,,,0.93961375951673,7029e1dcf848be8b,93d2c61bb7ec7ce8
PRE,validation-0935c8a53804e18556325604a0bb5d46,1,1046359820037473929,coupled_z1.5_left_edge,TRAINING_COUPLED,shift,-1.25,0.0,1.5,-0.18467576312328735,0.036253425292417145,0.7160863836014978,5.401240768896352,1.0,94,0.8797401785850525,0.9812710946178609,True,,0.22584066417734874,,,,0.9240181400777482,ca14ba1a91edda28,93d2c61bb7ec7ce8
MID,validation-0935c8a53804e18556325604a0bb5d46,1,1046359820037473929,coupled_z1.5_left_edge,TRAINING_COUPLED,shift,-1.25,0.0,1.5,-0.24211468308253536,0.008014135886912903,0.7697866366337495,3.916347092690872,0.95,106,0.8916494250297546,0.9994526256283018,True,,0.2906967396428199,,,,0.937026023863809,ff1fe54770c7d62f,93d2c61bb7ec7ce8
POST,validation-0935c8a53804e18556325604a0bb5d46,1,1046359820037473929,coupled_z1.5_left_edge,TRAINING_COUPLED,shift,-1.25,0.0,1.5,-0.03328555782935532,0.03402751354853307,0.5652250998914613,-4.113378671022762,1.0,104,0.8679448366165161,0.6992702465842913,True,,0.057120504682311946,,,,0.9260131672619362,6c41e1787ced2f04,93d2c61bb7ec7ce8
PRE,validation-0935c8a53804e18556325604a0bb5d46,1,1046359820037473929,coupled_z1.5_right_edge,TRAINING_COUPLED,shift,1.25,0.0,1.5,0.004761902897661069,0.09125052459817348,0.9016535374876322,-6.7181499868630645,0.967741935483871,98,0.8731860518455505,0.05211402524677116,True,,0.10964962790841566,,,,0.9218379808558533,b05a6e2c372bd53d,93d2c61bb7ec7ce8
MID,validation-0935c8a53804e18556325604a0bb5d46,1,1046359820037473929,coupled_z1.5_right_edge,TRAINING_COUPLED,shift,1.25,0.0,1.5,-0.01681769467016453,0.05200468680017921,0.8823930611723717,-7.608645101732451,0.9354838709677419,102,0.8846287727355957,-0.3076985309664963,False,,0.06558768265927073,,,,0.9506872892370253,84acf15b5b91280c,93d2c61bb7ec7ce8
POST,validation-0935c8a53804e18556325604a0bb5d46,1,1046359820037473929,coupled_z1.5_right_edge,TRAINING_COUPLED,shift,1.25,0.0,1.5,0.13249004042463786,0.02328121997061803,0.5712303171910076,-5.466600308629963,1.0,84,0.8517131805419922,0.9849097270000101,True,,0.1614239804417583,,,,0.9319682121267535,a45661fc61988d16,93d2c61bb7ec7ce8
PRE,validation-0935c8a53804e18556325604a0bb5d46,1,1046359820037473929,legacy_center_z1,EXTRAPOLATION,identity,0.0,0.0,1.0,0.0,0.0,1.0,0.0,1.0,256,1.0,,,,,,,,1.0,578b082f05472ecd,93d2c61bb7ec7ce8
MID,validation-0935c8a53804e18556325604a0bb5d46,1,1046359820037473929,legacy_center_z1,EXTRAPOLATION,identity,0.0,0.0,1.0,0.0,0.0,1.0,0.0,1.0,256,1.0,,,,,,,,1.0,76dbc5485feae1a7,93d2c61bb7ec7ce8
POST,validation-0935c8a53804e18556325604a0bb5d46,1,1046359820037473929,legacy_center_z1,EXTRAPOLATION,identity,0.0,0.0,1.0,0.0,0.0,1.0,0.0,1.0,256,1.0,,,,,,,,1.0,c8362093dc797a63,93d2c61bb7ec7ce8
PRE,validation-0935c8a53804e18556325604a0bb5d46,1,1046359820037473929,coupled_z1.1_center,TRAINING_COUPLED,zoom,0.0,0.0,1.1,-0.0646807175454906,0.01876462007132369,0.9446077074619964,-4.311789440449077,0.8846153846153846,117,0.9093350172042847,,,,0.597895861409617,-0.056985562055212345,-0.09531017980432493,True,0.949439340762064,6099b81cb3ebf22b,93d2c61bb7ec7ce8
MID,validation-0935c8a53804e18556325604a0bb5d46,1,1046359820037473929,coupled_z1.1_center,TRAINING_COUPLED,zoom,0.0,0.0,1.1,0.020360039109679644,0.058599815954448714,0.6206258762888889,-1.508972238595924,0.9230769230769231,109,0.9014868140220642,,,,5.00499351923589,-0.4770268322378537,-0.09531017980432493,True,0.9686899185170976,d44d93c083fa36a4,93d2c61bb7ec7ce8
POST,validation-0935c8a53804e18556325604a0bb5d46,1,1046359820037473929,coupled_z1.1_center,TRAINING_COUPLED,zoom,0.0,0.0,1.1,-0.02726844699351945,0.05913625208498538,0.646051823034991,-0.9397441244757803,1.0,103,0.8908137083053589,,,,4.583723983079528,-0.43687555700070624,-0.09531017980432493,True,0.9551141262044891,e92457f5f526db50,93d2c61bb7ec7ce8
PRE,validation-0935c8a53804e18556325604a0bb5d46,1,1046359820037473929,coupled_z1.225_center,TRAINING_COUPLED,zoom,0.0,0.0,1.225,0.010035427267631972,0.02096591435670437,0.7413655420461023,2.8839682224621437,0.9514563106796117,107,0.8973895907402039,,,,1.4746241334436037,-0.2992614662189331,-0.20294084399669038,True,0.9574407313719194,8c10828761eaf2d1,93d2c61bb7ec7ce8
MID,validation-0935c8a53804e18556325604a0bb5d46,1,1046359820037473929,coupled_z1.225_center,TRAINING_COUPLED,zoom,0.0,0.0,1.225,-0.08376171970437332,0.0462613379550452,0.8502545593755713,-8.747445280504557,0.946236559139785,105,0.9041927456855774,,,,0.799343737418229,-0.16221949271512423,-0.20294084399669038,True,0.9651370048513297,1a8d42371d59b5cd,93d2c61bb7ec7ce8
POST,validation-0935c8a53804e18556325604a0bb5d46,1,1046359820037473929,coupled_z1.225_center,TRAINING_COUPLED,zoom,0.0,0.0,1.225,-0.05367442998351536,0.06698793441954941,0.5416956719881741,2.063705080797003,1.0,92,0.8688506484031677,,,,3.0208355989896494,-0.6130509260342072,-0.20294084399669038,True,0.9458641377597016,337e9e6bf3b861cf,93d2c61bb7ec7ce8
PRE,validation-0935c8a53804e18556325604a0bb5d46,1,1046359820037473929,coupled_z1.4142_center,TRAINING_COUPLED,zoom,0.0,0.0,1.4142135623730951,0.04464396457238032,0.029000731536302168,0.7242471048274591,6.089263574652809,0.96875,99,0.8873746991157532,,,,0.9308921650862066,-0.3226226398174237,-0.3465735902799727,True,0.9527780385471615,3379704645dc173c,93d2c61bb7ec7ce8
MID,validation-0935c8a53804e18556325604a0bb5d46,1,1046359820037473929,coupled_z1.4142_center,TRAINING_COUPLED,zoom,0.0,0.0,1.4142135623730951,-0.026214008750556742,0.0501257565039692,0.7251290030139624,4.074333771887819,0.9494949494949495,102,0.8887646794319153,,,,0.9273808327539824,-0.3214057047643786,-0.3465735902799727,True,0.9448168840885778,716523738d4d8916,93d2c61bb7ec7ce8
POST,validation-0935c8a53804e18556325604a0bb5d46,1,1046359820037473929,coupled_z1.4142_center,TRAINING_COUPLED,zoom,0.0,0.0,1.4142135623730951,-0.08964512813432435,0.03942306954767548,0.5633036800382577,6.719545144738578,1.0,81,0.856579601764679,,,,1.6560303964312622,-0.573936400103949,-0.3465735902799727,True,0.9095856547346555,c12287f43d54ff69,93d2c61bb7ec7ce8
PRE,validation-0935c8a53804e18556325604a0bb5d46,1,1046359820037473929,coupled_z1.5_center,TRAINING_COUPLED,zoom,0.0,0.0,1.5,0.033744480402382315,0.047755790094454575,0.6098982878906023,-0.6563592683370114,1.0,96,0.8767791390419006,,,,1.219495998527879,-0.49446307688058033,-0.4054651081081644,True,0.9328466017741532,80d33051632e87b6,93d2c61bb7ec7ce8
MID,validation-0935c8a53804e18556325604a0bb5d46,1,1046359820037473929,coupled_z1.5_center,TRAINING_COUPLED,zoom,0.0,0.0,1.5,-0.06790560965109149,0.10226556226279136,0.6718661578896289,-0.8439447479271011,0.9431818181818182,91,0.8737330436706543,,,,0.9808393377141974,-0.3976961281030274,-0.4054651081081644,True,0.923364400862724,a0cb99af09bfd89f,93d2c61bb7ec7ce8
POST,validation-0935c8a53804e18556325604a0bb5d46,1,1046359820037473929,coupled_z1.5_center,TRAINING_COUPLED,zoom,0.0,0.0,1.5,-0.061640388883641865,0.0675993754722327,0.38653495061057164,21.400404613480017,1.0,77,0.8483164310455322,,,,2.344302795844036,-0.950532986555174,-0.4054651081081644,True,0.9053432941427714,cb9fb04e566c7522,93d2c61bb7ec7ce8
PRE,validation-0935c8a53804e18556325604a0bb5d46,2,3032956279453203237,coupled_z1.1_left_edge,TRAINING_COUPLED,shift,-0.2100000000000002,0.0,1.1,-0.10576381697441938,-0.02892757475230917,0.9388178995557211,4.726285529722397,0.9504132231404959,132,0.9105377793312073,0.9645716495907823,True,,0.5743491904049329,,,,0.9575177431096992,a88d3d48e23e0ace,4f8de9f74e776713
MID,validation-0935c8a53804e18556325604a0bb5d46,2,3032956279453203237,coupled_z1.1_left_edge,TRAINING_COUPLED,shift,-0.2100000000000002,0.0,1.1,-0.08703306636155604,-0.019312242562929183,0.9298243242994508,5.094577038587005,0.8807339449541285,121,0.9121303558349609,0.9762545657598627,True,,0.46697603927073006,,,,0.9600775218046554,235609e9e761d6ae,4f8de9f74e776713
POST,validation-0935c8a53804e18556325604a0bb5d46,2,3032956279453203237,coupled_z1.1_left_edge,TRAINING_COUPLED,shift,-0.2100000000000002,0.0,1.1,-0.1390221583511435,-0.06483989240179822,0.8431681653226647,5.643238173869622,0.9285714285714286,106,0.8862327933311462,0.9062758358670896,True,,0.8035206024524045,,,,0.9266448573249167,b01ae7b045939426,4f8de9f74e776713
PRE,validation-0935c8a53804e18556325604a0bb5d46,2,3032956279453203237,coupled_z1.1_right_edge,TRAINING_COUPLED,shift,0.2100000000000002,0.0,1.1,0.04044616404179019,0.02214544674879161,0.9580103018947732,-0.48495310278434584,0.8869565217391304,126,0.9170666933059692,0.8771295491072938,True,,0.24153884618079133,,,,0.9463869333257747,c1aa6ea8c1080ea8,4f8de9f74e776713
MID,validation-0935c8a53804e18556325604a0bb5d46,2,3032956279453203237,coupled_z1.1_right_edge,TRAINING_COUPLED,shift,0.2100000000000002,0.0,1.1,0.010064882102096384,0.022892251969777053,0.9928529411135254,-1.4853626736930594,0.7868852459016393,148,0.9268211126327515,0.4024803352947551,True,,0.13098978105682604,,,,0.9572275851494984,6e7647ff9433d835,4f8de9f74e776713
POST,validation-0935c8a53804e18556325604a0bb5d46,2,3032956279453203237,coupled_z1.1_right_edge,TRAINING_COUPLED,shift,0.2100000000000002,0.0,1.1,0.024720781692318644,0.01946685360515736,0.9822154827621489,-1.2932386618783165,0.768,146,0.9206885695457458,0.7856480850889305,True,,0.1648190981440658,,,,0.9549852609624848,0aeef84b987fb129,4f8de9f74e776713
PRE,validation-0935c8a53804e18556325604a0bb5d46,2,3032956279453203237,coupled_z1.225_left_edge,TRAINING_COUPLED,shift,-0.5006250000000003,0.0,1.225,-0.10763710629668616,-0.0011802160990690008,0.93031384286026,3.120455542855859,0.972972972972973,122,0.9010253548622131,0.9999398923080471,True,,0.26339751553346524,,,,0.9245957732191376,9e046a7f5a96a29e,4f8de9f74e776713
MID,validation-0935c8a53804e18556325604a0bb5d46,2,3032956279453203237,coupled_z1.225_left_edge,TRAINING_COUPLED,shift,-0.5006250000000003,0.0,1.225,-0.187691590338307,0.01763554439355894,0.7072979720752892,1.0636537233997356,0.9215686274509803,107,0.8850511908531189,0.9956147530538964,True,,0.46129319300321225,,,,0.9407469559596854,ef58e7c8f148cd83,4f8de9f74e776713
POST,validation-0935c8a53804e18556325604a0bb5d46,2,3032956279453203237,coupled_z1.225_left_edge,TRAINING_COUPLED,shift,-0.5006250000000003,0.0,1.225,-0.1119206941602319,-0.01889343628982033,0.7844093521999467,-3.46353226535375,0.9108910891089109,107,0.8828500509262085,0.9860489115046832,True,,0.2777381205709241,,,,0.9491716623296782,f7003caa94caa359,4f8de9f74e776713
PRE,validation-0935c8a53804e18556325604a0bb5d46,2,3032956279453203237,coupled_z1.225_right_edge,TRAINING_COUPLED,shift,0.5006250000000003,0.0,1.225,0.16304214533511532,0.018516560269570957,0.904853049184116,-6.546239464477763,0.9900990099009901,108,0.903928816318512,0.9936127433179829,True,,0.4015191688557304,,,,0.9443709850301835,a598bd62017db1f9,4f8de9f74e776713
MID,validation-0935c8a53804e18556325604a0bb5d46,2,3032956279453203237,coupled_z1.225_right_edge,TRAINING_COUPLED,shift,0.5006250000000003,0.0,1.225,0.1310408932786875,0.0370991683224436,0.9122602149330493,-8.979393884762008,0.943089430894309,134,0.9076048731803894,0.9621827176709086,True,,0.3332520642047936,,,,0.9637323574691145,89ad0bc58065f584,4f8de9f74e776713
POST,validation-0935c8a53804e18556325604a0bb5d46,2,3032956279453203237,coupled_z1.225_right_edge,TRAINING_COUPLED,shift,0.5006250000000003,0.0,1.225,0.07121550371498454,0.01777222068392634,0.7127023215030741,4.338182598538577,1.0,102,0.8753752708435059,0.9702438911457713,True,,0.17960448964176232,,,,0.927952766417529,7db00fed13610727,4f8de9f74e776713
PRE,validation-0935c8a53804e18556325604a0bb5d46,2,3032956279453203237,coupled_z1.4142_left_edge,TRAINING_COUPLED,shift,-1.0000000000000004,0.0,1.4142135623730951,-0.15947879982684185,-0.02356866656526771,0.8673167786159907,11.355830641087753,0.96,108,0.8784336447715759,0.9892553958865566,True,,0.22798670855062864,,,,0.9139117002478042,78beda688f8117c2,4f8de9f74e776713
MID,validation-0935c8a53804e18556325604a0bb5d46,2,3032956279453203237,coupled_z1.4142_left_edge,TRAINING_COUPLED,shift,-1.0000000000000004,0.0,1.4142135623730951,-0.14712893791493165,-0.021653909278276325,0.5918300293597574,13.208361043134758,1.0,110,0.8773338794708252,0.9893423827378628,True,,0.21031317675793695,,,,0.9050323849946014,248b297577285073,4f8de9f74e776713
POST,validation-0935c8a53804e18556325604a0bb5d46,2,3032956279453203237,coupled_z1.4142_left_edge,TRAINING_COUPLED,shift,-1.0000000000000004,0.0,1.4142135623730951,-0.10358111409723919,-0.021861715123381375,0.700824925274025,10.32131850424023,0.9285714285714286,101,0.882587194442749,0.9784446092540333,True,,0.1497129372216119,,,,0.9302619695654148,480b98e4a44fdbb2,4f8de9f74e776713
PRE,validation-0935c8a53804e18556325604a0bb5d46,2,3032956279453203237,coupled_z1.4142_right_edge,TRAINING_COUPLED,shift,1.0000000000000004,0.0,1.4142135623730951,0.24905629882679586,0.01715453765958026,0.8228219392980769,-8.69000311526401,0.9340659340659341,99,0.8943271636962891,0.9976363071247254,True,,0.3530533051753408,,,,0.9021098613729992,08ccce6b3846d46a,4f8de9f74e776713
MID,validation-0935c8a53804e18556325604a0bb5d46,2,3032956279453203237,coupled_z1.4142_right_edge,TRAINING_COUPLED,shift,1.0000000000000004,0.0,1.4142135623730951,0.1630115004011768,0.0686294740434008,0.9357361772489441,-10.581202425428428,0.9702970297029703,111,0.9052154421806335,0.9216494224008291,True,,0.2501309815697234,,,,0.9496178566944469,c92183fe2e1c3cbf,4f8de9f74e776713
POST,validation-0935c8a53804e18556325604a0bb5d46,2,3032956279453203237,coupled_z1.4142_right_edge,TRAINING_COUPLED,shift,1.0000000000000004,0.0,1.4142135623730951,0.30336523940565985,-0.020799336778783616,0.8408334685146666,-12.159103239235893,0.987012987012987,82,0.8649502992630005,0.9976578780600477,True,,0.43003041959863847,,,,0.9405630826940666,2e56892743075450,4f8de9f74e776713
PRE,validation-0935c8a53804e18556325604a0bb5d46,2,3032956279453203237,coupled_z1.5_left_edge,TRAINING_COUPLED,shift,-1.25,0.0,1.5,-0.12814596860003039,0.052911446005515644,0.7326056961958334,7.403072324999863,0.9680851063829787,96,0.874603271484375,0.9243082755007477,True,,0.16636783029492744,,,,0.8970440626135437,c9b7cafc90d97756,4f8de9f74e776713
MID,validation-0935c8a53804e18556325604a0bb5d46,2,3032956279453203237,coupled_z1.5_left_edge,TRAINING_COUPLED,shift,-1.25,0.0,1.5,-0.22823255883178406,0.007604332332604756,0.6723400954666602,11.532236657613725,0.9716981132075472,108,0.8934729099273682,0.9994454054672347,True,,0.2740310467170189,,,,0.8976283608444513,e805ba357e2c1cbb,4f8de9f74e776713
POST,validation-0935c8a53804e18556325604a0bb5d46,2,3032956279453203237,coupled_z1.5_left_edge,TRAINING_COUPLED,shift,-1.25,0.0,1.5,-0.2765178052049875,-0.005314057007005768,0.773206188682192,5.551634203710771,0.9583333333333334,102,0.8697676658630371,0.9998153896887266,True,,0.3318826352011359,,,,0.8804523802334063,368eb32a42dabdc1,4f8de9f74e776713
PRE,validation-0935c8a53804e18556325604a0bb5d46,2,3032956279453203237,coupled_z1.5_right_edge,TRAINING_COUPLED,shift,1.25,0.0,1.5,0.2953103390569052,0.08224924376859002,0.7889211692958479,-2.490031047072669,0.9662921348314607,96,0.8887894153594971,0.9633337941525038,True,,0.3678604539962801,,,,0.8860002756109914,6da6d8174eb42b34,4f8de9f74e776713
MID,validation-0935c8a53804e18556325604a0bb5d46,2,3032956279453203237,coupled_z1.5_right_edge,TRAINING_COUPLED,shift,1.25,0.0,1.5,0.21391898373596757,-0.016152816731229785,0.8456940974156636,-7.099642825044057,0.9468085106382979,104,0.8992875814437866,0.9971613255836062,True,,0.25743355051549494,,,,0.9375727102237755,f294511d275c2c62,4f8de9f74e776713
POST,validation-0935c8a53804e18556325604a0bb5d46,2,3032956279453203237,coupled_z1.5_right_edge,TRAINING_COUPLED,shift,1.25,0.0,1.5,0.09096045999044,-0.021672498829141573,0.6449502369183605,-1.488563613234783,1.0,101,0.8851445913314819,0.972769463259234,True,,0.11220803706297991,,,,0.9386921488449812,b5d5a9f66b50c8c4,4f8de9f74e776713
PRE,validation-0935c8a53804e18556325604a0bb5d46,2,3032956279453203237,legacy_center_z1,EXTRAPOLATION,identity,0.0,0.0,1.0,0.0,0.0,1.0,0.0,1.0,256,1.0,,,,,,,,1.0,7269c2fcfc257f88,4f8de9f74e776713
MID,validation-0935c8a53804e18556325604a0bb5d46,2,3032956279453203237,legacy_center_z1,EXTRAPOLATION,identity,0.0,0.0,1.0,0.0,0.0,1.0,0.0,1.0,256,1.0,,,,,,,,1.0,3680e2cc308843f1,4f8de9f74e776713
POST,validation-0935c8a53804e18556325604a0bb5d46,2,3032956279453203237,legacy_center_z1,EXTRAPOLATION,identity,0.0,0.0,1.0,0.0,0.0,1.0,0.0,1.0,256,1.0,,,,,,,,1.0,52339d14acff514f,4f8de9f74e776713
PRE,validation-0935c8a53804e18556325604a0bb5d46,2,3032956279453203237,coupled_z1.1_center,TRAINING_COUPLED,zoom,0.0,0.0,1.1,0.007480496542650067,0.00537194219396913,0.9826482791635823,0.025766763415041225,0.803030303030303,148,0.9303839206695557,,,,0.18365327180892876,-0.01750402635776156,-0.09531017980432493,True,0.9416929483404278,00512dd0abf0e148,4f8de9f74e776713
MID,validation-0935c8a53804e18556325604a0bb5d46,2,3032956279453203237,coupled_z1.1_center,TRAINING_COUPLED,zoom,0.0,0.0,1.1,0.0061494811884181735,0.007619563368809298,0.9861695092474999,0.6897168112132906,0.8716216216216216,168,0.9415803551673889,,,,0.146123143524162,-0.01392702308286106,-0.09531017980432493,True,0.9625511169423967,facc769f9686e12d,4f8de9f74e776713
POST,validation-0935c8a53804e18556325604a0bb5d46,2,3032956279453203237,coupled_z1.1_center,TRAINING_COUPLED,zoom,0.0,0.0,1.1,0.01011458299102886,0.013922891130754822,0.9832814862551654,0.4353869804032889,0.7777777777777778,158,0.928076446056366,,,,0.1768944889544412,-0.016859845548641963,-0.09531017980432493,True,0.9538625478734968,31ab0e522fe8b0c9,4f8de9f74e776713
PRE,validation-0935c8a53804e18556325604a0bb5d46,2,3032956279453203237,coupled_z1.225_center,TRAINING_COUPLED,zoom,0.0,0.0,1.225,0.02460997590216918,0.026421282477384095,0.9574597847626269,-0.14853333305637104,0.9421487603305785,141,0.9064257740974426,,,,0.21420803324336846,-0.043471559057280305,-0.20294084399669038,True,0.9512423872938179,74920e2d7c1bf222,4f8de9f74e776713
MID,validation-0935c8a53804e18556325604a0bb5d46,2,3032956279453203237,coupled_z1.225_center,TRAINING_COUPLED,zoom,0.0,0.0,1.225,-0.0026969259954202733,0.030711616294757098,0.957512933767888,2.6940964897969075,0.9482758620689655,128,0.9004693627357483,,,,0.2139345107271459,-0.043416050166986,-0.20294084399669038,True,0.9612578107416329,acf9b4e70e94d8e4,4f8de9f74e776713
POST,validation-0935c8a53804e18556325604a0bb5d46,2,3032956279453203237,coupled_z1.225_center,TRAINING_COUPLED,zoom,0.0,0.0,1.225,0.002041308728391103,0.04414916746208505,0.9411140308433555,1.1163155622360796,0.9504950495049505,112,0.9054840207099915,,,,0.29905742506472655,-0.06069096624611259,-0.20294084399669038,True,0.8999956846228182,5a3debb9aa74bc7a,4f8de9f74e776713
PRE,validation-0935c8a53804e18556325604a0bb5d46,2,3032956279453203237,coupled_z1.4142_center,TRAINING_COUPLED,zoom,0.0,0.0,1.4142135623730951,0.04799640451271525,0.07662860422833966,0.8933686512814384,3.549170079424408,0.9603960396039604,111,0.9006339311599731,,,,0.32534492838652057,-0.11275595991029705,-0.3465735902799727,True,0.9276530146589539,77d6ab6d563039aa,4f8de9f74e776713
MID,validation-0935c8a53804e18556325604a0bb5d46,2,3032956279453203237,coupled_z1.4142_center,TRAINING_COUPLED,zoom,0.0,0.0,1.4142135623730951,0.024442715490866813,0.04021833716183007,0.8966657542903715,0.939059617555715,0.9583333333333334,107,0.8810888528823853,,,,0.3147155918222147,-0.10907211257491137,-0.3465735902799727,True,0.9278154330134313,bde32508f68dd5af,4f8de9f74e776713
POST,validation-0935c8a53804e18556325604a0bb5d46,2,3032956279453203237,coupled_z1.4142_center,TRAINING_COUPLED,zoom,0.0,0.0,1.4142135623730951,0.12809954805809992,0.08948434516760519,0.5360222002437973,-0.814424024008062,0.9883720930232558,87,0.8603182435035706,,,,1.7992706827430551,-0.6235797004037583,-0.3465735902799727,True,0.9095242023458922,f2233c24c3cbf0ec,4f8de9f74e776713
PRE,validation-0935c8a53804e18556325604a0bb5d46,2,3032956279453203237,coupled_z1.5_center,TRAINING_COUPLED,zoom,0.0,0.0,1.5,0.027197439396115592,0.05584231685843936,0.8825269470320406,7.5901245643181365,0.9381443298969072,105,0.8905472755432129,,,,0.30820396937097044,-0.12496595576036593,-0.4054651081081644,True,0.8991854786863871,5dee227be86050d8,4f8de9f74e776713
MID,validation-0935c8a53804e18556325604a0bb5d46,2,3032956279453203237,coupled_z1.5_center,TRAINING_COUPLED,zoom,0.0,0.0,1.5,0.012249836746884252,0.05679863803873529,0.8057462925600624,1.752565955020155,0.967741935483871,100,0.8770236968994141,,,,0.53268790632448,-0.21598635952576706,-0.4054651081081644,True,0.931289128217854,468544c3d4195367,4f8de9f74e776713
POST,validation-0935c8a53804e18556325604a0bb5d46,2,3032956279453203237,coupled_z1.5_center,TRAINING_COUPLED,zoom,0.0,0.0,1.5,0.13515785830907928,0.0673116170937744,0.5987358045830738,3.3475126577371004,0.9879518072289156,85,0.8553168773651123,,,,1.265052969297622,-0.5129348389588146,-0.4054651081081644,True,0.8993585645761177,e506b26764fb0563,4f8de9f74e776713
PRE,validation-00355052c196912b17c0140bd3d2f529,0,289938290228183033,coupled_z1.1_left_edge,TRAINING_COUPLED,shift,-0.2100000000000002,0.0,1.1,1.3877787807814457e-17,-1.3877787807814457e-17,1.0000000000000002,-1.33726867350248e-14,1.0,187,0.964274525642395,0.0,False,,1.02803672890009e-16,,,,0.981357634066554,bffe5bca5c54f57f,cb1b610f1456b21a
MID,validation-00355052c196912b17c0140bd3d2f529,0,289938290228183033,coupled_z1.1_left_edge,TRAINING_COUPLED,shift,-0.2100000000000002,0.0,1.1,-0.006200618989636586,0.003091437234116645,0.9969170584539018,0.3067140530571974,0.9389312977099237,157,0.9422881603240967,0.894938819005253,True,,0.03629234992220472,,,,0.9745986491910428,75c91ccdf59c12e1,cb1b610f1456b21a
POST,validation-00355052c196912b17c0140bd3d2f529,0,289938290228183033,coupled_z1.1_left_edge,TRAINING_COUPLED,shift,-0.2100000000000002,0.0,1.1,0.0,0.0,1.0,-1.209793528610653e-15,1.0,178,0.9491770267486572,0.0,False,,0.0,,,,0.9848484414986726,77a18fc5cde0867c,cb1b610f1456b21a
PRE,validation-00355052c196912b17c0140bd3d2f529,0,289938290228183033,coupled_z1.1_right_edge,TRAINING_COUPLED,shift,0.2100000000000002,0.0,1.1,0.022316662354840255,-0.06276280885734166,0.940887299750969,-0.06567967634547402,0.908256880733945,122,0.9232405424118042,0.335022954779659,True,,0.34892177128208257,,,,0.947196599673075,5be3db84e3d51717,cb1b610f1456b21a
MID,validation-00355052c196912b17c0140bd3d2f529,0,289938290228183033,coupled_z1.1_right_edge,TRAINING_COUPLED,shift,0.2100000000000002,0.0,1.1,0.010131510802012439,-0.0647684020584657,0.512175822009765,26.57451040527349,1.0,79,0.8841081261634827,0.15454734510625293,True,,0.3433887424336232,,,,0.9022863507261789,bc779addb3beccf9,cb1b610f1456b21a
POST,validation-00355052c196912b17c0140bd3d2f529,0,289938290228183033,coupled_z1.1_right_edge,TRAINING_COUPLED,shift,0.2100000000000002,0.0,1.1,-6.938893903907228e-18,-5.551115123125783e-17,1.0,6.18517526072871e-15,1.0,169,0.9419039487838745,0.0,False,,2.930355535977968e-16,,,,0.9544935280678826,c25e074bff694f9a,cb1b610f1456b21a
PRE,validation-00355052c196912b17c0140bd3d2f529,0,289938290228183033,coupled_z1.225_left_edge,TRAINING_COUPLED,shift,-0.5006250000000003,0.0,1.225,-0.013516414891090428,-0.007973924051706549,0.9881888068347343,0.020655367738309713,0.8333333333333334,134,0.9308652877807617,0.8612904720885438,True,,0.03840037154380455,,,,0.9677277207364895,a599a9952a14d686,cb1b610f1456b21a
MID,validation-00355052c196912b17c0140bd3d2f529,0,289938290228183033,coupled_z1.225_left_edge,TRAINING_COUPLED,shift,-0.5006250000000003,0.0,1.225,-0.036444251566916636,-0.002172752550079954,0.9714537702602423,1.8300539603084967,0.8974358974358975,136,0.9335759282112122,0.9982275392144623,True,,0.08933528844705904,,,,0.956281428779429,5d1016528970694d,cb1b610f1456b21a
POST,validation-00355052c196912b17c0140bd3d2f529,0,289938290228183033,coupled_z1.225_left_edge,TRAINING_COUPLED,shift,-0.5006250000000003,0.0,1.225,-0.1865883508487817,0.011282994714003031,0.8754240069228875,3.5357804419367267,0.9882352941176471,92,0.8848796486854553,0.9981766893078926,True,,0.45740473708860896,,,,0.953378558157921,246935ed8c2142d7,cb1b610f1456b21a
PRE,validation-00355052c196912b17c0140bd3d2f529,0,289938290228183033,coupled_z1.225_right_edge,TRAINING_COUPLED,shift,0.5006250000000003,0.0,1.225,0.06602072615063576,-0.057779798871147675,0.9349697164620032,0.5805668408564105,0.9456521739130435,104,0.9016173481941223,0.7525108083503108,True,,0.21467976435439862,,,,0.9568250179281202,8db51c950840bec5,cb1b610f1456b21a
MID,validation-00355052c196912b17c0140bd3d2f529,0,289938290228183033,coupled_z1.225_right_edge,TRAINING_COUPLED,shift,0.5006250000000003,0.0,1.225,0.0148438852878161,-0.026235649941767837,0.986652873785006,0.05304067825123491,0.8103448275862069,131,0.9181734323501587,0.4924353393440039,True,,0.07376017398588845,,,,0.9456360340108951,1b2dc52c9df2f2ea,cb1b610f1456b21a
POST,validation-00355052c196912b17c0140bd3d2f529,0,289938290228183033,coupled_z1.225_right_edge,TRAINING_COUPLED,shift,0.5006250000000003,0.0,1.225,0.0007686802470056077,-0.002857736655865112,0.9948077987868744,0.005254178394098766,0.9708029197080292,153,0.9319392442703247,0.259749637720959,True,,0.007241263070799905,,,,0.9547895843031889,dcfb4d7779164640,cb1b610f1456b21a
PRE,validation-00355052c196912b17c0140bd3d2f529,0,289938290228183033,coupled_z1.4142_left_edge,TRAINING_COUPLED,shift,-1.0000000000000004,0.0,1.4142135623730951,-0.04299063632537265,0.006192570282222129,0.9688773131648967,0.9504079135397058,0.8736842105263158,106,0.9198209643363953,0.9897842737291679,True,,0.061425446491836094,,,,0.9624763771910129,9b2e31098b7fa1c5,cb1b610f1456b21a
MID,validation-00355052c196912b17c0140bd3d2f529,0,289938290228183033,coupled_z1.4142_left_edge,TRAINING_COUPLED,shift,-1.0000000000000004,0.0,1.4142135623730951,-0.055891331396177246,0.024248853736234654,0.9542116869147795,2.927629746512529,0.8155339805825242,117,0.924422025680542,0.917380222583146,True,,0.08616087084934329,,,,0.949468261065933,9e6a2383006d2b69,cb1b610f1456b21a
POST,validation-00355052c196912b17c0140bd3d2f529,0,289938290228183033,coupled_z1.4142_left_edge,TRAINING_COUPLED,shift,-1.0000000000000004,0.0,1.4142135623730951,-0.03299920732683073,-0.013775720011462128,0.9696943644356223,-0.39019497871970504,0.8290598290598291,127,0.9219931960105896,0.9228180778872498,True,,0.05057110135311186,,,,0.9731464385976596,5d5dcc48d5b57029,cb1b610f1456b21a
PRE,validation-00355052c196912b17c0140bd3d2f529,0,289938290228183033,coupled_z1.4142_right_edge,TRAINING_COUPLED,shift,1.0000000000000004,0.0,1.4142135623730951,0.06956912754935568,-0.03778628424422036,0.8335507063860033,1.547762073978986,0.9148936170212766,104,0.868322491645813,0.8787464979243519,True,,0.11196130389526134,,,,0.9471694795580857,1f1e7ec6172a9084,cb1b610f1456b21a
MID,validation-00355052c196912b17c0140bd3d2f529,0,289938290228183033,coupled_z1.4142_right_edge,TRAINING_COUPLED,shift,1.0000000000000004,0.0,1.4142135623730951,0.01912973735117026,-0.029021299348827162,0.9609592893889384,1.5728628241058442,0.8947368421052632,107,0.9052289724349976,0.5503547343544615,True,,0.04915653907709519,,,,0.9321428537359452,4b19bd7af9d45e6d,cb1b610f1456b21a
POST,validation-00355052c196912b17c0140bd3d2f529,0,289938290228183033,coupled_z1.4142_right_edge,TRAINING_COUPLED,shift,1.0000000000000004,0.0,1.4142135623730951,0.01910754117904257,-0.053362706066009416,0.9433275229767019,-1.1979535250032698,0.8348623853211009,119,0.9011589884757996,0.3371097426205417,True,,0.08015829998941,,,,0.9045815695320693,30f3b1aeeec7f047,cb1b610f1456b21a
PRE,validation-00355052c196912b17c0140bd3d2f529,0,289938290228183033,coupled_z1.5_left_edge,TRAINING_COUPLED,shift,-1.25,0.0,1.5,-0.0400189017613579,-0.02198729498535005,0.9171523193956129,1.261816612278435,0.8823529411764706,94,0.903537929058075,0.8764294550121354,True,,0.05479355108130463,,,,0.9613659954875629,6488562f4f00fdb6,cb1b610f1456b21a
MID,validation-00355052c196912b17c0140bd3d2f529,0,289938290228183033,coupled_z1.5_left_edge,TRAINING_COUPLED,shift,-1.25,0.0,1.5,-0.07312889249159421,0.0227937314830143,0.9444180168466165,3.5408081854809192,0.8877551020408163,109,0.9107481241226196,0.9546991830837873,True,,0.09191866144169168,,,,0.9366618470347279,abc09cf379810188,cb1b610f1456b21a
POST,validation-00355052c196912b17c0140bd3d2f529,0,289938290228183033,coupled_z1.5_left_edge,TRAINING_COUPLED,shift,-1.25,0.0,1.5,-0.031057508767483838,-0.014455746687158183,0.9576837564378538,0.3614310877631098,0.8348623853211009,121,0.9185511469841003,0.9066050573198575,True,,0.041108319679851825,,,,0.9780895113935225,2531de4ca1b023c1,cb1b610f1456b21a
PRE,validation-00355052c196912b17c0140bd3d2f529,0,289938290228183033,coupled_z1.5_right_edge,TRAINING_COUPLED,shift,1.25,0.0,1.5,0.130865353981688,-0.11445794606125247,0.3322553441878017,-5.600784343354044,1.0,84,0.8318015336990356,0.7527170310209476,True,,0.20862876526646756,,,,0.9206938100265482,4b87c926c0743d6c,cb1b610f1456b21a
MID,validation-00355052c196912b17c0140bd3d2f529,0,289938290228183033,coupled_z1.5_right_edge,TRAINING_COUPLED,shift,1.25,0.0,1.5,0.02095788794156299,-0.03492738999453314,0.9151797104464938,-0.661589722663983,0.925531914893617,106,0.88321852684021,0.5145220013124715,True,,0.04887928108998646,,,,0.9476101398458541,519a01937f8ed04f,cb1b610f1456b21a
POST,validation-00355052c196912b17c0140bd3d2f529,0,289938290228183033,coupled_z1.5_right_edge,TRAINING_COUPLED,shift,1.25,0.0,1.5,0.026697980749484332,-0.05053623088118438,0.8840079202326331,-1.732049879132009,0.9315068493150684,82,0.8812199234962463,0.46711548811089165,True,,0.06858598722186436,,,,0.9217608068265272,b9f07c89a595b972,cb1b610f1456b21a
PRE,validation-00355052c196912b17c0140bd3d2f529,0,289938290228183033,legacy_center_z1,EXTRAPOLATION,identity,0.0,0.0,1.0,0.0,0.0,1.0,0.0,1.0,256,1.0,,,,,,,,1.0,4d2ce3dbd8e4e3dd,cb1b610f1456b21a
MID,validation-00355052c196912b17c0140bd3d2f529,0,289938290228183033,legacy_center_z1,EXTRAPOLATION,identity,0.0,0.0,1.0,0.0,0.0,1.0,0.0,1.0,256,1.0,,,,,,,,1.0,9cbb481fd626dfbd,cb1b610f1456b21a
POST,validation-00355052c196912b17c0140bd3d2f529,0,289938290228183033,legacy_center_z1,EXTRAPOLATION,identity,0.0,0.0,1.0,0.0,0.0,1.0,0.0,1.0,256,1.0,,,,,,,,1.0,fd13c5070c7fec81,cb1b610f1456b21a
PRE,validation-00355052c196912b17c0140bd3d2f529,0,289938290228183033,coupled_z1.1_center,TRAINING_COUPLED,zoom,0.0,0.0,1.1,1.3877787807814457e-17,-2.7755575615628914e-17,1.0,-2.2244406630269594e-16,1.0,189,0.9597122669219971,,,,-0.0,0.0,-0.09531017980432493,False,0.9851786511913638,f453754c95c1af0e,cb1b610f1456b21a
MID,validation-00355052c196912b17c0140bd3d2f529,0,289938290228183033,coupled_z1.1_center,TRAINING_COUPLED,zoom,0.0,0.0,1.1,4.336808689942018e-18,5.551115123125783e-17,1.0,-1.9438439607727004e-15,1.0,181,0.9536087512969971,,,,-0.0,0.0,-0.09531017980432493,False,0.9778175976484059,7a14e8b0efffa5b5,cb1b610f1456b21a
POST,validation-00355052c196912b17c0140bd3d2f529,0,289938290228183033,coupled_z1.1_center,TRAINING_COUPLED,zoom,0.0,0.0,1.1,6.938893903907228e-18,-6.938893903907228e-18,0.9999999999999998,-3.517636205118103e-15,1.0,220,0.9732419848442078,,,,2.3297050260622374e-15,-2.2204460492503136e-16,-0.09531017980432493,True,0.9903742074956526,3ec490777b28b812,cb1b610f1456b21a
PRE,validation-00355052c196912b17c0140bd3d2f529,0,289938290228183033,coupled_z1.225_center,TRAINING_COUPLED,zoom,0.0,0.0,1.225,-2.7755575615628914e-17,-2.7755575615628914e-17,1.0,-2.5296174800629964e-15,1.0,169,0.9469125866889954,,,,-0.0,0.0,-0.20294084399669038,False,0.9822748292838543,b35ecb1e9e9db697,cb1b610f1456b21a
MID,validation-00355052c196912b17c0140bd3d2f529,0,289938290228183033,coupled_z1.225_center,TRAINING_COUPLED,zoom,0.0,0.0,1.225,0.04228795712830555,0.10222737701725651,0.9434295899051421,1.0300253568332773,0.98989898989899,106,0.8871061205863953,,,,0.28694836536115054,-0.05823354344986256,-0.20294084399669038,True,0.8936625719061497,00687670f53a2dcc,cb1b610f1456b21a
POST,validation-00355052c196912b17c0140bd3d2f529,0,289938290228183033,coupled_z1.225_center,TRAINING_COUPLED,zoom,0.0,0.0,1.225,0.11715784632335471,0.10787399485486988,0.9788002074742224,1.358983947606355,0.9705882352941176,111,0.9036967158317566,,,,0.10558611575523763,-0.02142773544570017,-0.20294084399669038,True,0.9441876477962055,9530b0468ba7bbc7,cb1b610f1456b21a
PRE,validation-00355052c196912b17c0140bd3d2f529,0,289938290228183033,coupled_z1.4142_center,TRAINING_COUPLED,zoom,0.0,0.0,1.4142135623730951,-0.005324011943903972,-0.00026910129951464995,0.9872900642007147,0.19340602671572266,0.8717948717948718,133,0.9327293038368225,,,,0.036908172986099795,-0.012791398022466908,-0.3465735902799727,True,0.9768064618100888,eecb6da7cc2ba58c,cb1b610f1456b21a
MID,validation-00355052c196912b17c0140bd3d2f529,0,289938290228183033,coupled_z1.4142_center,TRAINING_COUPLED,zoom,0.0,0.0,1.4142135623730951,0.003342039490887405,-0.002918792529934419,0.9919871690556135,-0.11801596745331028,0.8428571428571429,162,0.935135543346405,,,,0.023213269638231813,-0.008045106200659083,-0.3465735902799727,True,0.9680354633279342,78e3516007473b88,cb1b610f1456b21a
POST,validation-00355052c196912b17c0140bd3d2f529,0,289938290228183033,coupled_z1.4142_center,TRAINING_COUPLED,zoom,0.0,0.0,1.4142135623730951,-0.006754280538787877,-0.00350531581467204,0.9894534163008221,-0.08688707122489842,0.8958333333333334,168,0.9287816286087036,,,,0.030592616874029713,-0.010602593066092153,-0.3465735902799727,True,0.9733220370614287,a6359413cf573970,cb1b610f1456b21a
PRE,validation-00355052c196912b17c0140bd3d2f529,0,289938290228183033,coupled_z1.5_center,TRAINING_COUPLED,zoom,0.0,0.0,1.5,-0.03238377137397885,-0.0252409142311217,0.9371108208984961,-0.15544815517677524,0.9065420560747663,119,0.9107187986373901,,,,0.1601956133871768,-0.06495373170048535,-0.4054651081081644,True,0.9550064179295538,d029fcf65dd44ebc,cb1b610f1456b21a
MID,validation-00355052c196912b17c0140bd3d2f529,0,289938290228183033,coupled_z1.5_center,TRAINING_COUPLED,zoom,0.0,0.0,1.5,-0.0007579286610639446,-0.004171816176750109,0.9935658956471582,0.024341242444195492,0.8879310344827587,133,0.9356302618980408,,,,0.015919723521304174,-0.006454892418617684,-0.4054651081081644,True,0.9710366164392515,ae8ad839cc6df009,cb1b610f1456b21a
POST,validation-00355052c196912b17c0140bd3d2f529,0,289938290228183033,coupled_z1.5_center,TRAINING_COUPLED,zoom,0.0,0.0,1.5,-0.010065012393814632,-0.0033550041312715266,0.9776559635275391,0.02774405179292623,0.8091603053435115,143,0.9244459271430969,,,,0.05573216022087992,-0.022597446369060616,-0.4054651081081644,True,0.9738230736456819,7e8824e5a418e23e,cb1b610f1456b21a
PRE,validation-00355052c196912b17c0140bd3d2f529,1,15139981673427102380,coupled_z1.1_left_edge,TRAINING_COUPLED,shift,-0.2100000000000002,0.0,1.1,-0.014530845192054928,-0.004097360417527174,1.001827737862829,-0.20937029917228286,0.8384615384615385,147,0.9242488145828247,0.9624684167239013,True,,0.07908202457040055,,,,0.9466059772127924,df3392393adece02,c0f0e0722d36e015
MID,validation-00355052c196912b17c0140bd3d2f529,1,15139981673427102380,coupled_z1.1_left_edge,TRAINING_COUPLED,shift,-0.2100000000000002,0.0,1.1,-0.04463921956670905,-0.016960035493733726,0.9901741268170013,-1.1455161953359911,0.8740157480314961,139,0.9318957328796387,0.9348035215217956,True,,0.2501322235482889,,,,0.9270167350759771,8a5ba4e641e7deb5,c0f0e0722d36e015
POST,validation-00355052c196912b17c0140bd3d2f529,1,15139981673427102380,coupled_z1.1_left_edge,TRAINING_COUPLED,shift,-0.2100000000000002,0.0,1.1,-0.06652374316903305,-0.026830732608649766,0.9983950700328571,-2.2289951251217506,0.9196428571428571,124,0.9122199416160583,0.9274093500172129,True,,0.37573235840469904,,,,0.9498144358276427,e1dd94f03fdd1776,c0f0e0722d36e015
PRE,validation-00355052c196912b17c0140bd3d2f529,1,15139981673427102380,coupled_z1.1_right_edge,TRAINING_COUPLED,shift,0.2100000000000002,0.0,1.1,0.002921797073529339,-0.007356575687099576,0.9900167437561873,-0.9424070930965052,0.8278688524590164,139,0.9124584794044495,0.3691206621275478,True,,0.04146246173051775,,,,0.9604340768109538,13b455a4ce0d0f7a,c0f0e0722d36e015
MID,validation-00355052c196912b17c0140bd3d2f529,1,15139981673427102380,coupled_z1.1_right_edge,TRAINING_COUPLED,shift,0.2100000000000002,0.0,1.1,0.12345995127311274,0.03675558094877006,0.7542607146162907,5.126440764057562,0.975609756097561,84,0.8459656238555908,0.9584275653236755,True,,0.674745808896331,,,,0.9147356697750284,bd221d51f2b066c5,c0f0e0722d36e015
POST,validation-00355052c196912b17c0140bd3d2f529,1,15139981673427102380,coupled_z1.1_right_edge,TRAINING_COUPLED,shift,0.2100000000000002,0.0,1.1,0.08506145729493853,-0.0340669494235146,0.6509289567790217,8.041974809758711,0.9166666666666666,89,0.8549251556396484,0.9283171686071209,True,,0.4799652849737998,,,,0.9263330058048644,26d6684446e00156,c0f0e0722d36e015
PRE,validation-00355052c196912b17c0140bd3d2f529,1,15139981673427102380,coupled_z1.225_left_edge,TRAINING_COUPLED,shift,-0.5006250000000003,0.0,1.225,-0.09370116873512957,-0.024065775512828756,0.9312136465340813,1.6429783634048494,0.9294117647058824,92,0.8774776458740234,0.9685647221991656,True,,0.2367227058377636,,,,0.9188948821353594,d666e6b020be6c2c,c0f0e0722d36e015
MID,validation-00355052c196912b17c0140bd3d2f529,1,15139981673427102380,coupled_z1.225_left_edge,TRAINING_COUPLED,shift,-0.5006250000000003,0.0,1.225,-0.05668068477812203,-0.0523545623407617,0.9923993414731798,-1.7133734652857586,0.9702970297029703,111,0.9010112881660461,0.7345842399915765,True,,0.18880654152928336,,,,0.9448225498190014,5fb8a66e30f57eba,c0f0e0722d36e015
POST,validation-00355052c196912b17c0140bd3d2f529,1,15139981673427102380,coupled_z1.225_left_edge,TRAINING_COUPLED,shift,-0.5006250000000003,0.0,1.225,-0.1683526203424396,-0.013828891744912301,0.8632077823027634,-8.909988673832695,0.9142857142857143,113,0.8805543184280396,0.9966432885860536,True,,0.41333643473176157,,,,0.9429466094333404,97d22f66ce392987,c0f0e0722d36e015
PRE,validation-00355052c196912b17c0140bd3d2f529,1,15139981673427102380,coupled_z1.225_right_edge,TRAINING_COUPLED,shift,0.5006250000000003,0.0,1.225,0.13958461719931056,-0.06747909304497701,0.7570313309885554,2.093489590508101,0.9710144927536232,72,0.8666913509368896,0.9003156055267074,True,,0.37937292858895955,,,,0.9135248013442442,c4a85653a7cbe9d6,c0f0e0722d36e015
MID,validation-00355052c196912b17c0140bd3d2f529,1,15139981673427102380,coupled_z1.225_right_edge,TRAINING_COUPLED,shift,0.5006250000000003,0.0,1.225,0.19704153939389718,-0.11012018787028105,0.697835457794493,6.4815432177139005,1.0,79,0.8791339993476868,0.8729269943890762,True,,0.5523360925397984,,,,0.9115189313879434,ac89547145ca4a75,c0f0e0722d36e015
POST,validation-00355052c196912b17c0140bd3d2f529,1,15139981673427102380,coupled_z1.225_right_edge,TRAINING_COUPLED,shift,0.5006250000000003,0.0,1.225,0.0882125862309878,0.06511037954572507,0.6630437673292525,4.56315127108166,0.9354838709677419,96,0.8634457588195801,0.8045693306996324,True,,0.26828144480140004,,,,0.9249306321134854,2394c524a91ade49,c0f0e0722d36e015
PRE,validation-00355052c196912b17c0140bd3d2f529,1,15139981673427102380,coupled_z1.4142_left_edge,TRAINING_COUPLED,shift,-1.0000000000000004,0.0,1.4142135623730951,0.07764582893626001,0.06628686945968762,0.6755635748492255,-2.6197328710765913,1.0,65,0.829581618309021,-0.7605459053199595,False,,0.14438021896343425,,,,0.9053288528902155,d6e3dbc70835e384,c0f0e0722d36e015
MID,validation-00355052c196912b17c0140bd3d2f529,1,15139981673427102380,coupled_z1.4142_left_edge,TRAINING_COUPLED,shift,-1.0000000000000004,0.0,1.4142135623730951,0.03578829575596817,0.031037658462227436,0.6088444564369357,-12.08233249442985,1.0,75,0.8621414303779602,-0.7554682263467024,False,,0.06699460210993906,,,,0.914411067961732,8c69de1b05dedcff,c0f0e0722d36e015
POST,validation-00355052c196912b17c0140bd3d2f529,1,15139981673427102380,coupled_z1.4142_left_edge,TRAINING_COUPLED,shift,-1.0000000000000004,0.0,1.4142135623730951,-0.1934814209279242,-0.04439631461033279,0.9218530742179593,-4.1816404676406504,0.9666666666666667,96,0.8638386726379395,0.9746699559940847,True,,0.28073508151019605,,,,0.9304398852839634,a5d5f6e7b19cd899,c0f0e0722d36e015
PRE,validation-00355052c196912b17c0140bd3d2f529,1,15139981673427102380,coupled_z1.4142_right_edge,TRAINING_COUPLED,shift,1.0000000000000004,0.0,1.4142135623730951,0.11509201761318731,-0.07407530766625268,0.6498453461519239,2.882090840913393,0.9857142857142858,71,0.8543368577957153,0.8408872828032543,True,,0.19356303223562188,,,,0.8860070569514781,662f37d504ec6659,c0f0e0722d36e015
MID,validation-00355052c196912b17c0140bd3d2f529,1,15139981673427102380,coupled_z1.4142_right_edge,TRAINING_COUPLED,shift,1.0000000000000004,0.0,1.4142135623730951,0.25233177552614955,-0.17286958265452007,0.7490992916917314,4.5025887309367265,0.987012987012987,79,0.8708838224411011,0.824969584709118,True,,0.4325626371921805,,,,0.9060557316632267,098b40e5d78af7f0,c0f0e0722d36e015
POST,validation-00355052c196912b17c0140bd3d2f529,1,15139981673427102380,coupled_z1.4142_right_edge,TRAINING_COUPLED,shift,1.0000000000000004,0.0,1.4142135623730951,0.19797502253345353,0.04103168550232268,0.7319210880032514,4.2806086035621105,0.9746835443037974,83,0.8496237993240356,0.9791903582807399,True,,0.28592904281406223,,,,0.9167501827171436,6ba9aa026a120992,c0f0e0722d36e015
PRE,validation-00355052c196912b17c0140bd3d2f529,1,15139981673427102380,coupled_z1.5_left_edge,TRAINING_COUPLED,shift,-1.25,0.0,1.5,0.025416866067155704,0.029874806254151703,0.5392732506717737,-7.388482096857021,1.0,60,0.8263558745384216,-0.6479929306412231,False,,0.04706878399039345,,,,0.8299486535748678,0ef815d5f59f7cf7,c0f0e0722d36e015
MID,validation-00355052c196912b17c0140bd3d2f529,1,15139981673427102380,coupled_z1.5_left_edge,TRAINING_COUPLED,shift,-1.25,0.0,1.5,-0.0446006193665108,-0.003888347879061997,0.7471324324735632,-10.225863050069515,0.9324324324324325,77,0.8475959897041321,0.996221222162769,True,,0.05372375336693424,,,,0.8834611177435623,4e6a5b547d07aab4,c0f0e0722d36e015
POST,validation-00355052c196912b17c0140bd3d2f529,1,15139981673427102380,coupled_z1.5_left_edge,TRAINING_COUPLED,shift,-1.25,0.0,1.5,-0.131096878820071,-0.0033268725624308673,0.7059071547847555,-13.516993262443732,0.961038961038961,79,0.8347876071929932,0.9996781541303806,True,,0.1573669024702205,,,,0.8940434988754093,b261163b9dd6e67e,c0f0e0722d36e015
PRE,validation-00355052c196912b17c0140bd3d2f529,1,15139981673427102380,coupled_z1.5_right_edge,TRAINING_COUPLED,shift,1.25,0.0,1.5,0.017935599491270653,-0.0055256869772998835,0.5966210846842179,-4.854314084086594,1.0,57,0.8339108228683472,0.9556734943530764,True,,0.022520996465134755,,,,0.8814848520132849,4ebc40a0e5961f88,c0f0e0722d36e015
MID,validation-00355052c196912b17c0140bd3d2f529,1,15139981673427102380,coupled_z1.5_right_edge,TRAINING_COUPLED,shift,1.25,0.0,1.5,0.22812939573320834,-0.10103775934825927,0.748133998651742,4.283893965903769,1.0,76,0.8763589262962341,0.9143359938025742,True,,0.29940336674271106,,,,0.9016712903967423,659e7f367f65e956,c0f0e0722d36e015
POST,validation-00355052c196912b17c0140bd3d2f529,1,15139981673427102380,coupled_z1.5_right_edge,TRAINING_COUPLED,shift,1.25,0.0,1.5,0.1958887898894381,-0.07359570072565208,0.773974525701573,5.089333321759111,0.9746835443037974,85,0.8609355092048645,0.9361131227168215,True,,0.25110912576864536,,,,0.8981487690290034,509d0896d31d40ff,c0f0e0722d36e015
PRE,validation-00355052c196912b17c0140bd3d2f529,1,15139981673427102380,legacy_center_z1,EXTRAPOLATION,identity,0.0,0.0,1.0,0.0,0.0,1.0,0.0,1.0,256,1.0,,,,,,,,1.0,f23b734e5cef9c54,c0f0e0722d36e015
MID,validation-00355052c196912b17c0140bd3d2f529,1,15139981673427102380,legacy_center_z1,EXTRAPOLATION,identity,0.0,0.0,1.0,0.0,0.0,1.0,0.0,1.0,256,1.0,,,,,,,,1.0,8cf510f6f579ee67,c0f0e0722d36e015
POST,validation-00355052c196912b17c0140bd3d2f529,1,15139981673427102380,legacy_center_z1,EXTRAPOLATION,identity,0.0,0.0,1.0,0.0,0.0,1.0,0.0,1.0,256,1.0,,,,,,,,1.0,f535af5f68045e9b,c0f0e0722d36e015
PRE,validation-00355052c196912b17c0140bd3d2f529,1,15139981673427102380,coupled_z1.1_center,TRAINING_COUPLED,zoom,0.0,0.0,1.1,3.469446951953614e-18,0.0,1.0,5.328523038508101e-15,1.0,201,0.9468432664871216,,,,-0.0,0.0,-0.09531017980432493,False,0.9756621093337446,04893032df5671ac,c0f0e0722d36e015
MID,validation-00355052c196912b17c0140bd3d2f529,1,15139981673427102380,coupled_z1.1_center,TRAINING_COUPLED,zoom,0.0,0.0,1.1,-2.6020852139652106e-18,0.0,1.0,-2.5158458347463016e-15,1.0,224,0.9671691656112671,,,,-0.0,0.0,-0.09531017980432493,False,0.9816514849652963,5f2b1e330231e8be,c0f0e0722d36e015
POST,validation-00355052c196912b17c0140bd3d2f529,1,15139981673427102380,coupled_z1.1_center,TRAINING_COUPLED,zoom,0.0,0.0,1.1,-0.0004484090883564301,0.0031071352359131645,0.9958601522868649,-0.005298679018322659,0.9617834394904459,172,0.9409940838813782,,,,0.04352568230286276,-0.004148440606391773,-0.09531017980432493,True,0.9633877851588502,2f660b7ca5a6f5e3,c0f0e0722d36e015
PRE,validation-00355052c196912b17c0140bd3d2f529,1,15139981673427102380,coupled_z1.225_center,TRAINING_COUPLED,zoom,0.0,0.0,1.225,6.938893903907228e-18,-6.938893903907228e-18,1.0000000000000002,-4.281627745029447e-15,1.0,183,0.9458571672439575,,,,-1.0941346283582641e-15,2.2204460492503128e-16,-0.20294084399669038,False,0.9687663279483558,583035be4c978707,c0f0e0722d36e015
MID,validation-00355052c196912b17c0140bd3d2f529,1,15139981673427102380,coupled_z1.225_center,TRAINING_COUPLED,zoom,0.0,0.0,1.225,1.734723475976807e-18,-1.3877787807814457e-17,1.0,-7.253341625505681e-16,1.0,218,0.9568803310394287,,,,-0.0,0.0,-0.20294084399669038,False,0.964672923087109,da825433acb3aad0,c0f0e0722d36e015
POST,validation-00355052c196912b17c0140bd3d2f529,1,15139981673427102380,coupled_z1.225_center,TRAINING_COUPLED,zoom,0.0,0.0,1.225,0.006185945433699148,0.0054134883122353115,0.9912137123549644,-0.008115262084198232,0.8827586206896552,160,0.9366338849067688,,,,0.04348614351893663,-0.008825114667894207,-0.20294084399669038,True,0.9544903608843295,97504fbc72544d8c,c0f0e0722d36e015
PRE,validation-00355052c196912b17c0140bd3d2f529,1,15139981673427102380,coupled_z1.4142_center,TRAINING_COUPLED,zoom,0.0,0.0,1.4142135623730951,-0.0003467324614866707,0.0035033310985732417,0.9830570840430809,0.4110494555643531,0.8503937007874016,140,0.9238011837005615,,,,0.049305803286483665,-0.017088089266634722,-0.3465735902799727,True,0.9631323770432827,1df9547f3db1126d,c0f0e0722d36e015
MID,validation-00355052c196912b17c0140bd3d2f529,1,15139981673427102380,coupled_z1.4142_center,TRAINING_COUPLED,zoom,0.0,0.0,1.4142135623730951,-2.6020852139652106e-18,-2.7755575615628914e-17,1.0,-7.34141265965194e-16,1.0,195,0.9500308036804199,,,,-0.0,0.0,-0.3465735902799727,False,0.9657596349706528,e217c1cb7a02ca78,c0f0e0722d36e015
POST,validation-00355052c196912b17c0140bd3d2f529,1,15139981673427102380,coupled_z1.4142_center,TRAINING_COUPLED,zoom,0.0,0.0,1.4142135623730951,-0.0016913301950821896,0.0026170643087079686,0.9936795932170379,0.30679251985638206,0.8811188811188811,156,0.93380206823349,,,,0.018294715160904668,-0.006340465116464179,-0.3465735902799727,True,0.9650033670658198,16ead1786a3ebfbc,c0f0e0722d36e015
PRE,validation-00355052c196912b17c0140bd3d2f529,1,15139981673427102380,coupled_z1.5_center,TRAINING_COUPLED,zoom,0.0,0.0,1.5,0.009910430812038464,0.015266225311247716,0.99701158391229,0.5184973683313401,0.75,135,0.9081244468688965,,,,0.007381375756756748,-0.0029928903192003586,-0.4054651081081644,True,0.9582031319373958,b25ef86b09368540,c0f0e0722d36e015
MID,validation-00355052c196912b17c0140bd3d2f529,1,15139981673427102380,coupled_z1.5_center,TRAINING_COUPLED,zoom,0.0,0.0,1.5,0.0,1.3877787807814457e-17,1.0,5.969752312303509e-16,1.0,181,0.9440032243728638,,,,-0.0,0.0,-0.4054651081081644,False,0.9730786665119137,8b24ca178b6555ad,c0f0e0722d36e015
POST,validation-00355052c196912b17c0140bd3d2f529,1,15139981673427102380,coupled_z1.5_center,TRAINING_COUPLED,zoom,0.0,0.0,1.5,0.00369564824426849,0.0039022352716360995,0.9929813961056835,-0.26373597872008797,0.9285714285714286,158,0.9301931858062744,,,,0.017371038866758063,-0.007043350152061183,-0.4054651081081644,True,0.9699349981497959,5944abca569415dd,c0f0e0722d36e015
PRE,validation-00355052c196912b17c0140bd3d2f529,2,12621876006633258487,coupled_z1.1_left_edge,TRAINING_COUPLED,shift,-0.2100000000000002,0.0,1.1,-0.020525101015942238,-0.011191386502106125,0.9736553963491742,-0.4177027401598839,0.8861788617886179,142,0.9178054332733154,0.8779697046394128,True,,0.1224557445442804,,,,0.9368388652792144,870484001a878578,abe890c8eed8dadb
MID,validation-00355052c196912b17c0140bd3d2f529,2,12621876006633258487,coupled_z1.1_left_edge,TRAINING_COUPLED,shift,-0.2100000000000002,0.0,1.1,-0.008913569499632401,0.0012370532099615639,0.9888779906282079,0.3995804762252447,0.9285714285714286,135,0.9169281125068665,0.9905065391633837,True,,0.04713762512129838,,,,0.8952538308643586,8e3aee5b9370d163,abe890c8eed8dadb
POST,validation-00355052c196912b17c0140bd3d2f529,2,12621876006633258487,coupled_z1.1_left_edge,TRAINING_COUPLED,shift,-0.2100000000000002,0.0,1.1,-0.009764801337315887,-0.0010628475347046057,0.9883678385716176,0.23741261441052725,0.9658119658119658,137,0.9263498783111572,0.9941285268324033,True,,0.05145105283482807,,,,0.9310397505750881,88ef001dbbfd258a,abe890c8eed8dadb
PRE,validation-00355052c196912b17c0140bd3d2f529,2,12621876006633258487,coupled_z1.1_right_edge,TRAINING_COUPLED,shift,0.2100000000000002,0.0,1.1,0.07616616532771736,0.0006376423937615727,0.5918557440477261,0.5916749910161264,1.0,79,0.8594371676445007,0.9999649588610467,True,,0.39897960857955767,,,,0.8899310165593676,e663b34ce69b6286,abe890c8eed8dadb
MID,validation-00355052c196912b17c0140bd3d2f529,2,12621876006633258487,coupled_z1.1_right_edge,TRAINING_COUPLED,shift,0.2100000000000002,0.0,1.1,0.16622294907389798,-0.05602774502719354,0.5157926622190007,-7.9346069883192465,1.0,82,0.8704467415809631,0.9476174358811321,True,,0.9188218842454369,,,,0.8788975405027148,59751971f21e8b92,abe890c8eed8dadb
POST,validation-00355052c196912b17c0140bd3d2f529,2,12621876006633258487,coupled_z1.1_right_edge,TRAINING_COUPLED,shift,0.2100000000000002,0.0,1.1,0.20798890359987005,-0.02201407414334515,0.6620717858187606,-12.63548307517377,1.0,71,0.8624755144119263,0.9944453053097472,True,,1.0955511375826736,,,,0.912527973205606,3dd849d180da136d,abe890c8eed8dadb
PRE,validation-00355052c196912b17c0140bd3d2f529,2,12621876006633258487,coupled_z1.225_left_edge,TRAINING_COUPLED,shift,-0.5006250000000003,0.0,1.225,-0.08665559183298063,-0.01097960544467949,0.9115126139462015,-0.5619320315174938,0.9134615384615384,120,0.9072872400283813,0.9920684276777695,True,,0.21373641437769947,,,,0.9117013812056006,695bc7adb9fa975f,abe890c8eed8dadb
MID,validation-00355052c196912b17c0140bd3d2f529,2,12621876006633258487,coupled_z1.225_left_edge,TRAINING_COUPLED,shift,-0.5006250000000003,0.0,1.225,-0.013202705728545927,-0.006647850802111915,0.9804128527100555,0.3275624976889324,0.9272727272727272,128,0.9160642623901367,0.8931654132500259,True,,0.036170507436299654,,,,0.9036332483719791,5f12412e07112105,abe890c8eed8dadb
POST,validation-00355052c196912b17c0140bd3d2f529,2,12621876006633258487,coupled_z1.225_left_edge,TRAINING_COUPLED,shift,-0.5006250000000003,0.0,1.225,-0.04417262359274732,-0.010580715110701876,0.9438771412141226,-0.43710720854613466,0.9032258064516129,139,0.9250861406326294,0.9724906961296156,True,,0.11114534920904248,,,,0.9259353235912198,7632618c57bde980,abe890c8eed8dadb
PRE,validation-00355052c196912b17c0140bd3d2f529,2,12621876006633258487,coupled_z1.225_right_edge,TRAINING_COUPLED,shift,0.5006250000000003,0.0,1.225,0.16898468550412274,-0.017556304747592524,0.5681373563691652,-6.3071597416099126,1.0,84,0.8479548692703247,0.9946464352088695,True,,0.4157212003477876,,,,0.8819290925213276,11a0720ffc2a2fb5,abe890c8eed8dadb
MID,validation-00355052c196912b17c0140bd3d2f529,2,12621876006633258487,coupled_z1.225_right_edge,TRAINING_COUPLED,shift,0.5006250000000003,0.0,1.225,0.14937185412146867,-0.05184814846781248,0.5845405403570122,-15.12527147085588,1.0,82,0.8597597479820251,0.9447071291150952,True,,0.3868967970330816,,,,0.8826734353696482,f9ad4e1398db11a1,abe890c8eed8dadb
POST,validation-00355052c196912b17c0140bd3d2f529,2,12621876006633258487,coupled_z1.225_right_edge,TRAINING_COUPLED,shift,0.5006250000000003,0.0,1.225,0.21106523753450573,0.023433729706773737,0.6675749718772425,-10.085527879074276,1.0,71,0.8413538932800293,0.9938930152320798,True,,0.5196376709805473,,,,0.9167032241812121,703300c9960bedd3,abe890c8eed8dadb
PRE,validation-00355052c196912b17c0140bd3d2f529,2,12621876006633258487,coupled_z1.4142_left_edge,TRAINING_COUPLED,shift,-1.0000000000000004,0.0,1.4142135623730951,-0.104019272088413,0.007377642715542282,0.876773792677882,3.030645445483702,0.9534883720930233,97,0.8720680475234985,0.9974942204236957,True,,0.1474750051896353,,,,0.8693486970266171,cd402ea16e709a5e,abe890c8eed8dadb
MID,validation-00355052c196912b17c0140bd3d2f529,2,12621876006633258487,coupled_z1.4142_left_edge,TRAINING_COUPLED,shift,-1.0000000000000004,0.0,1.4142135623730951,-0.020015503599686235,-0.011131049967923523,0.9689851713052458,0.4466065967731223,0.8823529411764706,124,0.9027355313301086,0.8739472558534588,True,,0.03238890729053583,,,,0.9042435288420217,6480af8d8ba2d194,abe890c8eed8dadb
POST,validation-00355052c196912b17c0140bd3d2f529,2,12621876006633258487,coupled_z1.4142_left_edge,TRAINING_COUPLED,shift,-1.0000000000000004,0.0,1.4142135623730951,-0.03961645962307003,0.003940182732317145,0.9563304766877572,-0.04256230830459065,0.8775510204081632,114,0.915266752243042,0.9950904247949797,True,,0.05630255612368566,,,,0.8961995244017221,fc0a5f576e6d9e8a,abe890c8eed8dadb
PRE,validation-00355052c196912b17c0140bd3d2f529,2,12621876006633258487,coupled_z1.4142_right_edge,TRAINING_COUPLED,shift,1.0000000000000004,0.0,1.4142135623730951,0.1315648041582454,0.008222745433789896,0.5379406746251756,-6.559040479306936,1.0,73,0.8473950624465942,0.9980526043654262,True,,0.18642377120778544,,,,0.8598517775526984,2c32220cf06e3afd,abe890c8eed8dadb
MID,validation-00355052c196912b17c0140bd3d2f529,2,12621876006633258487,coupled_z1.4142_right_edge,TRAINING_COUPLED,shift,1.0000000000000004,0.0,1.4142135623730951,0.19931181058677636,0.006801326610534543,0.5838575820207683,-12.410702688049211,1.0,80,0.8533662557601929,0.9994182825135474,True,,0.2820335295068377,,,,0.8747947737443506,46bbc01923afca9d,abe890c8eed8dadb
POST,validation-00355052c196912b17c0140bd3d2f529,2,12621876006633258487,coupled_z1.4142_right_edge,TRAINING_COUPLED,shift,1.0000000000000004,0.0,1.4142135623730951,0.14309320486711102,-0.02303540020982474,0.6389093814392267,-3.6329215164265043,1.0,67,0.8581088781356812,0.9872889611793862,True,,0.20496972918930145,,,,0.9016237258902116,9b6614ac4dcff94c,abe890c8eed8dadb
PRE,validation-00355052c196912b17c0140bd3d2f529,2,12621876006633258487,coupled_z1.5_left_edge,TRAINING_COUPLED,shift,-1.25,0.0,1.5,-0.15648473553425635,0.0023926162584309296,0.8241307369758006,0.32034402540353607,0.9868421052631579,84,0.8579172492027283,0.9998831318865461,True,,0.18780363089571034,,,,0.8579486608496669,4924d5d4e1d90802,abe890c8eed8dadb
MID,validation-00355052c196912b17c0140bd3d2f529,2,12621876006633258487,coupled_z1.5_left_edge,TRAINING_COUPLED,shift,-1.25,0.0,1.5,-0.05134754727351146,-0.001158140157787077,0.9401002290379477,1.1896476601054382,0.8602150537634409,108,0.8795577883720398,0.999745734629767,True,,0.061632727795125415,,,,0.8560161590567611,fc1d2bc361325287,abe890c8eed8dadb
POST,validation-00355052c196912b17c0140bd3d2f529,2,12621876006633258487,coupled_z1.5_left_edge,TRAINING_COUPLED,shift,-1.25,0.0,1.5,-0.09852909816431227,0.019463651394585238,0.8662722744033432,1.111416866248254,0.9550561797752809,101,0.8953450918197632,0.9810416343828319,True,,0.12051977576888771,,,,0.8827502131453269,9f4c2f510cb486dc,abe890c8eed8dadb
PRE,validation-00355052c196912b17c0140bd3d2f529,2,12621876006633258487,coupled_z1.5_right_edge,TRAINING_COUPLED,shift,1.25,0.0,1.5,0.10152639972434023,-0.03663039060636311,0.4932720547326292,0.035918897013282255,1.0,72,0.8268654942512512,0.940648340040652,True,,0.1295188376801776,,,,0.8424178957930722,b205abc89a229a20,abe890c8eed8dadb
MID,validation-00355052c196912b17c0140bd3d2f529,2,12621876006633258487,coupled_z1.5_right_edge,TRAINING_COUPLED,shift,1.25,0.0,1.5,0.17203175963007306,0.007763149746088112,0.5920445823264725,-8.80281644890935,1.0,84,0.8535624146461487,0.9989833627970625,True,,0.20664819780045302,,,,0.8627334833136513,2a4776fd5f026b1f,abe890c8eed8dadb
POST,validation-00355052c196912b17c0140bd3d2f529,2,12621876006633258487,coupled_z1.5_right_edge,TRAINING_COUPLED,shift,1.25,0.0,1.5,0.12545239141266665,-0.10103330082990891,0.5024059306550703,-12.482416522052363,1.0,72,0.8493726253509521,0.7788314549046289,True,,0.1932932584399959,,,,0.8865621089926436,ecbdd2ef9ddbf136,abe890c8eed8dadb
PRE,validation-00355052c196912b17c0140bd3d2f529,2,12621876006633258487,legacy_center_z1,EXTRAPOLATION,identity,0.0,0.0,1.0,0.0,0.0,1.0,0.0,1.0,256,1.0,,,,,,,,1.0,51e29aef1e23b385,abe890c8eed8dadb
MID,validation-00355052c196912b17c0140bd3d2f529,2,12621876006633258487,legacy_center_z1,EXTRAPOLATION,identity,0.0,0.0,1.0,0.0,0.0,1.0,0.0,1.0,256,1.0,,,,,,,,1.0,fc27ca55c9f7188b,abe890c8eed8dadb
POST,validation-00355052c196912b17c0140bd3d2f529,2,12621876006633258487,legacy_center_z1,EXTRAPOLATION,identity,0.0,0.0,1.0,0.0,0.0,1.0,0.0,1.0,256,1.0,,,,,,,,1.0,06a842e853d3e0a2,abe890c8eed8dadb
PRE,validation-00355052c196912b17c0140bd3d2f529,2,12621876006633258487,coupled_z1.1_center,TRAINING_COUPLED,zoom,0.0,0.0,1.1,-0.004372439546606488,0.0005702189415950215,0.995078607836145,-0.010597071843432856,0.9343065693430657,154,0.933173656463623,,,,0.05176301318323886,-0.0049335420937081376,-0.09531017980432493,True,0.8976303874024945,c6801faa0524c4e3,abe890c8eed8dadb
MID,validation-00355052c196912b17c0140bd3d2f529,2,12621876006633258487,coupled_z1.1_center,TRAINING_COUPLED,zoom,0.0,0.0,1.1,1.3877787807814457e-17,0.0,1.0,-7.340525332141757e-18,1.0,211,0.9550920128822327,,,,-0.0,0.0,-0.09531017980432493,False,0.957922873372245,c867db0d866ba2bf,abe890c8eed8dadb
POST,validation-00355052c196912b17c0140bd3d2f529,2,12621876006633258487,coupled_z1.1_center,TRAINING_COUPLED,zoom,0.0,0.0,1.1,-1.3877787807814457e-17,1.3877787807814457e-17,0.9999999999999999,9.867233166554325e-16,1.0,193,0.920119047164917,,,,1.1648525130311185e-15,-1.1102230246251565e-16,-0.09531017980432493,True,0.9636246561994453,44891a00ca727c7e,abe890c8eed8dadb
PRE,validation-00355052c196912b17c0140bd3d2f529,2,12621876006633258487,coupled_z1.225_center,TRAINING_COUPLED,zoom,0.0,0.0,1.225,-0.04559186684811706,-0.019803055092585526,0.9525174995691412,-1.0565980339807166,0.8923076923076924,140,0.9110025763511658,,,,0.23970926177765972,-0.04864679989898186,-0.20294084399669038,True,0.92638343133735,04b37e56479e7fa3,abe890c8eed8dadb
MID,validation-00355052c196912b17c0140bd3d2f529,2,12621876006633258487,coupled_z1.225_center,TRAINING_COUPLED,zoom,0.0,0.0,1.225,2.7755575615628914e-17,0.0,1.0000000000000002,8.352231076939876e-16,1.0,161,0.9360211491584778,,,,-1.0941346283582641e-15,2.2204460492503128e-16,-0.20294084399669038,False,0.9342498857667776,94fc922c0f5a0d41,abe890c8eed8dadb
POST,validation-00355052c196912b17c0140bd3d2f529,2,12621876006633258487,coupled_z1.225_center,TRAINING_COUPLED,zoom,0.0,0.0,1.225,0.08814381409645035,0.049257148019087274,0.9124728984013589,7.173039189519708,0.9661016949152542,121,0.8849001526832581,,,,0.4513477550636468,-0.09159689434862797,-0.20294084399669038,True,0.8730981870343411,0fd95041397f0d4f,abe890c8eed8dadb
PRE,validation-00355052c196912b17c0140bd3d2f529,2,12621876006633258487,coupled_z1.4142_center,TRAINING_COUPLED,zoom,0.0,0.0,1.4142135623730951,-0.014798988693755899,0.005427438112743599,0.9926832501894015,0.6534254326065795,0.8541666666666666,110,0.8950762152671814,,,,0.021189290581131663,-0.007343648512188409,-0.3465735902799727,True,0.837558855864096,8f18a78b9b1430c2,abe890c8eed8dadb
MID,validation-00355052c196912b17c0140bd3d2f529,2,12621876006633258487,coupled_z1.4142_center,TRAINING_COUPLED,zoom,0.0,0.0,1.4142135623730951,-0.0024680494092599314,-0.0037950839491226462,0.990709523790682,-0.043661123793892205,0.936,147,0.9227293133735657,,,,0.02693194783952894,-0.009333901855978499,-0.3465735902799727,True,0.9349427780465539,84f0e6dfb867172e,abe890c8eed8dadb
POST,validation-00355052c196912b17c0140bd3d2f529,2,12621876006633258487,coupled_z1.4142_center,TRAINING_COUPLED,zoom,0.0,0.0,1.4142135623730951,-0.015811067281929214,0.0021872208990771046,0.9821991778628183,0.33691263241954106,0.9016393442622951,143,0.9090627431869507,,,,0.05182495988590399,-0.01796116241377331,-0.3465735902799727,True,0.9195793271055561,4d9b084d57740110,abe890c8eed8dadb
PRE,validation-00355052c196912b17c0140bd3d2f529,2,12621876006633258487,coupled_z1.5_center,TRAINING_COUPLED,zoom,0.0,0.0,1.5,-5.551115123125783e-17,8.326672684688674e-17,1.0,1.4011908927316322e-14,1.0,93,0.8863920569419861,,,,-0.0,0.0,-0.4054651081081644,False,0.8526099920264301,237a54d008ad69aa,abe890c8eed8dadb
MID,validation-00355052c196912b17c0140bd3d2f529,2,12621876006633258487,coupled_z1.5_center,TRAINING_COUPLED,zoom,0.0,0.0,1.5,-0.0066490901092791654,0.007405885349138858,0.987016564819005,0.5976815950928999,0.9279279279279279,132,0.9035833477973938,,,,0.03223077998618673,-0.013068456691509665,-0.4054651081081644,True,0.9055449310260856,55848c01fc69d9fa,abe890c8eed8dadb
POST,validation-00355052c196912b17c0140bd3d2f529,2,12621876006633258487,coupled_z1.5_center,TRAINING_COUPLED,zoom,0.0,0.0,1.5,-0.010430941905288649,-0.003682260236097426,0.9832648643128556,-0.05498846462576223,0.9090909090909091,140,0.9187924265861511,,,,0.04162318758258308,-0.016876750252978454,-0.4054651081081644,True,0.915284509376833,47376fd0384d02dd,abe890c8eed8dadb
PRE,validation-005d6f01fd188369490310847779a56b,0,4213246958638595326,coupled_z1.1_left_edge,TRAINING_COUPLED,shift,-0.2100000000000002,0.0,1.1,-0.18063924523333097,-0.037869331856869325,0.8799257164513833,-1.258341062388579,0.9509803921568627,109,0.8812743425369263,0.9787241736509238,True,,0.966774496550294,,,,0.96413945724146,a6c90a4661288e70,48f43f8c98b53621
MID,validation-005d6f01fd188369490310847779a56b,0,4213246958638595326,coupled_z1.1_left_edge,TRAINING_COUPLED,shift,-0.2100000000000002,0.0,1.1,-0.13309303409696321,0.017396443793287173,0.9172357252260872,-2.8029783969531787,0.95,111,0.8748140335083008,0.9915655156160068,True,,0.7030841403017519,,,,0.9736373393093553,1b95b4101915eabd,48f43f8c98b53621
POST,validation-005d6f01fd188369490310847779a56b,0,4213246958638595326,coupled_z1.1_left_edge,TRAINING_COUPLED,shift,-0.2100000000000002,0.0,1.1,-0.15840681627659886,0.055296041729620125,0.9828217886552784,-2.8868453904426077,0.970873786407767,113,0.8793497681617737,0.9441300023780663,True,,0.8788514165468817,,,,0.9564217329015704,c687089c03a4ada5,48f43f8c98b53621
PRE,validation-005d6f01fd188369490310847779a56b,0,4213246958638595326,coupled_z1.1_right_edge,TRAINING_COUPLED,shift,0.2100000000000002,0.0,1.1,0.10579899898890854,0.005434425678668408,0.927913584886899,-1.1015828124372635,0.9576271186440678,132,0.9017534852027893,0.9986833939110434,True,,0.554915838343264,,,,0.9513874621016681,1832a2770e5ec028,48f43f8c98b53621
MID,validation-005d6f01fd188369490310847779a56b,0,4213246958638595326,coupled_z1.1_right_edge,TRAINING_COUPLED,shift,0.2100000000000002,0.0,1.1,0.10941796601196983,0.030337221157475273,0.9252918905932852,-2.4923743038804096,0.9381443298969072,105,0.8880435824394226,0.963646477808276,True,,0.5947634738482962,,,,0.9530986491549794,2b8805fe017dfd49,48f43f8c98b53621
POST,validation-005d6f01fd188369490310847779a56b,0,4213246958638595326,coupled_z1.1_right_edge,TRAINING_COUPLED,shift,0.2100000000000002,0.0,1.1,0.1686969591256095,-0.02334731693941599,0.8596339102283912,1.573710764484616,0.9381443298969072,107,0.8851544260978699,0.9905584192860919,True,,0.8920733205081245,,,,0.949322402476315,874c2f987ec59674,48f43f8c98b53621
PRE,validation-005d6f01fd188369490310847779a56b,0,4213246958638595326,coupled_z1.225_left_edge,TRAINING_COUPLED,shift,-0.5006250000000003,0.0,1.225,-0.26307946389777775,0.04434006843993112,0.7994504931296019,4.3017271843091605,0.9651162790697675,93,0.87497878074646,0.986092324597054,True,,0.6528192091874185,,,,0.945919272059405,15a54b0b6f11d1e8,48f43f8c98b53621
MID,validation-005d6f01fd188369490310847779a56b,0,4213246958638595326,coupled_z1.225_left_edge,TRAINING_COUPLED,shift,-0.5006250000000003,0.0,1.225,-0.2736218010628866,0.06353267410588252,0.8272279206168468,-3.1277480959276063,0.968421052631579,101,0.8626750707626343,0.9740867483044223,True,,0.6873479114141576,,,,0.9446206092825026,b17c63db75b228cf,48f43f8c98b53621
POST,validation-005d6f01fd188369490310847779a56b,0,4213246958638595326,coupled_z1.225_left_edge,TRAINING_COUPLED,shift,-0.5006250000000003,0.0,1.225,-0.18234887968977942,0.04819609481178539,0.8820405508015274,3.979206802677778,0.9680851063829787,100,0.8783329129219055,0.9668005449915605,True,,0.46151919471336467,,,,0.9705298542966673,e37122583124f8bc,48f43f8c98b53621
PRE,validation-005d6f01fd188369490310847779a56b,0,4213246958638595326,coupled_z1.225_right_edge,TRAINING_COUPLED,shift,0.5006250000000003,0.0,1.225,0.17092821398091396,0.011134626778295784,0.766269058860054,4.6712297530630895,0.927710843373494,91,0.8662199974060059,0.9978849808080087,True,,0.4191377945892648,,,,0.95362120590241,3f88e4fd2f17ed48,48f43f8c98b53621
MID,validation-005d6f01fd188369490310847779a56b,0,4213246958638595326,coupled_z1.225_right_edge,TRAINING_COUPLED,shift,0.5006250000000003,0.0,1.225,0.13973679025319366,-0.00038381333946341245,0.8283033198778808,6.911866550178941,1.0,97,0.8766730427742004,0.9999962278568487,True,,0.34192901626145583,,,,0.9541678942732618,5ea86d049d043c3a,48f43f8c98b53621
POST,validation-005d6f01fd188369490310847779a56b,0,4213246958638595326,coupled_z1.225_right_edge,TRAINING_COUPLED,shift,0.5006250000000003,0.0,1.225,0.12669629473640154,-0.023464456780208615,0.8367275585887064,1.6790599162737296,0.9791666666666666,103,0.8731500506401062,0.9832789756348917,True,,0.315290377178297,,,,0.941801130770695,2a685917cd99ee00,48f43f8c98b53621
PRE,validation-005d6f01fd188369490310847779a56b,0,4213246958638595326,coupled_z1.4142_left_edge,TRAINING_COUPLED,shift,-1.0000000000000004,0.0,1.4142135623730951,-0.03676489089342216,-0.07591068923653703,0.572382851303546,11.365625726965996,1.0,89,0.8542718887329102,0.4358866877921727,True,,0.11928193444752083,,,,0.9292730008679874,1b0ec2be30b4d76e,48f43f8c98b53621
MID,validation-005d6f01fd188369490310847779a56b,0,4213246958638595326,coupled_z1.4142_left_edge,TRAINING_COUPLED,shift,-1.0000000000000004,0.0,1.4142135623730951,-0.343181786979324,-0.002173316126197873,0.774504823454666,5.043075949459446,0.9894736842105263,100,0.8597790598869324,0.9999799481534142,True,,0.4853420695083137,,,,0.9306729949313627,180c59be1e863711,48f43f8c98b53621
POST,validation-005d6f01fd188369490310847779a56b,0,4213246958638595326,coupled_z1.4142_left_edge,TRAINING_COUPLED,shift,-1.0000000000000004,0.0,1.4142135623730951,-0.2016262541138128,0.02657303415662842,0.7615262427086243,4.05322380021887,0.9518072289156626,86,0.8533973097801208,0.9914267584008238,True,,0.28760831869838926,,,,0.9352614244965156,7e06f4a2d5180d5d,48f43f8c98b53621
PRE,validation-005d6f01fd188369490310847779a56b,0,4213246958638595326,coupled_z1.4142_right_edge,TRAINING_COUPLED,shift,1.0000000000000004,0.0,1.4142135623730951,0.1666646328282441,0.0060065059585655,0.7360889337769999,8.7312237444792,0.9166666666666666,89,0.8514423370361328,0.9993512100320955,True,,0.23585240278446892,,,,0.9468647805958328,ab929e3b4bdcad83,48f43f8c98b53621
MID,validation-005d6f01fd188369490310847779a56b,0,4213246958638595326,coupled_z1.4142_right_edge,TRAINING_COUPLED,shift,1.0000000000000004,0.0,1.4142135623730951,0.06366687333459747,-0.008274773954351756,0.6510919258458987,-2.6413339506090914,1.0,97,0.8602882623672485,0.9916594391449057,True,,0.09079584400399936,,,,0.9422023227446579,0d183f4c183de63e,48f43f8c98b53621
POST,validation-005d6f01fd188369490310847779a56b,0,4213246958638595326,coupled_z1.4142_right_edge,TRAINING_COUPLED,shift,1.0000000000000004,0.0,1.4142135623730951,0.09448290083823793,-0.01516240859639735,0.5258167280415258,13.102479916339101,1.0,93,0.8492670655250549,0.987366925776647,True,,0.13532861622918044,,,,0.9406785368909965,f84d5e57410f1f4c,48f43f8c98b53621
PRE,validation-005d6f01fd188369490310847779a56b,0,4213246958638595326,coupled_z1.5_left_edge,TRAINING_COUPLED,shift,-1.25,0.0,1.5,-0.053334283645272526,-0.08703665948151883,0.5845281945839034,6.746266773878769,1.0,86,0.8481104373931885,0.5224853898695923,True,,0.12249364597457695,,,,0.9174483369250861,90ffa0ad4964ca4f,48f43f8c98b53621
MID,validation-005d6f01fd188369490310847779a56b,0,4213246958638595326,coupled_z1.5_left_edge,TRAINING_COUPLED,shift,-1.25,0.0,1.5,-0.21743912344751687,-0.011659344594476559,0.6300889077622802,8.656481325761938,0.9642857142857143,85,0.8379170894622803,0.9985654766758886,True,,0.2613017916503368,,,,0.9334217190891204,e8f7a6d0697e446b,48f43f8c98b53621
POST,validation-005d6f01fd188369490310847779a56b,0,4213246958638595326,coupled_z1.5_left_edge,TRAINING_COUPLED,shift,-1.25,0.0,1.5,-0.20298680979091543,-0.02877857476739526,0.6754726883111726,-3.2659190650098555,0.963855421686747,87,0.8516720533370972,0.9900988555783855,True,,0.24602005181126924,,,,0.9399796724310058,6c7349d0d125516f,48f43f8c98b53621
PRE,validation-005d6f01fd188369490310847779a56b,0,4213246958638595326,coupled_z1.5_right_edge,TRAINING_COUPLED,shift,1.25,0.0,1.5,0.22949524545297645,-0.02107133464285424,0.7752468029568552,3.296763661054209,0.9487179487179487,86,0.8591183423995972,0.9958113759974665,True,,0.27655266969237596,,,,0.9206568551445847,bb29ddfe419bd6c4,48f43f8c98b53621
MID,validation-005d6f01fd188369490310847779a56b,0,4213246958638595326,coupled_z1.5_right_edge,TRAINING_COUPLED,shift,1.25,0.0,1.5,0.091648399740733,-0.002588204371813386,0.5703608935761973,-1.1949150389230054,1.0,99,0.8488181233406067,0.999601473044356,True,,0.11002192639081879,,,,0.9240321977186853,bbb6a694950b2aec,48f43f8c98b53621
POST,validation-005d6f01fd188369490310847779a56b,0,4213246958638595326,coupled_z1.5_right_edge,TRAINING_COUPLED,shift,1.25,0.0,1.5,0.025406345107687096,-0.03593148535010233,0.5335683589547583,6.319883057511091,1.0,97,0.8710636496543884,0.5773343343516812,True,,0.05280755415772955,,,,0.9503020048131976,830bef7d36a92e49,48f43f8c98b53621
PRE,validation-005d6f01fd188369490310847779a56b,0,4213246958638595326,legacy_center_z1,EXTRAPOLATION,identity,0.0,0.0,1.0,0.0,0.0,1.0,0.0,1.0,256,1.0,,,,,,,,1.0,dff6a3feef0298ea,48f43f8c98b53621
MID,validation-005d6f01fd188369490310847779a56b,0,4213246958638595326,legacy_center_z1,EXTRAPOLATION,identity,0.0,0.0,1.0,0.0,0.0,1.0,0.0,1.0,256,1.0,,,,,,,,1.0,77ac7ccb36eb3ee7,48f43f8c98b53621
POST,validation-005d6f01fd188369490310847779a56b,0,4213246958638595326,legacy_center_z1,EXTRAPOLATION,identity,0.0,0.0,1.0,0.0,0.0,1.0,0.0,1.0,256,1.0,,,,,,,,1.0,539986a6250c40df,48f43f8c98b53621
PRE,validation-005d6f01fd188369490310847779a56b,0,4213246958638595326,coupled_z1.1_center,TRAINING_COUPLED,zoom,0.0,0.0,1.1,-0.00035845386091261106,-0.004444827875316373,0.9805889217653433,0.37288479931381835,0.696969696969697,144,0.9203608632087708,,,,0.20566478075441602,-0.01960194723312046,-0.09531017980432493,True,0.9676107744928921,c64248d2916ec154,48f43f8c98b53621
MID,validation-005d6f01fd188369490310847779a56b,0,4213246958638595326,coupled_z1.1_center,TRAINING_COUPLED,zoom,0.0,0.0,1.1,-0.006115350454823483,0.0067672478299910105,0.9784252071638928,0.45571828145730975,0.6666666666666666,127,0.9064996242523193,,,,0.22884157103579914,-0.021810931282126213,-0.09531017980432493,True,0.966948684089252,7be6c52499465ce5,48f43f8c98b53621
POST,validation-005d6f01fd188369490310847779a56b,0,4213246958638595326,coupled_z1.1_center,TRAINING_COUPLED,zoom,0.0,0.0,1.1,-0.001541907502027446,0.01438976355388448,0.9768868897521652,0.9044508607706059,0.7096774193548387,138,0.9097808599472046,,,,0.2453505671382015,-0.02338440666903508,-0.09531017980432493,True,0.9665833095650133,6b296a622eb185a9,48f43f8c98b53621
PRE,validation-005d6f01fd188369490310847779a56b,0,4213246958638595326,coupled_z1.225_center,TRAINING_COUPLED,zoom,0.0,0.0,1.225,-0.013538857714160996,-0.003123437841034705,0.9473039357133141,0.03513210092737422,0.972972972972973,121,0.9031453132629395,,,,0.2667540470367261,-0.054135291445166045,-0.20294084399669038,True,0.9636486747045819,76a0f74229155709,48f43f8c98b53621
MID,validation-005d6f01fd188369490310847779a56b,0,4213246958638595326,coupled_z1.225_center,TRAINING_COUPLED,zoom,0.0,0.0,1.225,-0.021944650458276725,-0.01995675118736441,0.9179628158185907,0.3044362836596833,0.9354838709677419,107,0.8716391324996948,,,,0.4217898829062472,-0.08559839482625901,-0.20294084399669038,True,0.9558012406461052,f666e555f9ad9b73,48f43f8c98b53621
POST,validation-005d6f01fd188369490310847779a56b,0,4213246958638595326,coupled_z1.225_center,TRAINING_COUPLED,zoom,0.0,0.0,1.225,-0.01000242403055266,0.06782998146523578,0.8595808065755982,1.5546076470128933,0.9438202247191011,96,0.8677477836608887,,,,0.7455889105602924,-0.15131044278367864,-0.20294084399669038,True,0.9571053385724986,062bbb5c5faad5e9,48f43f8c98b53621
PRE,validation-005d6f01fd188369490310847779a56b,0,4213246958638595326,coupled_z1.4142_center,TRAINING_COUPLED,zoom,0.0,0.0,1.4142135623730951,-0.01767708269360683,0.020603831449978502,0.804589812239964,1.6429626424504948,0.9259259259259259,88,0.8493263721466064,,,,0.627349248582746,-0.21742268144076535,-0.3465735902799727,True,0.9508094132901952,9f2b0669fd554b95,48f43f8c98b53621
MID,validation-005d6f01fd188369490310847779a56b,0,4213246958638595326,coupled_z1.4142_center,TRAINING_COUPLED,zoom,0.0,0.0,1.4142135623730951,-0.02329400723957635,-0.007769906041918032,0.7702982193816956,-1.7210554659236836,0.9655172413793104,91,0.8640924692153931,,,,0.7530220089930906,-0.2609775412165733,-0.3465735902799727,True,0.9638377384936396,a5ca48ebb1db4700,48f43f8c98b53621
POST,validation-005d6f01fd188369490310847779a56b,0,4213246958638595326,coupled_z1.4142_center,TRAINING_COUPLED,zoom,0.0,0.0,1.4142135623730951,0.022555784643011556,0.060802766785274846,0.8202131282623989,3.613256011094,0.9761904761904762,90,0.8540133833885193,,,,0.5718585187637033,-0.1981910599801238,-0.3465735902799727,True,0.959975004195207,5afc69599a5c55c1,48f43f8c98b53621
PRE,validation-005d6f01fd188369490310847779a56b,0,4213246958638595326,coupled_z1.5_center,TRAINING_COUPLED,zoom,0.0,0.0,1.5,-0.02677376140664888,0.0510293950441595,0.6709001414853886,-3.6230318953467027,0.9506172839506173,85,0.8480481505393982,,,,0.9843879671587009,-0.3991349735243788,-0.4054651081081644,True,0.9515495271404721,5a8cb62d9adb90fc,48f43f8c98b53621
MID,validation-005d6f01fd188369490310847779a56b,0,4213246958638595326,coupled_z1.5_center,TRAINING_COUPLED,zoom,0.0,0.0,1.5,0.04552269782268001,-0.01343164045350413,0.719148344361481,-6.4045934879042665,0.9888888888888889,93,0.8567567467689514,,,,0.8131097240129874,-0.32968762215072567,-0.4054651081081644,True,0.960268492729716,2f17433389d35f89,48f43f8c98b53621
POST,validation-005d6f01fd188369490310847779a56b,0,4213246958638595326,coupled_z1.5_center,TRAINING_COUPLED,zoom,0.0,0.0,1.5,-0.04654264915905741,0.07714788852762883,0.8008369907261639,0.8117400755606075,0.9259259259259259,87,0.8647096753120422,,,,0.5477607206912024,-0.2220978598324644,-0.4054651081081644,True,0.9603959321966103,27006b57257366ea,48f43f8c98b53621
PRE,validation-005d6f01fd188369490310847779a56b,1,12106909540950365807,coupled_z1.1_left_edge,TRAINING_COUPLED,shift,-0.2100000000000002,0.0,1.1,-0.13350102665906516,-0.028092725257402987,0.8769543250465279,0.46182534195374375,0.9259259259259259,123,0.8907480239868164,0.9785686271793161,True,,0.7146060813460803,,,,0.9597929096088891,b409bf581e947e22,a89b6f24a863c653
MID,validation-005d6f01fd188369490310847779a56b,1,12106909540950365807,coupled_z1.1_left_edge,TRAINING_COUPLED,shift,-0.2100000000000002,0.0,1.1,-0.10281265091737816,0.014693864722152332,0.9336295711116396,1.3279147084578231,0.9629629629629629,118,0.8955161571502686,0.989940941201531,True,,0.5440147333490966,,,,0.9564843125911103,17a6012352748195,a89b6f24a863c653
POST,validation-005d6f01fd188369490310847779a56b,1,12106909540950365807,coupled_z1.1_left_edge,TRAINING_COUPLED,shift,-0.2100000000000002,0.0,1.1,-0.0967987542750148,-0.0016889890903532545,0.9217341969923041,-1.9044044367998756,0.9210526315789473,123,0.8957154750823975,0.9998478103356104,True,,0.5071182719536868,,,,0.9629212573663211,337ad67ddf09f622,a89b6f24a863c653
PRE,validation-005d6f01fd188369490310847779a56b,1,12106909540950365807,coupled_z1.1_right_edge,TRAINING_COUPLED,shift,0.2100000000000002,0.0,1.1,0.08776762724138812,-0.005152836832877317,0.9616661304601894,0.1592151607941023,0.9439252336448598,117,0.8882505893707275,0.9982810108329355,True,,0.46052683091813307,,,,0.9448422193517773,7988ce108634c091,a89b6f24a863c653
MID,validation-005d6f01fd188369490310847779a56b,1,12106909540950365807,coupled_z1.1_right_edge,TRAINING_COUPLED,shift,0.2100000000000002,0.0,1.1,0.07549399621247246,-0.001894021352753239,0.9588087167287362,-1.8434852184118864,0.9339622641509434,122,0.8889732956886292,0.9996854352504269,True,,0.39556917415610987,,,,0.9619147136100107,ef630fbd7e61867f,a89b6f24a863c653
POST,validation-005d6f01fd188369490310847779a56b,1,12106909540950365807,coupled_z1.1_right_edge,TRAINING_COUPLED,shift,0.2100000000000002,0.0,1.1,0.11969693655463556,0.006401203613574907,0.9681028266669494,-2.6935521405770144,0.9278350515463918,107,0.8831853866577148,0.9985730889334146,True,,0.6278798821062892,,,,0.9549309611310945,f48f54220b00659b,a89b6f24a863c653
PRE,validation-005d6f01fd188369490310847779a56b,1,12106909540950365807,coupled_z1.225_left_edge,TRAINING_COUPLED,shift,-0.5006250000000003,0.0,1.225,-0.2771019517487384,-0.04256676602576395,0.7672050803307598,4.289612395366239,0.9166666666666666,80,0.8695088624954224,0.9884061435342079,True,,0.6860056677545141,,,,0.9142374345196543,930fdb08edb7e531,a89b6f24a863c653
MID,validation-005d6f01fd188369490310847779a56b,1,12106909540950365807,coupled_z1.225_left_edge,TRAINING_COUPLED,shift,-0.5006250000000003,0.0,1.225,-0.3036146086326643,0.011836624909455008,0.8331383278999591,2.4941733225167106,0.9397590361445783,90,0.8734496235847473,0.9992409231647156,True,,0.7434914994031786,,,,0.9295360361967372,74fd9b35c6fba6b3,a89b6f24a863c653
POST,validation-005d6f01fd188369490310847779a56b,1,12106909540950365807,coupled_z1.225_left_edge,TRAINING_COUPLED,shift,-0.5006250000000003,0.0,1.225,-0.27770685049090527,0.0007589018768204142,0.8760375452485608,12.577658161973213,0.9887640449438202,96,0.865041196346283,0.999996266065767,True,,0.6795349055750735,,,,0.9392505884161139,e55c04ea3f0ede3c,a89b6f24a863c653
PRE,validation-005d6f01fd188369490310847779a56b,1,12106909540950365807,coupled_z1.225_right_edge,TRAINING_COUPLED,shift,0.5006250000000003,0.0,1.225,0.08139461649323093,-0.03735261742376958,0.9508741149289776,-2.2978633142982696,0.9056603773584906,116,0.8830379247665405,0.9088669909270578,True,,0.21913861167581372,,,,0.9520670771589295,bb5c28f8cd07ca85,a89b6f24a863c653
MID,validation-005d6f01fd188369490310847779a56b,1,12106909540950365807,coupled_z1.225_right_edge,TRAINING_COUPLED,shift,0.5006250000000003,0.0,1.225,0.06152136994814212,0.029991990957013714,0.8888201740974409,-3.3073023963169814,0.9380530973451328,120,0.870281994342804,0.8988745449616672,True,,0.16747518686936694,,,,0.9554901096507358,7ae5bf191bba8397,a89b6f24a863c653
POST,validation-005d6f01fd188369490310847779a56b,1,12106909540950365807,coupled_z1.225_right_edge,TRAINING_COUPLED,shift,0.5006250000000003,0.0,1.225,0.1761306423708884,-0.023856461103176616,0.9484145042323127,-8.260723928349726,0.963963963963964,117,0.8841881155967712,0.9909513000030769,True,,0.4349167785717612,,,,0.9634927489445558,08b18c2dde8bb3a1,a89b6f24a863c653
PRE,validation-005d6f01fd188369490310847779a56b,1,12106909540950365807,coupled_z1.4142_left_edge,TRAINING_COUPLED,shift,-1.0000000000000004,0.0,1.4142135623730951,-0.32944217770461953,0.008568276538367253,0.7092582325842274,1.645416763272646,0.9651162790697675,89,0.8721646070480347,0.999661952057311,True,,0.46605914606109805,,,,0.9039348363867302,044647ebf56491ac,a89b6f24a863c653
MID,validation-005d6f01fd188369490310847779a56b,1,12106909540950365807,coupled_z1.4142_left_edge,TRAINING_COUPLED,shift,-1.0000000000000004,0.0,1.4142135623730951,-0.281314253437651,0.03446690634978618,0.7768285273263983,9.341988067994812,0.9325842696629213,97,0.8576304912567139,0.99257776097695,True,,0.4008133650977916,,,,0.9413977791535714,678aa0d516f2d8e7,a89b6f24a863c653
POST,validation-005d6f01fd188369490310847779a56b,1,12106909540950365807,coupled_z1.4142_left_edge,TRAINING_COUPLED,shift,-1.0000000000000004,0.0,1.4142135623730951,-0.18405166261096534,0.015048294566266551,0.8561273529015049,11.885460025162292,0.9195402298850575,92,0.8613035678863525,0.996674213898734,True,,0.2611569094594807,,,,0.928250546946226,b5e26afb368f7ac2,a89b6f24a863c653
PRE,validation-005d6f01fd188369490310847779a56b,1,12106909540950365807,coupled_z1.4142_right_edge,TRAINING_COUPLED,shift,1.0000000000000004,0.0,1.4142135623730951,0.16339921815201258,-0.024832311735157125,0.7992833972984313,-2.926412691455547,0.9222222222222223,96,0.8528415560722351,0.9886483227511588,True,,0.23373467093608943,,,,0.9265682057471669,46415ffa86622314,a89b6f24a863c653
MID,validation-005d6f01fd188369490310847779a56b,1,12106909540950365807,coupled_z1.4142_right_edge,TRAINING_COUPLED,shift,1.0000000000000004,0.0,1.4142135623730951,0.02970248326070475,-0.01402946810419162,0.5704616721640684,19.288208362700583,1.0,98,0.8559094071388245,0.9042099070714411,True,,0.046455645235837055,,,,0.9321643588827513,8f0e4d4b459a55c9,a89b6f24a863c653
POST,validation-005d6f01fd188369490310847779a56b,1,12106909540950365807,coupled_z1.4142_right_edge,TRAINING_COUPLED,shift,1.0000000000000004,0.0,1.4142135623730951,0.15851431432417343,-0.017447634525099398,0.8624191251323603,-2.388631802338545,0.9325842696629213,96,0.8721585869789124,0.9939968158636056,True,,0.22552697309272907,,,,0.9569237232198682,d0388d3465d923f0,a89b6f24a863c653
PRE,validation-005d6f01fd188369490310847779a56b,1,12106909540950365807,coupled_z1.5_left_edge,TRAINING_COUPLED,shift,-1.25,0.0,1.5,-0.30123018348946334,0.007029698402376213,0.6945031541228045,9.243733074224934,0.9868421052631579,79,0.8491847515106201,0.9997278119334551,True,,0.3615746364871335,,,,0.893176734446586,954456d3804c5247,a89b6f24a863c653
MID,validation-005d6f01fd188369490310847779a56b,1,12106909540950365807,coupled_z1.5_left_edge,TRAINING_COUPLED,shift,-1.25,0.0,1.5,-0.228407525324337,0.04518252510354938,0.7657369264522069,8.671638714057414,0.9574468085106383,97,0.8582533001899719,0.9809906404862431,True,,0.27940025019192366,,,,0.9295293008710747,8c1ea633de577f5a,a89b6f24a863c653
POST,validation-005d6f01fd188369490310847779a56b,1,12106909540950365807,coupled_z1.5_left_edge,TRAINING_COUPLED,shift,-1.25,0.0,1.5,-0.28238945162542595,0.016629433796782212,0.7720386098393687,9.594238245070184,0.9404761904761905,89,0.859607994556427,0.9982705809576102,True,,0.33945440085393336,,,,0.9256430820004673,3065064877f738e5,a89b6f24a863c653
PRE,validation-005d6f01fd188369490310847779a56b,1,12106909540950365807,coupled_z1.5_right_edge,TRAINING_COUPLED,shift,1.25,0.0,1.5,0.01270638593437488,0.03639421910173478,0.3759528664964814,-13.738057801603967,1.0,83,0.8442026376724243,0.3296202542984022,True,,0.046258271213429854,,,,0.8834220697526484,24f81458f5deb382,a89b6f24a863c653
MID,validation-005d6f01fd188369490310847779a56b,1,12106909540950365807,coupled_z1.5_right_edge,TRAINING_COUPLED,shift,1.25,0.0,1.5,0.05046268861845794,0.005038973115957277,0.5043411960798092,6.193386148178191,1.0,87,0.8425691723823547,0.9950514237128891,True,,0.06085637877363531,,,,0.9142069169397103,a9c71e16f12bd602,a89b6f24a863c653
POST,validation-005d6f01fd188369490310847779a56b,1,12106909540950365807,coupled_z1.5_right_edge,TRAINING_COUPLED,shift,1.25,0.0,1.5,0.21584130966591508,0.046706216749930016,0.7596138532451648,-3.103897573594062,0.9411764705882353,90,0.8722937703132629,0.977378771707309,True,,0.2650042942361501,,,,0.9371806383123562,138552bf95c0ff7b,a89b6f24a863c653
PRE,validation-005d6f01fd188369490310847779a56b,1,12106909540950365807,legacy_center_z1,EXTRAPOLATION,identity,0.0,0.0,1.0,0.0,0.0,1.0,0.0,1.0,256,1.0,,,,,,,,1.0,b825b5db0f63872a,a89b6f24a863c653
MID,validation-005d6f01fd188369490310847779a56b,1,12106909540950365807,legacy_center_z1,EXTRAPOLATION,identity,0.0,0.0,1.0,0.0,0.0,1.0,0.0,1.0,256,1.0,,,,,,,,1.0,e343c018dee9817d,a89b6f24a863c653
POST,validation-005d6f01fd188369490310847779a56b,1,12106909540950365807,legacy_center_z1,EXTRAPOLATION,identity,0.0,0.0,1.0,0.0,0.0,1.0,0.0,1.0,256,1.0,,,,,,,,1.0,2e234d8c838ee564,a89b6f24a863c653
PRE,validation-005d6f01fd188369490310847779a56b,1,12106909540950365807,coupled_z1.1_center,TRAINING_COUPLED,zoom,0.0,0.0,1.1,0.0,0.0,1.0000000000000002,1.0925669156986888e-16,1.0,186,0.9543513059616089,,,,-2.3297050260622366e-15,2.2204460492503128e-16,-0.09531017980432493,False,0.9838260412206348,e72fdb2841599f0d,a89b6f24a863c653
MID,validation-005d6f01fd188369490310847779a56b,1,12106909540950365807,coupled_z1.1_center,TRAINING_COUPLED,zoom,0.0,0.0,1.1,-0.003816967511820507,0.02890220123676005,0.9671589222984586,0.48208378839039545,0.9381443298969072,109,0.8965024948120117,,,,0.35035555901680604,-0.03339245132533656,-0.09531017980432493,True,0.9345680436225154,b319d26fb6b24946,a89b6f24a863c653
POST,validation-005d6f01fd188369490310847779a56b,1,12106909540950365807,coupled_z1.1_center,TRAINING_COUPLED,zoom,0.0,0.0,1.1,-0.010405110266699812,0.017088763805532897,0.9924329332618521,-0.27374879298553684,0.7109375,138,0.9065427780151367,,,,0.07969602259985442,-0.007595842243681668,-0.09531017980432493,True,0.9473012058308907,3015fabb9c7a66e8,a89b6f24a863c653
PRE,validation-005d6f01fd188369490310847779a56b,1,12106909540950365807,coupled_z1.225_center,TRAINING_COUPLED,zoom,0.0,0.0,1.225,-0.011293220106717378,0.0034529514290363716,0.9439802239952119,-1.6199338278091848,0.8521739130434782,129,0.892773449420929,,,,0.28407323571901455,-0.05765006221368758,-0.20294084399669038,True,0.9666739106168616,56b5107092222d5f,a89b6f24a863c653
MID,validation-005d6f01fd188369490310847779a56b,1,12106909540950365807,coupled_z1.225_center,TRAINING_COUPLED,zoom,0.0,0.0,1.225,0.033618385571981546,0.04334770160522809,0.8867332419752848,-2.3548820331761418,0.9746835443037974,89,0.8835198283195496,,,,0.5923454411210751,-0.12021108375870286,-0.20294084399669038,True,0.9568929646537847,7dc19675823963b6,a89b6f24a863c653
POST,validation-005d6f01fd188369490310847779a56b,1,12106909540950365807,coupled_z1.225_center,TRAINING_COUPLED,zoom,0.0,0.0,1.225,0.02620011536489488,0.055514014698342176,0.8327672172760457,-2.5687233176788897,0.9782608695652174,98,0.8750362992286682,,,,0.9017461606750976,-0.1830011269181795,-0.20294084399669038,True,0.9574131344197435,075c86c2eb07a48b,a89b6f24a863c653
PRE,validation-005d6f01fd188369490310847779a56b,1,12106909540950365807,coupled_z1.4142_center,TRAINING_COUPLED,zoom,0.0,0.0,1.4142135623730951,-0.05775949072276998,0.027783169008617326,0.7635059370916855,-0.6932951995540586,0.963855421686747,89,0.8643453121185303,,,,0.7785774385872383,-0.2698343782021641,-0.3465735902799727,True,0.9420154690733071,bd7babfcaf167f79,a89b6f24a863c653
MID,validation-005d6f01fd188369490310847779a56b,1,12106909540950365807,coupled_z1.4142_center,TRAINING_COUPLED,zoom,0.0,0.0,1.4142135623730951,-0.015332030548713488,0.07189813684444862,0.8413383507771729,-0.22324886889410925,0.9885057471264368,97,0.880700945854187,,,,0.4984839733059187,-0.17276138032565833,-0.3465735902799727,True,0.9591692637397311,4744e1ac3c66a96c,a89b6f24a863c653
POST,validation-005d6f01fd188369490310847779a56b,1,12106909540950365807,coupled_z1.4142_center,TRAINING_COUPLED,zoom,0.0,0.0,1.4142135623730951,-0.028800370911894538,0.0966037945537075,0.8160028325683798,1.550615116906538,0.9880952380952381,90,0.8684471845626831,,,,0.5867078693878942,-0.20333745273927578,-0.3465735902799727,True,0.9485032558431676,82890b7a2721b4d1,a89b6f24a863c653
PRE,validation-005d6f01fd188369490310847779a56b,1,12106909540950365807,coupled_z1.5_center,TRAINING_COUPLED,zoom,0.0,0.0,1.5,-0.09373962110685599,0.03309087674111227,0.5216743964206361,-6.83337162272487,1.0,85,0.8628226518630981,,,,1.6048523889074877,-0.6507116473660204,-0.4054651081081644,True,0.9314699728163687,647f409342c1a276,a89b6f24a863c653
MID,validation-005d6f01fd188369490310847779a56b,1,12106909540950365807,coupled_z1.5_center,TRAINING_COUPLED,zoom,0.0,0.0,1.5,-0.02497404479127449,0.05984909850809843,0.7769989209385603,1.9241097269237577,0.9512195121951219,91,0.8705837726593018,,,,0.6222886071410272,-0.25231631736891563,-0.4054651081081644,True,0.957746143071426,88312ef440962fcc,a89b6f24a863c653
POST,validation-005d6f01fd188369490310847779a56b,1,12106909540950365807,coupled_z1.5_center,TRAINING_COUPLED,zoom,0.0,0.0,1.5,-0.013520950744860184,0.08704320890267891,0.7758761605011375,-2.300940501765674,0.9545454545454546,93,0.8618898391723633,,,,0.62585498343214,-0.2537623585173461,-0.4054651081081644,True,0.9569116830816236,c342985d9ae17c92,a89b6f24a863c653
PRE,validation-005d6f01fd188369490310847779a56b,2,14797508728456835787,coupled_z1.1_left_edge,TRAINING_COUPLED,shift,-0.2100000000000002,0.0,1.1,-0.07908261689938846,0.02055793912424636,0.9372872205479537,1.8863244016869964,0.91,113,0.8663589358329773,0.9678330605092732,True,,0.4280100524281194,,,,0.9335085709984845,0158c68b9b848e26,d09497c7c54bc779
MID,validation-005d6f01fd188369490310847779a56b,2,14797508728456835787,coupled_z1.1_left_edge,TRAINING_COUPLED,shift,-0.2100000000000002,0.0,1.1,-0.0874341108975479,-0.047872367236118755,0.9268994643366023,0.8002735591967679,0.9514563106796117,114,0.8805069923400879,0.8771309939953497,True,,0.5221434461337688,,,,0.9634828545729334,7e819f0499f89240,d09497c7c54bc779
POST,validation-005d6f01fd188369490310847779a56b,2,14797508728456835787,coupled_z1.1_left_edge,TRAINING_COUPLED,shift,-0.2100000000000002,0.0,1.1,-0.10116152832258818,-0.053006999330045046,0.9447380354411198,0.888910998665359,0.9900990099009901,113,0.880142331123352,0.8857680863460444,True,,0.5982307648343831,,,,0.9559989571561789,76d48355027c20fa,d09497c7c54bc779
PRE,validation-005d6f01fd188369490310847779a56b,2,14797508728456835787,coupled_z1.1_right_edge,TRAINING_COUPLED,shift,0.2100000000000002,0.0,1.1,0.02775827191671392,0.009068547711694075,0.9920124960348272,1.2543185717156768,0.7795275590551181,140,0.9159345626831055,0.9505587410696129,True,,0.15296316328120807,,,,0.9649370291781927,9fcaba6fc2bdfeb8,d09497c7c54bc779
MID,validation-005d6f01fd188369490310847779a56b,2,14797508728456835787,coupled_z1.1_right_edge,TRAINING_COUPLED,shift,0.2100000000000002,0.0,1.1,0.08566584981775716,0.006585291411585842,0.9575987281813825,2.3409022736548044,0.9464285714285714,127,0.886595606803894,0.9970583908186902,True,,0.4500497504483834,,,,0.9686875324649382,1588524a17229979,d09497c7c54bc779
POST,validation-005d6f01fd188369490310847779a56b,2,14797508728456835787,coupled_z1.1_right_edge,TRAINING_COUPLED,shift,0.2100000000000002,0.0,1.1,0.07382870702165069,0.022576626152061532,0.9317825609513621,1.5571235865770392,0.9333333333333333,132,0.8898196220397949,0.9562869170992563,True,,0.40439934055738963,,,,0.9558441638936974,929adc686597a0e5,d09497c7c54bc779
PRE,validation-005d6f01fd188369490310847779a56b,2,14797508728456835787,coupled_z1.225_left_edge,TRAINING_COUPLED,shift,-0.5006250000000003,0.0,1.225,-0.13966609397313481,-0.03244391458055703,0.7898777868949948,6.290228928626997,0.9512195121951219,88,0.8472942113876343,0.9740642708089841,True,,0.35085440155144565,,,,0.9226298882135396,b5cb6ffb44690475,d09497c7c54bc779
MID,validation-005d6f01fd188369490310847779a56b,2,14797508728456835787,coupled_z1.225_left_edge,TRAINING_COUPLED,shift,-0.5006250000000003,0.0,1.225,-0.14788289991729872,-0.1086854912244739,0.8209425765286094,2.952892022341572,0.95,106,0.8683167099952698,0.8057860491293701,True,,0.4490779893868948,,,,0.9412355422964219,ccefdbcaf7e5ac17,d09497c7c54bc779
POST,validation-005d6f01fd188369490310847779a56b,2,14797508728456835787,coupled_z1.225_left_edge,TRAINING_COUPLED,shift,-0.5006250000000003,0.0,1.225,-0.05848169698731969,-0.07590527377084412,0.6122164352724939,-11.25134275176055,1.0,86,0.8506307601928711,0.6103204982819277,True,,0.234469072260954,,,,0.8953903255090299,855fbcf219c155c3,d09497c7c54bc779
PRE,validation-005d6f01fd188369490310847779a56b,2,14797508728456835787,coupled_z1.225_right_edge,TRAINING_COUPLED,shift,0.5006250000000003,0.0,1.225,0.11861497099876724,0.011787964346378688,0.9223898198081691,-0.022760854887250513,0.9081632653061225,108,0.8763307929039001,0.995098080876966,True,,0.29167363466584423,,,,0.9449520111074534,ac7cca6a28f12540,d09497c7c54bc779
MID,validation-005d6f01fd188369490310847779a56b,2,14797508728456835787,coupled_z1.225_right_edge,TRAINING_COUPLED,shift,0.5006250000000003,0.0,1.225,-0.0340079853029438,-0.04072278824430683,0.6636846816171589,-4.163049221078326,1.0,95,0.8664204478263855,-0.6409885949970562,False,,0.129823752258891,,,,0.9471802679994331,8b34e8b389394d5b,d09497c7c54bc779
POST,validation-005d6f01fd188369490310847779a56b,2,14797508728456835787,coupled_z1.225_right_edge,TRAINING_COUPLED,shift,0.5006250000000003,0.0,1.225,0.02352482226774312,0.12306512832871427,0.6362873061936524,-2.922614547858114,0.9,104,0.8703113794326782,0.18775783105949334,True,,0.3065856662561386,,,,0.943247970535287,fbbc8b5d9950ec68,d09497c7c54bc779
PRE,validation-005d6f01fd188369490310847779a56b,2,14797508728456835787,coupled_z1.4142_left_edge,TRAINING_COUPLED,shift,-1.0000000000000004,0.0,1.4142135623730951,0.01688762495975695,-0.0682934480225196,0.49548604216722636,9.810238465707759,1.0,82,0.8433442711830139,-0.24004996521312436,False,,0.09949057160943431,,,,0.9078308884987627,dd7c22bc30e4b83d,d09497c7c54bc779
MID,validation-005d6f01fd188369490310847779a56b,2,14797508728456835787,coupled_z1.4142_left_edge,TRAINING_COUPLED,shift,-1.0000000000000004,0.0,1.4142135623730951,-0.13009673352677686,-0.12182666845085502,0.7514313217010165,-0.19697534931207936,0.968421052631579,99,0.8553888201713562,0.7299262688315988,True,,0.25205910902076806,,,,0.923647692637437,c122579635767683,d09497c7c54bc779
POST,validation-005d6f01fd188369490310847779a56b,2,14797508728456835787,coupled_z1.4142_left_edge,TRAINING_COUPLED,shift,-1.0000000000000004,0.0,1.4142135623730951,-0.012086905935486822,-0.08500990107521952,0.5791292845491522,8.16257976911983,1.0,97,0.845600426197052,0.1407665950153964,True,,0.12143126925064984,,,,0.9028575420370609,2ff28c40cf79df5d,d09497c7c54bc779
PRE,validation-005d6f01fd188369490310847779a56b,2,14797508728456835787,coupled_z1.4142_right_edge,TRAINING_COUPLED,shift,1.0000000000000004,0.0,1.4142135623730951,0.12564732707496004,0.0824494434919475,0.6686798459095256,8.29057491566164,0.9620253164556962,83,0.8281317949295044,0.836068100592128,True,,0.21253311051793228,,,,0.8930237229471648,45c93d9565d15e71,d09497c7c54bc779
MID,validation-005d6f01fd188369490310847779a56b,2,14797508728456835787,coupled_z1.4142_right_edge,TRAINING_COUPLED,shift,1.0000000000000004,0.0,1.4142135623730951,0.06447409546205479,0.09435510276979864,0.5751182814882235,-4.249297795711878,1.0,90,0.8605771660804749,0.5641792223816902,True,,0.1616155586838681,,,,0.9069427140873797,320046f68998de78,d09497c7c54bc779
POST,validation-005d6f01fd188369490310847779a56b,2,14797508728456835787,coupled_z1.4142_right_edge,TRAINING_COUPLED,shift,1.0000000000000004,0.0,1.4142135623730951,-0.08574279244119858,0.1628166901159871,0.43294126268543826,1.200177067079446,1.0,96,0.850477933883667,-0.4659583358551526,False,,0.2602348978747463,,,,0.9220443963995295,3624ed0d5e152072,d09497c7c54bc779
PRE,validation-005d6f01fd188369490310847779a56b,2,14797508728456835787,coupled_z1.5_left_edge,TRAINING_COUPLED,shift,-1.25,0.0,1.5,-0.0030955867833871095,-0.016232804581057064,0.47912142158437565,1.2712813261954292,1.0,80,0.8415840268135071,0.1873237256764668,True,,0.019830398559393256,,,,0.8894790410986588,4e3f4fc848f8731a,d09497c7c54bc779
MID,validation-005d6f01fd188369490310847779a56b,2,14797508728456835787,coupled_z1.5_left_edge,TRAINING_COUPLED,shift,-1.25,0.0,1.5,-0.17702049922213417,-0.14030935347494924,0.6813241834472852,5.816793592121807,0.9550561797752809,93,0.85335773229599,0.7836834692428956,True,,0.2710591806544709,,,,0.9263231666464086,13c8541ed1b72bc2,d09497c7c54bc779
POST,validation-005d6f01fd188369490310847779a56b,2,14797508728456835787,coupled_z1.5_left_edge,TRAINING_COUPLED,shift,-1.25,0.0,1.5,-0.06419384302513421,-0.026097519551045157,0.512494461625418,-4.74930105821183,1.0,99,0.844204306602478,0.9263720922103155,True,,0.08315515145218587,,,,0.9100883549495391,c64dd7ed5b699ec5,d09497c7c54bc779
PRE,validation-005d6f01fd188369490310847779a56b,2,14797508728456835787,coupled_z1.5_right_edge,TRAINING_COUPLED,shift,1.25,0.0,1.5,0.22124231923687399,0.09853541663392687,0.8546768575238136,8.837419270398469,0.9736842105263158,81,0.8413859009742737,0.9134963723690828,True,,0.2906314585512839,,,,0.895092189311086,4b7fc920539fec9a,d09497c7c54bc779
MID,validation-005d6f01fd188369490310847779a56b,2,14797508728456835787,coupled_z1.5_right_edge,TRAINING_COUPLED,shift,1.25,0.0,1.5,0.1126080470252374,0.12785570553433007,0.6174675074619388,-0.5689732308490215,0.9456521739130435,94,0.8586463928222656,0.660942166854213,True,,0.2044500460191387,,,,0.9334417502205277,e81eb4b450a5e896,d09497c7c54bc779
POST,validation-005d6f01fd188369490310847779a56b,2,14797508728456835787,coupled_z1.5_right_edge,TRAINING_COUPLED,shift,1.25,0.0,1.5,-0.07869509082784817,0.1587280019592005,0.4558612117159154,-0.08568205891878997,1.0,91,0.8563174605369568,-0.4441905412407315,False,,0.21259819880225478,,,,0.9267192439260302,e549f052af5001fe,d09497c7c54bc779
PRE,validation-005d6f01fd188369490310847779a56b,2,14797508728456835787,legacy_center_z1,EXTRAPOLATION,identity,0.0,0.0,1.0,0.0,0.0,1.0,0.0,1.0,256,1.0,,,,,,,,1.0,4d1bf199bffba00c,d09497c7c54bc779
MID,validation-005d6f01fd188369490310847779a56b,2,14797508728456835787,legacy_center_z1,EXTRAPOLATION,identity,0.0,0.0,1.0,0.0,0.0,1.0,0.0,1.0,256,1.0,,,,,,,,1.0,33be5f6d73fac9f0,d09497c7c54bc779
POST,validation-005d6f01fd188369490310847779a56b,2,14797508728456835787,legacy_center_z1,EXTRAPOLATION,identity,0.0,0.0,1.0,0.0,0.0,1.0,0.0,1.0,256,1.0,,,,,,,,1.0,e57b5b39389a17c5,d09497c7c54bc779
PRE,validation-005d6f01fd188369490310847779a56b,2,14797508728456835787,coupled_z1.1_center,TRAINING_COUPLED,zoom,0.0,0.0,1.1,0.0013763604063540148,0.012244663297630742,0.9801175362150956,-0.41648342940750144,0.7676056338028169,157,0.9111075401306152,,,,0.21070970212210252,-0.02008277959577334,-0.09531017980432493,True,0.9564550518979997,147805ead76ddc42,d09497c7c54bc779
MID,validation-005d6f01fd188369490310847779a56b,2,14797508728456835787,coupled_z1.1_center,TRAINING_COUPLED,zoom,0.0,0.0,1.1,-0.0009345900925090689,0.010566985500491427,0.9565326741334708,-0.13935058110194046,0.7909090909090909,126,0.8742252588272095,,,,0.46627055660568684,-0.04444033058755068,-0.09531017980432493,True,0.9725199325384866,34abaf8b0a48427a,d09497c7c54bc779
POST,validation-005d6f01fd188369490310847779a56b,2,14797508728456835787,coupled_z1.1_center,TRAINING_COUPLED,zoom,0.0,0.0,1.1,-0.005156288249357613,0.0012512807808842397,0.9689774112688408,-1.5832438033443403,0.8692307692307693,147,0.9045453667640686,,,,0.3306465144840751,-0.03151397874715053,-0.09531017980432493,True,0.9699748754491642,7762a6281628a117,d09497c7c54bc779
PRE,validation-005d6f01fd188369490310847779a56b,2,14797508728456835787,coupled_z1.225_center,TRAINING_COUPLED,zoom,0.0,0.0,1.225,0.017149772713855663,0.007497490997107309,0.9614523897461562,0.13016948266260678,0.8376068376068376,136,0.8999594449996948,,,,0.19370290893535735,-0.03931023182395548,-0.20294084399669038,True,0.9521590471258178,dfd17511b791d393,d09497c7c54bc779
MID,validation-005d6f01fd188369490310847779a56b,2,14797508728456835787,coupled_z1.225_center,TRAINING_COUPLED,zoom,0.0,0.0,1.225,-0.002823163806718376,-0.016091090980072047,0.934100027431006,1.751331649828067,0.8653846153846154,120,0.8832048773765564,,,,0.33591932207695446,-0.06817175073709321,-0.20294084399669038,True,0.9663404206230765,ec77cd3c37109ce8,d09497c7c54bc779
POST,validation-005d6f01fd188369490310847779a56b,2,14797508728456835787,coupled_z1.225_center,TRAINING_COUPLED,zoom,0.0,0.0,1.225,0.01244833964142892,0.10666492234886,0.8289710714476278,-1.30735846696921,0.9473684210526315,109,0.8754048943519592,,,,0.9242595846273535,-0.18757002017630559,-0.20294084399669038,True,0.9494144320478481,833596b7116fe31f,d09497c7c54bc779
PRE,validation-005d6f01fd188369490310847779a56b,2,14797508728456835787,coupled_z1.4142_center,TRAINING_COUPLED,zoom,0.0,0.0,1.4142135623730951,0.005189273592128896,0.02750480795316842,0.951528956659302,3.314766327199447,0.9010989010989011,101,0.8839463591575623,,,,0.14336106806752857,-0.04968516006653492,-0.3465735902799727,True,0.9388845526497842,2df44141e24501b9,d09497c7c54bc779
MID,validation-005d6f01fd188369490310847779a56b,2,14797508728456835787,coupled_z1.4142_center,TRAINING_COUPLED,zoom,0.0,0.0,1.4142135623730951,0.09137312811338506,0.09309387578846717,0.784089294557585,6.908521733533989,0.9767441860465116,94,0.8605675101280212,,,,0.7018202650742678,-0.2432323689980311,-0.3465735902799727,True,0.9479974477280106,3067078cde927845,d09497c7c54bc779
POST,validation-005d6f01fd188369490310847779a56b,2,14797508728456835787,coupled_z1.4142_center,TRAINING_COUPLED,zoom,0.0,0.0,1.4142135623730951,-0.019907208920249254,0.11456212854113211,0.7299307428392615,1.148398055066666,0.9397590361445783,91,0.8480525016784668,,,,0.9083370198780324,-0.3148056221633406,-0.3465735902799727,True,0.9273449139195297,e12c649b83657568,d09497c7c54bc779
PRE,validation-005d6f01fd188369490310847779a56b,2,14797508728456835787,coupled_z1.5_center,TRAINING_COUPLED,zoom,0.0,0.0,1.5,0.08388172324498719,0.07462660431023505,0.8604628146958142,4.3210621862075715,0.9555555555555556,103,0.8707296848297119,,,,0.3706481146234587,-0.15028487786588798,-0.4054651081081644,True,0.9482594132413917,01813fea4d3e074e,d09497c7c54bc779
MID,validation-005d6f01fd188369490310847779a56b,2,14797508728456835787,coupled_z1.5_center,TRAINING_COUPLED,zoom,0.0,0.0,1.5,-0.004419554571993596,0.14369624415356122,0.6119393500989165,5.624408672767314,0.9647058823529412,88,0.8382352590560913,,,,1.2112561419099974,-0.4911221025262152,-0.4054651081081644,True,0.9286429243461695,4551be632e674b36,d09497c7c54bc779
POST,validation-005d6f01fd188369490310847779a56b,2,14797508728456835787,coupled_z1.5_center,TRAINING_COUPLED,zoom,0.0,0.0,1.5,0.07549917014957466,0.11405403770947842,0.6961157629546975,4.38203510459038,0.9135802469135802,89,0.8533672094345093,,,,0.8933920555684371,-0.36223930639403157,-0.4054651081081644,True,0.9151742458334353,ce5bf16b541a8940,d09497c7c54bc779
PRE,validation-00ef6d8db3b7d1cbfab4e956a18d0a37,0,6784347275289129148,coupled_z1.1_left_edge,TRAINING_COUPLED,shift,-0.2100000000000002,0.0,1.1,-0.09321435640016787,0.04939374059451214,0.9199295507591896,-0.33453223985909275,0.907563025210084,133,0.9298965930938721,0.8836116031920944,True,,0.5525795209045481,,,,0.9353454074460098,153fda4c80ab2fab,5c0595412b728234
MID,validation-00ef6d8db3b7d1cbfab4e956a18d0a37,0,6784347275289129148,coupled_z1.1_left_edge,TRAINING_COUPLED,shift,-0.2100000000000002,0.0,1.1,-0.13673258843147953,0.0020907138301223746,0.8754508274765517,-0.17653246523165284,0.8947368421052632,127,0.9265604615211487,0.9998831202928634,True,,0.716302041500766,,,,0.8897619777767092,b7cd43eb24b14d89,5c0595412b728234
POST,validation-00ef6d8db3b7d1cbfab4e956a18d0a37,0,6784347275289129148,coupled_z1.1_left_edge,TRAINING_COUPLED,shift,-0.2100000000000002,0.0,1.1,-0.03738233421182045,0.009360459251226347,0.9776056796112469,0.07316520810302145,0.8951612903225806,139,0.9453232288360596,0.9700516045914812,True,,0.20185753610465695,,,,0.9291934882623785,68e102d09d899c9d,5c0595412b728234
PRE,validation-00ef6d8db3b7d1cbfab4e956a18d0a37,0,6784347275289129148,coupled_z1.1_right_edge,TRAINING_COUPLED,shift,0.2100000000000002,0.0,1.1,-0.044113709010122085,0.10465347755120548,0.558864647900818,6.440994792843526,1.0,69,0.8824427127838135,-0.3884240962475367,False,,0.594895659981721,,,,0.9388506376048855,5bb577d59140d39b,5c0595412b728234
MID,validation-00ef6d8db3b7d1cbfab4e956a18d0a37,0,6784347275289129148,coupled_z1.1_right_edge,TRAINING_COUPLED,shift,0.2100000000000002,0.0,1.1,0.2202492507036718,0.018392417191349486,0.8846172130347498,5.924993651270156,0.9651162790697675,95,0.8868821263313293,0.9965313971948826,True,,1.1577021602380966,,,,0.9198055171725513,bb7ecc5e144d4b5e,5c0595412b728234
POST,validation-00ef6d8db3b7d1cbfab4e956a18d0a37,0,6784347275289129148,coupled_z1.1_right_edge,TRAINING_COUPLED,shift,0.2100000000000002,0.0,1.1,-0.07336687037353055,-0.013503696345833727,0.5317238141424548,5.341748543477547,1.0,86,0.8782782554626465,-0.9834800542434126,False,,0.39075795452323525,,,,0.9140467643728651,2dcb56738359d21b,5c0595412b728234
PRE,validation-00ef6d8db3b7d1cbfab4e956a18d0a37,0,6784347275289129148,coupled_z1.225_left_edge,TRAINING_COUPLED,shift,-0.5006250000000003,0.0,1.225,-0.11072842620897946,0.10104416043607975,0.8251191696772732,10.186238412162005,0.9333333333333333,97,0.9078214764595032,0.7386705107779317,True,,0.3668021909660776,,,,0.9298510509631307,db2c3e80e4d25169,5c0595412b728234
MID,validation-00ef6d8db3b7d1cbfab4e956a18d0a37,0,6784347275289129148,coupled_z1.225_left_edge,TRAINING_COUPLED,shift,-0.5006250000000003,0.0,1.225,-0.023060752221226236,0.002223838761965441,0.9002219518441729,12.124941391127866,0.9102564102564102,85,0.8902612924575806,0.9953824302957281,True,,0.056690077938016815,,,,0.8932172592402859,774826ed0eced9d7,5c0595412b728234
POST,validation-00ef6d8db3b7d1cbfab4e956a18d0a37,0,6784347275289129148,coupled_z1.225_left_edge,TRAINING_COUPLED,shift,-0.5006250000000003,0.0,1.225,-0.07567280857377032,0.16960145040306263,0.43063870489379896,-26.05699512074298,1.0,68,0.8572839498519897,0.40746170360035827,True,,0.4544400632359052,,,,0.8815145492544895,4ee94f128585501f,5c0595412b728234
PRE,validation-00ef6d8db3b7d1cbfab4e956a18d0a37,0,6784347275289129148,coupled_z1.225_right_edge,TRAINING_COUPLED,shift,0.5006250000000003,0.0,1.225,0.052206516451441684,0.16814716743322133,0.4224655617661686,14.93701929062565,1.0,79,0.8807722926139832,0.2965179175227573,True,,0.4308214610383067,,,,0.9438601136198141,d495f6a674023345,5c0595412b728234
MID,validation-00ef6d8db3b7d1cbfab4e956a18d0a37,0,6784347275289129148,coupled_z1.225_right_edge,TRAINING_COUPLED,shift,0.5006250000000003,0.0,1.225,-0.05880463183381975,0.1139623008755768,0.4788902516962822,1.1646912987996751,1.0,75,0.8587537407875061,-0.45855289203155364,False,,0.313794735865854,,,,0.8663746038889926,59ea1819e318ed21,5c0595412b728234
POST,validation-00ef6d8db3b7d1cbfab4e956a18d0a37,0,6784347275289129148,coupled_z1.225_right_edge,TRAINING_COUPLED,shift,0.5006250000000003,0.0,1.225,-0.03795330024275466,0.052469418338147736,0.4032325457293759,0.18691927810758027,1.0,67,0.8597236275672913,-0.586086330279397,False,,0.15845702914375354,,,,0.9101577997198539,c5bc2c68d725990c,5c0595412b728234
PRE,validation-00ef6d8db3b7d1cbfab4e956a18d0a37,0,6784347275289129148,coupled_z1.4142_left_edge,TRAINING_COUPLED,shift,-1.0000000000000004,0.0,1.4142135623730951,-0.12721507187033887,0.23395238174407884,0.539226787263824,-11.573336051276259,1.0,71,0.835936963558197,0.4777076447701012,True,,0.37660958945492246,,,,0.9018336534491103,bc0f49cda3f18775,5c0595412b728234
MID,validation-00ef6d8db3b7d1cbfab4e956a18d0a37,0,6784347275289129148,coupled_z1.4142_left_edge,TRAINING_COUPLED,shift,-1.0000000000000004,0.0,1.4142135623730951,-0.03553158593782428,0.12284299381563107,0.4612698097309233,-26.517209117195748,1.0,70,0.8513714671134949,0.2778543958220274,True,,0.18084742037886056,,,,0.8283842699748499,b5ef36f671dc7463,5c0595412b728234
POST,validation-00ef6d8db3b7d1cbfab4e956a18d0a37,0,6784347275289129148,coupled_z1.4142_left_edge,TRAINING_COUPLED,shift,-1.0000000000000004,0.0,1.4142135623730951,-0.24097396315046488,0.3479599194372779,0.6445963049055689,-33.68196718962405,0.967741935483871,64,0.8585289716720581,0.5693355627382968,True,,0.5985725627711955,,,,0.8907318646143032,283f5e12ee48989b,5c0595412b728234
PRE,validation-00ef6d8db3b7d1cbfab4e956a18d0a37,0,6784347275289129148,coupled_z1.4142_right_edge,TRAINING_COUPLED,shift,1.0000000000000004,0.0,1.4142135623730951,0.05835389510034849,0.0751947816633448,0.4138406016860401,-3.166119617904873,1.0,72,0.8701185584068298,0.6130831205586418,True,,0.13460633166965486,,,,0.9136903285971086,cbe03817d6eb5a85,5c0595412b728234
MID,validation-00ef6d8db3b7d1cbfab4e956a18d0a37,0,6784347275289129148,coupled_z1.4142_right_edge,TRAINING_COUPLED,shift,1.0000000000000004,0.0,1.4142135623730951,0.13687222016308379,0.08954760260125348,0.49056826283034033,5.008264909676927,1.0,80,0.8653930425643921,0.836817725330327,True,,0.23131267922015722,,,,0.8728666825802349,aebfb111ccf44d2e,5c0595412b728234
POST,validation-00ef6d8db3b7d1cbfab4e956a18d0a37,0,6784347275289129148,coupled_z1.4142_right_edge,TRAINING_COUPLED,shift,1.0000000000000004,0.0,1.4142135623730951,0.0034795918367345885,0.06807871720116619,0.37911873640619614,-14.236719530341826,1.0,66,0.8733592629432678,0.05104467126955187,True,,0.0964035195945317,,,,0.8873234324043122,f3f68682b36453fd,5c0595412b728234
PRE,validation-00ef6d8db3b7d1cbfab4e956a18d0a37,0,6784347275289129148,coupled_z1.5_left_edge,TRAINING_COUPLED,shift,-1.25,0.0,1.5,-0.038358506071776266,0.2813977718203627,0.519576164268953,-30.43482367562819,1.0,70,0.8180733919143677,0.13506509442560394,True,,0.3408001710707811,,,,0.8927246332159651,9d8fba93a59d3b6c,5c0595412b728234
MID,validation-00ef6d8db3b7d1cbfab4e956a18d0a37,0,6784347275289129148,coupled_z1.5_left_edge,TRAINING_COUPLED,shift,-1.25,0.0,1.5,-0.0460289343683839,0.1705970359915314,0.4461867662810832,-23.76948167892534,1.0,66,0.8455238342285156,0.2604956532818613,True,,0.2120370169168256,,,,0.8668429772155544,b8579cc4ac8afbce,5c0595412b728234
POST,validation-00ef6d8db3b7d1cbfab4e956a18d0a37,0,6784347275289129148,coupled_z1.5_left_edge,TRAINING_COUPLED,shift,-1.25,0.0,1.5,-0.21231741124520986,0.3118403267189358,0.6004498527791845,-28.470665562315336,0.9850746268656716,69,0.8461803197860718,0.5627920511836676,True,,0.452708763312461,,,,0.8856041431418145,310525e94e220efc,5c0595412b728234
PRE,validation-00ef6d8db3b7d1cbfab4e956a18d0a37,0,6784347275289129148,coupled_z1.5_right_edge,TRAINING_COUPLED,shift,1.25,0.0,1.5,0.11320471062174656,0.10318924738258177,0.5350484385193787,6.190876024893718,1.0,61,0.8602381348609924,0.7390429860530846,True,,0.18381292469944907,,,,0.9065331220617765,4a5d58a0d72f206f,5c0595412b728234
MID,validation-00ef6d8db3b7d1cbfab4e956a18d0a37,0,6784347275289129148,coupled_z1.5_right_edge,TRAINING_COUPLED,shift,1.25,0.0,1.5,0.1339518937744884,0.10360433899288927,0.48962545428896875,4.661996026019715,1.0,71,0.8600283861160278,0.7910104759398272,True,,0.2032113068253154,,,,0.854020408034687,d5388d1883fc1a4a,5c0595412b728234
POST,validation-00ef6d8db3b7d1cbfab4e956a18d0a37,0,6784347275289129148,coupled_z1.5_right_edge,TRAINING_COUPLED,shift,1.25,0.0,1.5,-0.016506920698861782,0.13877699189657594,0.32296914741488375,13.888111968004505,1.0,68,0.8665726184844971,-0.11811305729185956,False,,0.16770630862189406,,,,0.886261701582976,018e58f8bc14abe8,5c0595412b728234
PRE,validation-00ef6d8db3b7d1cbfab4e956a18d0a37,0,6784347275289129148,legacy_center_z1,EXTRAPOLATION,identity,0.0,0.0,1.0,0.0,0.0,1.0,0.0,1.0,256,1.0,,,,,,,,1.0,1105009e24bfd1f4,5c0595412b728234
MID,validation-00ef6d8db3b7d1cbfab4e956a18d0a37,0,6784347275289129148,legacy_center_z1,EXTRAPOLATION,identity,0.0,0.0,1.0,0.0,0.0,1.0,0.0,1.0,256,1.0,,,,,,,,1.0,f7c5f73b2359dd2e,5c0595412b728234
POST,validation-00ef6d8db3b7d1cbfab4e956a18d0a37,0,6784347275289129148,legacy_center_z1,EXTRAPOLATION,identity,0.0,0.0,1.0,0.0,0.0,1.0,0.0,1.0,256,1.0,,,,,,,,1.0,50b563adf190466a,5c0595412b728234
PRE,validation-00ef6d8db3b7d1cbfab4e956a18d0a37,0,6784347275289129148,coupled_z1.1_center,TRAINING_COUPLED,zoom,0.0,0.0,1.1,-0.013060319106615113,0.011600292680154604,0.9692012497932907,0.1243913330431188,0.8682170542635659,148,0.9382866621017456,,,,0.3282230774783749,-0.03128300053039279,-0.09531017980432493,True,0.9468736052503653,9eaecd097bc7e649,5c0595412b728234
MID,validation-00ef6d8db3b7d1cbfab4e956a18d0a37,0,6784347275289129148,coupled_z1.1_center,TRAINING_COUPLED,zoom,0.0,0.0,1.1,0.005150568555559995,0.029419997540453796,0.9809335295867864,-1.1004085257315792,0.8818897637795275,139,0.9392852783203125,,,,0.20197821013028178,-0.01925057952407288,-0.09531017980432493,True,0.9065593965711346,51052822504317ee,5c0595412b728234
POST,validation-00ef6d8db3b7d1cbfab4e956a18d0a37,0,6784347275289129148,coupled_z1.1_center,TRAINING_COUPLED,zoom,0.0,0.0,1.1,0.0027965277086094698,0.022786912250323702,0.9797504270332048,-0.5089996422886004,0.8396946564885496,145,0.942672610282898,,,,0.21464030479361357,-0.020457406043134417,-0.09531017980432493,True,0.9279775619497556,779b007fea6de2a6,5c0595412b728234
PRE,validation-00ef6d8db3b7d1cbfab4e956a18d0a37,0,6784347275289129148,coupled_z1.225_center,TRAINING_COUPLED,zoom,0.0,0.0,1.225,-0.020795477061004083,0.030270058814464332,0.9569912558394843,-0.46102413957434524,0.923728813559322,135,0.9336472153663635,,,,0.21661989651266678,-0.043961024624756324,-0.20294084399669038,True,0.9465258685654395,0c5364b03943333b,5c0595412b728234
MID,validation-00ef6d8db3b7d1cbfab4e956a18d0a37,0,6784347275289129148,coupled_z1.225_center,TRAINING_COUPLED,zoom,0.0,0.0,1.225,-0.02916735997210923,0.03691801960271629,0.9288622043393152,0.8827197096846437,0.9196428571428571,124,0.9359933137893677,,,,0.3636275309831496,-0.07379487803815306,-0.20294084399669038,True,0.8898176485182476,7b3731089a3378a6,5c0595412b728234
POST,validation-00ef6d8db3b7d1cbfab4e956a18d0a37,0,6784347275289129148,coupled_z1.225_center,TRAINING_COUPLED,zoom,0.0,0.0,1.225,-0.01692201749198543,0.04585885145698709,0.939189246600447,-2.0649940191982568,0.9705882352941176,114,0.9280157089233398,,,,0.30914565185268883,-0.06273827950489168,-0.20294084399669038,True,0.9371455274301651,0a22011054447cbe,5c0595412b728234
PRE,validation-00ef6d8db3b7d1cbfab4e956a18d0a37,0,6784347275289129148,coupled_z1.4142_center,TRAINING_COUPLED,zoom,0.0,0.0,1.4142135623730951,-0.12387593421636821,0.1283832969513097,0.7075400734826361,3.1225928099389564,0.9195402298850575,92,0.904522716999054,,,,0.9982324672357425,-0.3459610101039265,-0.3465735902799727,True,0.9218634916453377,cb614f9777c6463c,5c0595412b728234
MID,validation-00ef6d8db3b7d1cbfab4e956a18d0a37,0,6784347275289129148,coupled_z1.4142_center,TRAINING_COUPLED,zoom,0.0,0.0,1.4142135623730951,-0.05646124877615294,0.04736374011583789,0.9092879917914874,-1.1181079467827046,0.9646017699115044,123,0.9248177409172058,,,,0.2743815887778295,-0.09509341232945542,-0.3465735902799727,True,0.908775568007514,ad3309d899d20629,5c0595412b728234
POST,validation-00ef6d8db3b7d1cbfab4e956a18d0a37,0,6784347275289129148,coupled_z1.4142_center,TRAINING_COUPLED,zoom,0.0,0.0,1.4142135623730951,-0.07289280782556207,0.1649283304530458,0.7586275739046072,-3.200995903723405,0.9615384615384616,83,0.8842806816101074,,,,0.7970725690718026,-0.27624430197689614,-0.3465735902799727,True,0.9220396829857954,749b40323efb502e,5c0595412b728234
PRE,validation-00ef6d8db3b7d1cbfab4e956a18d0a37,0,6784347275289129148,coupled_z1.5_center,TRAINING_COUPLED,zoom,0.0,0.0,1.5,-0.06950339719864111,0.1070355071857971,0.716554702724506,-3.959558687194607,0.9425287356321839,91,0.8993046283721924,,,,0.8220206395690933,-0.33330068749002484,-0.4054651081081644,True,0.9165441989889516,85d32dee926c946e,5c0595412b728234
MID,validation-00ef6d8db3b7d1cbfab4e956a18d0a37,0,6784347275289129148,coupled_z1.5_center,TRAINING_COUPLED,zoom,0.0,0.0,1.5,-0.050238150394965625,0.05614831512732328,0.9239330832607041,-0.8010400671050059,0.9583333333333334,106,0.9189919233322144,,,,0.19512315386550522,-0.07911563067648307,-0.4054651081081644,True,0.9020398200765065,0da6d90ca77f615d,5c0595412b728234
POST,validation-00ef6d8db3b7d1cbfab4e956a18d0a37,0,6784347275289129148,coupled_z1.5_center,TRAINING_COUPLED,zoom,0.0,0.0,1.5,-0.0793581138821269,0.18816372345683574,0.7741688524434507,-1.179176916946191,0.9861111111111112,75,0.8875517845153809,,,,0.6312880404616934,-0.25596527357319176,-0.4054651081081644,True,0.9121012687673984,870aaaeaeb17f4eb,5c0595412b728234
PRE,validation-00ef6d8db3b7d1cbfab4e956a18d0a37,1,3450312068973782868,coupled_z1.1_left_edge,TRAINING_COUPLED,shift,-0.2100000000000002,0.0,1.1,-0.06541153245520605,0.012479030896318815,0.9142280882290429,-0.14075349540625823,0.93,108,0.9249500632286072,0.9822841720799026,True,,0.348811317928173,,,,0.9006173014631801,bf86b097aa247544,dba55503987529a7
MID,validation-00ef6d8db3b7d1cbfab4e956a18d0a37,1,3450312068973782868,coupled_z1.1_left_edge,TRAINING_COUPLED,shift,-0.2100000000000002,0.0,1.1,-0.05675788820109508,0.01486269732262123,0.923256166357467,8.95890791679238,0.9873417721518988,88,0.9077351093292236,0.9673825149968762,True,,0.3073274731298148,,,,0.9243774414053255,7bc7e30c5ab983c3,dba55503987529a7
POST,validation-00ef6d8db3b7d1cbfab4e956a18d0a37,1,3450312068973782868,coupled_z1.1_left_edge,TRAINING_COUPLED,shift,-0.2100000000000002,0.0,1.1,0.004169030475907762,0.004166379474889716,0.940659526670255,1.998472815414756,0.9191919191919192,109,0.9016646146774292,-0.7073316336392789,False,,0.030873465324266203,,,,0.9369035363187956,b287dd6e366e4486,dba55503987529a7
PRE,validation-00ef6d8db3b7d1cbfab4e956a18d0a37,1,3450312068973782868,coupled_z1.1_right_edge,TRAINING_COUPLED,shift,0.2100000000000002,0.0,1.1,0.0880247793959643,0.04955554265473469,0.9133042754357393,-2.5796073616364152,0.9310344827586207,97,0.9161068797111511,0.8713994931139952,True,,0.5291283520452505,,,,0.9471469490010177,866af4819ba07944,dba55503987529a7
MID,validation-00ef6d8db3b7d1cbfab4e956a18d0a37,1,3450312068973782868,coupled_z1.1_right_edge,TRAINING_COUPLED,shift,0.2100000000000002,0.0,1.1,0.08503666376983313,0.017889868074973475,0.9412377071952823,1.1997031851361484,0.9038461538461539,117,0.9183698892593384,0.9785789762408207,True,,0.4551805774946484,,,,0.9556999802579859,165025534f75f86e,dba55503987529a7
POST,validation-00ef6d8db3b7d1cbfab4e956a18d0a37,1,3450312068973782868,coupled_z1.1_right_edge,TRAINING_COUPLED,shift,0.2100000000000002,0.0,1.1,0.10737041203118743,0.028034673345391697,0.8656982060726958,2.5320247540275163,0.8823529411764706,112,0.9023246765136719,0.9675622223289937,True,,0.5812716029699471,,,,0.9363306164732152,6a5e7bbc8624786c,dba55503987529a7
PRE,validation-00ef6d8db3b7d1cbfab4e956a18d0a37,1,3450312068973782868,coupled_z1.225_left_edge,TRAINING_COUPLED,shift,-0.5006250000000003,0.0,1.225,-0.0030320666342874003,0.059639250364266684,0.6076342235869626,22.265633151095123,0.9861111111111112,73,0.8814300894737244,0.050774543228940545,True,,0.1461222232727647,,,,0.9213392138471926,725348c2075d1660,dba55503987529a7
MID,validation-00ef6d8db3b7d1cbfab4e956a18d0a37,1,3450312068973782868,coupled_z1.225_left_edge,TRAINING_COUPLED,shift,-0.5006250000000003,0.0,1.225,-0.1190832862257396,0.006738741285095166,0.8136173875947658,19.614995927881626,0.9696969696969697,71,0.8823491334915161,0.998402707542834,True,,0.29185599335636875,,,,0.9070466756811607,1e340e3da7253057,dba55503987529a7
POST,validation-00ef6d8db3b7d1cbfab4e956a18d0a37,1,3450312068973782868,coupled_z1.225_left_edge,TRAINING_COUPLED,shift,-0.5006250000000003,0.0,1.225,-0.005096582429854807,0.050755808782107635,0.7559851435493808,21.053698066026005,0.9863013698630136,74,0.8669899702072144,0.09991134029334131,True,,0.12482104752309964,,,,0.8992442428606245,e02f683091bda145,dba55503987529a7
PRE,validation-00ef6d8db3b7d1cbfab4e956a18d0a37,1,3450312068973782868,coupled_z1.225_right_edge,TRAINING_COUPLED,shift,0.5006250000000003,0.0,1.225,-0.021371208110099467,0.0024580406763846617,0.5830366208861629,1.3740519878536233,1.0,80,0.8893823623657227,-0.9934505171066061,False,,0.05263884949275807,,,,0.9260953024673322,dd2af03cc762527d,dba55503987529a7
MID,validation-00ef6d8db3b7d1cbfab4e956a18d0a37,1,3450312068973782868,coupled_z1.225_right_edge,TRAINING_COUPLED,shift,0.5006250000000003,0.0,1.225,0.06933442576372152,-0.04934980796739366,0.5100213160884988,4.81665650743851,0.9714285714285714,71,0.8581752777099609,0.8147037020874269,True,,0.2082441396695885,,,,0.8930115699759136,622a1fa120648342,dba55503987529a7
POST,validation-00ef6d8db3b7d1cbfab4e956a18d0a37,1,3450312068973782868,coupled_z1.225_right_edge,TRAINING_COUPLED,shift,0.5006250000000003,0.0,1.225,0.03352684433018788,-0.025615121850956525,0.47304544837466744,0.7019113875089642,1.0,85,0.8646714091300964,0.7946214070750355,True,,0.10324189620078345,,,,0.9307018005002011,7d8cdad2601fdc8a,dba55503987529a7
PRE,validation-00ef6d8db3b7d1cbfab4e956a18d0a37,1,3450312068973782868,coupled_z1.4142_left_edge,TRAINING_COUPLED,shift,-1.0000000000000004,0.0,1.4142135623730951,-0.0011798356696901824,0.011277462009659678,0.4832445293039803,-16.049234630229023,1.0,60,0.8364682793617249,0.10405102440119011,True,,0.016035782586876792,,,,0.849712133406743,825588f9b71f9e70,dba55503987529a7
MID,validation-00ef6d8db3b7d1cbfab4e956a18d0a37,1,3450312068973782868,coupled_z1.4142_left_edge,TRAINING_COUPLED,shift,-1.0000000000000004,0.0,1.4142135623730951,-0.1785825025044125,-0.16600975528311782,0.7122692886847619,15.596721893435735,0.9838709677419355,63,0.8334066271781921,0.7324188424089395,True,,0.3448215452952414,,,,0.8855049014082635,e1b7be05dd5af5bb,dba55503987529a7
POST,validation-00ef6d8db3b7d1cbfab4e956a18d0a37,1,3450312068973782868,coupled_z1.4142_left_edge,TRAINING_COUPLED,shift,-1.0000000000000004,0.0,1.4142135623730951,-0.11990922598715671,-0.08818699617434075,0.6684999672123827,0.7781759996079776,1.0,64,0.8086733818054199,0.8055918580972024,True,,0.21050020793857754,,,,0.8780542612067024,8188ec513e3ef32f,dba55503987529a7
PRE,validation-00ef6d8db3b7d1cbfab4e956a18d0a37,1,3450312068973782868,coupled_z1.4142_right_edge,TRAINING_COUPLED,shift,1.0000000000000004,0.0,1.4142135623730951,-0.020412564726065133,-0.01662884421675559,0.49413947757477916,2.5927426011082946,1.0,77,0.8775166273117065,-0.7753022352441757,False,,0.03723415793813319,,,,0.8777752664348327,2b1e5eb9dc8c5c86,dba55503987529a7
MID,validation-00ef6d8db3b7d1cbfab4e956a18d0a37,1,3450312068973782868,coupled_z1.4142_right_edge,TRAINING_COUPLED,shift,1.0000000000000004,0.0,1.4142135623730951,0.0334727044587301,-0.015049564636607842,0.3714398030596637,-2.459740473727789,1.0,72,0.8469268679618835,0.912055566680801,True,,0.05190204889082754,,,,0.8657068450092772,72e23fe3ee2a68de,dba55503987529a7
POST,validation-00ef6d8db3b7d1cbfab4e956a18d0a37,1,3450312068973782868,coupled_z1.4142_right_edge,TRAINING_COUPLED,shift,1.0000000000000004,0.0,1.4142135623730951,0.07340050979021852,-0.04177222298486229,0.5350545560114331,-0.6438057715821394,1.0,87,0.8574613332748413,0.8691136258452999,True,,0.1194366229475785,,,,0.8739524408541786,9ae6fa5d65b37a25,dba55503987529a7
PRE,validation-00ef6d8db3b7d1cbfab4e956a18d0a37,1,3450312068973782868,coupled_z1.5_left_edge,TRAINING_COUPLED,shift,-1.25,0.0,1.5,-0.06861094696917644,-0.0423394577361239,0.6026215876426997,-12.784749537314717,1.0,63,0.8302941918373108,0.8510080551897375,True,,0.09674777560528446,,,,0.8565713081691824,a77aaf7a9e090fa8,dba55503987529a7
MID,validation-00ef6d8db3b7d1cbfab4e956a18d0a37,1,3450312068973782868,coupled_z1.5_left_edge,TRAINING_COUPLED,shift,-1.25,0.0,1.5,-0.07567024027907258,-0.07724754157519625,0.569503263080367,-2.476831577625848,1.0,66,0.8419528603553772,0.6997759610329775,True,,0.12976194295076704,,,,0.8865976198423127,7572214fde456cb8,dba55503987529a7
POST,validation-00ef6d8db3b7d1cbfab4e956a18d0a37,1,3450312068973782868,coupled_z1.5_left_edge,TRAINING_COUPLED,shift,-1.25,0.0,1.5,-0.10147073861976276,-0.034186364167591916,0.6045120270263222,-0.9803609280724425,1.0,60,0.7982538938522339,0.9476619549842581,True,,0.12848979079715545,,,,0.8687381666137929,b5ac17440e6cffbc,dba55503987529a7
PRE,validation-00ef6d8db3b7d1cbfab4e956a18d0a37,1,3450312068973782868,coupled_z1.5_right_edge,TRAINING_COUPLED,shift,1.25,0.0,1.5,-0.013067322726413637,0.04385717169808078,0.5592278376514095,6.913001173992125,1.0,74,0.8616719841957092,-0.28554652048926066,False,,0.05491500034536379,,,,0.8318547010413434,3ec1fd8753e6a169,dba55503987529a7
MID,validation-00ef6d8db3b7d1cbfab4e956a18d0a37,1,3450312068973782868,coupled_z1.5_right_edge,TRAINING_COUPLED,shift,1.25,0.0,1.5,0.23762200045329634,-0.06902174169665035,0.6855974776792424,-0.09628406262681316,0.9577464788732394,74,0.8426891565322876,0.9603086596751076,True,,0.29693203083167413,,,,0.8708944916716449,0e1397c10d1ccfe8,dba55503987529a7
POST,validation-00ef6d8db3b7d1cbfab4e956a18d0a37,1,3450312068973782868,coupled_z1.5_right_edge,TRAINING_COUPLED,shift,1.25,0.0,1.5,0.08940565438979929,-0.04591447789114022,0.5787734127458236,-12.265074788879584,1.0,69,0.8528934121131897,0.8895530035611302,True,,0.1206075240451992,,,,0.8814821839323765,3ff233e1215d2499,dba55503987529a7
PRE,validation-00ef6d8db3b7d1cbfab4e956a18d0a37,1,3450312068973782868,legacy_center_z1,EXTRAPOLATION,identity,0.0,0.0,1.0,0.0,0.0,1.0,0.0,1.0,256,1.0,,,,,,,,1.0,9685d3ebefb6aea7,dba55503987529a7
MID,validation-00ef6d8db3b7d1cbfab4e956a18d0a37,1,3450312068973782868,legacy_center_z1,EXTRAPOLATION,identity,0.0,0.0,1.0,0.0,0.0,1.0,0.0,1.0,256,1.0,,,,,,,,1.0,0dff171f4313db21,dba55503987529a7
POST,validation-00ef6d8db3b7d1cbfab4e956a18d0a37,1,3450312068973782868,legacy_center_z1,EXTRAPOLATION,identity,0.0,0.0,1.0,0.0,0.0,1.0,0.0,1.0,256,1.0,,,,,,,,1.0,36dfa3a4858b7405,dba55503987529a7
PRE,validation-00ef6d8db3b7d1cbfab4e956a18d0a37,1,3450312068973782868,coupled_z1.1_center,TRAINING_COUPLED,zoom,0.0,0.0,1.1,-0.0016793779443003052,0.006333709949957415,0.9932483964406562,0.06407757934892333,0.8881578947368421,164,0.955825686454773,,,,0.07107843841621427,-0.006774498745660018,-0.09531017980432493,True,0.9511568517172869,d3885e6626d693a2,dba55503987529a7
MID,validation-00ef6d8db3b7d1cbfab4e956a18d0a37,1,3450312068973782868,coupled_z1.1_center,TRAINING_COUPLED,zoom,0.0,0.0,1.1,0.0038929240161082596,0.004520147017330889,0.9914092741378047,-0.07973929732498815,0.9019607843137255,165,0.9645887017250061,,,,0.09052379158108405,-0.008627838852162357,-0.09531017980432493,True,0.9661141633977764,23dedf8534feee26,dba55503987529a7
POST,validation-00ef6d8db3b7d1cbfab4e956a18d0a37,1,3450312068973782868,coupled_z1.1_center,TRAINING_COUPLED,zoom,0.0,0.0,1.1,0.006502174354618286,0.015303232448203231,0.9803427172451156,-0.8882421873371446,0.831858407079646,126,0.9279150366783142,,,,0.2082994389316635,-0.01985305697771685,-0.09531017980432493,True,0.9529772372818738,f820ea4a4d5873be,dba55503987529a7
PRE,validation-00ef6d8db3b7d1cbfab4e956a18d0a37,1,3450312068973782868,coupled_z1.225_center,TRAINING_COUPLED,zoom,0.0,0.0,1.225,-0.0013176780409874939,0.0113258530740621,0.9399154606594335,1.0102694634316296,0.9090909090909091,111,0.9364960789680481,,,,0.3053369741195247,-0.06196534323121195,-0.20294084399669038,True,0.9411992991676038,b50c4eb9f98d8baa,dba55503987529a7
MID,validation-00ef6d8db3b7d1cbfab4e956a18d0a37,1,3450312068973782868,coupled_z1.225_center,TRAINING_COUPLED,zoom,0.0,0.0,1.225,0.0024761386848559386,0.031598919010117,0.9066810768764237,-1.3916753726022357,0.9425287356321839,97,0.9097681641578674,,,,0.4827244873111933,-0.09796451487280322,-0.20294084399669038,True,0.9460107088079528,bf19b85ece97770a,dba55503987529a7
POST,validation-00ef6d8db3b7d1cbfab4e956a18d0a37,1,3450312068973782868,coupled_z1.225_center,TRAINING_COUPLED,zoom,0.0,0.0,1.225,-0.02308516740288439,0.0246471068128895,0.892915725802623,-1.1392828643222839,0.9607843137254902,116,0.890449583530426,,,,0.5581088179683762,-0.1132630745604975,-0.20294084399669038,True,0.9401003718366758,5152a62f6d07f96b,dba55503987529a7
PRE,validation-00ef6d8db3b7d1cbfab4e956a18d0a37,1,3450312068973782868,coupled_z1.4142_center,TRAINING_COUPLED,zoom,0.0,0.0,1.4142135623730951,0.03753500492661926,0.014497873774827558,0.8803326004787171,-3.037765042248852,0.9534883720930233,99,0.9072394371032715,,,,0.3677588004455394,-0.1274554878274666,-0.3465735902799727,True,0.9428927898397552,6a9afb0aea3e817f,dba55503987529a7
MID,validation-00ef6d8db3b7d1cbfab4e956a18d0a37,1,3450312068973782868,coupled_z1.4142_center,TRAINING_COUPLED,zoom,0.0,0.0,1.4142135623730951,-0.01215677469409094,0.08018569585346726,0.8298558390008461,-2.7658587618444415,0.9873417721518988,89,0.8938594460487366,,,,0.5381347178736762,-0.18650328122778015,-0.3465735902799727,True,0.9178903102865577,50d50019f2730edf,dba55503987529a7
POST,validation-00ef6d8db3b7d1cbfab4e956a18d0a37,1,3450312068973782868,coupled_z1.4142_center,TRAINING_COUPLED,zoom,0.0,0.0,1.4142135623730951,-0.013857079938339581,0.09177035161124568,0.8775125366339784,-3.464967371380154,0.9875,90,0.8818961977958679,,,,0.37701671635235684,-0.1306640369818024,-0.3465735902799727,True,0.9114084243765299,663957ea5f78c121,dba55503987529a7
PRE,validation-00ef6d8db3b7d1cbfab4e956a18d0a37,1,3450312068973782868,coupled_z1.5_center,TRAINING_COUPLED,zoom,0.0,0.0,1.5,0.00847708005726383,0.035484436601449516,0.9044482552896129,-1.797863655341646,0.9318181818181818,97,0.9046262502670288,,,,0.2476913101945179,-0.10043018386547307,-0.4054651081081644,True,0.939297795294776,05c4e3b9593089d7,dba55503987529a7
MID,validation-00ef6d8db3b7d1cbfab4e956a18d0a37,1,3450312068973782868,coupled_z1.5_center,TRAINING_COUPLED,zoom,0.0,0.0,1.5,0.05775859597093304,0.09399807886091606,0.8000119328705033,-2.0228964010336377,0.9012345679012346,89,0.8942000269889832,,,,0.5503029258877713,-0.22312863533732435,-0.4054651081081644,True,0.9134963699269917,9006cfa6c2f4fc10,dba55503987529a7
POST,validation-00ef6d8db3b7d1cbfab4e956a18d0a37,1,3450312068973782868,coupled_z1.5_center,TRAINING_COUPLED,zoom,0.0,0.0,1.5,-0.013082997087581316,0.10949398008877574,0.8005155770533895,2.0053235118086823,0.9390243902439024,90,0.8812402486801147,,,,0.5487507633346693,-0.22249928757992943,-0.4054651081081644,True,0.9276535511007569,616e9dc86b2f2649,dba55503987529a7
PRE,validation-00ef6d8db3b7d1cbfab4e956a18d0a37,2,4625940055979956864,coupled_z1.1_left_edge,TRAINING_COUPLED,shift,-0.2100000000000002,0.0,1.1,-0.11186221249121966,-0.106872375244728,0.8499327405682472,7.471542800600639,0.9629629629629629,89,0.9129521250724792,0.7230493941822725,True,,0.81038021367252,,,,0.927251751854193,5c2f3e8dbdc1a509,55f50aedee2c2fbf
MID,validation-00ef6d8db3b7d1cbfab4e956a18d0a37,2,4625940055979956864,coupled_z1.1_left_edge,TRAINING_COUPLED,shift,-0.2100000000000002,0.0,1.1,-0.08760341169990554,-0.03205728612797171,0.9516920921594916,5.8419400943360476,0.9042553191489362,105,0.9167715907096863,0.9390977465113006,True,,0.4886339205318102,,,,0.925372719763784,24359b24fae1d6f8,55f50aedee2c2fbf
POST,validation-00ef6d8db3b7d1cbfab4e956a18d0a37,2,4625940055979956864,coupled_z1.1_left_edge,TRAINING_COUPLED,shift,-0.2100000000000002,0.0,1.1,-0.040720500848896446,-0.06419930875576035,0.9312710943858471,9.166220088787197,0.8958333333333334,107,0.9216609001159668,0.5356240521056543,True,,0.39822308340381846,,,,0.8526368141165789,01f3b311d0528bc8,55f50aedee2c2fbf
PRE,validation-00ef6d8db3b7d1cbfab4e956a18d0a37,2,4625940055979956864,coupled_z1.1_right_edge,TRAINING_COUPLED,shift,0.2100000000000002,0.0,1.1,0.11354368260989771,-0.09528843771655496,0.8388701932156348,-0.15891474592299656,0.8902439024390244,91,0.8958253860473633,0.7659980158721897,True,,0.7764414670140892,,,,0.8840795090237067,a92efc52f5b5e4fe,55f50aedee2c2fbf
MID,validation-00ef6d8db3b7d1cbfab4e956a18d0a37,2,4625940055979956864,coupled_z1.1_right_edge,TRAINING_COUPLED,shift,0.2100000000000002,0.0,1.1,0.07473001543626986,-0.028741043059384592,0.7981684221487866,-2.308618083180362,0.9120879120879121,96,0.8778588771820068,0.9333509229592545,True,,0.41939524389476396,,,,0.9053729176512246,b6eae9a2dd7ba257,55f50aedee2c2fbf
POST,validation-00ef6d8db3b7d1cbfab4e956a18d0a37,2,4625940055979956864,coupled_z1.1_right_edge,TRAINING_COUPLED,shift,0.2100000000000002,0.0,1.1,0.07740236728210179,-0.06701269460916623,0.8424212655690565,4.34979535466763,0.9024390243902439,87,0.8843317031860352,0.7560242658528324,True,,0.5362803679318082,,,,0.9143525362005627,652b757b7f902b86,55f50aedee2c2fbf
PRE,validation-00ef6d8db3b7d1cbfab4e956a18d0a37,2,4625940055979956864,coupled_z1.225_left_edge,TRAINING_COUPLED,shift,-0.5006250000000003,0.0,1.225,-0.15241544446390548,-0.09567865669853154,0.7310109044852209,-10.245004046666216,0.96,79,0.8852753639221191,0.8469502047527362,True,,0.44034660748285703,,,,0.8820918587601648,7999782708354d2c,55f50aedee2c2fbf
MID,validation-00ef6d8db3b7d1cbfab4e956a18d0a37,2,4625940055979956864,coupled_z1.225_left_edge,TRAINING_COUPLED,shift,-0.5006250000000003,0.0,1.225,-0.017111293285660627,-0.12207050155067856,0.8445936951855055,16.01155158326267,0.9,87,0.9011105895042419,0.13881829982969454,True,,0.30161967613138246,,,,0.8853736519804684,0ac914bd8edd9d33,55f50aedee2c2fbf
POST,validation-00ef6d8db3b7d1cbfab4e956a18d0a37,2,4625940055979956864,coupled_z1.225_left_edge,TRAINING_COUPLED,shift,-0.5006250000000003,0.0,1.225,-0.15129819207528358,0.06712163673722477,0.7308746168508011,2.808549540042317,0.9661016949152542,61,0.8230250477790833,0.9140849048983553,True,,0.4050146724304767,,,,0.8721691370001654,32d2f0e1144748f6,55f50aedee2c2fbf
PRE,validation-00ef6d8db3b7d1cbfab4e956a18d0a37,2,4625940055979956864,coupled_z1.225_right_edge,TRAINING_COUPLED,shift,0.5006250000000003,0.0,1.225,0.1802540321112608,-0.06894682710161285,0.7374045594619456,-10.495824439997353,0.9404761904761905,88,0.8966712355613708,0.9340065961620427,True,,0.47223546565899516,,,,0.910299832241807,49edad664082efa1,55f50aedee2c2fbf
MID,validation-00ef6d8db3b7d1cbfab4e956a18d0a37,2,4625940055979956864,coupled_z1.225_right_edge,TRAINING_COUPLED,shift,0.5006250000000003,0.0,1.225,0.055213669910368884,-0.02441703505633555,0.6069042450635478,-13.497538823316857,1.0,73,0.8902487754821777,0.9145622719069477,True,,0.14772598286836766,,,,0.9136037826528949,3f765c5275f4b8ab,55f50aedee2c2fbf
POST,validation-00ef6d8db3b7d1cbfab4e956a18d0a37,2,4625940055979956864,coupled_z1.225_right_edge,TRAINING_COUPLED,shift,0.5006250000000003,0.0,1.225,0.1157286763953548,-0.04986618790607256,0.8024222189718018,-5.945968932240964,0.967032967032967,96,0.9096493124961853,0.918372719894803,True,,0.3083511459212857,,,,0.9139319010923247,a5597de6880b2611,55f50aedee2c2fbf
PRE,validation-00ef6d8db3b7d1cbfab4e956a18d0a37,2,4625940055979956864,coupled_z1.4142_left_edge,TRAINING_COUPLED,shift,-1.0000000000000004,0.0,1.4142135623730951,-0.23115807079892245,0.007122734573600235,0.7468656777558491,-6.3290487928729435,0.9342105263157895,80,0.8777219653129578,0.9995256091700332,True,,0.3270620340035987,,,,0.8545839699846287,b906cb2265af30cb,55f50aedee2c2fbf
MID,validation-00ef6d8db3b7d1cbfab4e956a18d0a37,2,4625940055979956864,coupled_z1.4142_left_edge,TRAINING_COUPLED,shift,-1.0000000000000004,0.0,1.4142135623730951,-0.253435904426709,-0.012484973727259138,0.7542162052153587,14.146871677464468,0.9523809523809523,66,0.8654115200042725,0.998788790139077,True,,0.3588471324158917,,,,0.868789120767335,8ace0d7b2d8dc16d,55f50aedee2c2fbf
POST,validation-00ef6d8db3b7d1cbfab4e956a18d0a37,2,4625940055979956864,coupled_z1.4142_left_edge,TRAINING_COUPLED,shift,-1.0000000000000004,0.0,1.4142135623730951,-0.10208247872013124,0.06749307763306331,0.6396312688346395,6.141356300512482,0.9538461538461539,67,0.8143412470817566,0.8341634281403664,True,,0.17306731632534633,,,,0.8534909486762094,a3d41a42e39e6395,55f50aedee2c2fbf
PRE,validation-00ef6d8db3b7d1cbfab4e956a18d0a37,2,4625940055979956864,coupled_z1.4142_right_edge,TRAINING_COUPLED,shift,1.0000000000000004,0.0,1.4142135623730951,0.036654037782852394,-0.14152629081526735,0.4102382923757902,2.103926473586005,1.0,74,0.899374783039093,0.2507188297599895,True,,0.20675207122403577,,,,0.8866937688993748,5b4dbd2fae9a23f8,55f50aedee2c2fbf
MID,validation-00ef6d8db3b7d1cbfab4e956a18d0a37,2,4625940055979956864,coupled_z1.4142_right_edge,TRAINING_COUPLED,shift,1.0000000000000004,0.0,1.4142135623730951,0.06929978803352925,-0.13856344541863377,0.5335674408784054,-5.946241339391413,1.0,69,0.8784823417663574,0.4473068775482325,True,,0.21909947068751567,,,,0.9021016300968228,e5439bf0bf4c1f06,55f50aedee2c2fbf
POST,validation-00ef6d8db3b7d1cbfab4e956a18d0a37,2,4625940055979956864,coupled_z1.4142_right_edge,TRAINING_COUPLED,shift,1.0000000000000004,0.0,1.4142135623730951,0.16080226831472708,-0.1334023570221099,0.6268342990256307,1.7500578917456526,0.961038961038961,79,0.8867331147193909,0.7696306335066483,True,,0.29547777701281,,,,0.888581752776211,569fb40a56a43ad4,55f50aedee2c2fbf
PRE,validation-00ef6d8db3b7d1cbfab4e956a18d0a37,2,4625940055979956864,coupled_z1.5_left_edge,TRAINING_COUPLED,shift,-1.25,0.0,1.5,-0.07152886115444618,0.024447710051259192,0.470759982026485,-5.803102138390161,1.0,67,0.8683585524559021,0.9462558754256506,True,,0.09070974945900562,,,,0.8114889151737273,0c936128675acfa2,55f50aedee2c2fbf
MID,validation-00ef6d8db3b7d1cbfab4e956a18d0a37,2,4625940055979956864,coupled_z1.5_left_edge,TRAINING_COUPLED,shift,-1.25,0.0,1.5,-0.09031078972364195,-0.027712413496766015,0.5779575184458488,8.347162730089302,1.0,69,0.8641390204429626,0.9560034404089548,True,,0.11336041596318357,,,,0.8601861000052432,aec76f0bf692b61d,55f50aedee2c2fbf
POST,validation-00ef6d8db3b7d1cbfab4e956a18d0a37,2,4625940055979956864,coupled_z1.5_left_edge,TRAINING_COUPLED,shift,-1.25,0.0,1.5,-0.0928161631170546,0.056807550492543074,0.7095646957929266,-0.006665658578502819,0.984375,65,0.8250638842582703,0.8529277044016117,True,,0.13058480239820291,,,,0.8668337980997118,1e94b22fa98ccdcb,55f50aedee2c2fbf
PRE,validation-00ef6d8db3b7d1cbfab4e956a18d0a37,2,4625940055979956864,coupled_z1.5_right_edge,TRAINING_COUPLED,shift,1.25,0.0,1.5,0.05807114862362671,-0.09922733304530304,0.36267866061380993,-0.1482095107535662,1.0,65,0.9021921157836914,0.505094051599048,True,,0.137965153473916,,,,0.8451902178034805,f7ab9dadcc03c5fc,55f50aedee2c2fbf
MID,validation-00ef6d8db3b7d1cbfab4e956a18d0a37,2,4625940055979956864,coupled_z1.5_right_edge,TRAINING_COUPLED,shift,1.25,0.0,1.5,0.16050685330228617,-0.1463074195596952,0.6747081527559288,-0.6359195117874755,0.9577464788732394,74,0.8817380666732788,0.7390408051312799,True,,0.2606192007591044,,,,0.8774453401556777,6778f914a68278de,55f50aedee2c2fbf
POST,validation-00ef6d8db3b7d1cbfab4e956a18d0a37,2,4625940055979956864,coupled_z1.5_right_edge,TRAINING_COUPLED,shift,1.25,0.0,1.5,0.19101867771178493,-0.15145162550797123,0.6151462224999699,3.869530738164911,0.9705882352941176,70,0.8828176259994507,0.783589434082314,True,,0.29252871884555603,,,,0.8859941295373002,a620a2decf34172b,55f50aedee2c2fbf
PRE,validation-00ef6d8db3b7d1cbfab4e956a18d0a37,2,4625940055979956864,legacy_center_z1,EXTRAPOLATION,identity,0.0,0.0,1.0,0.0,0.0,1.0,0.0,1.0,256,1.0,,,,,,,,1.0,6b4e697c8f79fdb5,55f50aedee2c2fbf
MID,validation-00ef6d8db3b7d1cbfab4e956a18d0a37,2,4625940055979956864,legacy_center_z1,EXTRAPOLATION,identity,0.0,0.0,1.0,0.0,0.0,1.0,0.0,1.0,256,1.0,,,,,,,,1.0,18876eb4180e1b2a,55f50aedee2c2fbf
POST,validation-00ef6d8db3b7d1cbfab4e956a18d0a37,2,4625940055979956864,legacy_center_z1,EXTRAPOLATION,identity,0.0,0.0,1.0,0.0,0.0,1.0,0.0,1.0,256,1.0,,,,,,,,1.0,3284e2f163ad54c6,55f50aedee2c2fbf
PRE,validation-00ef6d8db3b7d1cbfab4e956a18d0a37,2,4625940055979956864,coupled_z1.1_center,TRAINING_COUPLED,zoom,0.0,0.0,1.1,-0.014881329715749222,-0.050353649491594266,0.9086077061174613,-0.15849884446901824,0.8817204301075269,105,0.9139935374259949,,,,1.0055782559685904,-0.09584184438368584,-0.09531017980432493,True,0.9646057465427854,83dd6564af5ea1d9,55f50aedee2c2fbf
MID,validation-00ef6d8db3b7d1cbfab4e956a18d0a37,2,4625940055979956864,coupled_z1.1_center,TRAINING_COUPLED,zoom,0.0,0.0,1.1,-4.1278582713006814e-05,-0.004454943370525655,0.9947361309159838,0.001852215826958222,0.953757225433526,191,0.9571691155433655,,,,0.055374694121030965,-0.005277772053284956,-0.09531017980432493,True,0.9725991487493325,6aab4cb0ed401391,55f50aedee2c2fbf
POST,validation-00ef6d8db3b7d1cbfab4e956a18d0a37,2,4625940055979956864,coupled_z1.1_center,TRAINING_COUPLED,zoom,0.0,0.0,1.1,0.010141636539195649,0.01524936563896434,0.9720623291722787,-1.3121685883954002,0.8256880733944955,119,0.9183501601219177,,,,0.2972961752137233,-0.02833535191475806,-0.09531017980432493,True,0.9283481836309685,c2f472a864890f45,55f50aedee2c2fbf
PRE,validation-00ef6d8db3b7d1cbfab4e956a18d0a37,2,4625940055979956864,coupled_z1.225_center,TRAINING_COUPLED,zoom,0.0,0.0,1.225,-0.23917485075230074,-0.11737198473458736,0.5932943951674421,-8.435814253836993,1.0,75,0.8969506621360779,,,,2.5724962129772493,-0.5220645526398927,-0.20294084399669038,True,0.9172515770487646,5f76b4a1fd914908,55f50aedee2c2fbf
MID,validation-00ef6d8db3b7d1cbfab4e956a18d0a37,2,4625940055979956864,coupled_z1.225_center,TRAINING_COUPLED,zoom,0.0,0.0,1.225,-0.019674796242532017,0.01698911428447091,0.9591807427178445,-1.8114156764184337,0.8842105263157894,109,0.9034910202026367,,,,0.20535911376366667,-0.041675751869610866,-0.20294084399669038,True,0.8964992165556525,2181e53b23fffa02,55f50aedee2c2fbf
POST,validation-00ef6d8db3b7d1cbfab4e956a18d0a37,2,4625940055979956864,coupled_z1.225_center,TRAINING_COUPLED,zoom,0.0,0.0,1.225,-0.09791187055118944,-0.0009013389431346552,0.6145889450122932,-3.7387552186177793,0.9534883720930233,88,0.8892772197723389,,,,2.398736534003385,-0.48680161673634276,-0.20294084399669038,True,0.9217229485502562,9332b1908b9c74f1,55f50aedee2c2fbf
PRE,validation-00ef6d8db3b7d1cbfab4e956a18d0a37,2,4625940055979956864,coupled_z1.4142_center,TRAINING_COUPLED,zoom,0.0,0.0,1.4142135623730951,-0.16845432323674894,-0.08100520010607748,0.6372631178369978,-7.987453661363549,0.9154929577464789,75,0.8699517846107483,,,,1.300077857929123,-0.4505726508659924,-0.3465735902799727,True,0.8888601594475058,e8d9e92c3601a218,55f50aedee2c2fbf
MID,validation-00ef6d8db3b7d1cbfab4e956a18d0a37,2,4625940055979956864,coupled_z1.4142_center,TRAINING_COUPLED,zoom,0.0,0.0,1.4142135623730951,-0.08163841723702098,0.06503902058044972,0.7473226576487559,5.01011012066759,0.875,94,0.900647759437561,,,,0.8403936633551145,-0.29125824915752074,-0.3465735902799727,True,0.896130323409138,d30776a27cf994f8,55f50aedee2c2fbf
POST,validation-00ef6d8db3b7d1cbfab4e956a18d0a37,2,4625940055979956864,coupled_z1.4142_center,TRAINING_COUPLED,zoom,0.0,0.0,1.4142135623730951,-0.023221329869887307,0.0627407100508847,0.8183975107264724,-2.1295379756978345,0.927710843373494,93,0.8904268145561218,,,,0.5782526759230884,-0.20040710598366626,-0.3465735902799727,True,0.9112927913656658,38f5b94272defdab,55f50aedee2c2fbf
PRE,validation-00ef6d8db3b7d1cbfab4e956a18d0a37,2,4625940055979956864,coupled_z1.5_center,TRAINING_COUPLED,zoom,0.0,0.0,1.5,-0.13835509631893145,-0.04899132893348242,0.6252612814409511,-9.332881597444299,0.95,65,0.86372309923172,,,,1.1581407546753129,-0.4695856662988968,-0.4054651081081644,True,0.8835341195495973,19f0a5654d6cad57,55f50aedee2c2fbf
MID,validation-00ef6d8db3b7d1cbfab4e956a18d0a37,2,4625940055979956864,coupled_z1.5_center,TRAINING_COUPLED,zoom,0.0,0.0,1.5,-0.12911473112992375,0.02630791651609308,0.7579525123767782,1.0894060509721384,0.9069767441860465,93,0.9002728462219238,,,,0.6834978851195941,-0.27713454388171793,-0.4054651081081644,True,0.8909474611273438,8a6b98ebc2257b70,55f50aedee2c2fbf
POST,validation-00ef6d8db3b7d1cbfab4e956a18d0a37,2,4625940055979956864,coupled_z1.5_center,TRAINING_COUPLED,zoom,0.0,0.0,1.5,-0.07635616914576507,0.04059539043026103,0.7999505553348034,-0.6479300866806283,0.9873417721518988,87,0.8798280954360962,,,,0.5504921498602068,-0.22320535905576458,-0.4054651081081644,True,0.9101775395649463,784157df74325dbb,55f50aedee2c2fbf
PRE,validation-02be2e8a684647581ac774a819e75a0b,0,333077770199595879,coupled_z1.1_left_edge,TRAINING_COUPLED,shift,-0.2100000000000002,0.0,1.1,-0.12860950269911642,-0.010921439782234976,0.8959604588705384,-0.558954846668314,0.9925373134328358,141,0.924140214920044,0.9964137336683293,True,,0.6760934749007976,,,,0.9614577889432828,d96bdcd7765c3520,f35fdb8de050fedd
MID,validation-02be2e8a684647581ac774a819e75a0b,0,333077770199595879,coupled_z1.1_left_edge,TRAINING_COUPLED,shift,-0.2100000000000002,0.0,1.1,-0.16634082057748478,-0.03376552249764571,0.8652915840460932,-4.0724768071406645,1.0,118,0.9101118445396423,0.980013121013083,True,,0.8890789740041201,,,,0.9521956443777099,3adecde34bb1bb13,f35fdb8de050fedd
POST,validation-02be2e8a684647581ac774a819e75a0b,0,333077770199595879,coupled_z1.1_left_edge,TRAINING_COUPLED,shift,-0.2100000000000002,0.0,1.1,-0.1059360797832435,0.0024252574603036564,0.9121975651056372,0.2993985625596388,0.9772727272727273,139,0.9321959614753723,0.9997380446246132,True,,0.5550486730111507,,,,0.961946902390168,36bf322ac04338a5,f35fdb8de050fedd
PRE,validation-02be2e8a684647581ac774a819e75a0b,0,333077770199595879,coupled_z1.1_right_edge,TRAINING_COUPLED,shift,0.2100000000000002,0.0,1.1,2.7755575615628914e-17,-1.734723475976807e-17,1.0,5.7332427870578245e-15,1.0,173,0.9513956308364868,0.0,True,,1.7144650853210394e-16,,,,0.9699941277494266,3cb7a7c5d31c6d8f,f35fdb8de050fedd
MID,validation-02be2e8a684647581ac774a819e75a0b,0,333077770199595879,coupled_z1.1_right_edge,TRAINING_COUPLED,shift,0.2100000000000002,0.0,1.1,0.003247844253776805,-0.0012075077512388923,0.9946965225627045,-0.0034630119120838843,0.970873786407767,145,0.9429283142089844,0.9373154274405889,True,,0.018150258702686134,,,,0.9748601317395951,ac6b5b319ad3e366,f35fdb8de050fedd
POST,validation-02be2e8a684647581ac774a819e75a0b,0,333077770199595879,coupled_z1.1_right_edge,TRAINING_COUPLED,shift,0.2100000000000002,0.0,1.1,0.0,-2.7755575615628914e-17,1.0,3.5091221543610887e-15,1.0,170,0.9550905227661133,0.0,False,,1.45386348462818e-16,,,,0.983654736497297,d58bd1cc9c14ffaf,f35fdb8de050fedd
PRE,validation-02be2e8a684647581ac774a819e75a0b,0,333077770199595879,coupled_z1.225_left_edge,TRAINING_COUPLED,shift,-0.5006250000000003,0.0,1.225,-0.2550902518488382,-0.05782110234722067,0.7910926605137513,-6.432589103207844,0.9540229885057471,92,0.9001731276512146,0.9752598974422486,True,,0.6400251666892073,,,,0.9610335826864168,269ce520551701ae,f35fdb8de050fedd
MID,validation-02be2e8a684647581ac774a819e75a0b,0,333077770199595879,coupled_z1.225_left_edge,TRAINING_COUPLED,shift,-0.5006250000000003,0.0,1.225,-0.18894812259062155,-0.04295159282141383,0.8195823346451927,-4.272527708619889,0.9642857142857143,115,0.89455646276474,0.97512299814177,True,,0.47414015463774917,,,,0.9690930824921622,8b2936167198b471,f35fdb8de050fedd
POST,validation-02be2e8a684647581ac774a819e75a0b,0,333077770199595879,coupled_z1.225_left_edge,TRAINING_COUPLED,shift,-0.5006250000000003,0.0,1.225,-0.19787386437464727,-0.027486127530860216,0.848273654801499,-3.849170170064462,0.9903846153846154,110,0.9064156413078308,0.9904897859125193,True,,0.4888346577914968,,,,0.9694375973594983,bfb7499eafa51745,f35fdb8de050fedd
PRE,validation-02be2e8a684647581ac774a819e75a0b,0,333077770199595879,coupled_z1.225_right_edge,TRAINING_COUPLED,shift,0.5006250000000003,0.0,1.225,0.05724792389799918,0.023714845759751906,0.935817911213291,-1.108899413269342,0.9586776859504132,132,0.9324045777320862,0.9238682390832088,True,,0.15162585391532485,,,,0.970726549624426,38de70e5e55e1eb4,f35fdb8de050fedd
MID,validation-02be2e8a684647581ac774a819e75a0b,0,333077770199595879,coupled_z1.225_right_edge,TRAINING_COUPLED,shift,0.5006250000000003,0.0,1.225,0.14261132922911468,0.02868349890385648,0.8637311458996972,-1.9311446365217664,0.9739130434782609,122,0.9056923389434814,0.9803669464945896,True,,0.3559499388569519,,,,0.9607262587970579,9f74d1632adbbea7,f35fdb8de050fedd
POST,validation-02be2e8a684647581ac774a819e75a0b,0,333077770199595879,coupled_z1.225_right_edge,TRAINING_COUPLED,shift,0.5006250000000003,0.0,1.225,0.09781472859486426,-0.003165853145426569,0.9091488836637275,1.5450931264709864,0.9333333333333333,115,0.9155815243721008,0.9994766382204221,True,,0.23947223203816362,,,,0.9721499664863144,0a672b4b3d99ba0b,f35fdb8de050fedd
PRE,validation-02be2e8a684647581ac774a819e75a0b,0,333077770199595879,coupled_z1.4142_left_edge,TRAINING_COUPLED,shift,-1.0000000000000004,0.0,1.4142135623730951,-0.12974593138380927,0.0015707097434525495,0.4054351364044263,17.67943873200665,1.0,90,0.8768914937973022,0.9999267299116396,True,,0.1835019010242145,,,,0.9187179207792631,fce6d1c99333423a,f35fdb8de050fedd
MID,validation-02be2e8a684647581ac774a819e75a0b,0,333077770199595879,coupled_z1.4142_left_edge,TRAINING_COUPLED,shift,-1.0000000000000004,0.0,1.4142135623730951,-0.36237412557059456,0.05419337278363343,0.6647023300099807,0.7464317998600579,0.9487179487179487,83,0.8838071823120117,0.9890014170177365,True,,0.5181735781313416,,,,0.9389669262737735,8fb9c99a8b8fd200,f35fdb8de050fedd
POST,validation-02be2e8a684647581ac774a819e75a0b,0,333077770199595879,coupled_z1.4142_left_edge,TRAINING_COUPLED,shift,-1.0000000000000004,0.0,1.4142135623730951,-0.08284841870165446,-0.061310329800314395,0.345416977028342,20.408968454522117,1.0,83,0.8949966430664062,0.8038303009513315,True,,0.14575882149350658,,,,0.9266951084127695,d48ebd74870635d3,f35fdb8de050fedd
PRE,validation-02be2e8a684647581ac774a819e75a0b,0,333077770199595879,coupled_z1.4142_right_edge,TRAINING_COUPLED,shift,1.0000000000000004,0.0,1.4142135623730951,0.09718852717827103,0.012156338946397623,0.8945770209549677,1.9342160832275526,0.9711538461538461,111,0.9123262166976929,0.9922681061529474,True,,0.13851632677530273,,,,0.9470122456541127,cac27316b57b5c90,f35fdb8de050fedd
MID,validation-02be2e8a684647581ac774a819e75a0b,0,333077770199595879,coupled_z1.4142_right_edge,TRAINING_COUPLED,shift,1.0000000000000004,0.0,1.4142135623730951,0.1280040734887921,0.02986810129607991,0.799502155418116,-1.0932936544252225,0.9411764705882353,92,0.8933747410774231,0.9738403946532976,True,,0.1858878495478226,,,,0.9189519237838093,0b6e104f06dd14e0,f35fdb8de050fedd
POST,validation-02be2e8a684647581ac774a819e75a0b,0,333077770199595879,coupled_z1.4142_right_edge,TRAINING_COUPLED,shift,1.0000000000000004,0.0,1.4142135623730951,0.1331787178650475,-0.012215686065868385,0.8639678248007571,0.16136123874777006,0.941747572815534,112,0.9047993421554565,0.9958197120503807,True,,0.18913378269488382,,,,0.9700433015813663,b3ca11f5ad410cfc,f35fdb8de050fedd
PRE,validation-02be2e8a684647581ac774a819e75a0b,0,333077770199595879,coupled_z1.5_left_edge,TRAINING_COUPLED,shift,-1.25,0.0,1.5,-0.18920792059216662,-0.02120375717291316,0.4189803092065343,6.569917855603449,1.0,74,0.8588517904281616,0.9937791499887008,True,,0.2284707872083555,,,,0.9091727733602968,820521c4a8458f19,f35fdb8de050fedd
MID,validation-02be2e8a684647581ac774a819e75a0b,0,333077770199595879,coupled_z1.5_left_edge,TRAINING_COUPLED,shift,-1.25,0.0,1.5,-0.24191459134213605,-0.0059533758347062714,0.5859281919036944,4.448488414665715,0.9736842105263158,77,0.8605066537857056,0.9996973258897146,True,,0.2903854017522389,,,,0.9246986508360198,93d017aa86cc250e,f35fdb8de050fedd
POST,validation-02be2e8a684647581ac774a819e75a0b,0,333077770199595879,coupled_z1.5_left_edge,TRAINING_COUPLED,shift,-1.25,0.0,1.5,-0.21222334852312014,-0.009960278035421644,0.3298992122082158,8.21753579187738,1.0,80,0.8813704252243042,0.9989004629688795,True,,0.25494834337086486,,,,0.9289932250967272,aae83e22392a8576,f35fdb8de050fedd
PRE,validation-02be2e8a684647581ac774a819e75a0b,0,333077770199595879,coupled_z1.5_right_edge,TRAINING_COUPLED,shift,1.25,0.0,1.5,0.15923551602705072,0.05658800487645047,0.8596167652622052,-5.036162189023839,0.9659090909090909,95,0.8879802227020264,0.9422689716280577,True,,0.20278988800931264,,,,0.9088218320811443,86ef6656a65d44b7,f35fdb8de050fedd
MID,validation-02be2e8a684647581ac774a819e75a0b,0,333077770199595879,coupled_z1.5_right_edge,TRAINING_COUPLED,shift,1.25,0.0,1.5,0.1093792122503997,0.003581980188708783,0.6898015094584784,-3.4316706822058265,0.9080459770114943,92,0.8866584897041321,0.9994642062513346,True,,0.13132541803706554,,,,0.9359151124944863,08ddc55527b2b20d,f35fdb8de050fedd
POST,validation-02be2e8a684647581ac774a819e75a0b,0,333077770199595879,coupled_z1.5_right_edge,TRAINING_COUPLED,shift,1.25,0.0,1.5,0.1636646160951457,0.011304976735646996,0.8473142875399163,-3.0319034250155736,0.9120879120879121,101,0.8886234760284424,0.9976228911958274,True,,0.19686551004991587,,,,0.9535134434690477,67cedf3f08b6c4df,f35fdb8de050fedd
PRE,validation-02be2e8a684647581ac774a819e75a0b,0,333077770199595879,legacy_center_z1,EXTRAPOLATION,identity,0.0,0.0,1.0,0.0,0.0,1.0,0.0,1.0,256,1.0,,,,,,,,1.0,041cfbab4a588af0,f35fdb8de050fedd
MID,validation-02be2e8a684647581ac774a819e75a0b,0,333077770199595879,legacy_center_z1,EXTRAPOLATION,identity,0.0,0.0,1.0,0.0,0.0,1.0,0.0,1.0,256,1.0,,,,,,,,1.0,29e559338d2ee300,f35fdb8de050fedd
POST,validation-02be2e8a684647581ac774a819e75a0b,0,333077770199595879,legacy_center_z1,EXTRAPOLATION,identity,0.0,0.0,1.0,0.0,0.0,1.0,0.0,1.0,256,1.0,,,,,,,,1.0,f5d0aa3454dc3c6a,f35fdb8de050fedd
PRE,validation-02be2e8a684647581ac774a819e75a0b,0,333077770199595879,coupled_z1.1_center,TRAINING_COUPLED,zoom,0.0,0.0,1.1,0.0,-1.3877787807814457e-17,1.0,-1.46625380824635e-14,1.0,233,0.984632670879364,,,,-0.0,0.0,-0.09531017980432493,False,0.9967658519734904,ddf9994684cc54f5,f35fdb8de050fedd
MID,validation-02be2e8a684647581ac774a819e75a0b,0,333077770199595879,coupled_z1.1_center,TRAINING_COUPLED,zoom,0.0,0.0,1.1,1.734723475976807e-18,6.938893903907228e-18,1.0,9.996406631207216e-15,1.0,230,0.9809075593948364,,,,-0.0,0.0,-0.09531017980432493,False,0.995957314967113,10a97791bca50574,f35fdb8de050fedd
POST,validation-02be2e8a684647581ac774a819e75a0b,0,333077770199595879,coupled_z1.1_center,TRAINING_COUPLED,zoom,0.0,0.0,1.1,0.007603381173563489,0.07514449005821627,0.9554786540613495,2.6529154893761815,0.9935897435897436,162,0.9490686058998108,,,,0.47783831398389187,-0.04554285562320021,-0.09531017980432493,True,0.9819785356511785,e938628f9b918077,f35fdb8de050fedd
PRE,validation-02be2e8a684647581ac774a819e75a0b,0,333077770199595879,coupled_z1.225_center,TRAINING_COUPLED,zoom,0.0,0.0,1.225,0.0017952322220759348,0.00013886874273168204,0.9979643587222552,0.10879148718663308,0.9885057471264368,195,0.9671280384063721,,,,0.010040935926979695,-0.00203771601153795,-0.20294084399669038,True,0.9927593469609822,73b5e3cd4d84382e,f35fdb8de050fedd
MID,validation-02be2e8a684647581ac774a819e75a0b,0,333077770199595879,coupled_z1.225_center,TRAINING_COUPLED,zoom,0.0,0.0,1.225,3.469446951953614e-18,-1.3877787807814457e-17,1.0000000000000002,-7.40109799815979e-15,1.0,220,0.9732069969177246,,,,-1.0941346283582641e-15,2.2204460492503128e-16,-0.20294084399669038,False,0.994803547858197,a1dd34f03f1412ec,f35fdb8de050fedd
POST,validation-02be2e8a684647581ac774a819e75a0b,0,333077770199595879,coupled_z1.225_center,TRAINING_COUPLED,zoom,0.0,0.0,1.225,0.0017463439584599963,0.1072570516545579,0.9209448445622682,4.2394654928171,0.9923076923076923,136,0.9290367364883423,,,,0.40580855665606475,-0.08235513098886052,-0.20294084399669038,True,0.9819139838208869,970dda8f597a837d,f35fdb8de050fedd
PRE,validation-02be2e8a684647581ac774a819e75a0b,0,333077770199595879,coupled_z1.4142_center,TRAINING_COUPLED,zoom,0.0,0.0,1.4142135623730951,0.011994056169289434,0.06387989750416212,0.9051876129783797,3.400014449736895,1.0,122,0.9198014140129089,,,,0.287422505357288,-0.09961304960894,-0.3465735902799727,True,0.9645546674718747,3096d36971d8cbac,f35fdb8de050fedd
MID,validation-02be2e8a684647581ac774a819e75a0b,0,333077770199595879,coupled_z1.4142_center,TRAINING_COUPLED,zoom,0.0,0.0,1.4142135623730951,-0.009705221909123027,0.019661045555947013,0.9330861260887644,0.5335218975280649,0.9565217391304348,129,0.9297048449516296,,,,0.1998356868992876,-0.06925777147475061,-0.3465735902799727,True,0.9587551355352351,dbefa36644a88293,f35fdb8de050fedd
POST,validation-02be2e8a684647581ac774a819e75a0b,0,333077770199595879,coupled_z1.4142_center,TRAINING_COUPLED,zoom,0.0,0.0,1.4142135623730951,0.010894591426657774,0.07296082961622323,0.8906808201463501,5.57105173916274,0.9826086956521739,122,0.9127039313316345,,,,0.33403913478684055,-0.11576914223709105,-0.3465735902799727,True,0.9649806001761204,abf302784d3b279a,f35fdb8de050fedd
PRE,validation-02be2e8a684647581ac774a819e75a0b,0,333077770199595879,coupled_z1.5_center,TRAINING_COUPLED,zoom,0.0,0.0,1.5,0.014421551833523647,0.061606380708493384,0.8740971385803856,2.3798059068243576,1.0,118,0.9081123471260071,,,,0.33187508436876917,-0.13456376696198916,-0.4054651081081644,True,0.9421216811004802,273a912b8809696c,f35fdb8de050fedd
MID,validation-02be2e8a684647581ac774a819e75a0b,0,333077770199595879,coupled_z1.5_center,TRAINING_COUPLED,zoom,0.0,0.0,1.5,-0.03186055759788694,0.016515487700445364,0.8768143396435392,-1.8435496899931463,0.9705882352941176,109,0.9172139167785645,,,,0.32422027388504854,-0.13146000840165986,-0.4054651081081644,True,0.9618794299282606,e860d23fec9e8099,f35fdb8de050fedd
POST,validation-02be2e8a684647581ac774a819e75a0b,0,333077770199595879,coupled_z1.5_center,TRAINING_COUPLED,zoom,0.0,0.0,1.5,-0.006582399931091429,-0.006730545302575566,0.9497372758686898,0.6837271081721754,0.8740157480314961,140,0.9363422989845276,,,,0.1271869843321757,-0.05156988435219703,-0.4054651081081644,True,0.9736285805692473,ed122fd9d40c0b57,f35fdb8de050fedd
PRE,validation-02be2e8a684647581ac774a819e75a0b,1,11570549504351769811,coupled_z1.1_left_edge,TRAINING_COUPLED,shift,-0.2100000000000002,0.0,1.1,-0.06745615736215418,-0.003986297164642733,0.9537757870236941,0.24960930044517046,1.0,123,0.8977538347244263,0.9982584718007569,True,,0.3539582048265717,,,,0.9654963016500354,8475ed00aebe4e7f,c769f0ecd38dbee8
MID,validation-02be2e8a684647581ac774a819e75a0b,1,11570549504351769811,coupled_z1.1_left_edge,TRAINING_COUPLED,shift,-0.2100000000000002,0.0,1.1,-0.09366542938448934,0.052433645432042805,0.9387730207896045,6.023575056919623,0.9619047619047619,111,0.9014319777488708,0.872581443715482,True,,0.5622723737052951,,,,0.9742116928090843,110c16ed70b78a1d,c769f0ecd38dbee8
POST,validation-02be2e8a684647581ac774a819e75a0b,1,11570549504351769811,coupled_z1.1_left_edge,TRAINING_COUPLED,shift,-0.2100000000000002,0.0,1.1,-0.08619949441590823,0.014446940563134624,0.963123729166552,1.0718399291216796,0.9811320754716981,114,0.9066155552864075,0.9862444244113693,True,,0.45781872122482375,,,,0.959029321785287,8d97579201a86685,c769f0ecd38dbee8
PRE,validation-02be2e8a684647581ac774a819e75a0b,1,11570549504351769811,coupled_z1.1_right_edge,TRAINING_COUPLED,shift,0.2100000000000002,0.0,1.1,0.08553438457026052,-0.04396853073860757,1.0308430121712953,-2.715559927231536,0.9732142857142857,125,0.9107589721679688,0.889374823700602,True,,0.5037665116516864,,,,0.9572059486621552,917d324d92b671a6,c769f0ecd38dbee8
MID,validation-02be2e8a684647581ac774a819e75a0b,1,11570549504351769811,coupled_z1.1_right_edge,TRAINING_COUPLED,shift,0.2100000000000002,0.0,1.1,0.08137855130359284,0.040267161664101186,1.0625086153568895,1.4277528813964446,0.9841269841269841,135,0.9300304055213928,0.8962790732015133,True,,0.47559807518345043,,,,0.9703698158254456,93acb9414689ee58,c769f0ecd38dbee8
POST,validation-02be2e8a684647581ac774a819e75a0b,1,11570549504351769811,coupled_z1.1_right_edge,TRAINING_COUPLED,shift,0.2100000000000002,0.0,1.1,0.05742143879494825,-0.011086792867045392,1.044417848076369,-1.1063574040516582,0.9504132231404959,129,0.9231388568878174,0.9818659888846533,True,,0.3063340297906886,,,,0.9533553691708669,7cd27c948b114043,c769f0ecd38dbee8
PRE,validation-02be2e8a684647581ac774a819e75a0b,1,11570549504351769811,coupled_z1.225_left_edge,TRAINING_COUPLED,shift,-0.5006250000000003,0.0,1.225,-0.1426289221591236,-0.09749254287844891,0.8130231653220126,-4.981349800226616,0.978021978021978,97,0.868254542350769,0.8255652388770024,True,,0.4227462435376194,,,,0.9290643292098488,ce5ce5ae20d9ebcf,c769f0ecd38dbee8
MID,validation-02be2e8a684647581ac774a819e75a0b,1,11570549504351769811,coupled_z1.225_left_edge,TRAINING_COUPLED,shift,-0.5006250000000003,0.0,1.225,-0.2558540473499462,-0.015839294641207632,0.7692892961005123,5.108636415097729,0.9247311827956989,102,0.8926877975463867,0.9980892188561938,True,,0.6272583947127959,,,,0.953797635661461,2486b63ef8e18e08,c769f0ecd38dbee8
POST,validation-02be2e8a684647581ac774a819e75a0b,1,11570549504351769811,coupled_z1.225_left_edge,TRAINING_COUPLED,shift,-0.5006250000000003,0.0,1.225,-0.1800810669056579,-0.03677736135369511,0.8051813647448784,-3.9008223893565614,0.9787234042553191,99,0.8882201313972473,0.9797762029499935,True,,0.44974332182293325,,,,0.940728545187963,79aa50ea64f539ff,c769f0ecd38dbee8
PRE,validation-02be2e8a684647581ac774a819e75a0b,1,11570549504351769811,coupled_z1.225_right_edge,TRAINING_COUPLED,shift,0.5006250000000003,0.0,1.225,0.13817391945121787,-0.11670797716980627,0.7719329335344235,-2.3127248435722385,0.9393939393939394,102,0.8816832900047302,0.7639542025030097,True,,0.4425703428314279,,,,0.9355270824141138,8c3416fbe1d109c7,c769f0ecd38dbee8
MID,validation-02be2e8a684647581ac774a819e75a0b,1,11570549504351769811,coupled_z1.225_right_edge,TRAINING_COUPLED,shift,0.5006250000000003,0.0,1.225,0.38585693257464243,0.01816683876353889,0.884439077210831,4.686862554049248,0.9634146341463414,87,0.8944835662841797,0.9988934913235723,True,,0.945215161988203,,,,0.9410862922659046,371624f12f50a44a,c769f0ecd38dbee8
POST,validation-02be2e8a684647581ac774a819e75a0b,1,11570549504351769811,coupled_z1.225_right_edge,TRAINING_COUPLED,shift,0.5006250000000003,0.0,1.225,0.31345956457290136,-0.007583234426655405,0.8127068158046988,1.2157126379827066,0.918918918918919,78,0.8756268620491028,0.9997075003513435,True,,0.7672415796379116,,,,0.9306480247159249,a2329d12f457fd1c,c769f0ecd38dbee8
PRE,validation-02be2e8a684647581ac774a819e75a0b,1,11570549504351769811,coupled_z1.4142_left_edge,TRAINING_COUPLED,shift,-1.0000000000000004,0.0,1.4142135623730951,-0.37099200381841174,0.04355076349804841,0.7805596915014253,-6.41040200092943,0.9864864864864865,79,0.8376802802085876,0.9931801945424358,True,,0.5282645850300081,,,,0.9022225258076078,30679d79496aa3f9,c769f0ecd38dbee8
MID,validation-02be2e8a684647581ac774a819e75a0b,1,11570549504351769811,coupled_z1.4142_left_edge,TRAINING_COUPLED,shift,-1.0000000000000004,0.0,1.4142135623730951,-0.23548404354144134,0.06024624768590709,0.4867436811309544,12.288417615379016,1.0,83,0.8769217133522034,0.9687966356498415,True,,0.3437509130834682,,,,0.9160566279912745,bde87510362f557c,c769f0ecd38dbee8
POST,validation-02be2e8a684647581ac774a819e75a0b,1,11570549504351769811,coupled_z1.4142_left_edge,TRAINING_COUPLED,shift,-1.0000000000000004,0.0,1.4142135623730951,-0.32043054732346565,0.09012345428416,0.6685079947440461,3.2441966386940995,0.958904109589041,75,0.8731754422187805,0.9626490900054017,True,,0.4707397851682493,,,,0.9277986884107847,3fb1e732f7519410,c769f0ecd38dbee8
PRE,validation-02be2e8a684647581ac774a819e75a0b,1,11570549504351769811,coupled_z1.4142_right_edge,TRAINING_COUPLED,shift,1.0000000000000004,0.0,1.4142135623730951,0.05049345359804759,-0.0964062122111558,0.465134921632734,-0.26812132857254073,1.0,81,0.8601064682006836,0.46397066472036536,True,,0.15390741768453256,,,,0.8941561579695342,16d9499b2cd67c31,c769f0ecd38dbee8
MID,validation-02be2e8a684647581ac774a819e75a0b,1,11570549504351769811,coupled_z1.4142_right_edge,TRAINING_COUPLED,shift,1.0000000000000004,0.0,1.4142135623730951,0.13506960669352777,0.044735745836382415,0.4770702104947235,-12.88834695152633,1.0,81,0.8883016109466553,0.9492876404373813,True,,0.2012216966824486,,,,0.9223077893247917,7d8084ffab0031b2,c769f0ecd38dbee8
POST,validation-02be2e8a684647581ac774a819e75a0b,1,11570549504351769811,coupled_z1.4142_right_edge,TRAINING_COUPLED,shift,1.0000000000000004,0.0,1.4142135623730951,0.05316238429476194,-0.14722871294274734,0.4603504777913523,-19.264451306322307,1.0,76,0.877640962600708,0.33962445847048367,True,,0.22137087892801904,,,,0.915193438529053,2baf5e6d19711c7f,c769f0ecd38dbee8
PRE,validation-02be2e8a684647581ac774a819e75a0b,1,11570549504351769811,coupled_z1.5_left_edge,TRAINING_COUPLED,shift,-1.25,0.0,1.5,-0.3637620273749831,0.08834022225233772,0.8177618838800194,-11.395963226736605,1.0,63,0.8103510737419128,0.9717549196410197,True,,0.4492021846514913,,,,0.8951513171187031,e823e67168893575,c769f0ecd38dbee8
MID,validation-02be2e8a684647581ac774a819e75a0b,1,11570549504351769811,coupled_z1.5_left_edge,TRAINING_COUPLED,shift,-1.25,0.0,1.5,-0.34282134263301006,-0.031970963542888975,0.7200686650479684,0.9292411700963953,0.9883720930232558,92,0.8635803461074829,0.9956795981129056,True,,0.41317067452006684,,,,0.9285888671865713,e71baca2553f1fc2,c769f0ecd38dbee8
POST,validation-02be2e8a684647581ac774a819e75a0b,1,11570549504351769811,coupled_z1.5_left_edge,TRAINING_COUPLED,shift,-1.25,0.0,1.5,-0.2783764274450683,0.10100663036320787,0.665174988717621,-2.637653543409069,0.9859154929577465,72,0.875702440738678,0.9400330488844187,True,,0.3553616687510754,,,,0.9219086719687704,2c4944985444fcee,c769f0ecd38dbee8
PRE,validation-02be2e8a684647581ac774a819e75a0b,1,11570549504351769811,coupled_z1.5_right_edge,TRAINING_COUPLED,shift,1.25,0.0,1.5,-0.12421024441432382,-0.06662913733549035,0.2795687452894797,-25.617255308670348,1.0,67,0.8362327218055725,-0.8812201518031485,False,,0.1691430830206612,,,,0.9106821364561831,9f78df938dd67dbd,c769f0ecd38dbee8
MID,validation-02be2e8a684647581ac774a819e75a0b,1,11570549504351769811,coupled_z1.5_right_edge,TRAINING_COUPLED,shift,1.25,0.0,1.5,-0.0669459827438502,-0.005649061576656117,0.22026165707496514,-9.4800793570142,1.0,75,0.8836761713027954,-0.9964587070255839,False,,0.08062068074148783,,,,0.9334313869466984,239c5cb65d6ba964,c769f0ecd38dbee8
POST,validation-02be2e8a684647581ac774a819e75a0b,1,11570549504351769811,coupled_z1.5_right_edge,TRAINING_COUPLED,shift,1.25,0.0,1.5,0.024469758822827894,-0.0978624079187575,0.40679287874048475,-14.97407319425527,1.0,75,0.8659530878067017,0.24257440860672397,True,,0.12105032330368516,,,,0.9023154973974741,7ece5abd2786ade1,c769f0ecd38dbee8
PRE,validation-02be2e8a684647581ac774a819e75a0b,1,11570549504351769811,legacy_center_z1,EXTRAPOLATION,identity,0.0,0.0,1.0,0.0,0.0,1.0,0.0,1.0,256,1.0,,,,,,,,1.0,a1281f34b97e2531,c769f0ecd38dbee8
MID,validation-02be2e8a684647581ac774a819e75a0b,1,11570549504351769811,legacy_center_z1,EXTRAPOLATION,identity,0.0,0.0,1.0,0.0,0.0,1.0,0.0,1.0,256,1.0,,,,,,,,1.0,df5082d3b252c4f4,c769f0ecd38dbee8
POST,validation-02be2e8a684647581ac774a819e75a0b,1,11570549504351769811,legacy_center_z1,EXTRAPOLATION,identity,0.0,0.0,1.0,0.0,0.0,1.0,0.0,1.0,256,1.0,,,,,,,,1.0,9a23446aa9513d32,c769f0ecd38dbee8
PRE,validation-02be2e8a684647581ac774a819e75a0b,1,11570549504351769811,coupled_z1.1_center,TRAINING_COUPLED,zoom,0.0,0.0,1.1,-0.0013165572909905887,0.011985711282676295,0.993295869855044,0.18970287858959795,0.8857142857142857,162,0.9363166689872742,,,,0.07057697075864718,-0.006726703773051245,-0.09531017980432493,True,0.9746686801107125,ef5ef2c620179057,c769f0ecd38dbee8
MID,validation-02be2e8a684647581ac774a819e75a0b,1,11570549504351769811,coupled_z1.1_center,TRAINING_COUPLED,zoom,0.0,0.0,1.1,-0.056592370401067106,0.10388254509900421,0.9944202423592579,3.938391782418622,0.9923664122137404,133,0.9176235198974609,,,,0.05870708301532952,-0.005595382637978487,-0.09531017980432493,True,0.9737859964360989,eae771af97306df1,c769f0ecd38dbee8
POST,validation-02be2e8a684647581ac774a819e75a0b,1,11570549504351769811,coupled_z1.1_center,TRAINING_COUPLED,zoom,0.0,0.0,1.1,-0.03279795671310935,0.06477082894140047,0.9869564806772317,2.0791152094074103,0.9655172413793104,122,0.8987427949905396,,,,0.13775373284695816,-0.013129333046360525,-0.09531017980432493,True,0.9521974325170531,24ab8dfb3f87c748,c769f0ecd38dbee8
PRE,validation-02be2e8a684647581ac774a819e75a0b,1,11570549504351769811,coupled_z1.225_center,TRAINING_COUPLED,zoom,0.0,0.0,1.225,-0.0033347810109243814,0.010213309725052615,0.9946787890560361,-0.16280227791396323,0.8923076923076924,158,0.929713785648346,,,,0.026290513565478405,-0.005335419012084625,-0.20294084399669038,True,0.97390764796086,3e001ce2f629e21c,c769f0ecd38dbee8
MID,validation-02be2e8a684647581ac774a819e75a0b,1,11570549504351769811,coupled_z1.225_center,TRAINING_COUPLED,zoom,0.0,0.0,1.225,-0.055373758345158626,0.1377796401939029,0.9669847363731239,6.20462843053393,0.990909090909091,117,0.9090598821640015,,,,0.1654303170724365,-0.03357256816932036,-0.20294084399669038,True,0.966255962847697,66ae272d70319226,c769f0ecd38dbee8
POST,validation-02be2e8a684647581ac774a819e75a0b,1,11570549504351769811,coupled_z1.225_center,TRAINING_COUPLED,zoom,0.0,0.0,1.225,-0.015334678563197004,0.11135960188287858,0.9394392452129663,2.4815798886822793,0.9896907216494846,108,0.8989688754081726,,,,0.30783418526745476,-0.06247212936921082,-0.20294084399669038,True,0.9569069147100415,496fee02e54131d5,c769f0ecd38dbee8
PRE,validation-02be2e8a684647581ac774a819e75a0b,1,11570549504351769811,coupled_z1.4142_center,TRAINING_COUPLED,zoom,0.0,0.0,1.4142135623730951,-0.026197741594551856,0.010586772196660862,0.9550340824590596,0.4738849725376804,0.953125,137,0.9069798588752747,,,,0.1327517502480533,-0.04600825069941809,-0.3465735902799727,True,0.9750473499288345,19f8a3ae5a6a94d9,c769f0ecd38dbee8
MID,validation-02be2e8a684647581ac774a819e75a0b,1,11570549504351769811,coupled_z1.4142_center,TRAINING_COUPLED,zoom,0.0,0.0,1.4142135623730951,-0.017326324296665432,0.16468974611569936,0.8772261886389551,6.206394426347619,0.98989898989899,109,0.8996228575706482,,,,0.37795842426614656,-0.13099040807447956,-0.3465735902799727,True,0.953365740379676,28b0d3ff5870ba3a,c769f0ecd38dbee8
POST,validation-02be2e8a684647581ac774a819e75a0b,1,11570549504351769811,coupled_z1.4142_center,TRAINING_COUPLED,zoom,0.0,0.0,1.4142135623730951,-0.11064854139990112,0.16876909618773533,0.8710839479004924,3.5045508343446756,0.975609756097561,89,0.8981160521507263,,,,0.3982326685817957,-0.13801692571716742,-0.3465735902799727,True,0.9654079079618336,cd00101846f124d8,c769f0ecd38dbee8
PRE,validation-02be2e8a684647581ac774a819e75a0b,1,11570549504351769811,coupled_z1.5_center,TRAINING_COUPLED,zoom,0.0,0.0,1.5,-0.022496374171876145,0.04246369077035685,0.9279362281566609,2.288045097435462,0.9396551724137931,124,0.890064537525177,,,,0.18446043006013468,-0.07479226821601101,-0.4054651081081644,True,0.9663128256788126,8b7063ded2c68ed2,c769f0ecd38dbee8
MID,validation-02be2e8a684647581ac774a819e75a0b,1,11570549504351769811,coupled_z1.5_center,TRAINING_COUPLED,zoom,0.0,0.0,1.5,-0.009193686726066505,0.11022440382362114,0.9029068297980006,5.240605548088453,0.9814814814814815,112,0.8989617228507996,,,,0.25189814700269214,-0.10213590940669284,-0.4054651081081644,True,0.9608302116384434,239e03e0ac8afe08,c769f0ecd38dbee8
POST,validation-02be2e8a684647581ac774a819e75a0b,1,11570549504351769811,coupled_z1.5_center,TRAINING_COUPLED,zoom,0.0,0.0,1.5,-0.10837560556062628,0.21280190268904023,0.807564086770622,-0.3532606197801753,0.9767441860465116,90,0.8742263913154602,,,,0.5271300990853076,-0.21373286261269167,-0.4054651081081644,True,0.9608794450750278,8625ee41142a2af1,c769f0ecd38dbee8
PRE,validation-02be2e8a684647581ac774a819e75a0b,2,4860088728772024517,coupled_z1.1_left_edge,TRAINING_COUPLED,shift,-0.2100000000000002,0.0,1.1,-0.09656005948649637,0.004954895392571684,0.9165684617584687,-3.1398046040613687,1.0,124,0.9126314520835876,0.998686024347602,True,,0.5064562589522755,,,,0.9585518812260508,2a0fb9e8ad2ffd5f,06ba385e19f3e46b
MID,validation-02be2e8a684647581ac774a819e75a0b,2,4860088728772024517,coupled_z1.1_left_edge,TRAINING_COUPLED,shift,-0.2100000000000002,0.0,1.1,-0.035913357381498645,0.0006354671896204381,0.9587926385684277,-0.5375023787112694,0.92,140,0.9222568869590759,0.999843489783619,True,,0.18814703318948295,,,,0.961762485608241,7299d53cf0ba066d,06ba385e19f3e46b
POST,validation-02be2e8a684647581ac774a819e75a0b,2,4860088728772024517,coupled_z1.1_left_edge,TRAINING_COUPLED,shift,-0.2100000000000002,0.0,1.1,-0.11704049989507805,-0.007587719170416635,0.9141757855953552,-0.8822188702104139,0.984,131,0.9142908453941345,0.9979051456666694,True,,0.6143562720359974,,,,0.9627234913532341,b68e46b862afe888,06ba385e19f3e46b
PRE,validation-02be2e8a684647581ac774a819e75a0b,2,4860088728772024517,coupled_z1.1_right_edge,TRAINING_COUPLED,shift,0.2100000000000002,0.0,1.1,0.1487456136479,-0.09711143753512053,1.0198471753608123,-1.0018838617652983,1.0,130,0.9056565761566162,0.8373440885498448,True,,0.9304940479880913,,,,0.9564137432812272,25855004b8bed720,06ba385e19f3e46b
MID,validation-02be2e8a684647581ac774a819e75a0b,2,4860088728772024517,coupled_z1.1_right_edge,TRAINING_COUPLED,shift,0.2100000000000002,0.0,1.1,0.17819115647664607,-0.08646259639984755,0.9852857282296519,0.018964195976752123,1.0,108,0.902565062046051,0.8996814979636089,True,,1.0374585342690594,,,,0.9571953390347528,fb2290b00d5a7ce0,06ba385e19f3e46b
POST,validation-02be2e8a684647581ac774a819e75a0b,2,4860088728772024517,coupled_z1.1_right_edge,TRAINING_COUPLED,shift,0.2100000000000002,0.0,1.1,0.131000743109707,-0.08954262611268121,1.0182236225208776,-1.6643035264245027,1.0,120,0.9124453663825989,0.8255699179850969,True,,0.831176565059422,,,,0.9590367625986002,ee85f7d37be13c3e,06ba385e19f3e46b
PRE,validation-02be2e8a684647581ac774a819e75a0b,2,4860088728772024517,coupled_z1.225_left_edge,TRAINING_COUPLED,shift,-0.5006250000000003,0.0,1.225,-0.20501855323739376,0.04574055360780861,0.922966923082281,0.34229812026416456,1.0,96,0.8868568539619446,0.9760043715173559,True,,0.5140021751986468,,,,0.9508295625933176,4288c22ddb4bac5e,06ba385e19f3e46b
MID,validation-02be2e8a684647581ac774a819e75a0b,2,4860088728772024517,coupled_z1.225_left_edge,TRAINING_COUPLED,shift,-0.5006250000000003,0.0,1.225,-0.14554216401699518,0.007537726216161153,0.9216775512125485,1.8641596358182282,0.9897959183673469,106,0.9030813574790955,0.9986615551788267,True,,0.35661043881138405,,,,0.9644327121287134,72f164178ad06900,06ba385e19f3e46b
POST,validation-02be2e8a684647581ac774a819e75a0b,2,4860088728772024517,coupled_z1.225_left_edge,TRAINING_COUPLED,shift,-0.5006250000000003,0.0,1.225,-0.24025201583751857,0.036371980460955654,0.8806791517013716,-2.6238695973145036,0.9238095238095239,115,0.8975640535354614,0.9887336860437733,True,,0.5945813254490561,,,,0.9501757592058073,fb1a4ef917058f20,06ba385e19f3e46b
PRE,validation-02be2e8a684647581ac774a819e75a0b,2,4860088728772024517,coupled_z1.225_right_edge,TRAINING_COUPLED,shift,0.5006250000000003,0.0,1.225,0.2783882329596191,-0.17305164202797899,0.9075356104368737,-6.7456002280981044,0.9876543209876543,85,0.8878177404403687,0.8492860130129062,True,,0.8020851170507584,,,,0.9485387144721458,91a40d62e8d8abd2,06ba385e19f3e46b
MID,validation-02be2e8a684647581ac774a819e75a0b,2,4860088728772024517,coupled_z1.225_right_edge,TRAINING_COUPLED,shift,0.5006250000000003,0.0,1.225,0.03965735841354088,-0.12050648463627946,0.5671326019319596,1.1989806477806948,1.0,82,0.8722224235534668,0.3125969832811989,True,,0.310429192426547,,,,0.9443213310423785,a8f46a3d63853155,06ba385e19f3e46b
POST,validation-02be2e8a684647581ac774a819e75a0b,2,4860088728772024517,coupled_z1.225_right_edge,TRAINING_COUPLED,shift,0.5006250000000003,0.0,1.225,0.4458346081155099,-0.15288904707153744,0.9099040821151237,-6.014958701521798,0.9871794871794872,81,0.8803046941757202,0.9459254613954063,True,,1.1532950221686076,,,,0.9410055279722339,0992b4e687213c6d,06ba385e19f3e46b
PRE,validation-02be2e8a684647581ac774a819e75a0b,2,4860088728772024517,coupled_z1.4142_left_edge,TRAINING_COUPLED,shift,-1.0000000000000004,0.0,1.4142135623730951,-0.17365723410248665,0.08915741567199384,0.8540545042935638,-0.6197588935561511,0.9883720930232558,91,0.8567852973937988,0.8896043203924284,True,,0.2760647740130367,,,,0.9498453646612262,9822b33d62f530af,06ba385e19f3e46b
MID,validation-02be2e8a684647581ac774a819e75a0b,2,4860088728772024517,coupled_z1.4142_left_edge,TRAINING_COUPLED,shift,-1.0000000000000004,0.0,1.4142135623730951,-0.10199345700316374,0.0053710094909404545,0.8994312700315641,3.6812123689735756,0.989247311827957,99,0.8926546573638916,0.9986163217639421,True,,0.14444038918812133,,,,0.9608069038862458,bb97cd6ab82d61b2,06ba385e19f3e46b
POST,validation-02be2e8a684647581ac774a819e75a0b,2,4860088728772024517,coupled_z1.4142_left_edge,TRAINING_COUPLED,shift,-1.0000000000000004,0.0,1.4142135623730951,-0.17173259347672085,0.061346795509069366,0.6085580371032866,-0.8925905917034122,0.9195402298850575,90,0.8847200274467468,0.9417180678675904,True,,0.25789731670365323,,,,0.9316799599924284,68d8d7c1fa436e4c,06ba385e19f3e46b
PRE,validation-02be2e8a684647581ac774a819e75a0b,2,4860088728772024517,coupled_z1.4142_right_edge,TRAINING_COUPLED,shift,1.0000000000000004,0.0,1.4142135623730951,0.3126358961802156,-0.1904786973555338,0.8879294593715868,-8.854409860880986,1.0,84,0.8742588758468628,0.8539818225142211,True,,0.5177322430111292,,,,0.9477005569746886,f71ff2415eb4bc2a,06ba385e19f3e46b
MID,validation-02be2e8a684647581ac774a819e75a0b,2,4860088728772024517,coupled_z1.4142_right_edge,TRAINING_COUPLED,shift,1.0000000000000004,0.0,1.4142135623730951,0.026933630880702643,-0.09031820231513035,0.5209122982963933,-3.930111160728576,1.0,93,0.8750559687614441,0.2857722191931084,True,,0.1332876449027047,,,,0.9387439379820862,f1a8d05fe8060ee2,06ba385e19f3e46b
POST,validation-02be2e8a684647581ac774a819e75a0b,2,4860088728772024517,coupled_z1.4142_right_edge,TRAINING_COUPLED,shift,1.0000000000000004,0.0,1.4142135623730951,0.4833834585729351,-0.16488876410660464,0.9513004796329199,-7.884499290457587,0.9880952380952381,88,0.8744550347328186,0.9464510017207175,True,,0.7222850857528982,,,,0.9188618015555373,ef443a7d7d0ea5a6,06ba385e19f3e46b
PRE,validation-02be2e8a684647581ac774a819e75a0b,2,4860088728772024517,coupled_z1.5_left_edge,TRAINING_COUPLED,shift,-1.25,0.0,1.5,-0.17375342108303427,0.10384530728994448,0.8397137474464073,-0.6466836742348818,1.0,81,0.8697535991668701,0.8583781558634592,True,,0.2429047196438343,,,,0.9399359154615439,a7f1281a82c4862b,06ba385e19f3e46b
MID,validation-02be2e8a684647581ac774a819e75a0b,2,4860088728772024517,coupled_z1.5_left_edge,TRAINING_COUPLED,shift,-1.25,0.0,1.5,-0.1131532076019204,0.03582772918441025,0.8580814852007282,1.2804178333379441,1.0,110,0.8882810473442078,0.9533522149709884,True,,0.14242779005350473,,,,0.9569660995572832,bfb55c3ae9a1e42d,06ba385e19f3e46b
POST,validation-02be2e8a684647581ac774a819e75a0b,2,4860088728772024517,coupled_z1.5_left_edge,TRAINING_COUPLED,shift,-1.25,0.0,1.5,-0.24254742076255714,0.12127544899768763,0.7856078210011179,0.41844502501903297,0.9615384615384616,85,0.8863224983215332,0.8944246264331275,True,,0.32541244540021813,,,,0.9535514060906657,e1d5f25d0c36f6b1,06ba385e19f3e46b
PRE,validation-02be2e8a684647581ac774a819e75a0b,2,4860088728772024517,coupled_z1.5_right_edge,TRAINING_COUPLED,shift,1.25,0.0,1.5,-0.0038841653913553806,-0.0720393119662525,0.5212832211776949,-6.438121966416669,1.0,79,0.8384611010551453,-0.053839102347466,False,,0.08657273740315811,,,,0.9145641821094168,2a7cffcb622034d7,06ba385e19f3e46b
MID,validation-02be2e8a684647581ac774a819e75a0b,2,4860088728772024517,coupled_z1.5_right_edge,TRAINING_COUPLED,shift,1.25,0.0,1.5,0.020578666680514307,-0.1030504175061795,0.48851328049946935,-4.118899237931366,1.0,96,0.8698784708976746,0.19582865976378014,True,,0.12610207334372298,,,,0.934525426298961,27c416ed0290ebca,06ba385e19f3e46b
POST,validation-02be2e8a684647581ac774a819e75a0b,2,4860088728772024517,coupled_z1.5_right_edge,TRAINING_COUPLED,shift,1.25,0.0,1.5,0.4127116457002904,-0.21781796192654515,0.8653785637999187,-4.4450095536671705,0.9864864864864865,76,0.8707995414733887,0.8843865868070635,True,,0.5599971576085412,,,,0.9319602210488669,6851ec84e908c515,06ba385e19f3e46b
PRE,validation-02be2e8a684647581ac774a819e75a0b,2,4860088728772024517,legacy_center_z1,EXTRAPOLATION,identity,0.0,0.0,1.0,0.0,0.0,1.0,0.0,1.0,256,1.0,,,,,,,,1.0,fe06ab751b873724,06ba385e19f3e46b
MID,validation-02be2e8a684647581ac774a819e75a0b,2,4860088728772024517,legacy_center_z1,EXTRAPOLATION,identity,0.0,0.0,1.0,0.0,0.0,1.0,0.0,1.0,256,1.0,,,,,,,,1.0,d29474afda96bb0f,06ba385e19f3e46b
POST,validation-02be2e8a684647581ac774a819e75a0b,2,4860088728772024517,legacy_center_z1,EXTRAPOLATION,identity,0.0,0.0,1.0,0.0,0.0,1.0,0.0,1.0,256,1.0,,,,,,,,1.0,a18ff3cf3e663118,06ba385e19f3e46b
PRE,validation-02be2e8a684647581ac774a819e75a0b,2,4860088728772024517,coupled_z1.1_center,TRAINING_COUPLED,zoom,0.0,0.0,1.1,-0.036857120577176966,0.023200850295414327,0.9472890927203889,-0.9771940823634501,0.9333333333333333,142,0.9330669045448303,,,,0.5681550527894377,-0.05415096023809703,-0.09531017980432493,True,0.9776957604512643,12a3482df60e0bb5,06ba385e19f3e46b
MID,validation-02be2e8a684647581ac774a819e75a0b,2,4860088728772024517,coupled_z1.1_center,TRAINING_COUPLED,zoom,0.0,0.0,1.1,-0.0037066341881134,0.00871113277633781,0.9813608582982729,-0.04813762508545471,0.9057971014492754,155,0.9387844204902649,,,,0.19740850028631207,-0.018815039657190533,-0.09531017980432493,True,0.9755311593720194,4cb368c3b73f5b94,06ba385e19f3e46b
POST,validation-02be2e8a684647581ac774a819e75a0b,2,4860088728772024517,coupled_z1.1_center,TRAINING_COUPLED,zoom,0.0,0.0,1.1,-0.032180212396617974,0.03222832035086731,0.9535480243847068,-0.4416329212678554,0.9626865671641791,147,0.9308488368988037,,,,0.499059899837226,-0.0475654887866144,-0.09531017980432493,True,0.9776494476367529,4dcedcc361fa7079,06ba385e19f3e46b
PRE,validation-02be2e8a684647581ac774a819e75a0b,2,4860088728772024517,coupled_z1.225_center,TRAINING_COUPLED,zoom,0.0,0.0,1.225,-0.046585317151424444,0.0273645058448459,0.9442518457767471,-1.8013025183732392,0.9523809523809523,135,0.928544819355011,,,,0.282655583309378,-0.05736236263718201,-0.20294084399669038,True,0.9777633534519047,3af3047df95d323c,06ba385e19f3e46b
MID,validation-02be2e8a684647581ac774a819e75a0b,2,4860088728772024517,coupled_z1.225_center,TRAINING_COUPLED,zoom,0.0,0.0,1.225,-0.008258628230555828,0.007644522671979764,0.9813735531402831,-0.6039012578977772,0.8529411764705882,150,0.9336602687835693,,,,0.09264819941330998,-0.0188021037837108,-0.20294084399669038,True,0.9733217922822985,c10db237f6129e32,06ba385e19f3e46b
POST,validation-02be2e8a684647581ac774a819e75a0b,2,4860088728772024517,coupled_z1.225_center,TRAINING_COUPLED,zoom,0.0,0.0,1.225,-0.05243462705578232,0.06435947626718594,0.9045247594793852,-0.2551499442730579,0.9384615384615385,141,0.922698974609375,,,,0.4944573939918525,-0.10034560085711061,-0.20294084399669038,True,0.9769726977918332,c80b137136778092,06ba385e19f3e46b
PRE,validation-02be2e8a684647581ac774a819e75a0b,2,4860088728772024517,coupled_z1.4142_center,TRAINING_COUPLED,zoom,0.0,0.0,1.4142135623730951,-0.06047398256933114,0.05909182699501836,0.9084750705400806,-2.3343389259079674,0.9696969696969697,140,0.9151320457458496,,,,0.2769623377445705,-0.0959878317644702,-0.3465735902799727,True,0.9749060258203548,fce6717b4ae179c9,06ba385e19f3e46b
MID,validation-02be2e8a684647581ac774a819e75a0b,2,4860088728772024517,coupled_z1.4142_center,TRAINING_COUPLED,zoom,0.0,0.0,1.4142135623730951,-0.02806204311351053,0.03506675435595963,0.9421078364907807,-0.6672073762643859,0.9105691056910569,134,0.9214121103286743,,,,0.1720717807857926,-0.05963553485280056,-0.3465735902799727,True,0.9728243318577017,2137276fc92d5047,06ba385e19f3e46b
POST,validation-02be2e8a684647581ac774a819e75a0b,2,4860088728772024517,coupled_z1.4142_center,TRAINING_COUPLED,zoom,0.0,0.0,1.4142135623730951,-0.08051015065566985,0.033396550679079165,0.8767273345882488,-1.2646816890654713,0.963302752293578,116,0.8994449973106384,,,,0.37959973180356216,-0.13155924192047527,-0.3465735902799727,True,0.9677736739967726,04ac3e7cc77b7b38,06ba385e19f3e46b
PRE,validation-02be2e8a684647581ac774a819e75a0b,2,4860088728772024517,coupled_z1.5_center,TRAINING_COUPLED,zoom,0.0,0.0,1.5,-0.04977475796058199,0.05537879561814327,0.8993885746180067,-1.5335908347016167,0.9349593495934959,128,0.9025139212608337,,,,0.26152708566899296,-0.1060401080639914,-0.4054651081081644,True,0.9755657300680496,4ef0a5154ec51067,06ba385e19f3e46b
MID,validation-02be2e8a684647581ac774a819e75a0b,2,4860088728772024517,coupled_z1.5_center,TRAINING_COUPLED,zoom,0.0,0.0,1.5,-0.01939600635662908,0.03472833760988708,0.9428350238527426,-0.07576130944330901,0.8790322580645161,138,0.9146060943603516,,,,0.14517638798288782,-0.05886395984823443,-0.4054651081081644,True,0.9622610784915051,a7bcb39b574b1a29,06ba385e19f3e46b
POST,validation-02be2e8a684647581ac774a819e75a0b,2,4860088728772024517,coupled_z1.5_center,TRAINING_COUPLED,zoom,0.0,0.0,1.5,-0.08655203191870799,0.03402090660116107,0.8874744369789895,-1.030399165112835,0.9913793103448276,122,0.9030274748802185,,,,0.29441636053058917,-0.11937556145134764,-0.4054651081081644,True,0.9634423830167186,164351857ae08577,06ba385e19f3e46b
